npc_subtype_final,direction,source,library,rank,term_name,p_value,adjusted_p_value,z_score,combined_score,intersection_size,intersection
Hom-NPCs,up_in_severe,REAC,Reactome_2022,1,Peptide Chain Elongation R-HSA-156902,1.5764382924213023e-21,1.8793355146029103e-19,56.668571428571425,2714.3746405108536,16,RPS9;RPLP1;RPLP0;RPS27L;RPL8;RPL9;RPS14;RPS19;RPS29;RPL27A;FAU;RPL29;RPL18;RPL39;RPS10;RPL28
Hom-NPCs,up_in_severe,REAC,Reactome_2022,2,SRP-dependent Cotranslational Protein Targeting To Membrane R-HSA-1799339,1.666017381807675e-21,1.8793355146029103e-19,46.85227430797051,2241.593229873786,17,RPS9;SSR4;RPLP1;RPLP0;RPS27L;RPL8;RPL9;RPS14;RPS19;RPS29;RPL27A;FAU;RPL29;RPL18;RPL39;RPS10;RPL28
Hom-NPCs,up_in_severe,REAC,Reactome_2022,3,Viral mRNA Translation R-HSA-192823,3.448322045142955e-21,1.8793355146029103e-19,53.5945945945946,2525.1843140885767,16,RPS9;RPLP1;RPLP0;RPS27L;RPL8;RPL9;RPS14;RPS19;RPS29;RPL27A;FAU;RPL29;RPL18;RPL39;RPS10;RPL28
Hom-NPCs,up_in_severe,REAC,Reactome_2022,4,Selenocysteine Synthesis R-HSA-2408557,3.448322045142955e-21,1.8793355146029103e-19,53.5945945945946,2525.1843140885767,16,RPS9;RPLP1;RPLP0;RPS27L;RPL8;RPL9;RPS14;RPS19;RPS29;RPL27A;FAU;RPL29;RPL18;RPL39;RPS10;RPL28
Hom-NPCs,up_in_severe,REAC,Reactome_2022,5,Eukaryotic Translation Elongation R-HSA-156842,3.448322045142955e-21,1.8793355146029103e-19,53.5945945945946,2525.1843140885767,16,RPS9;RPLP1;RPLP0;RPS27L;RPL8;RPL9;RPS14;RPS19;RPS29;RPL27A;FAU;RPL29;RPL18;RPL39;RPS10;RPL28
Hom-NPCs,up_in_severe,REAC,Reactome_2022,6,Eukaryotic Translation Termination R-HSA-72764,3.448322045142955e-21,1.8793355146029103e-19,53.5945945945946,2525.1843140885767,16,RPS9;RPLP1;RPLP0;RPS27L;RPL8;RPL9;RPS14;RPS19;RPS29;RPL27A;FAU;RPL29;RPL18;RPL39;RPS10;RPL28
Hom-NPCs,up_in_severe,REAC,Reactome_2022,7,Selenoamino Acid Metabolism R-HSA-2408522,4.396395650050895e-21,2.053744825095204e-19,43.940884770977426,2059.6631465952973,17,RPS9;NNMT;RPLP1;RPLP0;RPS27L;RPL8;RPL9;RPS14;RPS19;RPS29;RPL27A;FAU;RPL29;RPL18;RPL39;RPS10;RPL28
Hom-NPCs,up_in_severe,REAC,Reactome_2022,8,Nonsense Mediated Decay (NMD) Independent Of Exon Junction Complex (EJC) R-HSA-975956,5.026693303502734e-21,2.0546608878067425e-19,52.17894736842105,2438.8191930781622,16,RPS9;RPLP1;RPLP0;RPS27L;RPL8;RPL9;RPS14;RPS19;RPS29;RPL27A;FAU;RPL29;RPL18;RPL39;RPS10;RPL28
Hom-NPCs,up_in_severe,REAC,Reactome_2022,9,Formation Of A Pool Of Free 40S Subunits R-HSA-72689,1.4772108892005424e-20,4.830479607685774e-19,48.34634146341463,2207.568698743738,16,RPS9;RPLP1;RPLP0;RPS27L;RPL8;RPL9;RPS14;RPS19;RPS29;RPL27A;FAU;RPL29;RPL18;RPL39;RPS10;RPL28
Hom-NPCs,up_in_severe,REAC,Reactome_2022,10,Response Of EIF2AK4 (GCN2) To Amino Acid Deficiency R-HSA-9633012,1.4772108892005424e-20,4.830479607685774e-19,48.34634146341463,2207.568698743738,16,RPS9;RPLP1;RPLP0;RPS27L;RPL8;RPL9;RPS14;RPS19;RPS29;RPL27A;FAU;RPL29;RPL18;RPL39;RPS10;RPL28
Hom-NPCs,up_in_severe,REAC,Reactome_2022,11,L13a-mediated Translational Silencing Of Ceruloplasmin Expression R-HSA-156827,7.638751076616056e-20,2.2707923655031366e-18,43.06956521739131,1895.8562671713237,16,RPS9;RPLP1;RPLP0;RPS27L;RPL8;RPL9;RPS14;RPS19;RPS29;RPL27A;FAU;RPL29;RPL18;RPL39;RPS10;RPL28
Hom-NPCs,up_in_severe,REAC,Reactome_2022,12,GTP Hydrolysis And Joining Of 60S Ribosomal Subunit R-HSA-72706,8.919165016298369e-20,2.4304724669413056e-18,42.604301075268815,1868.7737400082087,16,RPS9;RPLP1;RPLP0;RPS27L;RPL8;RPL9;RPS14;RPS19;RPS29;RPL27A;FAU;RPL29;RPL18;RPL39;RPS10;RPL28
Hom-NPCs,up_in_severe,REAC,Reactome_2022,13,Influenza Viral RNA Transcription And Replication R-HSA-168273,1.1429914415605557e-19,2.8750630876177055e-18,35.47763713080169,1547.3737423749324,17,RPS9;RPLP1;RPLP0;RPS27L;RPL8;RPL9;RPS14;RPS19;RPS29;RPL27A;POLR2F;FAU;RPL29;RPL18;RPL39;RPS10;RPL28
Hom-NPCs,up_in_severe,REAC,Reactome_2022,14,Nonsense Mediated Decay (NMD) Enhanced By Exon Junction Complex (EJC) R-HSA-975957,1.406725988230621e-19,3.2857099867958073e-18,41.266666666666666,1791.297349158513,16,RPS9;RPLP1;RPLP0;RPS27L;RPL8;RPL9;RPS14;RPS19;RPS29;RPL27A;FAU;RPL29;RPL18;RPL39;RPS10;RPL28
Hom-NPCs,up_in_severe,REAC,Reactome_2022,15,Cap-dependent Translation Initiation R-HSA-72737,2.5301529873622384e-19,5.51573351244968e-18,39.608,1696.0477117638081,16,RPS9;RPLP1;RPLP0;RPS27L;RPL8;RPL9;RPS14;RPS19;RPS29;RPL27A;FAU;RPL29;RPL18;RPL39;RPS10;RPL28
Hom-NPCs,up_in_severe,GO:BP,GO_Biological_Process_2025,1,Cytoplasmic Translation (GO:0002181),2.464338132339287e-20,1.8778256568425368e-17,46.63294117647059,2105.4669693322276,16,RPS9;RPLP1;RPLP0;RPL8;RPL9;RPS14;RPS19;RPS18;RPS29;RPL27A;FAU;RPL29;RPL18;RPL39;RPS10;RPL28
Hom-NPCs,up_in_severe,REAC,Reactome_2022,16,Influenza Infection R-HSA-168255,1.232880172803647e-18,2.5196988531674537e-17,30.37866184448463,1252.7303052609218,17,RPS9;RPLP1;RPLP0;RPS27L;RPL8;RPL9;RPS14;RPS19;RPS29;RPL27A;POLR2F;FAU;RPL29;RPL18;RPL39;RPS10;RPL28
Hom-NPCs,up_in_severe,REAC,Reactome_2022,17,Regulation Of Expression Of SLITs And ROBOs R-HSA-9010553,3.586583837289949e-18,6.898899498787136e-17,28.339071729957805,1138.3615667735771,17,RPS9;RPLP1;RPLP0;RPS27L;RPL8;RPL9;RPS14;RPS19;RPS29;RPL27A;ELOB;FAU;RPL29;RPL18;RPL39;RPS10;RPL28
Hom-NPCs,up_in_severe,KEGG,KEGG_2021_Human,1,Ribosome,1.376347279698614e-18,1.6516167356383368e-16,30.161684172726456,1240.4625583926809,17,RPS9;RPLP1;RPLP0;RPS27L;RPL8;RPL9;RPS14;RPS19;RPS18;RPS29;RPL27A;FAU;RPL29;RPL18;RPL39;RPS10;RPL28
Hom-NPCs,up_in_severe,REAC,Reactome_2022,18,Cellular Response To Starvation R-HSA-9711097,2.4212848322677488e-17,4.3986674452864105e-16,28.856934306569343,1104.0561564080385,16,RPS9;RPLP1;RPLP0;RPS27L;RPL8;RPL9;RPS14;RPS19;RPS29;RPL27A;FAU;RPL29;RPL18;RPL39;RPS10;RPL28
Hom-NPCs,up_in_severe,REAC,Reactome_2022,19,Cellular Responses To Stimuli R-HSA-8953897,5.726941216942716e-17,9.8563672523172e-16,10.593916722879746,396.19940207288965,27,RPLP1;GSTP1;RPLP0;RPS27L;MT1X;RPL8;RPL9;RPS14;MT2A;RPS19;ELOB;RPL18;RPL39;RPS10;COX8A;RPS9;GPX1;GPX3;SOD3;RPS29;RPL27A;ID1;MT1G;FAU;RPL29;CRYAB;RPL28
Hom-NPCs,up_in_severe,REAC,Reactome_2022,20,Signaling By ROBO Receptors R-HSA-376176,1.6519247961703488e-16,2.7008970417385204e-15,22.09282700421941,802.8405269332414,17,RPS9;RPLP1;RPLP0;RPS27L;RPL8;RPL9;RPS14;RPS19;RPS29;RPL27A;ELOB;FAU;RPL29;RPL18;RPL39;RPS10;RPL28
Hom-NPCs,up_in_severe,REAC,Reactome_2022,21,Major Pathway Of rRNA Processing In Nucleolus And Cytosol R-HSA-6791226,3.052399873521589e-16,4.753022660197903e-15,24.22208588957055,865.3445153584655,16,RPS9;RPLP1;RPLP0;RPS27L;RPL8;RPL9;RPS14;RPS19;RPS29;RPL27A;FAU;RPL29;RPL18;RPL39;RPS10;RPL28
Hom-NPCs,up_in_severe,REAC,Reactome_2022,22,rRNA Processing In Nucleus And Cytosol R-HSA-8868773,7.281765172492934e-16,1.0823350960932679e-14,22.810404624277457,795.0791941094025,16,RPS9;RPLP1;RPLP0;RPS27L;RPL8;RPL9;RPS14;RPS19;RPS29;RPL27A;FAU;RPL29;RPL18;RPL39;RPS10;RPL28
Hom-NPCs,up_in_severe,REAC,Reactome_2022,23,Translation R-HSA-72766,1.350530106863964e-15,1.9201014997587663e-14,17.233986545773618,590.0620432174011,18,RPS9;SSR4;RPLP1;RPLP0;RPS27L;RPL8;RPL9;MRPL57;RPS14;RPS19;RPS29;RPL27A;FAU;RPL29;RPL18;RPL39;RPS10;RPL28
Hom-NPCs,up_in_severe,REAC,Reactome_2022,24,rRNA Processing R-HSA-72312,1.6544689930297395e-15,2.25421400300302e-14,21.553005464480876,733.5629268739842,16,RPS9;RPLP1;RPLP0;RPS27L;RPL8;RPL9;RPS14;RPS19;RPS29;RPL27A;FAU;RPL29;RPL18;RPL39;RPS10;RPL28
Hom-NPCs,up_in_severe,KEGG,KEGG_2021_Human,2,Coronavirus disease,9.565154971997517e-16,5.73909298319851e-14,19.706387989402415,681.5106405948623,17,RPS9;RPLP1;RPLP0;RPS27L;RPL8;RPL9;RPS14;RPS19;RPS18;RPS29;RPL27A;FAU;RPL29;RPL18;RPL39;RPS10;RPL28
Hom-NPCs,up_in_severe,GO:BP,GO_Biological_Process_2025,2,Macromolecule Biosynthetic Process (GO:0009059),7.281765172492934e-16,2.4295493628873693e-13,22.810404624277457,795.0791941094025,16,RPS9;RPLP1;RPLP0;RPL8;RPL9;RPS14;RPS19;RPS18;RPS29;RPL27A;FAU;RPL29;RPL18;RPL39;RPS10;RPL28
Hom-NPCs,up_in_severe,GO:BP,GO_Biological_Process_2025,3,Translation (GO:0006412),9.565154971997517e-16,2.4295493628873693e-13,19.706387989402415,681.5106405948623,17,RPS9;RPLP1;RPLP0;RPL8;RPL9;MRPL57;RPS14;RPS19;RPS18;RPS29;RPL27A;FAU;RPL29;RPL18;RPL39;RPS10;RPL28
Hom-NPCs,up_in_severe,REAC,Reactome_2022,25,Cellular Responses To Stress R-HSA-2262752,3.7010095777857116e-14,4.840920527743711e-13,9.17191977077364,283.6653343829787,24,COX8A;RPS9;GPX1;GPX3;RPLP1;GSTP1;RPLP0;RPS27L;RPL8;RPL9;SOD3;RPS14;RPS19;RPS29;RPL27A;ID1;ELOB;FAU;RPL29;RPL18;RPL39;RPS10;CRYAB;RPL28
Hom-NPCs,up_in_severe,REAC,Reactome_2022,26,Metabolism Of Amino Acids And Derivatives R-HSA-71291,1.1874448059893602e-13,1.493440198302003e-12,13.044464206313917,388.22676654278,18,RPS9;NNMT;RPLP1;RPLP0;RPS27L;RPL8;RPL9;OAZ1;RPS14;RPS19;RPS29;RPL27A;FAU;RPL29;RPL18;RPL39;RPS10;RPL28
Hom-NPCs,up_in_severe,REAC,Reactome_2022,27,Axon Guidance R-HSA-422475,4.473381203734932e-11,5.417761680078973e-10,8.937356057116537,212.9797998912124,18,RPS9;RPLP1;RPLP0;RPS27L;RPL8;RPL9;RPS14;MYL6;RPS19;RPS29;RPL27A;ELOB;FAU;RPL29;RPL18;RPL39;RPS10;RPL28
Fibro-NPCs,up_in_severe,GO:BP,GO_Biological_Process_2025,1,Cytoplasmic Translation (GO:0002181),1.4005198773365214e-12,5.574069111799355e-10,52.51410105757932,1433.3292011523604,9,RPS14;RPS19;RPS18;RPL27A;RPLP2;RPL37;RPL8;RPL29;RPL19
Hom-NPCs,up_in_severe,REAC,Reactome_2022,28,SARS-CoV-2 Modulates Host Translation Machinery R-HSA-9754678,5.642687970863743e-11,6.5898534516873e-10,46.3053613053613,1092.7174112301407,8,RPS14;RPS9;RPS19;RPS29;RPS27L;FAU;RPS10;SNRPB
Fibro-NPCs,up_in_severe,REAC,Reactome_2022,1,Peptide Chain Elongation R-HSA-156902,1.9130478463391217e-11,8.858817039461118e-10,53.64642375168691,1323.9797000831436,8,RPS14;RPS19;RPL27A;RPLP2;RPL37;RPL8;RPL29;RPL19
Fibro-NPCs,up_in_severe,REAC,Reactome_2022,2,Selenocysteine Synthesis R-HSA-2408557,2.7759076036004994e-11,8.858817039461118e-10,51.019255455712454,1240.1484226934233,8,RPS14;RPS19;RPL27A;RPLP2;RPL37;RPL8;RPL29;RPL19
Fibro-NPCs,up_in_severe,REAC,Reactome_2022,3,Viral mRNA Translation R-HSA-192823,2.7759076036004994e-11,8.858817039461118e-10,51.019255455712454,1240.1484226934233,8,RPS14;RPS19;RPL27A;RPLP2;RPL37;RPL8;RPL29;RPL19
Fibro-NPCs,up_in_severe,REAC,Reactome_2022,4,Eukaryotic Translation Elongation R-HSA-156842,2.7759076036004994e-11,8.858817039461118e-10,51.019255455712454,1240.1484226934233,8,RPS14;RPS19;RPL27A;RPLP2;RPL37;RPL8;RPL29;RPL19
Fibro-NPCs,up_in_severe,REAC,Reactome_2022,5,Eukaryotic Translation Termination R-HSA-72764,2.7759076036004994e-11,8.858817039461118e-10,51.019255455712454,1240.1484226934233,8,RPS14;RPS19;RPL27A;RPLP2;RPL37;RPL8;RPL29;RPL19
Fibro-NPCs,up_in_severe,REAC,Reactome_2022,6,Nonsense Mediated Decay (NMD) Independent Of Exon Junction Complex (EJC) R-HSA-975956,3.322056389797919e-11,8.858817039461118e-10,49.799498746867165,1201.5549372928444,8,RPS14;RPS19;RPL27A;RPLP2;RPL37;RPL8;RPL29;RPL19
Fibro-NPCs,up_in_severe,REAC,Reactome_2022,7,Extracellular Matrix Organization R-HSA-1474244,4.3488636698266625e-11,9.883843045434365e-10,22.083061224489796,526.8691896253977,11,COL1A1;COL3A1;MMP14;COL1A2;COL5A1;MMP2;COL6A2;BGN;PCOLCE;TIMP1;ASPN
Fibro-NPCs,up_in_severe,REAC,Reactome_2022,8,Formation Of A Pool Of Free 40S Subunits R-HSA-72689,5.559661713056831e-11,9.883843045434365e-10,46.46549707602339,1097.1850782659096,8,RPS14;RPS19;RPL27A;RPLP2;RPL37;RPL8;RPL29;RPL19
Fibro-NPCs,up_in_severe,REAC,Reactome_2022,9,Response Of EIF2AK4 (GCN2) To Amino Acid Deficiency R-HSA-9633012,5.559661713056831e-11,9.883843045434365e-10,46.46549707602339,1097.1850782659096,8,RPS14;RPS19;RPL27A;RPLP2;RPL37;RPL8;RPL29;RPL19
Hom-NPCs,up_in_severe,REAC,Reactome_2022,29,Nervous System Development R-HSA-9675108,9.917236727460131e-11,1.1182539344411942e-9,8.485038680484601,195.44575296429446,18,RPS9;RPLP1;RPLP0;RPS27L;RPL8;RPL9;RPS14;MYL6;RPS19;RPS29;RPL27A;ELOB;FAU;RPL29;RPL18;RPL39;RPS10;RPL28
Hom/Reg-like NPCs,up_in_severe,REAC,Reactome_2022,1,SRP-dependent Cotranslational Protein Targeting To Membrane R-HSA-1799339,8.918315526607074e-12,1.4635466723211108e-9,24.40609592111161,620.9622003160414,11,RPS14;RPS9;RPS19;SSR4;RPLP1;RPLP0;RPL36;RPL8;RPS11;RPL29;RPL39
Hom/Reg-like NPCs,up_in_severe,REAC,Reactome_2022,2,Selenoamino Acid Metabolism R-HSA-2408522,1.6217295723280717e-11,1.4635466723211108e-9,22.97741663149008,570.8726020383142,11,RPS14;RPS9;NNMT;RPS19;RPLP1;RPLP0;RPL36;RPL8;RPS11;RPL29;RPL39
Hom/Reg-like NPCs,up_in_severe,REAC,Reactome_2022,3,Cellular Responses To Stimuli R-HSA-8953897,1.884918045987756e-11,1.4635466723211108e-9,7.297195421378428,180.20096945162672,22,TSPYL2;RPS9;GPX3;RPLP1;GSTP1;RPLP0;MT1X;RPL8;SOD3;RPS14;MT2A;RPS19;MAPKAPK2;ID1;LMNA;RPL36;MT1G;P4HB;RPS11;RPL29;RPL39;FKBP5
Hom/Reg-like NPCs,up_in_severe,REAC,Reactome_2022,4,Peptide Chain Elongation R-HSA-156902,2.1489878430041115e-11,1.4635466723211108e-9,28.043293718166385,688.8397363534262,10,RPS14;RPS9;RPS19;RPLP1;RPLP0;RPL36;RPL8;RPS11;RPL29;RPL39
Hom/Reg-like NPCs,up_in_severe,REAC,Reactome_2022,5,Viral mRNA Translation R-HSA-192823,3.413519935442824e-11,1.4635466723211108e-9,26.635752688172044,641.9400723890037,10,RPS14;RPS9;RPS19;RPLP1;RPLP0;RPL36;RPL8;RPS11;RPL29;RPL39
Hom/Reg-like NPCs,up_in_severe,REAC,Reactome_2022,6,Selenocysteine Synthesis R-HSA-2408557,3.413519935442824e-11,1.4635466723211108e-9,26.635752688172044,641.9400723890037,10,RPS14;RPS9;RPS19;RPLP1;RPLP0;RPL36;RPL8;RPS11;RPL29;RPL39
Hom/Reg-like NPCs,up_in_severe,REAC,Reactome_2022,7,Eukaryotic Translation Elongation R-HSA-156842,3.413519935442824e-11,1.4635466723211108e-9,26.635752688172044,641.9400723890037,10,RPS14;RPS9;RPS19;RPLP1;RPLP0;RPL36;RPL8;RPS11;RPL29;RPL39
Hom/Reg-like NPCs,up_in_severe,REAC,Reactome_2022,8,Eukaryotic Translation Termination R-HSA-72764,3.413519935442824e-11,1.4635466723211108e-9,26.635752688172044,641.9400723890037,10,RPS14;RPS9;RPS19;RPLP1;RPLP0;RPL36;RPL8;RPS11;RPL29;RPL39
Hom/Reg-like NPCs,up_in_severe,REAC,Reactome_2022,9,Nonsense Mediated Decay (NMD) Independent Of Exon Junction Complex (EJC) R-HSA-975956,4.266294282157527e-11,1.6259321542000355e-9,25.983477576711252,620.4254336664256,10,RPS14;RPS9;RPS19;RPLP1;RPLP0;RPL36;RPL8;RPS11;RPL29;RPL39
Fibro-NPCs,up_in_severe,REAC,Reactome_2022,10,L13a-mediated Translational Silencing Of Ceruloplasmin Expression R-HSA-156827,1.2228066566306488e-10,1.7565731335501504e-9,41.7978947368421,954.0244989171077,8,RPS14;RPS19;RPL27A;RPLP2;RPL37;RPL8;RPL29;RPL19
Fibro-NPCs,up_in_severe,REAC,Reactome_2022,11,SRP-dependent Cotranslational Protein Targeting To Membrane R-HSA-1799339,1.2228066566306488e-10,1.7565731335501504e-9,41.7978947368421,954.0244989171077,8,RPS14;RPS19;RPL27A;RPLP2;RPL37;RPL8;RPL29;RPL19
Fibro-NPCs,up_in_severe,REAC,Reactome_2022,12,GTP Hydrolysis And Joining Of 60S Ribosomal Subunit R-HSA-72706,1.3174298501626127e-10,1.7565731335501504e-9,41.38196977592496,941.4467717978029,8,RPS14;RPS19;RPL27A;RPLP2;RPL37;RPL8;RPL29;RPL19
Fibro-NPCs,up_in_severe,REAC,Reactome_2022,13,Nonsense Mediated Decay (NMD) Enhanced By Exon Junction Complex (EJC) R-HSA-975957,1.6405294758744518e-10,2.0191132010762487e-9,40.18218623481781,905.3380829918465,8,RPS14;RPS19;RPL27A;RPLP2;RPL37;RPL8;RPL29;RPL19
Fibro-NPCs,up_in_severe,REAC,Reactome_2022,14,Selenoamino Acid Metabolism R-HSA-2408522,1.8923484080250833e-10,2.1626838948858097e-9,39.42005958291956,882.5375683243044,8,RPS14;RPS19;RPL27A;RPLP2;RPL37;RPL8;RPL29;RPL19
Fibro-NPCs,up_in_severe,REAC,Reactome_2022,15,Cap-dependent Translation Initiation R-HSA-72737,2.1770992387447485e-10,2.3222391879943984e-9,38.68615984405458,860.6841738945524,8,RPS14;RPS19;RPL27A;RPLP2;RPL37;RPL8;RPL29;RPL19
Hom/Reg-like NPCs,up_in_severe,REAC,Reactome_2022,10,Formation Of A Pool Of Free 40S Subunits R-HSA-72689,8.078502258929892e-11,2.5190238861935936e-9,24.204545454545453,562.494987525679,10,RPS14;RPS9;RPS19;RPLP1;RPLP0;RPL36;RPL8;RPS11;RPL29;RPL39
Hom/Reg-like NPCs,up_in_severe,REAC,Reactome_2022,11,Response Of EIF2AK4 (GCN2) To Amino Acid Deficiency R-HSA-9633012,8.078502258929892e-11,2.5190238861935936e-9,24.204545454545453,562.494987525679,10,RPS14;RPS9;RPS19;RPLP1;RPLP0;RPL36;RPL8;RPS11;RPL29;RPL39
Fibro-NPCs,up_in_severe,GO:BP,GO_Biological_Process_2025,2,Macromolecule Biosynthetic Process (GO:0009059),1.3567966189845227e-11,2.7000252717792e-9,30.68746120422098,767.9018403658397,10,RPS14;RPS19;COL5A1;RPS18;RPL27A;RPLP2;RPL37;RPL8;RPL29;RPL19
Fibro-NPCs,up_in_severe,KEGG,KEGG_2021_Human,1,Ribosome,8.175199089518344e-11,3.03104793350849e-9,32.33176129149283,750.9805198105697,9,RPS14;RPS19;RPS18;RPL27A;RPLP2;RPL37;RPL8;RPL29;RPL19
Fibro-NPCs,up_in_severe,KEGG,KEGG_2021_Human,2,Coronavirus disease,1.0274738757655899e-10,3.03104793350849e-9,24.68968968968969,567.8319436662397,10,RPS14;RPS19;C1R;RPS18;RPL27A;RPLP2;RPL37;RPL8;RPL29;RPL19
Hom-NPCs,up_in_severe,REAC,Reactome_2022,30,Metabolism Of RNA R-HSA-8953854,3.3385163596876667e-10,3.6389828320595567e-9,7.344246171139525,160.2538341137217,19,RPS9;RPLP1;RPLP0;HSPB1;RPS27L;RPL8;RPL9;RPS14;RPS19;RPS29;RPL27A;POLR2F;FAU;RPL29;RPL18;RPL39;RPS10;RPL28;SNRPB
Hom/Reg-like NPCs,up_in_severe,GO:BP,GO_Biological_Process_2025,1,Cytoplasmic Translation (GO:0002181),4.232333517760347e-12,3.669433159898221e-9,26.313647342995168,689.108838569649,11,RPS14;RPS9;RPS19;RPS18;RPLP1;RPLP0;RPL36;RPL8;RPS11;RPL29;RPL39
Hom/Reg-like NPCs,up_in_severe,REAC,Reactome_2022,12,L13a-mediated Translational Silencing Of Ceruloplasmin Expression R-HSA-156827,2.1408294353401852e-10,6.119204136014029e-9,21.72372174676322,483.67122625889914,10,RPS14;RPS9;RPS19;RPLP1;RPLP0;RPL36;RPL8;RPS11;RPL29;RPL39
Hom/Reg-like NPCs,up_in_severe,REAC,Reactome_2022,13,GTP Hydrolysis And Joining Of 60S Ribosomal Subunit R-HSA-72706,2.3471014358051783e-10,6.192736865239816e-9,21.503204083849244,476.78344367836183,10,RPS14;RPS9;RPS19;RPLP1;RPLP0;RPL36;RPL8;RPS11;RPL29;RPL39
Hom-NPCs,up_in_severe,GO:BP,GO_Biological_Process_2025,4,Gene Expression (GO:0010467),3.6400371010758104e-11,6.934270677549419e-9,10.706301369863013,257.34139350362983,16,RPS9;RPLP1;RPLP0;RPL8;RPL9;RPS14;RPS19;RPS18;RPS29;RPL27A;FAU;RPL29;RPL18;RPL39;RPS10;RPL28
Hom/Reg-like NPCs,up_in_severe,REAC,Reactome_2022,14,Nonsense Mediated Decay (NMD) Enhanced By Exon Junction Complex (EJC) R-HSA-975957,3.0762335841354477e-10,7.536772281131847e-9,20.867594349567785,457.04507606754015,10,RPS14;RPS9;RPS19;RPLP1;RPLP0;RPL36;RPL8;RPS11;RPL29;RPL39
Fibro-NPCs,up_in_severe,REAC,Reactome_2022,16,Influenza Viral RNA Transcription And Replication R-HSA-168273,8.265404911400545e-10,8.265404911400544e-9,32.35414116687066,676.6471383744002,8,RPS14;RPS19;RPL27A;RPLP2;RPL37;RPL8;RPL29;RPL19
Hom/Reg-like NPCs,up_in_severe,REAC,Reactome_2022,15,Cap-dependent Translation Initiation R-HSA-72737,4.3593937522173295e-10,9.968480380070294e-9,20.076080340839926,432.71015758848876,10,RPS14;RPS9;RPS19;RPLP1;RPLP0;RPL36;RPL8;RPS11;RPL29;RPL39
Fibro-reg NPCs,up_in_severe,REAC,Reactome_2022,1,Extracellular Matrix Organization R-HSA-1474244,8.108951942582806e-11,1.5082650613204017e-8,16.910967741935483,392.93423955890563,12,COMP;COL1A1;MMP14;COL3A1;SPARC;COL1A2;COL14A1;MMP2;COL6A2;BGN;PCOLCE;ASPN
Fibro-NPCs,up_in_severe,REAC,Reactome_2022,17,Cellular Response To Starvation R-HSA-9711097,1.9900633526574227e-9,1.873000802501104e-8,28.760798548094375,576.2254566763512,8,RPS14;RPS19;RPL27A;RPLP2;RPL37;RPL8;RPL29;RPL19
Fibro-NPCs,up_in_severe,REAC,Reactome_2022,18,Influenza Infection R-HSA-168255,2.4416277935542117e-9,2.170335816492633e-8,27.98304486047333,554.9205943588556,8,RPS14;RPS19;RPL27A;RPLP2;RPL37;RPL8;RPL29;RPL19
Fibro-NPCs,up_in_severe,REAC,Reactome_2022,19,Assembly Of Collagen Fibrils And Other Multimeric Structures R-HSA-2022090,3.505388882368235e-9,2.951906427257461e-8,58.53823529411765,1139.6788173331693,6,COL1A1;COL3A1;COL1A2;COL5A1;COL6A2;PCOLCE
Fibro-NPCs,up_in_severe,REAC,Reactome_2022,20,Regulation Of Expression Of SLITs And ROBOs R-HSA-9010553,3.977719169777564e-9,3.182175335822051e-8,26.209864283349884,506.96580054226337,8,RPS14;RPS19;RPL27A;RPLP2;RPL37;RPL8;RPL29;RPL19
Hom-NPCs,up_in_severe,REAC,Reactome_2022,31,Metabolism R-HSA-1430728,3.1675888580098553e-9,3.341295343771686e-8,4.227079362659144,82.7251907542995,31,NNMT;RPLP1;GSTP1;RPLP0;NDUFB2;RPS27L;NDUFB1;PRELP;RPL8;COMT;RPL9;OAZ1;RPS14;RPS19;TSPO;RPL18;RPL39;RPS10;COX8A;VKORC1;RPS9;GPX1;NDUFA2;BGN;RPS29;UQCRQ;RPL27A;NDUFAF3;FAU;RPL29;RPL28
Hom-NPCs,up_in_severe,REAC,Reactome_2022,32,"Formation Of Ternary Complex, And Subsequently, 43S Complex R-HSA-72695",3.967243080064395e-9,4.054026522440804e-8,36.32793310687222,702.7709288928512,7,RPS14;RPS9;RPS19;RPS29;RPS27L;FAU;RPS10
Hom/Reg-like NPCs,up_in_severe,REAC,Reactome_2022,16,Influenza Viral RNA Transcription And Replication R-HSA-168273,2.241694925200146e-9,4.805633495897813e-8,16.738633477266955,333.36718665372774,10,RPS14;RPS9;RPS19;RPLP1;RPLP0;RPL36;RPL8;RPS11;RPL29;RPL39
Fibro-NPCs,up_in_severe,REAC,Reactome_2022,21,Major Pathway Of rRNA Processing In Nucleolus And Cytosol R-HSA-6791226,6.869291339524599e-9,5.233745782494933e-8,24.355801785164665,457.7966405883756,8,RPS14;RPS19;RPL27A;RPLP2;RPL37;RPL8;RPL29;RPL19
Hom/Reg-like NPCs,up_in_severe,KEGG,KEGG_2021_Human,1,Ribosome,5.623060390059572e-10,6.410288844667912e-8,16.064034309375923,342.1474629193721,11,RPS14;RPS9;RPS19;RPS18;RPLP1;RPLP0;RPL36;RPL8;RPS11;RPL29;RPL39
Fibro-NPCs,up_in_severe,REAC,Reactome_2022,22,Collagen Biosynthesis And Modifying Enzymes R-HSA-1650814,9.476171721815966e-9,6.891761252229792e-8,48.9172131147541,903.7203409183633,6,COL1A1;COL3A1;COL1A2;COL5A1;COL6A2;PCOLCE
Fibro-NPCs,up_in_severe,REAC,Reactome_2022,23,rRNA Processing In Nucleus And Cytosol R-HSA-8868773,1.0522204553490689e-8,7.319794471993522e-8,22.998546088979353,422.4781881224973,8,RPS14;RPS19;RPL27A;RPLP2;RPL37;RPL8;RPL29;RPL19
Hom/Reg-like NPCs,up_in_severe,REAC,Reactome_2022,17,Cellular Responses To Stress R-HSA-2262752,4.4167195659183744e-9,8.911381241823543e-8,6.175675675675675,118.80683714056326,19,TSPYL2;RPS9;GPX3;RPLP1;GSTP1;RPLP0;RPL8;SOD3;RPS14;RPS19;MAPKAPK2;ID1;LMNA;RPL36;P4HB;RPS11;RPL29;RPL39;FKBP5
Hom-NPCs,up_in_severe,REAC,Reactome_2022,33,Translation Initiation Complex Formation R-HSA-72649,1.0218389297180248e-8,9.827686176993944e-8,31.231011235955055,574.6217763834395,7,RPS14;RPS9;RPS19;RPS29;RPS27L;FAU;RPS10
Hom-NPCs,up_in_severe,REAC,Reactome_2022,34,Ribosomal Scanning And Start Codon Recognition R-HSA-72702,1.0218389297180248e-8,9.827686176993944e-8,31.231011235955055,574.6217763834395,7,RPS14;RPS9;RPS19;RPS29;RPS27L;FAU;RPS10
Fibro-NPCs,up_in_severe,REAC,Reactome_2022,24,rRNA Processing R-HSA-72312,1.5746478027284018e-8,1.0497652018189345e-7,21.783411408101404,391.37490927517865,8,RPS14;RPS19;RPL27A;RPLP2;RPL37;RPL8;RPL29;RPL19
Hom-NPCs,up_in_severe,REAC,Reactome_2022,35,"mRNA Activation Upon Binding Of Cap-Binding Complex And eIFs, Subsequent Binding To 43S R-HSA-72662",1.1575716386549e-8,1.0815026452575781e-7,30.617096276712932,559.5077277029837,7,RPS14;RPS9;RPS19;RPS29;RPS27L;FAU;RPS10
Hom/Reg-like NPCs,up_in_severe,GO:BP,GO_Biological_Process_2025,2,Macromolecule Biosynthetic Process (GO:0009059),2.5811751250310045e-10,1.1189394167009404e-7,14.691748929037065,324.3586466552055,12,RPS14;RPS9;RPS19;RPS18;RPLP1;RPLP0;RPL36;RRBP1;RPL8;RPS11;RPL29;RPL39
Hom/Reg-like NPCs,up_in_severe,REAC,Reactome_2022,18,Cellular Response To Starvation R-HSA-9711097,6.552597906403063e-9,1.248633934386806e-7,14.8537484021355,279.8951856058864,10,RPS14;RPS9;RPS19;RPLP1;RPLP0;RPL36;RPL8;RPS11;RPL29;RPL39
Fibro-NPCs,up_in_severe,REAC,Reactome_2022,25,Signaling By ROBO Receptors R-HSA-376176,2.3075558571929582e-8,1.4768357486034934e-7,20.6891856506939,363.8088164587906,8,RPS14;RPS19;RPL27A;RPLP2;RPL37;RPL8;RPL29;RPL19
ECM/Adh-NPCs,up_in_severe,REAC,Reactome_2022,1,Defective B4GALT1 Causes B4GALT1-CDG (CDG-2d) R-HSA-3656244,2.6045660421160066e-9,1.5106483044272837e-7,424.36170212765956,8387.933303315764,4,ACAN;OGN;OMD;PRELP
ECM/Adh-NPCs,up_in_severe,REAC,Reactome_2022,2,Defective CHST6 Causes MCDC1 R-HSA-3656225,2.6045660421160066e-9,1.5106483044272837e-7,424.36170212765956,8387.933303315764,4,ACAN;OGN;OMD;PRELP
ECM/Adh-NPCs,up_in_severe,REAC,Reactome_2022,3,Defective ST3GAL3 Causes MCT12 And EIEE15 R-HSA-3656243,2.6045660421160066e-9,1.5106483044272837e-7,424.36170212765956,8387.933303315764,4,ACAN;OGN;OMD;PRELP
Hom/Reg-like NPCs,up_in_severe,REAC,Reactome_2022,19,Influenza Infection R-HSA-168255,8.404648531086664e-9,1.5172602348224873e-7,14.446638870602005,268.6277503695638,10,RPS14;RPS9;RPS19;RPLP1;RPLP0;RPL36;RPL8;RPS11;RPL29;RPL39
Hom-NPCs,up_in_severe,REAC,Reactome_2022,36,Infectious Disease R-HSA-5663205,2.3752821038654292e-8,2.1575479110110984e-7,5.303148945690475,93.09977354388676,20,RPS9;RPLP1;RPLP0;RPS27L;RPL8;COMT;RPL9;RPS14;RPS19;RPS29;RPL27A;POLR2F;ELOB;FAU;RPL29;RPL18;RPL39;RPS10;RPL28;SNRPB
Hom/Reg-like NPCs,up_in_severe,REAC,Reactome_2022,20,Regulation Of Expression Of SLITs And ROBOs R-HSA-9010553,1.5206200110095425e-8,2.607863318881365e-7,13.519621943702486,243.37432061653212,10,RPS14;RPS9;RPS19;RPLP1;RPLP0;RPL36;RPL8;RPS11;RPL29;RPL39
Fibro-NPCs,up_in_severe,REAC,Reactome_2022,26,Collagen Chain Trimerization R-HSA-8948216,5.2241885157501805e-8,3.21488524046165e-7,62.273295809881176,1044.160093544232,5,COL1A1;COL3A1;COL1A2;COL5A1;COL6A2
Fibro-NPCs,up_in_severe,GO:BP,GO_Biological_Process_2025,3,Translation (GO:0006412),2.4699934900706053e-9,3.276858030160336e-7,21.52211853108714,426.547950201705,9,RPS14;RPS19;RPS18;RPL27A;RPLP2;RPL37;RPL8;RPL29;RPL19
Fibro-NPCs,up_in_severe,REAC,Reactome_2022,27,Collagen Formation R-HSA-1474290,5.6833023696136206e-8,3.36788288569696e-7,35.482142857142854,591.9538504738098,6,COL1A1;COL3A1;COL1A2;COL5A1;COL6A2;PCOLCE
Hom/Reg-like NPCs,up_in_severe,REAC,Reactome_2022,21,Major Pathway Of rRNA Processing In Nucleolus And Cytosol R-HSA-6791226,2.9472586957917153e-8,4.813855869793134e-7,12.55201374308074,217.64947394205794,10,RPS14;RPS9;RPS19;RPLP1;RPLP0;RPL36;RPL8;RPS11;RPL29;RPL39
Hom/Reg-like NPCs,up_in_severe,REAC,Reactome_2022,22,Extracellular Matrix Organization R-HSA-1474244,3.377978672973747e-8,5.266575840136342e-7,9.272362046555594,159.5161832657628,12,COMP;COL1A1;ACAN;EFEMP2;COL3A1;COL1A2;COL6A2;ITGA11;BGN;COL9A3;TIMP1;P4HB
Hom/Reg-like NPCs,up_in_severe,REAC,Reactome_2022,23,rRNA Processing In Nucleus And Cytosol R-HSA-8868773,4.932424603535257e-8,7.355746256576493e-7,11.844776836667267,199.28659439905616,10,RPS14;RPS9;RPS19;RPLP1;RPLP0;RPL36;RPL8;RPS11;RPL29;RPL39
Hom-NPCs,up_in_severe,GO:BP,GO_Biological_Process_2025,5,Protein Metabolic Process (GO:0019538),5.020921217816582e-9,7.65188393595247e-7,6.9592477153701,132.98880487966025,17,RPS9;RPLP1;RPLP0;RPL8;RPL9;RPS14;UBL5;RPS19;RPS18;RPS29;RPL27A;FAU;RPL29;RPL18;RPL39;RPS10;RPL28
Hom/Reg-like NPCs,up_in_severe,GO:BP,GO_Biological_Process_2025,3,Translation (GO:0006412),2.6939322959961794e-9,7.785464335428958e-7,11.794405594405594,232.7303236225069,12,RPS14;RPS9;RPS19;RPS18;RPLP1;RPLP0;RPL36;RRBP1;RPL8;RPS11;RPL29;RPL39
ECM/Adh-NPCs,up_in_severe,REAC,Reactome_2022,4,Keratan Sulfate Degradation R-HSA-2022857,1.8280524849960873e-8,7.95202830973298e-7,212.13829787234042,3779.7591792397943,4,ACAN;OGN;OMD;PRELP
Fibro-NPCs,up_in_severe,GO:BP,GO_Biological_Process_2025,4,Protein Metabolic Process (GO:0019538),9.433973763623747e-9,9.386803894805628e-7,11.345710377174125,209.65679699706223,12,RPS14;MMP14;RPS19;RPS18;MMP2;RPL27A;RPLP2;PCOLCE;RPL37;RPL8;RPL29;RPL19
Hom/Reg-like NPCs,up_in_severe,REAC,Reactome_2022,24,Axon Guidance R-HSA-422475,6.673778836930663e-8,9.537942254446739e-7,6.558779761904762,108.36740255708646,15,RPS9;RPLP1;RPLP0;RPL8;RPS14;RPS19;COL6A2;RPL36;COL9A3;RPS11;RPL29;RPL39;AP2M1;NGEF;PDLIM7
Hom/Reg-like NPCs,up_in_severe,REAC,Reactome_2022,25,rRNA Processing R-HSA-72312,8.015211234782982e-8,1.099686981412225e-6,11.212379814530353,183.2028815508619,10,RPS14;RPS9;RPS19;RPLP1;RPLP0;RPL36;RPL8;RPS11;RPL29;RPL39
Fibro-NPCs,up_in_severe,REAC,Reactome_2022,28,Axon Guidance R-HSA-422475,2.2364403085885993e-7,1.2457546910939862e-6,10.611765989958524,162.5002031664366,10,RPS14;RPS19;MMP2;COL6A2;RPL27A;RPLP2;RPL37;RPL8;RPL29;RPL19
Fibro-NPCs,up_in_severe,REAC,Reactome_2022,29,Translation R-HSA-72766,2.2579303776078497e-7,1.2457546910939862e-6,15.177173703489492,232.26610910972877,8,RPS14;RPS19;RPL27A;RPLP2;RPL37;RPL8;RPL29;RPL19
Hom/Reg-like NPCs,up_in_severe,REAC,Reactome_2022,26,Nervous System Development R-HSA-9675108,1.257999316517447e-7,1.6113719280578091e-6,6.228666380789022,98.96462070797618,15,RPS9;RPLP1;RPLP0;RPL8;RPS14;RPS19;COL6A2;RPL36;COL9A3;RPS11;RPL29;RPL39;AP2M1;NGEF;PDLIM7
Hom/Reg-like NPCs,up_in_severe,REAC,Reactome_2022,27,Signaling By ROBO Receptors R-HSA-376176,1.268426882144631e-7,1.6113719280578091e-6,10.643540282055438,169.02280638711105,10,RPS14;RPS9;RPS19;RPLP1;RPLP0;RPL36;RPL8;RPS11;RPL29;RPL39
Hom/Reg-like NPCs,up_in_severe,KEGG,KEGG_2021_Human,2,Coronavirus disease,3.1550048210113474e-8,1.798352747976468e-6,10.645091481408617,183.85872775199613,11,RPS14;RPS9;RPS19;RPS18;RPLP1;RPLP0;RPL36;RPL8;RPS11;RPL29;RPL39
ECM/Adh-NPCs,up_in_severe,REAC,Reactome_2022,5,Diseases Associated With Glycosaminoglycan Metabolism R-HSA-3560782,5.421908121201423e-8,1.8674109926430667e-6,61.84472049689441,1034.6765799340674,5,ACAN;OMD;OGN;BGN;PRELP
ECM/Adh-NPCs,up_in_severe,REAC,Reactome_2022,6,Peptide Chain Elongation R-HSA-156902,8.167062989520298e-8,1.8674109926430667e-6,33.115,540.4557214777992,6,RPS14;RPS19;RPLP1;RPLP2;RPL8;RPL29
ECM/Adh-NPCs,up_in_severe,REAC,Reactome_2022,7,Selenocysteine Synthesis R-HSA-2408557,1.0732247084155557e-7,1.8674109926430667e-6,31.53174603174603,506.0034174907452,6,RPS14;RPS19;RPLP1;RPLP2;RPL8;RPL29
ECM/Adh-NPCs,up_in_severe,REAC,Reactome_2022,8,Viral mRNA Translation R-HSA-192823,1.0732247084155557e-7,1.8674109926430667e-6,31.53174603174603,506.0034174907452,6,RPS14;RPS19;RPLP1;RPLP2;RPL8;RPL29
ECM/Adh-NPCs,up_in_severe,REAC,Reactome_2022,9,Eukaryotic Translation Elongation R-HSA-156842,1.0732247084155557e-7,1.8674109926430667e-6,31.53174603174603,506.0034174907452,6,RPS14;RPS19;RPLP1;RPLP2;RPL8;RPL29
ECM/Adh-NPCs,up_in_severe,REAC,Reactome_2022,10,Eukaryotic Translation Termination R-HSA-72764,1.0732247084155557e-7,1.8674109926430667e-6,31.53174603174603,506.0034174907452,6,RPS14;RPS19;RPLP1;RPLP2;RPL8;RPL29
Fibro-NPCs,up_in_severe,REAC,Reactome_2022,30,Nervous System Development R-HSA-9675108,3.5064230118452677e-7,1.8700922729841426e-6,10.082554517133957,149.86204118131695,10,RPS14;RPS19;MMP2;COL6A2;RPL27A;RPLP2;RPL37;RPL8;RPL29;RPL19
ECM/Adh-NPCs,up_in_severe,REAC,Reactome_2022,11,Nonsense Mediated Decay (NMD) Independent Of Exon Junction Complex (EJC) R-HSA-975956,1.224406810971078e-7,1.936788955536069e-6,30.795348837209303,490.1276599050057,6,RPS14;RPS19;RPLP1;RPLP2;RPL8;RPL29
ECM/Adh-NPCs,up_in_severe,REAC,Reactome_2022,12,Formation Of A Pool Of Free 40S Subunits R-HSA-72689,1.7866316847420392e-7,2.3913377934239604e-6,28.778260869565216,447.14981260376817,6,RPS14;RPS19;RPLP1;RPLP2;RPL8;RPL29
ECM/Adh-NPCs,up_in_severe,REAC,Reactome_2022,13,Response Of EIF2AK4 (GCN2) To Amino Acid Deficiency R-HSA-9633012,1.7866316847420392e-7,2.3913377934239604e-6,28.778260869565216,447.14981260376817,6,RPS14;RPS19;RPLP1;RPLP2;RPL8;RPL29
Hom/Reg-like NPCs,up_in_severe,REAC,Reactome_2022,28,Translation R-HSA-72766,2.2008951705178177e-7,2.696096583884327e-6,8.691505636070854,133.2341017847491,11,RPS14;RPS9;RPS19;SSR4;RPLP1;RPLP0;RPL36;RPL8;RPS11;RPL29;RPL39
ECM/Adh-NPCs,up_in_severe,GO:BP,GO_Biological_Process_2025,1,Cytoplasmic Translation (GO:0002181),6.54633019488478e-9,3.188062804908888e-6,33.60372340425532,633.2407021634749,7,RPS14;RPS19;RPS18;RPLP1;RPLP2;RPL8;RPL29
ECM/Adh-NPCs,up_in_severe,REAC,Reactome_2022,14,L13a-mediated Translational Silencing Of Ceruloplasmin Expression R-HSA-156827,3.185811912251017e-7,3.6593181185703235e-6,25.943790849673203,388.10324588411737,6,RPS14;RPS19;RPLP1;RPLP2;RPL8;RPL29
ECM/Adh-NPCs,up_in_severe,REAC,Reactome_2022,15,SRP-dependent Cotranslational Protein Targeting To Membrane R-HSA-1799339,3.185811912251017e-7,3.6593181185703235e-6,25.943790849673203,388.10324588411737,6,RPS14;RPS19;RPLP1;RPLP2;RPL8;RPL29
ECM/Adh-NPCs,up_in_severe,REAC,Reactome_2022,16,GTP Hydrolysis And Joining Of 60S Ribosomal Subunit R-HSA-72706,3.364890223972711e-7,3.6593181185703235e-6,25.690614886731392,382.91091569935537,6,RPS14;RPS19;RPLP1;RPLP2;RPL8;RPL29
Hom-NPCs,up_in_severe,REAC,Reactome_2022,37,Disease R-HSA-1643685,4.267823815761483e-7,3.77183348041623e-6,3.744001119516632,54.913232965292934,25,RPLP1;RPLP0;RPS27L;PRELP;RPL8;COMT;RPL9;RPS14;RPS19;POLR2F;ELOB;RPL18;RPL39;RPS10;RPS9;NDUFA2;BGN;FN1;RPS29;RPL27A;SERPING1;FAU;RPL29;RPL28;SNRPB
ECM/Adh-NPCs,up_in_severe,REAC,Reactome_2022,17,Nonsense Mediated Decay (NMD) Enhanced By Exon Junction Complex (EJC) R-HSA-975957,3.952396772290849e-7,4.0453943434035745e-6,24.959748427672956,368.0008768920998,6,RPS14;RPS19;RPLP1;RPLP2;RPL8;RPL29
ECM/Adh-NPCs,up_in_severe,REAC,Reactome_2022,18,Selenoamino Acid Metabolism R-HSA-2408522,4.3889359135955996e-07,4.242638049809079e-6,24.49506172839506,358.5834252262021,6,RPS14;RPS19;RPLP1;RPLP2;RPL8;RPL29
ECM/Adh-NPCs,up_in_severe,REAC,Reactome_2022,19,Cap-dependent Translation Initiation R-HSA-72737,4.864282703426073e-7,4.454658896821772e-6,24.047272727272727,349.5553979752841,6,RPS14;RPS19;RPLP1;RPLP2;RPL8;RPL29
Hom/Reg-like NPCs,up_in_severe,REAC,Reactome_2022,29,Metabolism Of Amino Acids And Derivatives R-HSA-71291,3.8116019719597847e-7,4.508205090973125e-6,7.322052947052947,108.22027999505127,12,RPS14;RPS9;NNMT;RPS19;RPLP1;RPLP0;RPL36;RPL8;RPS11;RPL29;RPL39;OAZ1
Fibro-reg NPCs,up_in_severe,REAC,Reactome_2022,2,Collagen Biosynthesis And Modifying Enzymes R-HSA-1650814,5.964364004990691e-8,5.546858524641343e-6,34.91276346604216,580.76957190538,6,COL1A1;COL3A1;COL1A2;COL14A1;COL6A2;PCOLCE
Hom-NPCs,up_in_severe,REAC,Reactome_2022,38,Developmental Biology R-HSA-1266738,6.805601288384087e-7,5.856399003425253e-6,4.412996870302373,62.66609860221834,19,RPS9;RPLP1;RPLP0;RPS27L;RPL8;RPL9;RPS14;MYL6;RPS19;RPS29;RPL27A;POLR2F;ELOB;FAU;RPL29;RPL18;RPL39;RPS10;RPL28
ECM/Adh-NPCs,up_in_severe,GO:BP,GO_Biological_Process_2025,2,Macromolecule Biosynthetic Process (GO:0009059),2.466369142723545e-8,6.005608862531832e-6,20.319157137350636,355.949646708427,8,RPS14;RPS19;RPS18;RPLP1;RPLP2;RRBP1;RPL8;RPL29
ECM/Adh-NPCs,up_in_severe,REAC,Reactome_2022,20,Keratan Sulfate Biosynthesis R-HSA-2022854,7.337711741732198e-7,6.383809215307012e-6,70.65602836879432,998.021248330596,4,ACAN;OMD;OGN;PRELP
Fibro-NPCs,up_in_severe,REAC,Reactome_2022,31,Metabolism Of Amino Acids And Derivatives R-HSA-71291,1.5904477499313351e-6,8.208762580290762e-6,11.589591957421645,154.73837881246558,8,RPS14;RPS19;RPL27A;RPLP2;RPL37;RPL8;RPL29;RPL19
Hom-NPCs,up_in_severe,KEGG,KEGG_2021_Human,3,Oxidative phosphorylation,2.510337688707221e-7,1.0041350754828883e-5,14.384727272727273,218.6144585243214,8,COX8A;NDUFA4;UQCRQ;COX17;NDUFA2;NDUFB2;NDUFA4L2;NDUFB1
ECM/Adh-NPCs,up_in_severe,REAC,Reactome_2022,21,Influenza Viral RNA Transcription And Replication R-HSA-168273,1.2937546513288251e-6,1.0719681396724552e-5,20.170992366412214,273.47754769767596,6,RPS14;RPS19;RPLP1;RPLP2;RPL8;RPL29
ECM/Adh-NPCs,up_in_severe,REAC,Reactome_2022,22,Keratan Sulfate/Keratin Metabolism R-HSA-1638074,1.45275762596352e-6,1.1489992132620568e-5,58.45928099779897,785.8124025642676,4,ACAN;OMD;OGN;PRELP
ECM/Adh-NPCs,up_in_severe,KEGG,KEGG_2021_Human,1,Ribosome,1.4532765243355913e-7,1.2643505761719645e-5,20.858819987959063,328.406997477484,7,RPS14;RPS19;RPS18;RPLP1;RPLP2;RPL8;RPL29
Hom/Reg-like NPCs,up_in_severe,KEGG,KEGG_2021_Human,3,ECM-receptor interaction,3.526015011145e-7,1.3398857042351e-5,17.838477366255145,265.04280002387924,7,COMP;COL1A1;COL1A2;COL6A2;CHAD;ITGA11;COL9A3
Hom/Reg-like NPCs,up_in_severe,REAC,Reactome_2022,30,Collagen Biosynthesis And Modifying Enzymes R-HSA-1650814,1.2462171362358563e-6,1.388615640146063e-5,20.114247084671288,273.46119229623247,6,COL1A1;COL3A1;COL1A2;COL6A2;COL9A3;P4HB
Hom/Reg-like NPCs,up_in_severe,REAC,Reactome_2022,31,Post-translational Protein Phosphorylation R-HSA-8957275,1.2550170508608733e-6,1.388615640146063e-5,14.58186026936027,198.1435872116751,7,CST3;LGALS1;MELTF;TIMP1;P4HB;MFGE8;PNPLA2
Fibro-NPCs,up_in_severe,GO:BP,GO_Biological_Process_2025,5,Gene Expression (GO:0010467),1.7773326120818573e-7,1.4147567592171584e-5,12.804272013949433,199.01656870755463,9,RPS14;RPS19;RPS18;RPL27A;RPLP2;RPL37;RPL8;RPL29;RPL19
Fibro-reg NPCs,up_in_severe,REAC,Reactome_2022,3,Collagen Chain Trimerization R-HSA-8948216,2.4029209873875834e-7,1.4898110121803017e-5,44.75708502024292,682.1611089590097,5,COL1A1;COL3A1;COL1A2;COL14A1;COL6A2
Fibro-reg NPCs,up_in_severe,REAC,Reactome_2022,4,Collagen Formation R-HSA-1474290,3.521169789101236e-7,1.6373439519320747e-05,25.323979591836736,376.29667047600816,6,COL1A1;COL3A1;COL1A2;COL14A1;COL6A2;PCOLCE
Hom/Reg-like NPCs,up_in_severe,GO:BP,GO_Biological_Process_2025,4,Gene Expression (GO:0010467),8.07902071892321e-8,1.679193530427101e-5,7.665368357487923,125.18627403676294,13,RPS9;RPLP1;RPLP0;SCX;RRBP1;RPL8;RPS14;RPS19;RPS18;RPL36;RPS11;RPL29;RPL39
Hom/Reg-like NPCs,up_in_severe,GO:BP,GO_Biological_Process_2025,5,Protein Metabolic Process (GO:0019538),9.683930394619959e-8,1.679193530427101e-5,5.935186253027332,95.85452154345045,16,RPS9;FUS;FBXO2;RPLP1;RPLP0;RRBP1;RPL8;RPS14;UBL5;ACAN;RPS19;RPS18;RPL36;RPS11;RPL29;RPL39
Hom-NPCs,up_in_severe,KEGG,KEGG_2021_Human,4,Diabetic cardiomyopathy,5.79207140678047e-7,1.7376214220341408e-5,10.510131532172059,150.9423645778998,9,COX8A;COL1A1;COL1A2;NDUFA4;UQCRQ;NDUFA2;NDUFB2;NDUFA4L2;NDUFB1
ECM/Adh-NPCs,up_in_severe,REAC,Reactome_2022,23,Cellular Response To Starvation R-HSA-9711097,2.4624140983215507e-6,1.862869796121521e-5,17.960997732426303,231.9549406220302,6,RPS14;RPS19;RPLP1;RPLP2;RPL8;RPL29
ECM/Adh-NPCs,up_in_severe,GO:BP,GO_Biological_Process_2025,3,Translation (GO:0006412),1.2039670170233843e-7,1.9544397909679606e-5,16.382890365448507,261.0199698602205,8,RPS14;RPS19;RPS18;RPLP1;RPLP2;RRBP1;RPL8;RPL29
ECM/Adh-NPCs,up_in_severe,REAC,Reactome_2022,24,Influenza Infection R-HSA-168255,2.860005435602455e-6,2.07350394081178e-5,17.48167770419426,223.14814469836685,6,RPS14;RPS19;RPLP1;RPLP2;RPL8;RPL29
Hom/Reg-like NPCs,up_in_severe,REAC,Reactome_2022,32,Scavenging By Class A Receptors R-HSA-3000480,2.422628905527508e-6,2.5967553581122976e-5,53.55420875420875,692.4911194533322,4,COL1A1;COL3A1;COL1A2;FTL
ECM/Adh-NPCs,up_in_severe,REAC,Reactome_2022,25,Regulation Of Expression Of SLITs And ROBOs R-HSA-9010553,4.087174875846169e-6,2.8446737135889338e-5,16.38757763975155,203.3314353024007,6,RPS14;RPS19;RPLP1;RPLP2;RPL8;RPL29
ECM/Adh-NPCs,up_in_severe,REAC,Reactome_2022,26,Collagen Chain Trimerization R-HSA-8948216,4.720921767497217e-6,3.159386105940445e-5,42.35957446808511,519.4769163059703,4,COL1A1;COL3A1;COL1A2;COL6A2
Hom/Reg-like NPCs,up_in_severe,REAC,Reactome_2022,33,Collagen Chain Trimerization R-HSA-8948216,3.0411624061532897e-6,3.16096577366842e-5,25.97854526425955,330.01249405795693,5,COL1A1;COL3A1;COL1A2;COL6A2;COL9A3
Fibro-reg NPCs,up_in_severe,REAC,Reactome_2022,5,Assembly Of Collagen Fibrils And Other Multimeric Structures R-HSA-2022090,8.982887583367487e-7,3.341634181012705e-5,33.54588394062078,467.05176956358724,5,COL1A1;COL3A1;COL1A2;COL6A2;PCOLCE
Hom/Reg-like NPCs,up_in_severe,REAC,Reactome_2022,34,Regulation Of IGF Transport And Uptake By IGFBPs R-HSA-381426,3.405771192094746e-6,3.435822114377935e-5,12.434177442528735,156.54678087251966,7,CST3;LGALS1;MELTF;TIMP1;P4HB;MFGE8;PNPLA2
Hom-NPCs,up_in_severe,REAC,Reactome_2022,39,SARS-CoV-2-host Interactions R-HSA-9705683,4.6794368728097715e-6,3.8411214540854986e-5,9.533849129593811,117.00256920791617,8,RPS14;RPS9;RPS19;RPS29;RPS27L;FAU;RPS10;SNRPB
Hom-NPCs,up_in_severe,REAC,Reactome_2022,40,Respiratory Electron Transport R-HSA-611105,4.6986195157009155e-6,3.8411214540854986e-5,15.73015873015873,192.9813910499044,6,COX8A;UQCRQ;NDUFA2;NDUFB2;NDUFB1;NDUFAF3
ECM/Adh-NPCs,up_in_severe,REAC,Reactome_2022,27,Major Pathway Of rRNA Processing In Nucleolus And Cytosol R-HSA-6791226,6.093263864013717e-6,3.926770045697729e-5,15.241618497109826,183.02633406876447,6,RPS14;RPS19;RPLP1;RPLP2;RPL8;RPL29
ECM/Adh-NPCs,up_in_severe,GO:BP,GO_Biological_Process_2025,4,Protein Metabolic Process (GO:0019538),3.25697113921024e-7,3.965362361988467e-5,8.822802653399668,131.78883230427522,11,RPS14;ACAN;GSN;RPS19;RPS18;FUS;RPLP1;RPLP2;RRBP1;RPL8;RPL29
Hom/Reg-like NPCs,up_in_severe,REAC,Reactome_2022,35,Immune System R-HSA-168256,4.061013118226424e-6,3.979792855861896e-5,3.1670155613817585,39.31557845630843,26,IFITM3;IFITM2;CD81;GSTP1;RPLP0;CLU;CST3;MT2A;CYB5R3;LAMP1;TIMP1;GBP2;AP2M1;S100A11;TNFRSF12A;S100A1;IL1R1;FBXO2;NDUFA2;PLAUR;COL1A2;MAPKAPK2;SERPING1;P4HB;CRLF1;FTL
Hom-NPCs,up_in_severe,KEGG,KEGG_2021_Human,5,Thermogenesis,1.7587405891051136e-6,4.2209774138522724e-5,9.129890211844751,120.97937705696535,9,COX8A;NDUFA4;UQCRQ;COX17;NDUFA2;NDUFB2;NDUFA4L2;NDUFB1;NDUFAF3
Hom-NPCs,up_in_severe,KEGG,KEGG_2021_Human,6,Huntington disease,2.1431949629830747e-6,4.286389925966149e-5,7.702702702702703,100.54501804461977,10,COX8A;GPX1;GPX3;NDUFA4;UQCRQ;NDUFA2;NDUFB2;NDUFA4L2;NDUFB1;POLR2F
Fibro-NPCs,up_in_severe,REAC,Reactome_2022,32,Regulation Of IGF Transport And Uptake By IGFBPs R-HSA-381426,9.081737360683559e-6,4.540868680341779e-5,20.500206696982225,237.99192300553784,5,LGALS1;MMP2;MXRA8;TIMP1;MFGE8
ECM/Adh-NPCs,up_in_severe,REAC,Reactome_2022,28,rRNA Processing In Nucleus And Cytosol R-HSA-8868773,8.319174391900166e-6,5.158165119108664e-5,14.401457194899818,168.45308930538562,6,RPS14;RPS19;RPLP1;RPLP2;RPL8;RPL29
ECM/Adh-NPCs,up_in_severe,REAC,Reactome_2022,29,Extracellular Matrix Organization R-HSA-1474244,8.596941865181107e-6,5.158165119108664e-5,11.01592509603073,128.49089614173204,7,COMP;COL1A1;ACAN;COL3A1;COL1A2;COL6A2;BGN
Fibro-NPCs,up_in_severe,REAC,Reactome_2022,33,Scavenging By Class A Receptors R-HSA-3000480,1.075188905173167e-5,5.2130371159911125e-5,86.93895348837209,994.6189328108297,3,COL1A1;COL3A1;COL1A2
Hom-NPCs,up_in_severe,REAC,Reactome_2022,41,Metabolism Of Proteins R-HSA-392499,7.0297742380027985e-6,5.6066735995778416e-5,3.2222222222222223,38.23281367060497,24,RPS9;SSR4;RPLP1;RPLP0;PLAUR;FN1;RPS27L;RPL8;RPL9;MRPL57;CST3;RPS14;LGALS1;RPS19;RPS29;RPL27A;ELOB;FAU;MFGE8;RPL29;RPL18;RPL39;RPS10;RPL28
Fibro-reg NPCs,up_in_severe,KEGG,KEGG_2021_Human,1,Protein digestion and absorption,7.837888070288057e-7,5.800037172013162e-5,21.915684830633285,308.1153794874734,6,COL1A1;COL3A1;COL1A2;COL14A1;ELN;COL6A2
Fibro-NPCs,up_in_severe,GO:BP,GO_Biological_Process_2025,6,Collagen Biosynthetic Process (GO:0032964),9.471796844092264e-7,6.282958573247868e-5,231.95348837209303,3217.143162985937,3,COL1A1;COL5A1;PCOLCE
ECM/Adh-NPCs,up_in_severe,REAC,Reactome_2022,30,rRNA Processing R-HSA-72312,1.1163645579962635e-5,6.474914436378328e-5,13.648359240069084,155.630165720367,6,RPS14;RPS19;RPLP1;RPLP2;RPL8;RPL29
Hom/Reg-like NPCs,up_in_severe,REAC,Reactome_2022,36,Collagen Formation R-HSA-1474290,7.066844577031417e-6,6.733132472004935e-5,14.589837997054492,173.03688640797617,6,COL1A1;COL3A1;COL1A2;COL6A2;COL9A3;P4HB
ECM/Adh-NPCs,up_in_severe,REAC,Reactome_2022,31,Assembly Of Collagen Fibrils And Other Multimeric Structures R-HSA-2022090,1.3405687809661756e-5,7.32517513217671e-5,31.94861501405058,358.4580764022512,4,COL1A1;COL3A1;COL1A2;COL6A2
ECM/Adh-NPCs,up_in_severe,REAC,Reactome_2022,32,Glycosaminoglycan Metabolism R-HSA-1630316,1.3471586449980155e-5,7.32517513217671e-5,18.746691871455578,210.2427957885679,5,ACAN;OMD;OGN;BGN;PRELP
ECM/Adh-NPCs,up_in_severe,REAC,Reactome_2022,33,Cellular Responses To Stimuli R-HSA-8953897,1.3948668836535044e-5,7.332535240681207e-5,6.458039373782167,72.20169699978533,10,RPS14;MT2A;RPS19;GPX3;RPLP1;LMNA;RPLP2;MT1X;RPL8;RPL29
ECM/Adh-NPCs,up_in_severe,REAC,Reactome_2022,34,Scavenging By Class A Receptors R-HSA-3000480,1.47060488016152e-5,7.332535240681207e-5,77.86328125,866.4043259869005,3,COL1A1;COL3A1;COL1A2
ECM/Adh-NPCs,up_in_severe,REAC,Reactome_2022,35,Signaling By ROBO Receptors R-HSA-376176,1.4749352495623116e-5,7.332535240681207e-5,12.969458128078818,144.27629057845115,6,RPS14;RPS19;RPLP1;RPLP2;RPL8;RPL29
Hom-NPCs,up_in_severe,GO:BP,GO_Biological_Process_2025,6,Aerobic Electron Transport Chain (GO:0019646),6.25434308158681e-7,7.471803636430578e-5,22.811494252873562,325.8580787369952,6,COX8A;NDUFA4;UQCRQ;NDUFA2;NDUFB2;NDUFB1
Hom-NPCs,up_in_severe,GO:BP,GO_Biological_Process_2025,7,Mitochondrial ATP Synthesis Coupled Electron Transport (GO:0042775),6.86386160826956e-7,7.471803636430578e-5,22.423728813559322,318.233645281277,6,COX8A;NDUFA4;UQCRQ;NDUFA2;NDUFB2;NDUFB1
Fibro-NPCs,up_in_severe,KEGG,KEGG_2021_Human,3,Protein digestion and absorption,3.807353122709467e-6,7.487794474661953e-5,24.708810353409657,308.33077598647697,5,COL1A1;COL3A1;COL1A2;COL5A1;COL6A2
Fibro-NPCs,up_in_severe,REAC,Reactome_2022,34,Metabolism Of RNA R-HSA-8953854,1.7428370089135383e-5,8.201585924299004e-5,7.144390966308775,78.28402969583146,9,RPS14;RPS19;RPL27A;RPLP2;RPL37;RPL8;RPL29;ZFP36L1;RPL19
Hom-NPCs,up_in_severe,GO:BP,GO_Biological_Process_2025,8,Ribosomal Small Subunit Assembly (GO:0000028),8.678424138509378e-7,8.266198991930182e-5,72.07246376811594,1005.9338049932883,4,RPS14;RPS19;RPS27L;FAU
ECM/Adh-NPCs,up_in_severe,KEGG,KEGG_2021_Human,2,Coronavirus disease,1.936133856180373e-6,8.422182274384623e-5,13.946262626262627,183.46053869202157,7,RPS14;RPS19;RPS18;RPLP1;RPLP2;RPL8;RPL29
ECM/Adh-NPCs,up_in_severe,REAC,Reactome_2022,36,Disease R-HSA-1643685,1.7755877445342918e-5,8.582007431915742e-5,4.413131900058106,48.27434063116388,15,IL1R1;RPLP1;OMD;BGN;PRELP;RRBP1;RPL8;RPS14;ACAN;RPS19;LMNA;OGN;RPLP2;SERPING1;RPL29
Hom/Reg-like NPCs,up_in_severe,REAC,Reactome_2022,37,Assembly Of Collagen Fibrils And Other Multimeric Structures R-HSA-2022090,1.1119886515153531e-5,1.0308435337020706e-4,19.471153846153847,222.10308015575077,5,COL1A1;COL3A1;COL1A2;COL6A2;COL9A3
ECM/Adh-NPCs,up_in_severe,REAC,Reactome_2022,37,Collagen Biosynthesis And Modifying Enzymes R-HSA-1650814,2.552869241370943e-5,1.2005385081041733e-4,26.86389733198244,284.104721719689,4,COL1A1;COL3A1;COL1A2;COL6A2
Hom-NPCs,up_in_severe,REAC,Reactome_2022,42,"Respiratory Electron Transport, ATP Synthesis By Chemiosmotic Coupling, Heat Production By Uncoupling Proteins R-HSA-163200",1.6588165623306988e-5,1.2915071806717584e-4,12.451572327044024,137.05222815962827,6,COX8A;UQCRQ;NDUFA2;NDUFB2;NDUFB1;NDUFAF3
Hom-NPCs,up_in_severe,REAC,Reactome_2022,43,Metallothioneins Bind Metals R-HSA-5661231,1.719590425575834e-5,1.3076885329379016e-4,80.2258064516129,880.1444324729835,3,MT2A;MT1G;MT1X
Fibro-reg NPCs,up_in_severe,GO:BP,GO_Biological_Process_2025,1,Collagen Fibril Organization (GO:0030199),2.696875172893736e-7,1.3565282119655492e-4,43.6359649122807,660.0376878031927,5,COL1A1;COL3A1;COL1A2;COL14A1;CYP1B1
ECM/Adh-NPCs,up_in_severe,REAC,Reactome_2022,38,Diseases Of Glycosylation R-HSA-3781865,3.140653981619647e-5,1.4380889284258382e-4,15.604127284183996,161.791306555426,5,ACAN;OMD;OGN;BGN;PRELP
Fibro-NPCs,up_in_severe,REAC,Reactome_2022,35,Cellular Responses To Stress R-HSA-2262752,3.291321379539581e-5,1.5046040592180942e-4,6.564156021379023,67.7528313691659,9,RPS14;RPS19;RPL27A;LMNA;RPLP2;RPL37;RPL8;RPL29;RPL19
Hom-NPCs,up_in_severe,REAC,Reactome_2022,44,Detoxification Of Reactive Oxygen Species R-HSA-3299685,2.0697585196512537e-5,1.5382068998317272e-4,28.80289855072464,310.6534757241944,4,GPX1;GPX3;GSTP1;SOD3
ECM/Adh-NPCs,up_in_severe,REAC,Reactome_2022,39,Metabolism Of Amino Acids And Derivatives R-HSA-71291,3.6294893086145424e-5,1.619310614612642e-4,8.730837789661319,89.26263198983223,7,RPS14;SLC7A5;RPS19;RPLP1;RPLP2;RPL8;RPL29
Hom-NPCs,up_in_severe,KEGG,KEGG_2021_Human,7,Non-alcoholic fatty liver disease,9.809136120292422e-6,1.6815661920501293e-4,10.498937139386578,121.07580455138124,7,COX8A;NDUFA4;UQCRQ;NDUFA2;NDUFB2;NDUFA4L2;NDUFB1
Fibro-NPCs,up_in_severe,REAC,Reactome_2022,36,Cellular Responses To Stimuli R-HSA-8953897,3.8240177478738255e-5,1.699563443499478e-4,6.4330644261868475,65.43471140839478,9,RPS14;RPS19;RPL27A;LMNA;RPLP2;RPL37;RPL8;RPL29;RPL19
ECM/Adh-NPCs,up_in_severe,KEGG,KEGG_2021_Human,3,Amoebiasis,6.094294907293195e-6,1.7673455231150266e-4,22.24562976243837,267.12902555179807,5,COL1A1;COL3A1;COL1A2;IL1R1;HSPB1
Fibro-NPCs,up_in_severe,GO:BP,GO_Biological_Process_2025,7,Collagen Fibril Organization (GO:0030199),3.4049609581540283e-6,1.80094602876751e-4,46.25551684088269,582.369773711739,4,COL1A1;COL3A1;COL1A2;COL5A1
Fibro-NPCs,up_in_severe,GO:BP,GO_Biological_Process_2025,8,Extracellular Matrix Organization (GO:0030198),3.6199920176231353e-6,1.80094602876751e-4,16.85625,211.1926092140203,6,COL1A1;COL3A1;MMP14;COL1A2;COL5A1;MMP2
Hom/Reg-like NPCs,up_in_severe,REAC,Reactome_2022,38,Metallothioneins Bind Metals R-HSA-5661231,2.123968149987585e-5,1.917160724857215e-4,74.58375,802.4942518927019,3,MT2A;MT1G;MT1X
Hom/Reg-like NPCs,up_in_severe,REAC,Reactome_2022,39,Detoxification Of Reactive Oxygen Species R-HSA-3299685,2.7316576131704516e-5,2.4024578495319615e-4,26.75690235690236,281.16198097328186,4,GPX3;GSTP1;P4HB;SOD3
Fibro-reg NPCs,up_in_severe,REAC,Reactome_2022,6,Binding And Uptake Of Ligands By Scavenger Receptors R-HSA-2173782,7.77846193733406e-6,2.4113232005735583e-4,37.09412861136999,436.3809648341513,4,COL1A1;COL3A1;SPARC;COL1A2
Fibro-NPCs,up_in_severe,REAC,Reactome_2022,37,Metabolism Of Proteins R-HSA-392499,5.646523459666034e-5,2.441739874450177e-4,4.215951492537314,41.239954461869935,14,MMP2;THY1;RPL8;RPS14;LGALS1;RPS19;RPL27A;MXRA8;RPLP2;TIMP1;RPL37;RPL29;MFGE8;RPL19
Fibro-NPCs,up_in_severe,REAC,Reactome_2022,38,Activation Of Matrix Metalloproteinases R-HSA-1592389,5.918944067703474e-5,2.4921869758751466e-4,46.334883720930236,451.0593154795188,3,MMP14;MMP2;TIMP1
Hom-NPCs,up_in_severe,REAC,Reactome_2022,45,Response To Metal Ions R-HSA-5660526,3.75406132297874e-5,2.727951228031218e-4,58.33724340175953,594.4615967797359,3,MT2A;MT1G;MT1X
Hom-NPCs,up_in_severe,GO:BP,GO_Biological_Process_2025,9,Cellular Respiration (GO:0045333),3.3647214469851068e-6,2.8487974917807237e-4,16.729957805907173,210.83369503354479,6,COX8A;NDUFA4;UQCRQ;NDUFA2;NDUFB2;NDUFB1
Hom/Reg-like NPCs,up_in_severe,REAC,Reactome_2022,40,Metabolism Of RNA R-HSA-8953854,3.757922055454798e-5,3.222418162552489e-4,4.256797685894163,43.37276407163801,13,RPS9;FUS;RPLP1;RPLP0;HSPB1;RPL8;RPS14;RPS19;MAPKAPK2;RPL36;RPS11;RPL29;RPL39
ECM/Adh-NPCs,up_in_severe,REAC,Reactome_2022,40,Translation R-HSA-72766,7.724237361593072e-5,3.360043252292986e-4,9.53890909090909,90.31975567359488,6,RPS14;RPS19;RPLP1;RPLP2;RPL8;RPL29
ECM/Adh-NPCs,up_in_severe,REAC,Reactome_2022,41,Collagen Formation R-HSA-1474290,8.150963519198718e-5,3.4591893959526267e-4,19.656605640771897,185.06280088349317,4,COL1A1;COL3A1;COL1A2;COL6A2
Eff-NPCs,up_in_severe,KEGG,KEGG_2021_Human,1,ECM-receptor interaction,1.3238719208504095e-5,3.7068413783811465e-4,87.81176470588235,986.3337703993213,3,COMP;COL1A1;COL6A2
Fibro-reg NPCs,up_in_severe,GO:BP,GO_Biological_Process_2025,2,Extracellular Matrix Organization (GO:0030198),1.484337135417401e-6,3.733107895574763e-4,14.373090909090909,192.8946739353189,7,COL1A1;MMP14;COL3A1;COL1A2;COL14A1;MMP2;CYP1B1
Hom/Reg-like NPCs,up_in_severe,REAC,Reactome_2022,41,Response To Metal Ions R-HSA-5660526,4.633213966501848e-5,3.8760790012442285e-4,54.234545454545454,541.2431198619948,3,MT2A;MT1G;MT1X
Fibro-NPCs,up_in_severe,REAC,Reactome_2022,39,Post-translational Protein Phosphorylation R-HSA-8957275,1.0248296508491491e-4,4.2044293368170214e-4,18.535947712418302,170.26776739741723,4,LGALS1;MXRA8;TIMP1;MFGE8
Fibro-NPCs,up_in_severe,REAC,Reactome_2022,40,Binding And Uptake Of Ligands By Scavenger Receptors R-HSA-2173782,1.1416545919261595e-4,4.566618367704638e-4,36.565483476132194,331.93640438138533,3,COL1A1;COL3A1;COL1A2
Hom-NPCs,up_in_severe,REAC,Reactome_2022,46,SARS-CoV-2 Infection R-HSA-9694516,6.578481484461388e-5,4.676442272649726e-4,6.488925619834711,62.482653351662734,8,RPS14;RPS9;RPS19;RPS29;RPS27L;FAU;RPS10;SNRPB
Hom/Reg-like NPCs,up_in_severe,REAC,Reactome_2022,42,Binding And Uptake Of Ligands By Scavenger Receptors R-HSA-2173782,5.8023313463285795e-5,4.738570599501673e-4,21.687141687141686,211.55081653756298,4,COL1A1;COL3A1;COL1A2;FTL
ECM/Adh-NPCs,up_in_severe,GO:BP,GO_Biological_Process_2025,5,Gene Expression (GO:0010467),5.016882089757133e-6,4.886443155423447e-4,9.7641997630775,119.14961914617304,8,RPS14;RPS19;RPS18;RPLP1;RPLP2;RRBP1;RPL8;RPL29
Hom-NPCs,up_in_severe,REAC,Reactome_2022,47,SARS-CoV Infections R-HSA-9679506,7.09620446788138e-5,4.937146512760024e-4,5.6160919540229886,53.65257858964357,9,RPS14;RPS9;RPS19;RPS29;RPS27L;FAU;COMT;RPS10;SNRPB
Fibro-NPCs,up_in_severe,REAC,Reactome_2022,41,Developmental Biology R-HSA-1266738,1.317446224708272e-4,5.14125355983716e-4,4.936500470366886,44.10588017083521,10,RPS14;RPS19;MMP2;COL6A2;RPL27A;RPLP2;RPL37;RPL8;RPL29;RPL19
Fibro-reg NPCs,up_in_severe,REAC,Reactome_2022,7,ECM Proteoglycans R-HSA-3000178,2.536018833858528e-5,6.168655196685428e-4,26.892494929006084,284.5852559110794,4,COMP;SPARC;BGN;ASPN
Fibro-reg NPCs,up_in_severe,REAC,Reactome_2022,8,Scavenging By Class A Receptors R-HSA-3000480,2.653185030832442e-5,6.168655196685428e-4,63.311440677966104,667.1230745414172,3,COL1A1;COL3A1;COL1A2
Fibro-reg NPCs,up_in_severe,KEGG,KEGG_2021_Human,2,Malaria,1.732412185617266e-5,6.409925086783884e-4,29.823088455772115,326.9627671034966,4,COMP;LRP1;CD81;HBB
ECM/Adh-NPCs,up_in_severe,REAC,Reactome_2022,42,Binding And Uptake Of Ligands By Scavenger Receptors R-HSA-2173782,1.5551056448655985e-4,6.442580528728908e-4,32.7483552631579,287.1636757787055,3,COL1A1;COL3A1;COL1A2
Hom-NPCs,up_in_severe,REAC,Reactome_2022,48,Complex I Biogenesis R-HSA-6799198,1.047836521098636e-4,7.138386299984458e-4,18.369102682701204,168.32734427600298,4,NDUFA2;NDUFB2;NDUFB1;NDUFAF3
Hom/Reg-like NPCs,up_in_severe,REAC,Reactome_2022,43,SARS-CoV-2 Modulates Host Translation Machinery R-HSA-9754678,9.98031373319191e-5,7.961040954615873e-4,18.6553911205074,171.8592636898296,4,RPS14;RPS9;RPS19;RPS11
ECM/Adh-NPCs,up_in_severe,REAC,Reactome_2022,43,Regulation Of Complement Cascade R-HSA-977606,2.0552561186822234e-4,8.316617782574579e-4,29.623511904761905,251.50183569337895,3,CD81;SERPING1;CLU
Fibro-NPCs,up_in_severe,GO:BP,GO_Biological_Process_2025,9,Skin Development (GO:0043588),1.8976332702461405e-5,8.391756017310711e-4,29.14139194139194,316.8344802223068,4,COL1A1;COL3A1;COL1A2;COL5A1
Hom-NPCs,up_in_severe,REAC,Reactome_2022,49,Citric Acid (TCA) Cycle And Respiratory Electron Transport R-HSA-1428517,1.3526656154662977e-4,9.026972576683251e-4,8.385138004246285,74.69701627973436,6,COX8A;UQCRQ;NDUFA2;NDUFB2;NDUFB1;NDUFAF3
Hom-NPCs,up_in_severe,KEGG,KEGG_2021_Human,8,Amyotrophic lateral sclerosis,6.391920675942646e-5,9.587881013913968e-4,5.696648858669257,55.017611842353425,9,COX8A;GPX1;GPX3;NDUFA4;UQCRQ;NDUFA2;NDUFB2;NDUFA4L2;NDUFB1
Hom/Reg-like NPCs,up_in_severe,REAC,Reactome_2022,44,"Formation Of Ternary Complex, And Subsequently, 43S Complex R-HSA-72695",1.2734673894153749e-4,9.927257149306217e-4,17.436100131752305,156.37735470426915,4,RPS14;RPS9;RPS19;RPS11
ECM/Adh-NPCs,up_in_severe,REAC,Reactome_2022,44,Metabolism Of RNA R-HSA-8953854,2.603395817095628e-4,0.0010295247094878166,5.454442638015127,45.018371559342704,8,RPS14;RPS19;FUS;RPLP1;HSPB1;RPLP2;RPL8;RPL29
Fibro-NPCs,up_in_severe,KEGG,KEGG_2021_Human,4,AGE-RAGE signaling pathway in diabetic complications,8.17122681204673e-5,0.0012052559547768927,19.700396825396826,185.42617125575262,4,COL1A1;COL3A1;COL1A2;MMP2
ECM/Adh-NPCs,up_in_severe,REAC,Reactome_2022,45,Axon Guidance R-HSA-422475,3.27738027288123e-4,0.0012672537055140756,6.03955078125,48.45710341966165,7,RPS14;RPS19;RPLP1;COL6A2;RPLP2;RPL8;RPL29
ECM/Adh-NPCs,up_in_severe,REAC,Reactome_2022,46,Metallothioneins Bind Metals R-HSA-5661231,3.455139191258262e-4,0.0013069439549542121,90.43083900226758,720.7769792087644,2,MT2A;MT1X
ECM/Adh-NPCs,up_in_severe,REAC,Reactome_2022,47,Complement Cascade R-HSA-166658,3.7322513092327545e-4,0.0013529410995968736,23.91466346153846,188.76630070099836,3,CD81;SERPING1;CLU
ECM/Adh-NPCs,up_in_severe,REAC,Reactome_2022,48,ECM Proteoglycans R-HSA-3000178,3.7322513092327545e-4,0.0013529410995968736,23.91466346153846,188.76630070099836,3,COMP;ACAN;BGN
Hom/Reg-like NPCs,up_in_severe,REAC,Reactome_2022,45,Disease R-HSA-1643685,1.7781120599945404e-4,0.0013553165257291719,2.715082130413141,23.444159171593096,21,RPS9;S100A1;IL1R1;RPLP1;RPLP0;NDUFA2;BGN;PRELP;RRBP1;RPL8;RPS14;ACAN;RPS19;CDC37;LMNA;RPL36;SERPING1;RPS11;RPL29;RPL39;AP2M1
Hom/Reg-like NPCs,up_in_severe,REAC,Reactome_2022,46,ECM Proteoglycans R-HSA-3000178,1.84907670855601e-4,0.001378768067466764,15.722717369776193,135.14703741146468,4,COMP;ACAN;BGN;COL9A3
Hom-NPCs,up_in_severe,GO:BP,GO_Biological_Process_2025,10,Antimicrobial Humoral Immune Response Mediated by Antimicrobial Peptide (GO:0061844),2.025936228681895e-5,0.0014337781745220502,11.996363636363636,129.64342463857292,6,RPS19;DEFB1;ROMO1;FAU;CXCL14;RPL39
Hom-NPCs,up_in_severe,GO:BP,GO_Biological_Process_2025,11,"Mitochondrial Electron Transport, NADH to Ubiquinone (GO:0006120)",2.0697585196512537e-5,0.0014337781745220502,28.80289855072464,310.6534757241944,4,NDUFA4;NDUFA2;NDUFB2;NDUFB1
ECM/Adh-NPCs,up_in_severe,REAC,Reactome_2022,49,Diseases Of Metabolism R-HSA-5668914,4.0776512547179857e-4,0.0014479822822876113,8.851509162773985,69.08442885897915,5,ACAN;OMD;OGN;BGN;PRELP
Hom/Reg-like NPCs,up_in_severe,REAC,Reactome_2022,47,Translation Initiation Complex Formation R-HSA-72649,2.124784049976673e-4,0.0015183352690458308,15.127882599580714,127.93151394331909,4,RPS14;RPS9;RPS19;RPS11
Hom/Reg-like NPCs,up_in_severe,REAC,Reactome_2022,48,Ribosomal Scanning And Start Codon Recognition R-HSA-72702,2.124784049976673e-4,0.0015183352690458308,15.127882599580714,127.93151394331909,4,RPS14;RPS9;RPS19;RPS11
ECM/Adh-NPCs,up_in_severe,REAC,Reactome_2022,50,Nervous System Development R-HSA-9675108,4.396423346110485e-4,0.0015252955551816804,5.739988171679621,44.36752004766013,7,RPS14;RPS19;RPLP1;COL6A2;RPLP2;RPL8;RPL29
ECM/Adh-NPCs,up_in_severe,REAC,Reactome_2022,51,Cellular Responses To Stress R-HSA-2262752,4.47069386863596e-4,0.0015252955551816804,5.012051332160771,38.65693321306552,8,RPS14;RPS19;GPX3;RPLP1;LMNA;RPLP2;RPL8;RPL29
Hom/Reg-like NPCs,up_in_severe,REAC,Reactome_2022,49,"mRNA Activation Upon Binding Of Cap-Binding Complex And eIFs, Subsequent Binding To 43S R-HSA-72662",2.27319905375092e-4,0.001591239337625644,14.846988402543959,124.55364627870908,4,RPS14;RPS9;RPS19;RPS11
ECM/Adh-NPCs,up_in_severe,KEGG,KEGG_2021_Human,4,ECM-receptor interaction,7.466600736999828e-5,0.0016239856602974626,20.126646403242148,191.2531681198747,4,COMP;COL1A1;COL1A2;COL6A2
Hom/Reg-like NPCs,up_in_severe,REAC,Reactome_2022,50,Cytokine Signaling In Immune System R-HSA-1280215,2.6244348744791825e-4,0.0018003623238927193,3.6707118967988532,30.266762388137522,12,IFITM3;MT2A;IFITM2;COL1A2;TNFRSF12A;IL1R1;MAPKAPK2;RPLP0;TIMP1;P4HB;GBP2;CRLF1
ECM/Adh-NPCs,up_in_severe,REAC,Reactome_2022,52,Response To Metal Ions R-HSA-5660526,5.688783229383101e-4,0.0019035543882935761,67.81292517006803,506.6875974033785,2,MT2A;MT1X
Hom/Reg-like NPCs,up_in_severe,KEGG,KEGG_2021_Human,4,Focal adhesion,8.182166306156202e-5,0.002043247653832194,7.405551975945017,69.6934165174597,7,COMP;COL1A1;COL1A2;COL6A2;CHAD;ITGA11;COL9A3
Hom/Reg-like NPCs,up_in_severe,KEGG,KEGG_2021_Human,5,PI3K-Akt signaling pathway,8.961612516807868e-5,0.002043247653832194,5.426086956521739,50.5709963332868,9,COMP;COL1A1;COL1A2;CDC37;COL6A2;DDIT4;CHAD;ITGA11;COL9A3
Eff-NPCs,up_in_severe,KEGG,KEGG_2021_Human,2,Focal adhesion,1.5547714540892362e-4,0.0021766800357249307,37.48295454545455,328.6884711580902,3,COMP;COL1A1;COL6A2
ECM/Adh-NPCs,up_in_severe,KEGG,KEGG_2021_Human,5,Protein digestion and absorption,1.376407494348319e-4,0.002394949040166075,17.064259617451107,151.71600353608213,4,COL1A1;COL3A1;COL1A2;COL6A2
ECM/Adh-NPCs,up_in_severe,REAC,Reactome_2022,53,Metabolism Of Carbohydrates R-HSA-71387,7.798055268983365e-4,0.0025601162581190672,7.6354813664596275,54.643062745793024,5,ACAN;OMD;OGN;BGN;PRELP
Fibro-NPCs,up_in_severe,KEGG,KEGG_2021_Human,5,Relaxin signaling pathway,2.1853553779826765e-4,0.0025787193460195586,15.107809523809523,127.33710793018265,4,COL1A1;COL3A1;COL1A2;MMP2
Hom/Reg-like NPCs,up_in_severe,REAC,Reactome_2022,51,Developmental Biology R-HSA-1266738,3.8519808684755606e-4,0.0025906459566414066,3.035154236123045,23.861632449942658,15,RPS9;RPLP1;RPLP0;RPL8;RPS14;RPS19;COL6A2;RPL36;COL9A3;RPS11;RPL29;RPL39;AP2M1;NGEF;PDLIM7
Hom-NPCs,up_in_severe,KEGG,KEGG_2021_Human,9,Parkinson disease,1.980806763073568e-4,0.0026410756840980908,6.39028693472003,54.48892967042493,7,COX8A;NDUFA4;UQCRQ;NDUFA2;NDUFB2;NDUFA4L2;NDUFB1
Fibro-reg NPCs,up_in_severe,GO:BP,GO_Biological_Process_2025,3,External Encapsulating Structure Organization (GO:0045229),2.4189493560486157e-5,0.0030418288152311342,16.411784177424693,174.45057257930858,5,MMP14;COL3A1;COL1A2;COL14A1;MMP2
Fibro-reg NPCs,up_in_severe,GO:BP,GO_Biological_Process_2025,4,Extracellular Structure Organization (GO:0043062),2.4189493560486157e-5,0.0030418288152311342,16.411784177424693,174.45057257930858,5,MMP14;COL3A1;COL1A2;COL14A1;MMP2
Fibro-NPCs,up_in_severe,GO:BP,GO_Biological_Process_2025,10,Humoral Immune Response Mediated by Circulating Immunoglobulin (GO:0002455),7.71711962436819e-5,0.0030714136104985396,226.70454545454547,2146.775128526375,2,C1R;CD81
Hom-NPCs,up_in_severe,GO:BP,GO_Biological_Process_2025,12,Ribosome Assembly (GO:0042255),4.850807582792026e-5,0.0030802628150729365,22.729977116704806,225.794598036873,4,RPS14;RPS19;RPS27L;FAU
Eff-NPCs,up_in_severe,KEGG,KEGG_2021_Human,3,Malaria,3.32063883264561e-4,0.0030992629104692362,92.31944444444444,739.4956618223716,2,COMP;LRP1
Hom-NPCs,up_in_severe,GO:BP,GO_Biological_Process_2025,13,Ribosomal Small Subunit Biogenesis (GO:0042274),5.5548578386248845e-5,0.003110825327291535,13.615384615384615,133.4069781680664,5,RPS14;RPS9;RPS19;RPS27L;FAU
Hom-NPCs,up_in_severe,GO:BP,GO_Biological_Process_2025,14,Response to Cadmium Ion (GO:0046686),5.735371733283438e-5,0.003110825327291535,49.35732009925558,482.03705760975896,3,MT2A;MT1G;MT1X
Hom-NPCs,up_in_severe,GO:BP,GO_Biological_Process_2025,15,Cellular Response to Cadmium Ion (GO:0071276),6.94016149133282e-5,0.003110825327291535,45.8294930875576,438.84491330699643,3,MT2A;MT1G;MT1X
Hom-NPCs,up_in_severe,GO:BP,GO_Biological_Process_2025,16,Cellular Response to Copper Ion (GO:0071280),6.94016149133282e-5,0.003110825327291535,45.8294930875576,438.84491330699643,3,MT2A;MT1G;MT1X
Hom-NPCs,up_in_severe,GO:BP,GO_Biological_Process_2025,17,Cellular Response to Zinc Ion (GO:0071294),6.94016149133282e-5,0.003110825327291535,45.8294930875576,438.84491330699643,3,MT2A;MT1G;MT1X
Hom/Reg-like NPCs,up_in_severe,KEGG,KEGG_2021_Human,6,Amoebiasis,1.8419692362055137e-4,0.00314005245533306,10.414475068377866,89.55933183491109,5,COL1A1;COL3A1;COL1A2;IL1R1;HSPB1
Hom/Reg-like NPCs,up_in_severe,KEGG,KEGG_2021_Human,7,Protein digestion and absorption,1.9281023848536334e-4,0.00314005245533306,10.307684298209079,88.16991193343141,5,COL1A1;COL3A1;COL1A2;COL6A2;COL9A3
Hom-NPCs,up_in_severe,GO:BP,GO_Biological_Process_2025,18,Antimicrobial Humoral Response (GO:0019730),7.659538027907798e-5,0.0032425377651476347,9.344208037825059,88.55481468808925,6,RPS19;DEFB1;ROMO1;FAU;CXCL14;RPL39
ECM/Adh-NPCs,up_in_severe,REAC,Reactome_2022,54,Amyloid Fiber Formation R-HSA-977225,0.001077633987669131,0.0034723761824894226,16.34292763157895,111.67101847475926,3,CST3;GSN;MFGE8
Hom/Reg-like NPCs,up_in_severe,KEGG,KEGG_2021_Human,8,Mineral absorption,2.5921943285345955e-4,0.0036938769181617988,14.315295815295816,118.21335974975794,4,MT2A;MT1G;MT1X;FTL
Fibro-NPCs,up_in_severe,GO:BP,GO_Biological_Process_2025,11,Supramolecular Fiber Organization (GO:0097435),1.1998761324451294e-4,0.0037510420280827397,8.838288288288288,79.79314532206011,6,COL1A1;COL3A1;COL1A2;COL5A1;BASP1;TAGLN2
Fibro-NPCs,up_in_severe,GO:BP,GO_Biological_Process_2025,12,External Encapsulating Structure Organization (GO:0045229),1.2252147327908446e-4,0.0037510420280827397,17.66533155318202,159.1156027724967,4,COL3A1;MMP14;COL1A2;MMP2
Fibro-NPCs,up_in_severe,GO:BP,GO_Biological_Process_2025,13,Extracellular Structure Organization (GO:0043062),1.2252147327908446e-4,0.0037510420280827397,17.66533155318202,159.1156027724967,4,COL3A1;MMP14;COL1A2;MMP2
Fibro-reg NPCs,up_in_severe,KEGG,KEGG_2021_Human,3,ECM-receptor interaction,1.606485666674845e-4,0.003962664644464618,16.300492610837438,142.40585332256884,4,COMP;COL1A1;COL1A2;COL6A2
ECM/Adh-NPCs,up_in_severe,KEGG,KEGG_2021_Human,6,Malaria,2.8134681783249164e-4,0.004079528858571129,26.465425531914892,216.37926602740956,3,COMP;LRP1;CD81
Fibro-NPCs,up_in_severe,GO:BP,GO_Biological_Process_2025,14,Skin Morphogenesis (GO:0043589),1.4363165889914778e-4,0.0040832428744186295,151.12121212121212,1337.159543603372,2,COL1A1;COL1A2
Hom-NPCs,up_in_severe,KEGG,KEGG_2021_Human,10,Prion disease,3.4628996384757896e-4,0.004155479566170947,5.80662329982259,46.268533714219814,7,COX8A;NDUFA4;UQCRQ;NDUFA2;NDUFB2;NDUFA4L2;NDUFB1
Fibro-reg NPCs,up_in_severe,KEGG,KEGG_2021_Human,4,AGE-RAGE signaling pathway in diabetic complications,2.6275328958823654e-4,0.004194955761891077,14.254310344827585,117.51673990976754,4,COL1A1;COL3A1;COL1A2;MMP2
Fibro-reg NPCs,up_in_severe,KEGG,KEGG_2021_Human,5,Amoebiasis,2.8344295688453224e-4,0.004194955761891077,13.961998592540464,114.0485808304462,4,COL1A1;COL3A1;COL1A2;HSPB1
ECM/Adh-NPCs,up_in_severe,GO:BP,GO_Biological_Process_2025,6,Skeletal System Development (GO:0001501),5.371505359039365e-5,0.004359871849753618,13.880785413744741,136.47334572656277,5,COMP;COL1A1;COL1A2;OGN;PRELP
Eff-NPCs,up_in_severe,KEGG,KEGG_2021_Human,4,Human papillomavirus infection,6.715830826929962e-4,0.004571446585111173,22.47827743902439,164.22343624143863,3,COMP;COL1A1;COL6A2
Eff-NPCs,up_in_severe,KEGG,KEGG_2021_Human,5,PI3K-Akt signaling pathway,8.16329747341281e-4,0.004571446585111173,20.98076923076923,149.1877917519314,3,COMP;COL1A1;COL6A2
Hom/Reg-like NPCs,up_in_severe,REAC,Reactome_2022,52,Defective B4GALT1 Causes B4GALT1-CDG (CDG-2d) R-HSA-3656244,7.207192897761812e-4,0.004577902155430189,65.64686468646865,474.9721887477784,2,ACAN;PRELP
Hom/Reg-like NPCs,up_in_severe,REAC,Reactome_2022,53,Defective CHST6 Causes MCDC1 R-HSA-3656225,7.207192897761812e-4,0.004577902155430189,65.64686468646865,474.9721887477784,2,ACAN;PRELP
Hom/Reg-like NPCs,up_in_severe,REAC,Reactome_2022,54,Defective ST3GAL3 Causes MCT12 And EIEE15 R-HSA-3656243,7.207192897761812e-4,0.004577902155430189,65.64686468646865,474.9721887477784,2,ACAN;PRELP
Hom-NPCs,up_in_severe,GO:BP,GO_Biological_Process_2025,19,Hydrogen Peroxide Catabolic Process (GO:0042744),1.1514055840279769e-4,0.0046177423948911495,37.73624288425047,342.2434558750413,3,GPX1;GPX3;HBB
Hom-NPCs,up_in_severe,GO:BP,GO_Biological_Process_2025,20,Innate Immune Response in Mucosa (GO:0002227),1.3386382669438416e-4,0.004857344568624797,35.63799283154122,317.8441209569836,3,DEFB1;FAU;RPL39
Hom-NPCs,up_in_severe,GO:BP,GO_Biological_Process_2025,21,Response to Copper Ion (GO:0046688),1.3386382669438416e-4,0.004857344568624797,35.63799283154122,317.8441209569836,3,MT2A;MT1G;MT1X
Hom-NPCs,up_in_severe,KEGG,KEGG_2021_Human,11,Pathways of neurodegeneration,4.64564187858902e-4,0.005067972958460749,4.3150806570963445,33.115701693757565,9,COX8A;GPX1;GPX3;NDUFA4;UQCRQ;NDUFA2;NDUFB2;NDUFA4L2;NDUFB1
Fibro-reg NPCs,up_in_severe,REAC,Reactome_2022,9,Collagen Degradation R-HSA-1442490,2.582634811033408e-4,0.00533744527613571,27.34906092533211,225.94509413200672,3,MMP14;COL14A1;MMP2
Fibro-NPCs,up_in_severe,REAC,Reactome_2022,42,Infectious Disease R-HSA-5663205,0.001415851120109473,0.005393718552797992,4.1974926823880265,27.535654542907285,8,RPS14;RPS19;RPL27A;RPLP2;RPL37;RPL8;RPL29;RPL19
Fibro-NPCs,up_in_severe,REAC,Reactome_2022,43,Disease R-HSA-1643685,0.001576869217714954,0.005867420344985875,3.321225672877847,21.429590592421228,11,RPS14;RBP4;RPS19;RPL27A;LMNA;BGN;RPLP2;RPL37;RPL8;RPL29;RPL19
Hom/Reg-like NPCs,up_in_severe,GO:BP,GO_Biological_Process_2025,6,Response to Cytokine (GO:0034097),4.2063540438821916e-5,0.006078181593409767,10.457309014010045,105.37128833151102,6,IFITM3;COL3A1;IFITM2;IL1R1;MAPKAPK2;TIMP1
Fibro-NPCs,up_in_severe,GO:BP,GO_Biological_Process_2025,15,Cellular Response to UV-A (GO:0071492),2.3016142338620166e-4,0.006106949767180551,113.32954545454545,949.3309641295106,2,MMP2;TIMP1
Hom/Reg-like NPCs,up_in_severe,GO:BP,GO_Biological_Process_2025,7,Regulation of Tumor Necrosis Factor Production (GO:0032680),5.984697182599402e-5,0.006183678704991751,9.784082474226803,95.13767572900586,6,GSTP1;ZC3H12A;MAPKAPK2;NDUFA2;HSPB1;CLU
Hom/Reg-like NPCs,up_in_severe,GO:BP,GO_Biological_Process_2025,8,Response to Cadmium Ion (GO:0046686),7.074810994058285e-5,0.006183678704991751,45.886153846153846,438.5057402283359,3,MT2A;MT1G;MT1X
Hom/Reg-like NPCs,up_in_severe,GO:BP,GO_Biological_Process_2025,9,Collagen Fibril Organization (GO:0030199),8.403001589120042e-5,0.006183678704991751,19.56738112835674,183.62688875439648,4,COL1A1;COL3A1;COL1A2;SCX
Hom/Reg-like NPCs,up_in_severe,GO:BP,GO_Biological_Process_2025,10,Cellular Response to Cadmium Ion (GO:0071276),8.558724851199656e-5,0.006183678704991751,42.60642857142857,399.0507129651805,3,MT2A;MT1G;MT1X
Hom/Reg-like NPCs,up_in_severe,GO:BP,GO_Biological_Process_2025,11,Cellular Response to Copper Ion (GO:0071280),8.558724851199656e-5,0.006183678704991751,42.60642857142857,399.0507129651805,3,MT2A;MT1G;MT1X
Hom/Reg-like NPCs,up_in_severe,GO:BP,GO_Biological_Process_2025,12,Cellular Response to Zinc Ion (GO:0071294),8.558724851199656e-5,0.006183678704991751,42.60642857142857,399.0507129651805,3,MT2A;MT1G;MT1X
Eff-NPCs,up_in_severe,KEGG,KEGG_2021_Human,6,Protein digestion and absorption,0.0014014910364866255,0.006540291503604253,43.75797579757976,287.4994657413395,2,COL1A1;COL6A2
Hom/Reg-like NPCs,up_in_severe,REAC,Reactome_2022,55,Signaling By Receptor Tyrosine Kinases R-HSA-9006934,0.0010534119623102208,0.006569460055861923,3.816025164926384,26.16160345931617,9,CILP;CDC37;COL6A2;MAPKAPK2;ID1;HSPB1;COL9A3;FGFRL1;AP2M1
Hom-NPCs,up_in_severe,GO:BP,GO_Biological_Process_2025,22,Response to Reactive Oxygen Species (GO:0000302),1.9783206393177684e-4,0.006852183305273361,15.409937888198758,131.41736878183218,4,GPX1;GSTP1;HBB;ROMO1
ECM/Adh-NPCs,up_in_severe,GO:BP,GO_Biological_Process_2025,7,Extracellular Matrix Organization (GO:0030198),9.883362342110907e-5,0.006875996372297159,12.141979857528863,111.97422088402098,5,COL1A1;COL3A1;CCDC80;GSN;COL1A2
Fibro-NPCs,up_in_severe,REAC,Reactome_2022,44,Interleukin-4 And Interleukin-13 Signaling R-HSA-6785807,0.001911955841012574,0.006952566694591177,13.316189624329159,83.35440088714569,3,COL1A2;MMP2;TIMP1
Hom/Reg-like NPCs,up_in_severe,REAC,Reactome_2022,56,Diseases Associated With Glycosaminoglycan Metabolism R-HSA-3560782,0.001141124586940991,0.006989388095013569,16.102702702702704,109.10774328475081,3,ACAN;BGN;PRELP
Fibro-NPCs,up_in_severe,REAC,Reactome_2022,45,Degradation Of Extracellular Matrix R-HSA-1474228,0.0020157724263180753,0.007167190849130934,13.063624396665205,81.08268754925719,3,MMP14;MMP2;TIMP1
Hom-NPCs,up_in_severe,KEGG,KEGG_2021_Human,12,Retrograde endocannabinoid signaling,7.381353786407764e-4,0.007381353786407764,7.592791823561054,54.75453223496638,5,NDUFA4;NDUFA2;NDUFB2;NDUFA4L2;NDUFB1
Hom-NPCs,up_in_severe,KEGG,KEGG_2021_Human,13,ECM-receptor interaction,8.539658323397462e-4,0.007882761529289965,10.25879917184265,72.48477018199196,4,COMP;COL1A1;COL1A2;FN1
ECM/Adh-NPCs,up_in_severe,GO:BP,GO_Biological_Process_2025,8,Cellular Response to Erythropoietin (GO:0036018),1.3278706358199e-4,0.008083412495553641,162.80816326530612,1453.3500081608856,2,MT2A;MT1X
Fibro-reg NPCs,up_in_severe,GO:BP,GO_Biological_Process_2025,5,Supramolecular Fiber Organization (GO:0097435),8.348975941987105e-5,0.008399069797639026,7.5159912376779845,70.58106961490967,7,CST3;COL1A1;COL3A1;COL1A2;COL14A1;BASP1;CYP1B1
Fibro-reg NPCs,up_in_severe,KEGG,KEGG_2021_Human,6,Relaxin signaling pathway,6.899582974981496e-4,0.008509485669143845,10.931310344827587,79.5676896906178,4,COL1A1;COL3A1;COL1A2;MMP2
Hom/Reg-like NPCs,up_in_severe,REAC,Reactome_2022,57,Metabolism Of Proteins R-HSA-392499,0.0014175852200043657,0.008530381236166621,2.3229173378003996,15.235551174174313,20,RPS9;SSR4;FBXO2;RPLP1;RPLP0;PLAUR;RPL8;CST3;RPS14;LGALS1;RPS19;RPL36;MELTF;TIMP1;P4HB;RPS11;RPL29;MFGE8;RPL39;PNPLA2
Hom-NPCs,up_in_severe,REAC,Reactome_2022,50,Regulation Of Complement Cascade R-HSA-977606,0.0013139942484730644,0.008593522385013841,15.254992319508448,101.21204943569813,3,CD81;SERPING1;CLU
Eff-NPCs,up_in_severe,REAC,Reactome_2022,1,Collagen Chain Trimerization R-HSA-8948216,2.568962468343873e-4,0.008944415355093634,105.53968253968254,872.4794859258211,2,COL1A1;COL6A2
Eff-NPCs,up_in_severe,REAC,Reactome_2022,2,Assembly Of Collagen Fibrils And Other Multimeric Structures R-HSA-2022090,4.317248461169507e-4,0.008944415355093634,80.54141414141414,624.012494544775,2,COL1A1;COL6A2
Eff-NPCs,up_in_severe,REAC,Reactome_2022,3,Extracellular Matrix Organization R-HSA-1474244,4.6131146693465343e-4,0.008944415355093634,25.65234375,197.04686523565135,3,COMP;COL1A1;COL6A2
Eff-NPCs,up_in_severe,REAC,Reactome_2022,4,Collagen Biosynthesis And Modifying Enzymes R-HSA-1650814,5.962943570062423e-4,0.008944415355093634,68.11623931623932,505.7478274154551,2,COL1A1;COL6A2
Hom/Reg-like NPCs,up_in_severe,REAC,Reactome_2022,58,Metabolism R-HSA-1430728,0.001581127198331095,0.009350459121164924,2.256512483763891,14.553641884438933,21,RPS9;NNMT;RPLP1;GSTP1;RPLP0;NDUFA2;BGN;PRELP;RPL8;OAZ1;RPS14;ACAN;CYB5R3;RPS19;MAPKAPK2;RPL36;TSPO;RPS11;RPL29;RPL39;PNPLA2
Hom/Reg-like NPCs,up_in_severe,REAC,Reactome_2022,59,Regulation Of Complement Cascade R-HSA-977606,0.0016086764542871889,0.009352135996957724,14.182142857142857,91.22441465239415,3,CD81;SERPING1;CLU
ECM/Adh-NPCs,up_in_severe,GO:BP,GO_Biological_Process_2025,9,Skin Morphogenesis (GO:0043589),1.7676086739790736e-4,0.00951318655375558,135.66666666666666,1172.256699198754,2,COL1A1;COL1A2
ECM/Adh-NPCs,up_in_severe,GO:BP,GO_Biological_Process_2025,10,Collagen Fibril Organization (GO:0030199),2.0552561186822234e-4,0.00951318655375558,29.623511904761905,251.50183569337895,3,COL1A1;COL3A1;COL1A2
ECM/Adh-NPCs,up_in_severe,GO:BP,GO_Biological_Process_2025,11,Supramolecular Fiber Organization (GO:0097435),2.1487690367825744e-4,0.00951318655375558,7.854254254254254,66.33267416475194,6,CST3;COL1A1;COL3A1;GSN;COL1A2;FUS
Hom/Reg-like NPCs,up_in_severe,REAC,Reactome_2022,60,Keratan Sulfate Degradation R-HSA-2022857,0.0016761481305660444,0.009581980146402554,39.38019801980198,251.6889622164234,2,ACAN;PRELP
Hom-NPCs,up_in_severe,GO:BP,GO_Biological_Process_2025,23,Hydrogen Peroxide Metabolic Process (GO:0042743),3.2179542822181363e-4,0.00980832465220088,25.65032258064516,206.26949376751094,3,GPX1;GPX3;HBB
Hom-NPCs,up_in_severe,GO:BP,GO_Biological_Process_2025,24,Mucosal Immune Response (GO:0002385),3.2179542822181363e-4,0.00980832465220088,25.65032258064516,206.26949376751094,3,DEFB1;FAU;RPL39
Hom-NPCs,up_in_severe,GO:BP,GO_Biological_Process_2025,25,Response to Zinc Ion (GO:0010043),3.2179542822181363e-4,0.00980832465220088,25.65032258064516,206.26949376751094,3,MT2A;MT1G;MT1X
Fibro-NPCs,up_in_severe,GO:BP,GO_Biological_Process_2025,16,Response to UV-A (GO:0070141),3.971974518746659e-4,0.009880286615382315,82.4090909090909,645.3519397906415,2,MMP2;TIMP1
Eff-NPCs,up_in_severe,REAC,Reactome_2022,5,Amyloid Fiber Formation R-HSA-977225,8.279436780256868e-4,0.009935324136308241,57.466089466089464,407.8118637644595,2,CST3;MFGE8
Fibro-NPCs,up_in_severe,KEGG,KEGG_2021_Human,6,ECM-receptor interaction,0.0010897529986256878,0.010153334838090994,16.308344733242134,111.25233484393272,3,COL1A1;COL1A2;COL6A2
Fibro-NPCs,up_in_severe,KEGG,KEGG_2021_Human,7,Diabetic cardiomyopathy,0.001204632946892152,0.010153334838090994,9.454414931801866,63.54860978546696,4,COL1A1;COL3A1;COL1A2;MMP2
Fibro-reg NPCs,up_in_severe,REAC,Reactome_2022,10,Regulation Of IGF Transport And Uptake By IGFBPs R-HSA-381426,5.768858380773898e-4,0.010365060126152268,11.485946102578962,85.66064881508062,4,CST3;LGALS1;MMP2;MFGE8
Fibro-reg NPCs,up_in_severe,REAC,Reactome_2022,11,Platelet Degranulation R-HSA-114608,6.129874268154566e-4,0.010365060126152268,11.294955827871188,83.55066472527551,4,SRGN;SPARC;TMSB4X;SERPING1
Hom-NPCs,up_in_severe,GO:BP,GO_Biological_Process_2025,26,Intracellular Zinc Ion Homeostasis (GO:0006882),3.5768014618994397e-4,0.010482779669105281,24.662531017369727,195.71867497954935,3,MT2A;MT1G;MT1X
Eff-NPCs,up_in_severe,REAC,Reactome_2022,6,Collagen Formation R-HSA-1474290,0.001072701396883102,0.01072701396883102,50.255050505050505,343.6226841007994,2,COL1A1;COL6A2
Hom-NPCs,up_in_severe,REAC,Reactome_2022,51,Post-translational Protein Phosphorylation R-HSA-8957275,0.001703653188163035,0.010923423382927695,8.44075021312873,53.80961716461471,4,CST3;LGALS1;FN1;MFGE8
Hom/Reg-like NPCs,up_in_severe,GO:BP,GO_Biological_Process_2025,13,Response to Copper Ion (GO:0046688),1.6491043139290747e-4,0.010998257232126983,33.13166666666667,288.5803972555039,3,MT2A;MT1G;MT1X
Fibro-reg NPCs,up_in_severe,REAC,Reactome_2022,12,Response To Elevated Platelet Cytosolic Ca2+ R-HSA-76005,7.10222291581022e-4,0.01100844551950584,10.844006568144499,78.61831619293547,4,SRGN;SPARC;TMSB4X;SERPING1
Fibro-NPCs,up_in_severe,GO:BP,GO_Biological_Process_2025,17,Skeletal System Development (GO:0001501),4.955433577919593e-4,0.011601544494188223,12.086691086691086,91.97797511954681,4,COL1A1;MMP14;RBP4;COL1A2
Hom-NPCs,up_in_severe,REAC,Reactome_2022,52,Cellular Response To Chemical Stress R-HSA-9711123,0.0018506822109260069,0.011637943903323159,6.123735022040107,38.531771293868395,5,COX8A;GPX1;GPX3;GSTP1;SOD3
Fibro-NPCs,up_in_severe,KEGG,KEGG_2021_Human,8,Amoebiasis,0.0016672470711088423,0.012295947149427711,13.992248062015504,89.5025547215326,3,COL1A1;COL3A1;COL1A2
Hom-NPCs,up_in_severe,REAC,Reactome_2022,53,Methylation R-HSA-156581,0.0019983199495877393,0.012329257047456429,35.269503546099294,219.21578208770606,2,NNMT;COMT
Hom-NPCs,up_in_severe,GO:BP,GO_Biological_Process_2025,27,Negative Regulation of Apoptotic Signaling Pathway (GO:2001234),4.4348845426825725e-4,0.01238540010491377,12.319254658385093,95.11497922752076,4,GPX1;GSTP1;PLAUR;CLU
Hom-NPCs,up_in_severe,GO:BP,GO_Biological_Process_2025,28,Negative Regulation of Apoptotic Process (GO:0043066),4.64564187858902e-4,0.01238540010491377,4.3150806570963445,33.115701693757565,9,COMP;GSTP1;PLAUR;HSPB1;CIB1;CLU;CRYAB;CRLF1;PTMS
Hom-NPCs,up_in_severe,GO:BP,GO_Biological_Process_2025,29,Cellular Response to Erythropoietin (GO:0036018),4.7136037144684956e-4,0.01238540010491377,84.67659574468085,648.6132088589799,2,MT2A;MT1X
Hom-NPCs,up_in_severe,GO:BP,GO_Biological_Process_2025,30,Negative Regulation of Supramolecular Fiber Organization (GO:1902904),4.908969211448545e-4,0.012468781797079304,11.97584541062802,91.24727617285397,4,TMSB4X;CIB1;CLU;CRYAB
Hom-NPCs,up_in_severe,KEGG,KEGG_2021_Human,14,Amoebiasis,0.0014787717843070909,0.012675186722632207,8.787045252883763,57.26116184669759,4,COL1A1;COL1A2;FN1;HSPB1
Eff-NPCs,up_in_severe,REAC,Reactome_2022,7,Post-translational Protein Phosphorylation R-HSA-8957275,0.0014833966434543407,0.012714828372465776,42.48931623931624,276.75079580563613,2,CST3;MFGE8
Hom-NPCs,up_in_severe,GO:BP,GO_Biological_Process_2025,31,protein-RNA Complex Assembly (GO:0022618),5.375088595255343e-4,0.013212314547047006,8.167809633975047,61.49188831199177,5,RPS14;RPS19;RPS27L;FAU;SNRPB
Fibro-NPCs,up_in_severe,REAC,Reactome_2022,46,Collagen Degradation R-HSA-1442490,0.003818220426103208,0.013280766699489419,23.822966507177032,132.6455824042491,2,MMP14;MMP2
ECM/Adh-NPCs,up_in_severe,REAC,Reactome_2022,55,Apoptotic Cleavage Of Cellular Proteins R-HSA-111465,0.004226355178565091,0.013370650928551378,22.577097505668934,123.41579162471118,2,GSN;LMNA
Fibro-NPCs,up_in_severe,GO:BP,GO_Biological_Process_2025,18,Ribosomal Small Subunit Assembly (GO:0000028),6.083945147130895e-4,0.013452278714211644,64.74025974025975,479.3813605520194,2,RPS14;RPS19
Hom/Reg-like NPCs,up_in_severe,REAC,Reactome_2022,61,Innate Immune System R-HSA-168249,0.0025151783969112602,0.014142724428533808,2.6676994998912806,15.967279384654601,13,CD81;S100A1;GSTP1;NDUFA2;PLAUR;CLU;CST3;CYB5R3;LAMP1;MAPKAPK2;SERPING1;S100A11;FTL
Hom-NPCs,up_in_severe,REAC,Reactome_2022,54,Complement Cascade R-HSA-166658,0.0023467086457697817,0.014210624577161456,12.3151364764268,74.56496801057935,3,CD81;SERPING1;CLU
Hom-NPCs,up_in_severe,KEGG,KEGG_2021_Human,15,Malaria,0.0017838028065180675,0.01427042245214454,13.628689087165409,86.25607933742052,3,COMP;CD81;HBB
ECM/Adh-NPCs,up_in_severe,REAC,Reactome_2022,56,Metabolism R-HSA-1430728,0.0046111855166207786,0.014327612140928848,2.705638004607077,14.554358142003691,12,RPS14;SLC7A5;ACAN;RPS19;RPLP1;OMD;OGN;BGN;RPLP2;PRELP;RPL8;RPL29
Hom-NPCs,up_in_severe,GO:BP,GO_Biological_Process_2025,32,Skin Morphogenesis (GO:0043589),6.265158123586112e-4,0.014918907781789429,70.56028368794327,520.4058388914005,2,COL1A1;COL1A2
Eff-NPCs,up_in_severe,REAC,Reactome_2022,8,Regulation Of IGF Transport And Uptake By IGFBPs R-HSA-381426,0.001989813866519725,0.014923603998897937,36.48852157943067,226.94817503952012,2,CST3;MFGE8
Hom/Reg-like NPCs,up_in_severe,REAC,Reactome_2022,62,Interleukin-12 Family Signaling R-HSA-447115,0.00271937373672658,0.015044277285438983,11.674117647058823,68.96314171509846,3,RPLP0;P4HB;CRLF1
Hom-NPCs,up_in_severe,KEGG,KEGG_2021_Human,16,Alzheimer disease,0.0020089099064012784,0.015066824298009589,4.245887392141039,26.36765295107483,7,COX8A;NDUFA4;UQCRQ;NDUFA2;NDUFB2;NDUFA4L2;NDUFB1
Hom-NPCs,up_in_severe,REAC,Reactome_2022,55,Assembly Of Collagen Fibrils And Other Multimeric Structures R-HSA-2022090,0.00259925873279609,0.015453774647714935,11.857825567502987,70.58405029921917,3,COL1A1;CD151;COL1A2
Fibro-reg NPCs,up_in_severe,KEGG,KEGG_2021_Human,7,Ribosome,0.0014650377523377158,0.015487541953284424,8.859829825347067,57.81813547016711,4,RPS14;RPS9;RPS18;RPL39
Hom/Reg-like NPCs,up_in_severe,REAC,Reactome_2022,63,Complement Cascade R-HSA-166658,0.0028655935415031514,0.015520110547908398,11.449038461538462,67.033888698051,3,CD81;SERPING1;CLU
Hom/Reg-like NPCs,up_in_severe,REAC,Reactome_2022,64,Neutrophil Degranulation R-HSA-6798695,0.002895880685324016,0.015520110547908398,3.5582608695652174,20.796134689545624,8,CST3;CYB5R3;LAMP1;GSTP1;NDUFA2;PLAUR;S100A11;FTL
ECM/Adh-NPCs,up_in_severe,GO:BP,GO_Biological_Process_2025,12,Intracellular Copper Ion Homeostasis (GO:0006878),4.139409991332273e-4,0.01553787835849422,81.38367346938776,633.9614904314446,2,ARF1;MT2A
ECM/Adh-NPCs,up_in_severe,GO:BP,GO_Biological_Process_2025,13,Negative Regulation of Response to Stimulus (GO:0048585),4.147688268181209e-4,0.01553787835849422,23.02662037037037,179.3264662791419,3,COL3A1;THY1;CLU
Hom-NPCs,up_in_severe,REAC,Reactome_2022,56,Extracellular Matrix Organization R-HSA-1474244,0.0027964256495542497,0.01632912834650428,4.589239766081872,26.98203700102673,6,COMP;COL1A1;CD151;COL1A2;BGN;FN1
Eff-NPCs,up_in_severe,GO:BP,GO_Biological_Process_2025,1,Skeletal System Development (GO:0001501),7.908994759953397e-5,0.01637161915310353,47.36942675159236,447.4006723498671,3,COMP;COL1A1;PRELP
Fibro-NPCs,up_in_severe,REAC,Reactome_2022,47,Regulation Of Complement Cascade R-HSA-977606,0.004810978991354867,0.01637780082163359,21.047568710359407,112.32781563908107,2,C1R;CD81
Hom-NPCs,up_in_severe,REAC,Reactome_2022,57,Regulation Of IGF Transport And Uptake By IGFBPs R-HSA-381426,0.00292674998535204,0.016790302547545915,7.228717573986116,42.17134576305843,4,CST3;LGALS1;FN1;MFGE8
Hom-NPCs,up_in_severe,GO:BP,GO_Biological_Process_2025,33,Regulation of Release of Cytochrome C From Mitochondria (GO:0090199),7.397419343401823e-4,0.01708131375658239,18.851992409867172,135.9079565533667,3,GPX1;PLAUR;CLU
Fibro-NPCs,up_in_severe,REAC,Reactome_2022,48,SARS-CoV-2 Modulates Host Translation Machinery R-HSA-9754678,0.00523790183287352,0.017459672776245067,20.110101010101012,105.61491774669291,2,RPS14;RPS19
Hom-NPCs,up_in_severe,REAC,Reactome_2022,58,Platelet Degranulation R-HSA-114608,0.003101662119566276,0.017486957122382282,7.1085159899389145,41.05748852006977,4,TMSB4X;FN1;SERPING1;CLU
Hom/Reg-like NPCs,up_in_severe,REAC,Reactome_2022,65,MyD88 Deficiency (TLR2/4) R-HSA-5602498,0.0033964046824717384,0.017922566247504712,26.246864686468648,149.2144192699383,2,S100A1;NDUFA2
Fibro-NPCs,up_in_severe,GO:BP,GO_Biological_Process_2025,19,Regulation of B Cell Differentiation (GO:0045577),8.631631629479798e-4,0.018080996781752418,53.30748663101604,376.07935098604037,2,MMP14;ZFP36L1
Hom-NPCs,up_in_severe,GO:BP,GO_Biological_Process_2025,34,Positive Regulation of Biosynthetic Process (GO:0009891),0.00081813065155150245,0.018335751661242496,10.382922996333159,73.80688885487221,4,NNMT;RGCC;HBB;CLU
Hom-NPCs,up_in_severe,KEGG,KEGG_2021_Human,17,Glutathione metabolism,0.00259925873279609,0.018347708702090047,11.857825567502987,70.58405029921917,3,GPX1;GPX3;GSTP1
Fibro-NPCs,up_in_severe,KEGG,KEGG_2021_Human,9,Platelet activation,0.0029071320704851717,0.019057865795402792,11.43551797040169,66.79015162247424,3,COL1A1;COL3A1;COL1A2
Fibro-NPCs,up_in_severe,REAC,Reactome_2022,49,"Formation Of Ternary Complex, And Subsequently, 43S Complex R-HSA-72695",0.0059097422436154325,0.019297117530172842,18.85037878787879,96.72417883948357,2,RPS14;RPS19
Hom/Reg-like NPCs,up_in_severe,REAC,Reactome_2022,66,IRAK4 Deficiency (TLR2/4) R-HSA-5603041,0.0038081670850301417,0.01949554194276625,24.605198019801982,137.06589535382818,2,S100A1;NDUFA2
Hom/Reg-like NPCs,up_in_severe,REAC,Reactome_2022,67,Regulation Of TLR By Endogenous Ligand R-HSA-5686938,0.0038081670850301417,0.01949554194276625,24.605198019801982,137.06589535382818,2,S100A1;NDUFA2
Hom/Reg-like NPCs,up_in_severe,REAC,Reactome_2022,68,Infectious Disease R-HSA-5663205,0.003873351978593383,0.019537643068493094,2.632916082863396,14.622254916402762,12,RPS14;RPS9;RPS19;IL1R1;RPLP1;RPLP0;RPL36;RPL8;RPS11;RPL29;RPL39;AP2M1
ECM/Adh-NPCs,up_in_severe,REAC,Reactome_2022,57,SARS-CoV-2 Modulates Host Translation Machinery R-HSA-9754678,0.006404577296381477,0.019550814904743457,18.053514739229026,91.18365130979143,2,RPS14;RPS19
Fibro-reg NPCs,up_in_severe,GO:BP,GO_Biological_Process_2025,6,Skin Morphogenesis (GO:0043589),2.6158482125483696e-4,0.019613929164746902,110.73333333333333,913.4118006796981,2,COL1A1;COL1A2
Fibro-reg NPCs,up_in_severe,GO:BP,GO_Biological_Process_2025,7,Cytoplasmic Translation (GO:0002181),2.7295726471814773e-4,0.019613929164746902,14.106647707074298,115.76190631747424,4,RPS14;RPS9;RPS18;RPL39
Hom-NPCs,up_in_severe,REAC,Reactome_2022,59,Response To Elevated Platelet Cytosolic Ca2+ R-HSA-76005,0.003569913714741865,0.01978579296136593,6.824706694271912,38.45868170637832,4,TMSB4X;FN1;SERPING1;CLU
Hom-NPCs,up_in_severe,KEGG,KEGG_2021_Human,18,Mineral absorption,0.003008521648359357,0.020056810989062382,11.23203169213356,65.21661825829943,3,MT2A;MT1G;MT1X
Hom-NPCs,up_in_severe,REAC,Reactome_2022,60,Scavenging By Class A Receptors R-HSA-3000480,0.0036969199300382516,0.02014821361870847,24.88986232790989,139.38958235666968,2,COL1A1;COL1A2
Hom-NPCs,up_in_severe,GO:BP,GO_Biological_Process_2025,35,Energy Derivation by Oxidation of Organic Compounds (GO:0015980),9.308846411021167e-4,0.020266688471994657,17.320836965998257,120.8886199109921,3,COX8A;NDUFA4;UQCRQ
ECM/Adh-NPCs,up_in_severe,GO:BP,GO_Biological_Process_2025,14,Copper Ion Homeostasis (GO:0055070),6.553286359164845e-4,0.02060116036394568,62.59340659340659,458.83306235776007,2,ARF1;MT2A
ECM/Adh-NPCs,up_in_severe,GO:BP,GO_Biological_Process_2025,15,Skin Development (GO:0043588),7.26892904067874e-4,0.02060116036394568,18.828598484848484,136.06922395304758,3,COL1A1;COL3A1;COL1A2
ECM/Adh-NPCs,up_in_severe,GO:BP,GO_Biological_Process_2025,16,Response to Cadmium Ion (GO:0046686),7.477269425466376e-4,0.02060116036394568,58.119533527696795,418.3718752445384,2,MT2A;MT1X
ECM/Adh-NPCs,up_in_severe,GO:BP,GO_Biological_Process_2025,17,Ribosomal Small Subunit Assembly (GO:0000028),7.477269425466376e-4,0.02060116036394568,58.119533527696795,418.3718752445384,2,RPS14;RPS19
ECM/Adh-NPCs,up_in_severe,GO:BP,GO_Biological_Process_2025,18,Cellular Response to Cadmium Ion (GO:0071276),8.460435467739499e-4,0.02060116036394568,54.2421768707483,383.7601319651186,2,MT2A;MT1X
ECM/Adh-NPCs,up_in_severe,GO:BP,GO_Biological_Process_2025,19,Cellular Response to Copper Ion (GO:0071280),8.460435467739499e-4,0.02060116036394568,54.2421768707483,383.7601319651186,2,MT2A;MT1X
ECM/Adh-NPCs,up_in_severe,GO:BP,GO_Biological_Process_2025,20,Cellular Response to Zinc Ion (GO:0071294),8.460435467739499e-4,0.02060116036394568,54.2421768707483,383.7601319651186,2,MT2A;MT1X
Hom/Reg-like NPCs,up_in_severe,KEGG,KEGG_2021_Human,9,Human papillomavirus infection,0.0016279984911407577,0.020621314221116262,4.404931841563786,28.281441743166518,7,COMP;COL1A1;COL1A2;COL6A2;CHAD;ITGA11;COL9A3
Fibro-reg NPCs,up_in_severe,GO:BP,GO_Biological_Process_2025,8,Collagen Biosynthetic Process (GO:0032964),3.3565212479853954e-4,0.021104127346708173,94.9095238095238,759.2225929041776,2,COL1A1;PCOLCE
ECM/Adh-NPCs,up_in_severe,KEGG,KEGG_2021_Human,7,Focal adhesion,0.0017104551315609133,0.02125851377797135,8.533102926881952,54.36436278076743,4,COMP;COL1A1;COL1A2;COL6A2
ECM/Adh-NPCs,up_in_severe,REAC,Reactome_2022,58,"Formation Of Ternary Complex, And Subsequently, 43S Complex R-HSA-72695",0.00722250262714212,0.021667507881426358,16.922619047619047,83.43788300609687,2,RPS14;RPS19
Eff-NPCs,up_in_severe,REAC,Reactome_2022,9,Terminal Pathway Of Complement R-HSA-166665,0.00384417200458596,0.021961221980815165,333.05,1852.1566750462314,1,CLU
Eff-NPCs,up_in_severe,REAC,Reactome_2022,10,Defective B4GALT1 Causes B4GALT1-CDG (CDG-2d) R-HSA-3656244,0.004392244396163033,0.021961221980815165,285.45714285714286,1549.43708775113,1,PRELP
Eff-NPCs,up_in_severe,REAC,Reactome_2022,11,Defective CHST6 Causes MCDC1 R-HSA-3656225,0.004392244396163033,0.021961221980815165,285.45714285714286,1549.43708775113,1,PRELP
Eff-NPCs,up_in_severe,REAC,Reactome_2022,12,Defective ST3GAL3 Causes MCT12 And EIEE15 R-HSA-3656243,0.004392244396163033,0.021961221980815165,285.45714285714286,1549.43708775113,1,PRELP
Hom-NPCs,up_in_severe,GO:BP,GO_Biological_Process_2025,36,Skeletal System Development (GO:0001501),0.0010473404802280465,0.02216870683149365,7.000708968450904,48.03537301548166,5,COMP;VKORC1;COL1A1;COL1A2;PRELP
Hom/Reg-like NPCs,up_in_severe,GO:BP,GO_Biological_Process_2025,14,Extracellular Matrix Organization (GO:0030198),3.601840131769476e-4,0.02230568138745811,6.930998125585754,54.955159913560344,6,COL1A1;COL3A1;COL1A2;MIA;SCX;COL9A3
Fibro-NPCs,up_in_severe,REAC,Reactome_2022,50,Complement Cascade R-HSA-166658,0.007112060214566488,0.02231234577118898,17.067753001715264,84.41648020216196,2,C1R;CD81
Fibro-NPCs,up_in_severe,REAC,Reactome_2022,51,ECM Proteoglycans R-HSA-3000178,0.007112060214566488,0.02231234577118898,17.067753001715264,84.41648020216196,2,BGN;ASPN
Hom/Reg-like NPCs,up_in_severe,GO:BP,GO_Biological_Process_2025,15,Response to Zinc Ion (GO:0010043),3.957047491448188e-4,0.022871734500570527,23.8464,186.83278122319092,3,MT2A;MT1G;MT1X
ECM/Adh-NPCs,up_in_severe,REAC,Reactome_2022,59,Apoptotic Execution Phase R-HSA-75153,0.007792682298450811,0.02298180881238036,16.24408163265306,78.85803384874593,2,GSN;LMNA
Fibro-NPCs,up_in_severe,REAC,Reactome_2022,52,Ribosomal Scanning And Start Codon Recognition R-HSA-72702,0.007621441576935802,0.023008125515277894,16.445454545454545,80.20102406025012,2,RPS14;RPS19
Fibro-NPCs,up_in_severe,REAC,Reactome_2022,53,Translation Initiation Complex Formation R-HSA-72649,0.007621441576935802,0.023008125515277894,16.445454545454545,80.20102406025012,2,RPS14;RPS19
ECM/Adh-NPCs,up_in_severe,KEGG,KEGG_2021_Human,8,AGE-RAGE signaling pathway in diabetic complications,0.0021222963043568428,0.023079972309880663,12.791237113402062,78.73334684431502,3,COL1A1;COL3A1;COL1A2
Fibro-NPCs,up_in_severe,REAC,Reactome_2022,54,"mRNA Activation Upon Binding Of Cap-Binding Complex And eIFs, Subsequent Binding To 43S R-HSA-72662",0.007882153100604807,0.023354527705495724,16.150974025974026,78.22165730548637,2,RPS14;RPS19
Hom/Reg-like NPCs,up_in_severe,GO:BP,GO_Biological_Process_2025,16,Intracellular Zinc Ion Homeostasis (GO:0006882),4.397168246319511e-4,0.02382715543474385,22.928076923076922,177.2198104633972,3,MT2A;MT1G;MT1X
Hom/Reg-like NPCs,up_in_severe,REAC,Reactome_2022,69,Integrin Cell Surface Interactions R-HSA-216083,0.004798366497014401,0.023852749398202023,9.444761904761904,50.43011476508029,3,COMP;ITGA11;COL9A3
Hom/Reg-like NPCs,up_in_severe,KEGG,KEGG_2021_Human,10,Malaria,0.002181029234164079,0.0248637332694705,12.670212765957446,77.64253659479164,3,COMP;LRP1;CD81
Hom-NPCs,up_in_severe,GO:BP,GO_Biological_Process_2025,37,Defense Response to Gram-positive Bacterium (GO:0050830),0.0012754671084421658,0.026267728017106223,9.162812210915819,61.06503793919952,4,DEFB1;ROMO1;FAU;RPL39
ECM/Adh-NPCs,up_in_severe,REAC,Reactome_2022,60,Ribosomal Scanning And Start Codon Recognition R-HSA-72702,0.009303749458477008,0.026538564029098353,14.763636363636364,69.05451431828929,2,RPS14;RPS19
ECM/Adh-NPCs,up_in_severe,REAC,Reactome_2022,61,Translation Initiation Complex Formation R-HSA-72649,0.009303749458477008,0.026538564029098353,14.763636363636364,69.05451431828929,2,RPS14;RPS19
ECM/Adh-NPCs,up_in_severe,REAC,Reactome_2022,62,"mRNA Activation Upon Binding Of Cap-Binding Complex And eIFs, Subsequent Binding To 43S R-HSA-72662",0.009620434122628242,0.02699928286027926,14.49927113702624,67.33267063743956,2,RPS14;RPS19
Hom/Reg-like NPCs,up_in_severe,GO:BP,GO_Biological_Process_2025,17,Cellular Response to Erythropoietin (GO:0036018),5.423610253701623e-4,0.027660412293878278,78.78019801980199,592.3938974201894,2,MT2A;MT1X
Hom-NPCs,up_in_severe,GO:BP,GO_Biological_Process_2025,38,Negative Regulation of Amyloid Fibril Formation (GO:1905907),0.0014584201472092786,0.028495285953165906,42.327659574468086,276.41661242727787,2,CLU;CRYAB
Hom-NPCs,up_in_severe,GO:BP,GO_Biological_Process_2025,39,Negative Regulation of Cell Cycle Phase Transition (GO:1901988),0.0014584201472092786,0.028495285953165906,42.327659574468086,276.41661242727787,2,RGCC;TMSB4X
Hom/Reg-like NPCs,up_in_severe,GO:BP,GO_Biological_Process_2025,18,Regulation of Cell Population Proliferation (GO:0042127),5.941576977492153e-4,0.028618595774920534,3.334155936533744,24.76732989550584,12,RPS9;SERTAD1;CLEC11A;ZNF703;LMNA;SCX;TSPO;MELTF;TIMP1;CLU;S100A11;CRLF1
ECM/Adh-NPCs,up_in_severe,REAC,Reactome_2022,63,Infectious Disease R-HSA-5663205,0.010579232431129432,0.029218832428833667,3.1676434152849247,14.40917404178484,7,RPS14;RPS19;IL1R1;RPLP1;RPLP2;RPL8;RPL29
Fibro-NPCs,up_in_severe,GO:BP,GO_Biological_Process_2025,20,Cellular Response to Transforming Growth Factor Beta Stimulus (GO:0071560),0.0014863872440677036,0.0295791061569473,14.584332925336597,94.96452417082773,3,COL3A1;COL1A2;ZFP36L1
Fibro-reg NPCs,up_in_severe,KEGG,KEGG_2021_Human,8,Focal adhesion,0.0035047975226951077,0.02985301498884394,6.910904953614564,39.071647936673685,4,COMP;COL1A1;COL1A2;COL6A2
Fibro-reg NPCs,up_in_severe,KEGG,KEGG_2021_Human,9,Diabetic cardiomyopathy,0.003630772093237777,0.02985301498884394,6.840755501646162,38.43348473777128,4,COL1A1;COL3A1;COL1A2;MMP2
Hom/Reg-like NPCs,up_in_severe,REAC,Reactome_2022,70,Interferon Alpha/Beta Signaling R-HSA-909733,0.006116387845219312,0.029970300441574633,8.620869565217392,43.93870642873946,3,IFITM3;IFITM2;GBP2
ECM/Adh-NPCs,up_in_severe,GO:BP,GO_Biological_Process_2025,21,Response to Copper Ion (GO:0046688),0.0012979027758576402,0.03009898342107956,42.81417830290011,284.5860815063359,2,MT2A;MT1X
Fibro-reg NPCs,up_in_severe,REAC,Reactome_2022,13,Peptide Chain Elongation R-HSA-156902,0.0024176553170784784,0.03009992209693234,12.163569532366756,73.28498444166618,3,RPS14;RPS9;RPL39
Fibro-reg NPCs,up_in_severe,REAC,Reactome_2022,14,Selenocysteine Synthesis R-HSA-2408557,0.0027510681486443535,0.03009992209693234,11.601987142022208,68.40260161476276,3,RPS14;RPS9;RPL39
Fibro-reg NPCs,up_in_severe,REAC,Reactome_2022,15,Viral mRNA Translation R-HSA-192823,0.0027510681486443535,0.03009992209693234,11.601987142022208,68.40260161476276,3,RPS14;RPS9;RPL39
Fibro-reg NPCs,up_in_severe,REAC,Reactome_2022,16,Eukaryotic Translation Elongation R-HSA-156842,0.0027510681486443535,0.03009992209693234,11.601987142022208,68.40260161476276,3,RPS14;RPS9;RPL39
Fibro-reg NPCs,up_in_severe,REAC,Reactome_2022,17,Eukaryotic Translation Termination R-HSA-72764,0.0027510681486443535,0.03009992209693234,11.601987142022208,68.40260161476276,3,RPS14;RPS9;RPL39
Fibro-reg NPCs,up_in_severe,REAC,Reactome_2022,18,Nonsense Mediated Decay (NMD) Independent Of Exon Junction Complex (EJC) R-HSA-975956,0.0029278766374903667,0.030254725254067125,11.340125690344696,66.1523716427294,3,RPS14;RPS9;RPL39
Eff-NPCs,up_in_severe,REAC,Reactome_2022,13,Keratan Sulfate Degradation R-HSA-2022857,0.006581796197874835,0.030377520913268466,181.61818181818182,912.3494182081016,1,PRELP
Fibro-reg NPCs,up_in_severe,REAC,Reactome_2022,19,Formation Of A Pool Of Free 40S Subunits R-HSA-72689,0.003499753161993719,0.032485445909725644,10.620695807314897,60.06070217490676,3,RPS14;RPS9;RPL39
Fibro-reg NPCs,up_in_severe,REAC,Reactome_2022,20,Response Of EIF2AK4 (GCN2) To Amino Acid Deficiency R-HSA-9633012,0.003499753161993719,0.032485445909725644,10.620695807314897,60.06070217490676,3,RPS14;RPS9;RPL39
Fibro-reg NPCs,up_in_severe,REAC,Reactome_2022,21,Post-translational Protein Phosphorylation R-HSA-8957275,0.0043620059122089685,0.032485445909725644,9.791838077999012,53.21690930347532,3,CST3;LGALS1;MFGE8
Fibro-reg NPCs,up_in_severe,REAC,Reactome_2022,22,Interleukin-4 And Interleukin-13 Signaling R-HSA-6785807,0.00447801832900913,0.032485445909725644,9.697196870925685,52.44801334369122,3,COL1A2;CEBPD;MMP2
Fibro-reg NPCs,up_in_severe,REAC,Reactome_2022,23,L13a-mediated Translational Silencing Of Ceruloplasmin Expression R-HSA-156827,0.004595889888195568,0.032485445909725644,9.604358353510897,51.696350866225586,3,RPS14;RPS9;RPL39
Fibro-reg NPCs,up_in_severe,REAC,Reactome_2022,24,SRP-dependent Cotranslational Protein Targeting To Membrane R-HSA-1799339,0.004595889888195568,0.032485445909725644,9.604358353510897,51.696350866225586,3,RPS14;RPS9;RPL39
Fibro-reg NPCs,up_in_severe,REAC,Reactome_2022,25,Activation Of Matrix Metalloproteinases R-HSA-1592389,0.004692904220555745,0.032485445909725644,21.405376344086022,114.769284503242,2,MMP14;MMP2
Fibro-reg NPCs,up_in_severe,REAC,Reactome_2022,26,GTP Hydrolysis And Joining Of 60S Ribosomal Subunit R-HSA-72706,0.0047156292449601735,0.032485445909725644,9.51327150623601,50.961386472579775,3,RPS14;RPS9;RPL39
Fibro-reg NPCs,up_in_severe,REAC,Reactome_2022,27,Degradation Of Extracellular Matrix R-HSA-1474228,0.0047156292449601735,0.032485445909725644,9.51327150623601,50.961386472579775,3,MMP14;COL14A1;MMP2
Hom-NPCs,up_in_severe,GO:BP,GO_Biological_Process_2025,40,"Mitochondrial Electron Transport, Cytochrome C to Oxygen (GO:0006123)",0.001718207281951214,0.032731848721170624,38.477756286266924,244.9676276502863,2,COX8A;NDUFA4
Hom/Reg-like NPCs,up_in_severe,GO:BP,GO_Biological_Process_2025,19,Skin Morphogenesis (GO:0043589),7.207192897761812e-4,0.03288755917031311,65.64686468646865,474.9721887477784,2,COL1A1;COL1A2
Hom-NPCs,up_in_severe,GO:BP,GO_Biological_Process_2025,41,Positive Regulation of Blood Vessel Endothelial Cell Migration (GO:0043536),0.0017838028065180675,0.03315262776992116,13.628689087165409,86.25607933742052,3,TMSB4X;HSPB1;CIB1
Fibro-NPCs,up_in_severe,GO:BP,GO_Biological_Process_2025,21,Zymogen Activation (GO:0031638),0.001751141389661238,0.03318829871834156,36.234545454545454,229.99832365201476,2,MMP14;C1R
Fibro-reg NPCs,up_in_severe,REAC,Reactome_2022,28,Nonsense Mediated Decay (NMD) Enhanced By Exon Junction Complex (EJC) R-HSA-975957,0.005086138735196354,0.03378649302666149,9.25003887420308,48.85164139792481,3,RPS14;RPS9;RPL39
Fibro-reg NPCs,up_in_severe,REAC,Reactome_2022,29,Selenoamino Acid Metabolism R-HSA-2408522,0.005342636956268081,0.03426656806434011,9.082455336692625,47.5197327074179,3,RPS14;RPS9;RPL39
ECM/Adh-NPCs,up_in_severe,GO:BP,GO_Biological_Process_2025,22,Positive Regulation of T Cell Cytokine Production (GO:0002726),0.0015585779465969848,0.0345012481814878,38.732750242954324,250.36777892881818,2,CD81;IL1R1
Fibro-reg NPCs,up_in_severe,REAC,Reactome_2022,30,Cap-dependent Translation Initiation R-HSA-72737,0.005606803211926346,0.03476217991394335,8.92080395980201,46.243436615439244,3,RPS14;RPS9;RPL39
Hom-NPCs,up_in_severe,GO:BP,GO_Biological_Process_2025,42,Proton Motive Force-Driven Mitochondrial ATP Synthesis (GO:0042776),0.0019974552526144597,0.03509961497537604,13.071099407504937,81.24840214579592,3,NDUFA2;NDUFB2;NDUFB1
Hom-NPCs,up_in_severe,GO:BP,GO_Biological_Process_2025,43,Positive Regulation of Endothelial Cell Chemotaxis (GO:2001028),0.0019983199495877393,0.03509961497537604,35.269503546099294,219.21578208770606,2,TMSB4X;HSPB1
Hom-NPCs,up_in_severe,GO:BP,GO_Biological_Process_2025,44,Regulation of Apoptotic Process (GO:0042981),0.0020267494211503225,0.03509961497537604,3.2186180550901415,19.95968708241126,10,COMP;LGALS1;GADD45B;GSTP1;PLAUR;HSPB1;CIB1;CLU;CRYAB;PTMS
Fibro-reg NPCs,up_in_severe,KEGG,KEGG_2021_Human,10,PI3K-Akt signaling pathway,0.0047879812633012005,0.03543106134842888,4.923591212989494,26.300083300369526,5,COMP;COL1A1;COL1A2;COL6A2;DDIT4
Hom-NPCs,up_in_severe,GO:BP,GO_Biological_Process_2025,45,Antibacterial Humoral Response (GO:0019731),0.002109989967529996,0.03572916345017459,12.809032258064516,78.91737109678841,3,DEFB1;FAU;RPL39
Hom/Reg-like NPCs,up_in_severe,GO:BP,GO_Biological_Process_2025,20,Cellular Response to Vascular Endothelial Growth Factor Stimulus (GO:0035924),8.370521731680693e-4,0.036286211706835804,18.05818181818182,127.95348930224206,3,MAPKAPK2;HSPB1;MT1G
ECM/Adh-NPCs,up_in_severe,KEGG,KEGG_2021_Human,9,Platelet activation,0.00389962540375969,0.037696378903010336,10.241735537190083,56.80962456263433,3,COL1A1;COL3A1;COL1A2
ECM/Adh-NPCs,up_in_severe,KEGG,KEGG_2021_Human,10,Relaxin signaling pathway,0.004355799216507265,0.037895453183613204,9.832837301587302,53.453733939283836,3,COL1A1;COL3A1;COL1A2
Fibro-reg NPCs,up_in_severe,GO:BP,GO_Biological_Process_2025,9,Regulation of Cell Migration (GO:0030334),6.822221760426035e-4,0.03812863939438106,5.2489214175654855,38.26545167138481,7,COL1A1;SUN2;MMP14;TMSB4X;LMNA;CYP1B1;THY1
Fibro-NPCs,up_in_severe,GO:BP,GO_Biological_Process_2025,22,Collagen Catabolic Process (GO:0030574),0.0023063632118604876,0.03910793368843178,31.230407523510973,189.63363791906963,2,MMP14;MMP2
Fibro-NPCs,up_in_severe,GO:BP,GO_Biological_Process_2025,23,Positive Regulation of Inflammatory Response (GO:0050729),0.0023480940444160847,0.03910793368843178,12.360049833887043,74.82961207679547,3,LGALS1;RPS19;CD81
Fibro-NPCs,up_in_severe,GO:BP,GO_Biological_Process_2025,24,Respiratory System Development (GO:0060541),0.0024565284980170715,0.03910793368843178,30.187878787878788,181.39914794415571,2,RBP4;BASP1
Fibro-NPCs,up_in_severe,GO:BP,GO_Biological_Process_2025,25,Endodermal Cell Differentiation (GO:0035987),0.0024565284980170715,0.03910793368843178,30.187878787878788,181.39914794415571,2,MMP14;MMP2
Fibro-reg NPCs,up_in_severe,KEGG,KEGG_2021_Human,11,Coronavirus disease,0.0058172874621168795,0.039134479290604464,5.961887477313975,30.68536503520145,4,RPS14;RPS9;RPS18;RPL39
Eff-NPCs,up_in_severe,GO:BP,GO_Biological_Process_2025,2,Regulation of Tumor Necrosis Factor Production (GO:0032680),0.002252786052583026,0.039488355683146285,34.21188630490956,208.54154935693353,2,ZFP36;CLU
Eff-NPCs,up_in_severe,GO:BP,GO_Biological_Process_2025,3,Protein Import (GO:0017038),0.002747205358336921,0.039488355683146285,499.625,2946.3741195064317,1,CLU
Eff-NPCs,up_in_severe,GO:BP,GO_Biological_Process_2025,4,Negative Regulation of Erythrocyte Differentiation (GO:0045647),0.002747205358336921,0.039488355683146285,499.625,2946.3741195064317,1,ZFP36
Eff-NPCs,up_in_severe,GO:BP,GO_Biological_Process_2025,5,Regulation of Keratinocyte Apoptotic Process (GO:1902172),0.002747205358336921,0.039488355683146285,499.625,2946.3741195064317,1,ZFP36
Eff-NPCs,up_in_severe,GO:BP,GO_Biological_Process_2025,6,Positive Regulation of Post-Transcriptional Gene Silencing by RNA (GO:1900370),0.002747205358336921,0.039488355683146285,499.625,2946.3741195064317,1,ZFP36
Eff-NPCs,up_in_severe,GO:BP,GO_Biological_Process_2025,7,Regulation of Blood Vessel Remodeling (GO:0060312),0.002747205358336921,0.039488355683146285,499.625,2946.3741195064317,1,CST3
Eff-NPCs,up_in_severe,GO:BP,GO_Biological_Process_2025,8,Negative Regulation of Protein Metabolic Process (GO:0051248),0.002787866471954193,0.039488355683146285,30.625,180.15090960801191,2,CST3;CLU
Eff-NPCs,up_in_severe,GO:BP,GO_Biological_Process_2025,9,Positive Regulation of miRNA-mediated Gene Silencing (GO:2000637),0.0032958256764104633,0.039488355683146285,399.68,2284.210591570385,1,ZFP36
Eff-NPCs,up_in_severe,GO:BP,GO_Biological_Process_2025,10,"Nuclear-Transcribed mRNA Catabolic Process, Deadenylation-Independent Decay (GO:0031086)",0.0032958256764104633,0.039488355683146285,399.68,2284.210591570385,1,ZFP36
Eff-NPCs,up_in_severe,GO:BP,GO_Biological_Process_2025,11,Cellular Response to Granulocyte Macrophage Colony-Stimulating Factor Stimulus (GO:0097011),0.00384417200458596,0.039488355683146285,333.05,1852.1566750462314,1,ZFP36
Eff-NPCs,up_in_severe,GO:BP,GO_Biological_Process_2025,12,Response to Granulocyte Macrophage Colony-Stimulating Factor (GO:0097012),0.00384417200458596,0.039488355683146285,333.05,1852.1566750462314,1,ZFP36
Eff-NPCs,up_in_severe,GO:BP,GO_Biological_Process_2025,13,Response to Hydroperoxide (GO:0033194),0.00384417200458596,0.039488355683146285,333.05,1852.1566750462314,1,GPX3
Eff-NPCs,up_in_severe,GO:BP,GO_Biological_Process_2025,14,Regulation of miRNA-mediated Gene Silencing (GO:0060964),0.00384417200458596,0.039488355683146285,333.05,1852.1566750462314,1,ZFP36
Eff-NPCs,up_in_severe,GO:BP,GO_Biological_Process_2025,15,Regulation of Epithelial Cell Apoptotic Process (GO:1904035),0.004392244396163033,0.039488355683146285,285.45714285714286,1549.43708775113,1,ZFP36
Eff-NPCs,up_in_severe,GO:BP,GO_Biological_Process_2025,16,Regulation of Tumor Necrosis Factor Superfamily Cytokine Production (GO:1903555),0.004392244396163033,0.039488355683146285,285.45714285714286,1549.43708775113,1,ZFP36
Eff-NPCs,up_in_severe,GO:BP,GO_Biological_Process_2025,17,Regulation of 3'-UTR-mediated mRNA Stabilization (GO:1905868),0.004392244396163033,0.039488355683146285,285.45714285714286,1549.43708775113,1,ZFP36
Eff-NPCs,up_in_severe,GO:BP,GO_Biological_Process_2025,18,Skin Morphogenesis (GO:0043589),0.004392244396163033,0.039488355683146285,285.45714285714286,1549.43708775113,1,COL1A1
Eff-NPCs,up_in_severe,GO:BP,GO_Biological_Process_2025,19,Tooth Mineralization (GO:0034505),0.0049400429229450454,0.039488355683146285,249.7625,1326.3340991921912,1,COL1A1
Eff-NPCs,up_in_severe,GO:BP,GO_Biological_Process_2025,20,Myelin Maintenance (GO:0043217),0.0049400429229450454,0.039488355683146285,249.7625,1326.3340991921912,1,CLU
Eff-NPCs,up_in_severe,GO:BP,GO_Biological_Process_2025,21,Collagen Biosynthetic Process (GO:0032964),0.0049400429229450454,0.039488355683146285,249.7625,1326.3340991921912,1,COL1A1
Eff-NPCs,up_in_severe,GO:BP,GO_Biological_Process_2025,22,Biomineral Tissue Development (GO:0031214),0.005487567669022947,0.039488355683146285,222,1155.5699775561973,1,COL1A1
Eff-NPCs,up_in_severe,GO:BP,GO_Biological_Process_2025,23,Negative Regulation of Extracellular Matrix Organization (GO:1903054),0.006034818727760455,0.039488355683146285,199.79,1020.9687483548147,1,CST3
Eff-NPCs,up_in_severe,GO:BP,GO_Biological_Process_2025,24,"+ Reg of Nuclear-Transcribed mRNA Cat Proc, Deadenylation-Dep Decay (GO:1900153)",0.006034818727760455,0.039488355683146285,199.79,1020.9687483548147,1,ZFP36
Eff-NPCs,up_in_severe,GO:BP,GO_Biological_Process_2025,25,Central Nervous System Myelination (GO:0022010),0.006034818727760455,0.039488355683146285,199.79,1020.9687483548147,1,CLU
Eff-NPCs,up_in_severe,GO:BP,GO_Biological_Process_2025,26,p38MAPK Cascade (GO:0038066),0.006581796197874835,0.039488355683146285,181.61818181818182,912.3494182081016,1,ZFP36
Eff-NPCs,up_in_severe,GO:BP,GO_Biological_Process_2025,27,Positive Regulation of Nuclear-Transcribed mRNA poly(A) Tail Shortening (GO:0060213),0.006581796197874835,0.039488355683146285,181.61818181818182,912.3494182081016,1,ZFP36
Eff-NPCs,up_in_severe,GO:BP,GO_Biological_Process_2025,28,Response to Misfolded Protein (GO:0051788),0.006581796197874835,0.039488355683146285,181.61818181818182,912.3494182081016,1,CLU
Eff-NPCs,up_in_severe,GO:BP,GO_Biological_Process_2025,29,Negative Regulation of Amyloid Fibril Formation (GO:1905907),0.006581796197874835,0.039488355683146285,181.61818181818182,912.3494182081016,1,CLU
Eff-NPCs,up_in_severe,GO:BP,GO_Biological_Process_2025,30,Regulation of Extracellular Matrix Disassembly (GO:0010715),0.007674930787541144,0.039488355683146285,153.66153846153847,748.3003458854362,1,CST3
Eff-NPCs,up_in_severe,GO:BP,GO_Biological_Process_2025,31,Regulation of Nuclear-Transcribed mRNA poly(A) Tail Shortening (GO:0060211),0.007674930787541144,0.039488355683146285,153.66153846153847,748.3003458854362,1,ZFP36
Eff-NPCs,up_in_severe,GO:BP,GO_Biological_Process_2025,32,Negative Regulation of Viral Transcription (GO:0032897),0.007674930787541144,0.039488355683146285,153.66153846153847,748.3003458854362,1,ZFP36
Eff-NPCs,up_in_severe,GO:BP,GO_Biological_Process_2025,33,Regulation of Response to Endoplasmic Reticulum Stress (GO:1905897),0.008221088123671455,0.039488355683146285,142.67857142857142,685.0073410932765,1,CLU
Eff-NPCs,up_in_severe,GO:BP,GO_Biological_Process_2025,34,Regulation of Intrinsic Apoptotic Signaling Pathway in Response to DNA Damage (GO:1902229),0.008221088123671455,0.039488355683146285,142.67857142857142,685.0073410932765,1,CLU
Eff-NPCs,up_in_severe,GO:BP,GO_Biological_Process_2025,35,Regulation of Amyloid-Beta Clearance (GO:1900221),0.008221088123671455,0.039488355683146285,142.67857142857142,685.0073410932765,1,CLU
Eff-NPCs,up_in_severe,GO:BP,GO_Biological_Process_2025,36,Regulation of Peptidase Activity (GO:0052547),0.008221088123671455,0.039488355683146285,142.67857142857142,685.0073410932765,1,CST3
Eff-NPCs,up_in_severe,GO:BP,GO_Biological_Process_2025,37,Cellular Response to Corticosteroid Stimulus (GO:0071384),0.008766972300957528,0.039488355683146285,133.16,630.7474630602054,1,ZFP36
Eff-NPCs,up_in_severe,GO:BP,GO_Biological_Process_2025,38,Negative Regulation of Release of Cytochrome C From Mitochondria (GO:0090201),0.008766972300957528,0.039488355683146285,133.16,630.7474630602054,1,CLU
Eff-NPCs,up_in_severe,GO:BP,GO_Biological_Process_2025,39,Reverse Cholesterol Transport (GO:0043691),0.008766972300957528,0.039488355683146285,133.16,630.7474630602054,1,CLU
Eff-NPCs,up_in_severe,GO:BP,GO_Biological_Process_2025,40,Regulation of Amyloid Fibril Formation (GO:1905906),0.008766972300957528,0.039488355683146285,133.16,630.7474630602054,1,CLU
Eff-NPCs,up_in_severe,GO:BP,GO_Biological_Process_2025,41,Negative Regulation of Amyloid-Beta Formation (GO:1902430),0.008766972300957528,0.039488355683146285,133.16,630.7474630602054,1,CLU
Eff-NPCs,up_in_severe,GO:BP,GO_Biological_Process_2025,42,3'-UTR-mediated mRNA Destabilization (GO:0061158),0.009312583434128836,0.039488355683146285,124.83125,583.7594513941907,1,ZFP36
Eff-NPCs,up_in_severe,GO:BP,GO_Biological_Process_2025,43,miRNA-mediated Gene Silencing by Inhibition of Translation (GO:0035278),0.009312583434128836,0.039488355683146285,124.83125,583.7594513941907,1,ZFP36
Eff-NPCs,up_in_severe,GO:BP,GO_Biological_Process_2025,44,Release of Cytochrome C From Mitochondria (GO:0001836),0.009312583434128836,0.039488355683146285,124.83125,583.7594513941907,1,CLU
Eff-NPCs,up_in_severe,GO:BP,GO_Biological_Process_2025,45,Negative Regulation of Amyloid Precursor Protein Catabolic Process (GO:1902992),0.009312583434128836,0.039488355683146285,124.83125,583.7594513941907,1,CLU
Eff-NPCs,up_in_severe,GO:BP,GO_Biological_Process_2025,46,Regulation of Epidermal Cell Differentiation (GO:0045604),0.009857921634816495,0.039488355683146285,117.48235294117647,542.7073703814344,1,ZFP36
Eff-NPCs,up_in_severe,GO:BP,GO_Biological_Process_2025,47,Cellular Response to Glucocorticoid Stimulus (GO:0071385),0.009857921634816495,0.039488355683146285,117.48235294117647,542.7073703814344,1,ZFP36
Eff-NPCs,up_in_severe,GO:BP,GO_Biological_Process_2025,48,Regulation of Viral Transcription (GO:0046782),0.009857921634816495,0.039488355683146285,117.48235294117647,542.7073703814344,1,ZFP36
Eff-NPCs,up_in_severe,GO:BP,GO_Biological_Process_2025,49,Positive Regulation of Amyloid-Beta Formation (GO:1902004),0.009857921634816495,0.039488355683146285,117.48235294117647,542.7073703814344,1,CLU
Eff-NPCs,up_in_severe,GO:BP,GO_Biological_Process_2025,50,Nuclear-Transcribed mRNA poly(A) Tail Shortening (GO:0000289),0.009857921634816495,0.039488355683146285,117.48235294117647,542.7073703814344,1,ZFP36
Eff-NPCs,up_in_severe,GO:BP,GO_Biological_Process_2025,51,Regulation of Tissue Remodeling (GO:0034103),0.010402987018789436,0.039488355683146285,110.95,506.5602322657193,1,CST3
Eff-NPCs,up_in_severe,GO:BP,GO_Biological_Process_2025,52,Microglial Cell Activation (GO:0001774),0.010402987018789436,0.039488355683146285,110.95,506.5602322657193,1,CLU
Eff-NPCs,up_in_severe,GO:BP,GO_Biological_Process_2025,53,Response to Fibroblast Growth Factor (GO:0071774),0.010402987018789436,0.039488355683146285,110.95,506.5602322657193,1,ZFP36
Eff-NPCs,up_in_severe,GO:BP,GO_Biological_Process_2025,54,Negative Regulation of Transferase Activity (GO:0051348),0.010402987018789436,0.039488355683146285,110.95,506.5602322657193,1,ZFP36
Eff-NPCs,up_in_severe,GO:BP,GO_Biological_Process_2025,55,3'-UTR-mediated mRNA Stabilization (GO:0070935),0.010947779702855981,0.039488355683146285,105.10526315789474,474.5101770765117,1,ZFP36
Eff-NPCs,up_in_severe,GO:BP,GO_Biological_Process_2025,56,Hydrogen Peroxide Catabolic Process (GO:0042744),0.010947779702855981,0.039488355683146285,105.10526315789474,474.5101770765117,1,GPX3
Eff-NPCs,up_in_severe,GO:BP,GO_Biological_Process_2025,57,"Regulation of Nuclear-Transcribed mRNA Catabolic Process, Deadenylation-Dependent Decay (GO:1900151)",0.010947779702855981,0.039488355683146285,105.10526315789474,474.5101770765117,1,ZFP36
Eff-NPCs,up_in_severe,GO:BP,GO_Biological_Process_2025,58,Positive Regulation of Cell Differentiation (GO:0045597),0.01106437019141297,0.039488355683146285,14.835404896421846,66.81903789267928,2,COL1A1;ZFP36
Eff-NPCs,up_in_severe,REAC,Reactome_2022,14,"Tristetraprolin (TTP, ZFP36) Binds And Destabilizes mRNA R-HSA-450513",0.009312583434128836,0.03991107186055216,124.83125,583.7594513941907,1,ZFP36
Fibro-NPCs,up_in_severe,REAC,Reactome_2022,55,Classical Antibody-Mediated Complement Activation R-HSA-173623,0.013722475176735492,0.039919927786866885,88.66222222222223,380.24746931631483,1,C1R
Eff-NPCs,up_in_severe,GO:BP,GO_Biological_Process_2025,59,Negative Regulation of Amide Metabolic Process (GO:0034249),0.011492299803033998,0.040064126218293895,99.845,445.91556292503236,1,CLU
Eff-NPCs,up_in_severe,GO:BP,GO_Biological_Process_2025,60,Negative Regulation of Myeloid Cell Differentiation (GO:0045638),0.012036547438812547,0.040064126218293895,95.08571428571429,420.26056624547704,1,ZFP36
Eff-NPCs,up_in_severe,GO:BP,GO_Biological_Process_2025,61,Chaperone-Mediated Protein Complex Assembly (GO:0051131),0.012036547438812547,0.040064126218293895,95.08571428571429,420.26056624547704,1,CLU
Eff-NPCs,up_in_severe,GO:BP,GO_Biological_Process_2025,62,Negative Regulation of Interleukin-2 Production (GO:0032703),0.012580522725551224,0.040064126218293895,90.75909090909092,397.1259752205777,1,ZFP36
Eff-NPCs,up_in_severe,GO:BP,GO_Biological_Process_2025,63,Negative Regulation of Peptidase Activity (GO:0010466),0.012580522725551224,0.040064126218293895,90.75909090909092,397.1259752205777,1,CST3
Eff-NPCs,up_in_severe,GO:BP,GO_Biological_Process_2025,64,Positive Regulation of Amide Metabolic Process (GO:0034250),0.012580522725551224,0.040064126218293895,90.75909090909092,397.1259752205777,1,CLU
Eff-NPCs,up_in_severe,GO:BP,GO_Biological_Process_2025,65,Positive Regulation of Amyloid Precursor Protein Catabolic Process (GO:1902993),0.012580522725551224,0.040064126218293895,90.75909090909092,397.1259752205777,1,CLU
Hom/Reg-like NPCs,up_in_severe,GO:BP,GO_Biological_Process_2025,21,Ribosomal Small Subunit Biogenesis (GO:0042274),9.755470370701949e-4,0.04027615624475519,9.884524254894625,68.52458479690884,4,RPS14;RPS9;RPS19;RPS11
Hom-NPCs,up_in_severe,GO:BP,GO_Biological_Process_2025,46,Negative Regulation of Programmed Cell Death (GO:0043069),0.002439316683616991,0.040407811150351025,4.095970037453183,24.641508633935775,7,COMP;GSTP1;PLAUR;HSPB1;CIB1;CRYAB;PTMS
Hom-NPCs,up_in_severe,GO:BP,GO_Biological_Process_2025,47,Regulation of Blood Vessel Endothelial Cell Migration (GO:0043535),0.00259925873279609,0.040724006111140625,11.857825567502987,70.58405029921917,3,RGCC;TMSB4X;HSPB1
Hom-NPCs,up_in_severe,GO:BP,GO_Biological_Process_2025,48,Negative Regulation of Release of Cytochrome C From Mitochondria (GO:0090201),0.0026187353011100927,0.040724006111140625,30.227963525835865,179.70717131978577,2,GPX1;CLU
Hom-NPCs,up_in_severe,GO:BP,GO_Biological_Process_2025,49,Regulation of Amyloid Fibril Formation (GO:1905906),0.0026187353011100927,0.040724006111140625,30.227963525835865,179.70717131978577,2,CLU;CRYAB
Eff-NPCs,up_in_severe,GO:BP,GO_Biological_Process_2025,66,Protein Targeting to Lysosome (GO:0006622),0.013124225781325726,0.04116234449597614,86.80869565217391,376.1677267870623,1,CLU
Fibro-reg NPCs,up_in_severe,KEGG,KEGG_2021_Human,12,Platelet activation,0.006741351550443385,0.04157166789440087,8.327636923938927,41.63397789215664,3,COL1A1;COL3A1;COL1A2
Eff-NPCs,up_in_severe,GO:BP,GO_Biological_Process_2025,67,Negative Regulation of Intrinsic Apoptotic Signaling Pathway in Response to DNA Damage (GO:1902230),0.013667656724254873,0.041605955028246454,83.1875,357.1008995813401,1,CLU
Eff-NPCs,up_in_severe,GO:BP,GO_Biological_Process_2025,68,Response to Glucocorticoid (GO:0051384),0.013667656724254873,0.041605955028246454,83.1875,357.1008995813401,1,ZFP36
Eff-NPCs,up_in_severe,REAC,Reactome_2022,15,Scavenging By Class A Receptors R-HSA-3000480,0.010402987018789436,0.041611948075157744,110.95,506.5602322657193,1,COL1A1
Eff-NPCs,up_in_severe,GO:BP,GO_Biological_Process_2025,69,Limb Development (GO:0060173),0.014210815676953212,0.04211103255871873,79.856,339.6876146735057,1,COMP
Eff-NPCs,up_in_severe,GO:BP,GO_Biological_Process_2025,70,Supramolecular Fiber Organization (GO:0097435),0.014240445792803435,0.04211103255871873,12.95878667985493,55.09647248313827,2,COL1A1;CST3
ECM/Adh-NPCs,up_in_severe,GO:BP,GO_Biological_Process_2025,23,Amyloid Fibril Formation (GO:1990000),0.00199236946765875,0.04218625785868745,33.886054421768705,210.71807980632997,2,GSN;FUS
Fibro-reg NPCs,up_in_severe,GO:BP,GO_Biological_Process_2025,10,Positive Regulation of Endothelial Cell Chemotaxis (GO:2001028),8.400240681185265e-4,0.042253210626361885,55.35,391.9931287757488,2,TMSB4X;HSPB1
Eff-NPCs,up_in_severe,GO:BP,GO_Biological_Process_2025,71,miRNA-mediated Post-Transcriptional Gene Silencing (GO:0035195),0.01475370275603204,0.042416895423592116,76.78076923076924,323.7277777065472,1,ZFP36
Eff-NPCs,up_in_severe,GO:BP,GO_Biological_Process_2025,72,Regulation of Keratinocyte Proliferation (GO:0010837),0.01475370275603204,0.042416895423592116,76.78076923076924,323.7277777065472,1,ZFP36
Eff-NPCs,up_in_severe,GO:BP,GO_Biological_Process_2025,73,Cellular Response to Epidermal Growth Factor Stimulus (GO:0071364),0.015296318080509241,0.042788349225208286,73.93333333333334,309.05191525436794,1,ZFP36
Eff-NPCs,up_in_severe,GO:BP,GO_Biological_Process_2025,74,Hydrogen Peroxide Metabolic Process (GO:0042743),0.015296318080509241,0.042788349225208286,73.93333333333334,309.05191525436794,1,GPX3
Eff-NPCs,up_in_severe,GO:BP,GO_Biological_Process_2025,75,Negative Regulation of Cytokine Production Involved in Inflammatory Response (GO:1900016),0.01638073395054089,0.043246477652185776,68.82758620689656,282.994903106762,1,ZFP36
Eff-NPCs,up_in_severe,GO:BP,GO_Biological_Process_2025,76,Regulation of Keratinocyte Differentiation (GO:0045616),0.01638073395054089,0.043246477652185776,68.82758620689656,282.994903106762,1,ZFP36
Eff-NPCs,up_in_severe,GO:BP,GO_Biological_Process_2025,77,Positive Regulation of Nitric Oxide Biosynthetic Process (GO:0045429),0.01638073395054089,0.043246477652185776,68.82758620689656,282.994903106762,1,CLU
Eff-NPCs,up_in_severe,GO:BP,GO_Biological_Process_2025,78,Negative Regulation of Response to Endoplasmic Reticulum Stress (GO:1903573),0.01638073395054089,0.043246477652185776,68.82758620689656,282.994903106762,1,CLU
Eff-NPCs,up_in_severe,GO:BP,GO_Biological_Process_2025,79,Positive Regulation of Nitric Oxide Metabolic Process (GO:1904407),0.016922534733464,0.043246477652185776,66.53,271.3831303578043,1,CLU
Eff-NPCs,up_in_severe,GO:BP,GO_Biological_Process_2025,80,Response to Epidermal Growth Factor (GO:0070849),0.016922534733464,0.043246477652185776,66.53,271.3831303578043,1,ZFP36
Eff-NPCs,up_in_severe,GO:BP,GO_Biological_Process_2025,81,"Nuclear-Transcribed mRNA Catabolic Process, Deadenylation-Dependent Decay (GO:0000288)",0.016922534733464,0.043246477652185776,66.53,271.3831303578043,1,ZFP36
Hom-NPCs,up_in_severe,GO:BP,GO_Biological_Process_2025,50,Proton Motive Force-Driven ATP Synthesis (GO:0015986),0.002867986622539825,0.04325459426509114,11.433179723502304,66.9314921484465,3,NDUFA2;NDUFB2;NDUFB1
Hom-NPCs,up_in_severe,GO:BP,GO_Biological_Process_2025,51,Regulation of Endothelial Cell Chemotaxis (GO:2001026),0.002958648154093225,0.04325459426509114,28.211347517730495,164.2753203692656,2,TMSB4X;HSPB1
Hom-NPCs,up_in_severe,GO:BP,GO_Biological_Process_2025,52,Negative Regulation of Intrinsic Apoptotic Signaling Pathway (GO:2001243),0.003008521648359357,0.04325459426509114,11.23203169213356,65.21661825829943,3,PLAUR;HSPB1;CLU
Hom-NPCs,up_in_severe,GO:BP,GO_Biological_Process_2025,53,Oxidative Phosphorylation (GO:0006119),0.003008521648359357,0.04325459426509114,11.23203169213356,65.21661825829943,3,NDUFA2;NDUFB2;NDUFB1
Hom/Reg-like NPCs,up_in_severe,REAC,Reactome_2022,71,Signaling By Interleukins R-HSA-449147,0.008975548809416851,0.04334601573794802,3.180049514200299,14.98837218185437,7,COL1A2;IL1R1;MAPKAPK2;RPLP0;TIMP1;P4HB;CRLF1
Hom/Reg-like NPCs,up_in_severe,REAC,Reactome_2022,72,Keratan Sulfate Biosynthesis R-HSA-2022854,0.009098872108257309,0.04334601573794802,15.134044173648133,71.12402690353511,2,ACAN;PRELP
Eff-NPCs,up_in_severe,GO:BP,GO_Biological_Process_2025,82,Apoptotic Mitochondrial Changes (GO:0008637),0.017464064240814415,0.044086113388397366,64.38064516129032,260.5877419554691,1,CLU
Eff-NPCs,up_in_severe,GO:BP,GO_Biological_Process_2025,83,Regulation of Amyloid-Beta Formation (GO:1902003),0.01800532259639319,0.04490484069220952,62.365625,250.52819538044852,1,CLU
Hom/Reg-like NPCs,up_in_severe,GO:BP,GO_Biological_Process_2025,22,Negative Regulation of T-helper 17 Cell Differentiation (GO:2000320),0.0011505349815761979,0.04534153768302561,49.23019801980198,333.1667555276269,2,LGALS1;ZC3H12A
Fibro-NPCs,up_in_severe,GO:BP,GO_Biological_Process_2025,26,Positive Regulation of Immune Effector Process (GO:0002699),0.0031020092699298118,0.045725914423409814,26.63101604278075,153.81289852825822,2,RPS19;CD81
Fibro-NPCs,up_in_severe,GO:BP,GO_Biological_Process_2025,27,Endoderm Formation (GO:0001706),0.0031020092699298118,0.045725914423409814,26.63101604278075,153.81289852825822,2,MMP14;MMP2
Fibro-NPCs,up_in_severe,REAC,Reactome_2022,56,Metabolism R-HSA-1430728,0.016304068972717467,0.046583054207764193,2.4406026919513923,10.046351881240854,10,RPS14;RBP4;RPS19;RPL27A;BGN;RPLP2;RPL37;RPL8;RPL29;RPL19
ECM/Adh-NPCs,up_in_severe,GO:BP,GO_Biological_Process_2025,24,Response to Zinc Ion (GO:0010043),0.002309747679683574,0.04686863000024586,31.27629513343799,189.86640862094737,2,MT2A;MT1X
Eff-NPCs,up_in_severe,GO:BP,GO_Biological_Process_2025,84,Macrophage Activation (GO:0042116),0.01908702632439229,0.04703588629939529,58.69117647058823,232.34348501767582,1,CLU
Fibro-reg NPCs,up_in_severe,REAC,Reactome_2022,31,"Platelet Activation, Signaling And Aggregation R-HSA-76002",0.007965731733253692,0.04779439039952216,5.431172413793103,26.246718953414636,4,SRGN;SPARC;TMSB4X;SERPING1
Eff-NPCs,up_in_severe,GO:BP,GO_Biological_Process_2025,85,Negative Regulation of Hydrolase Activity (GO:0051346),0.01962747193991364,0.04779866695955439,57.011428571428574,224.10195239289595,1,CST3
ECM/Adh-NPCs,up_in_severe,REAC,Reactome_2022,64,Terminal Pathway Of Complement R-HSA-166665,0.01771652174638986,0.04816679349799743,66.47666666666667,268.1175238998497,1,CLU
ECM/Adh-NPCs,up_in_severe,GO:BP,GO_Biological_Process_2025,25,Intracellular Zinc Ion Homeostasis (GO:0006882),0.002476806348371473,0.048248187666276296,30.116402116402117,180.7220634534563,2,MT2A;MT1X
Eff-NPCs,up_in_severe,GO:BP,GO_Biological_Process_2025,86,Regulation of Release of Cytochrome C From Mitochondria (GO:0090199),0.020167646885642113,0.048543057038696706,55.425,216.36122001333428,1,CLU
Fibro-NPCs,up_in_severe,GO:BP,GO_Biological_Process_2025,28,Maturation of SSU-rRNA (GO:0030490),0.003451354834066117,0.04905854371279695,25.1489898989899,142.56933249952365,2,RPS14;RPS19
Eff-NPCs,up_in_severe,REAC,Reactome_2022,16,RUNX2 Regulates Osteoblast Differentiation R-HSA-8940973,0.013124225781325726,0.049215846679971476,86.80869565217391,376.1677267870623,1,COL1A1
Eff-NPCs,up_in_severe,GO:BP,GO_Biological_Process_2025,87,Regulation of Erythrocyte Differentiation (GO:0045646),0.020707551273270317,0.04926969096053972,53.924324324324324,209.07845583696505,1,ZFP36
ECM/Adh-NPCs,up_in_severe,REAC,Reactome_2022,65,Developmental Biology R-HSA-1266738,0.018464211586370335,0.0494272740927452,2.818117857752004,11.249703657655271,7,RPS14;RPS19;RPLP1;COL6A2;RPLP2;RPL8;RPL29
Fibro-NPCs,up_in_severe,REAC,Reactome_2022,57,"Defective CHST14 Causes EDS, Musculocontractural Type R-HSA-3595174",0.018255584335152574,0.049506669383464603,63.32380952380952,253.50320962011816,1,BGN
Fibro-NPCs,up_in_severe,REAC,Reactome_2022,58,Defective CHST3 Causes SEDCJD R-HSA-3595172,0.018255584335152574,0.049506669383464603,63.32380952380952,253.50320962011816,1,BGN
Fibro-NPCs,up_in_severe,REAC,Reactome_2022,59,Defective CHSY1 Causes TPBS R-HSA-3595177,0.018255584335152574,0.049506669383464603,63.32380952380952,253.50320962011816,1,BGN
Eff-NPCs,up_in_severe,GO:BP,GO_Biological_Process_2025,88,Positive Regulation of Intrinsic Apoptotic Signaling Pathway (GO:2001244),0.021247185233602552,0.049558413391305185,52.502631578947366,202.2155053364779,1,CLU
Eff-NPCs,up_in_severe,GO:BP,GO_Biological_Process_2025,89,Negative Regulation of Proteolysis (GO:0045861),0.02178654888216798,0.049558413391305185,51.15384615384615,195.7382752343542,1,CST3
Eff-NPCs,up_in_severe,GO:BP,GO_Biological_Process_2025,90,Positive Regulation of Proteolysis Involved in Protein Catabolic Process (GO:1903052),0.02178654888216798,0.049558413391305185,51.15384615384615,195.7382752343542,1,CLU
Eff-NPCs,up_in_severe,GO:BP,GO_Biological_Process_2025,91,Embryonic Skeletal System Development (GO:0048706),0.02178654888216798,0.049558413391305185,51.15384615384615,195.7382752343542,1,COL1A1
Fibro-reg NPCs,up_in_severe,REAC,Reactome_2022,32,Regulation Of Complement Cascade R-HSA-977606,0.008591951434921757,0.04992609516793675,15.422480620155039,73.36365138411438,2,CD81;SERPING1
Fibro-reg NPCs,up_in_severe,REAC,Reactome_2022,33,Influenza Viral RNA Transcription And Replication R-HSA-168273,0.008857855594311358,0.04992609516793675,7.514798886921326,35.51832552689539,3,RPS14;RPS9;RPL39
Hom-NPCs,up_in_severe,REAC,Reactome_2022,61,Collagen Formation R-HSA-1474290,0.009314768561509196,0.049933267534647656,7.347793845012977,34.35941646878212,3,COL1A1;CD151;COL1A2
Eff-NPCs,up_in_severe,GO:BP,GO_Biological_Process_2025,92,Odontogenesis (GO:0042476),0.022325642342211446,0.05023269526997576,49.8725,189.61621154431046,1,COL1A1
Hom-NPCs,up_in_severe,KEGG,KEGG_2021_Human,19,Complement and coagulation cascades,0.007966926418912959,0.05031743001418711,7.797797010228167,37.682514881754805,3,PLAUR;SERPING1;CLU
Fibro-NPCs,up_in_severe,GO:BP,GO_Biological_Process_2025,29,Regulation of T Cell Receptor Signaling Pathway (GO:0050856),0.003818220426103208,0.05065505765296923,23.822966507177032,132.6455824042491,2,CD81;THY1
Fibro-NPCs,up_in_severe,GO:BP,GO_Biological_Process_2025,30,Embryonic Skeletal System Development (GO:0048706),0.003818220426103208,0.05065505765296923,23.822966507177032,132.6455824042491,2,COL1A1;RBP4
Eff-NPCs,up_in_severe,GO:BP,GO_Biological_Process_2025,93,Regulation of Receptor-Mediated Endocytosis (GO:0048259),0.022864465733773234,0.05089187534291461,48.65365853658537,183.82185575175376,1,CLU
Eff-NPCs,up_in_severe,GO:BP,GO_Biological_Process_2025,94,RNA Transport (GO:0050658),0.02340301917551725,0.05099394704560075,47.49285714285714,178.33046577189359,1,ZFP36
Eff-NPCs,up_in_severe,GO:BP,GO_Biological_Process_2025,95,Positive Regulation of Receptor-Mediated Endocytosis (GO:0048260),0.02340301917551725,0.05099394704560075,47.49285714285714,178.33046577189359,1,CLU
ECM/Adh-NPCs,up_in_severe,REAC,Reactome_2022,66,Metabolism Of Proteins R-HSA-392499,0.019474788429765168,0.050995140214902764,2.3441878567721846,9.232899286642006,10,CST3;RPS14;GSN;RPS19;RPLP1;RPLP2;THY1;RPL8;MFGE8;RPL29
ECM/Adh-NPCs,up_in_severe,REAC,Reactome_2022,67,"Defective CHST14 Causes EDS, Musculocontractural Type R-HSA-3595174",0.020222210774875234,0.050995140214902764,56.97714285714286,222.26633779925106,1,BGN
ECM/Adh-NPCs,up_in_severe,REAC,Reactome_2022,68,Defective CHST3 Causes SEDCJD R-HSA-3595172,0.020222210774875234,0.050995140214902764,56.97714285714286,222.26633779925106,1,BGN
ECM/Adh-NPCs,up_in_severe,REAC,Reactome_2022,69,Defective CHSY1 Causes TPBS R-HSA-3595177,0.020222210774875234,0.050995140214902764,56.97714285714286,222.26633779925106,1,BGN
Hom-NPCs,up_in_severe,REAC,Reactome_2022,62,Pausing And Recovery Of Tat-mediated HIV Elongation R-HSA-167238,0.00968443709523493,0.051077595647448744,14.581804842259722,67.61925731038481,2,POLR2F;ELOB
Fibro-reg NPCs,up_in_severe,REAC,Reactome_2022,34,SARS-CoV-2 Modulates Host Translation Machinery R-HSA-9754678,0.00934457897100055,0.05112034378253242,14.735555555555555,68.85864537695447,2,RPS14;RPS9
Fibro-NPCs,up_in_severe,GO:BP,GO_Biological_Process_2025,31,Odontogenesis (GO:0042476),0.004008172804428476,0.05145976697298495,23.210955710955712,128.11100855702352,2,COL1A1;COL1A2
ECM/Adh-NPCs,up_in_severe,GO:BP,GO_Biological_Process_2025,26,External Encapsulating Structure Organization (GO:0045229),0.002854651948621191,0.051489462925130375,11.482060185185185,67.27115567322033,3,COL3A1;CCDC80;COL1A2
ECM/Adh-NPCs,up_in_severe,GO:BP,GO_Biological_Process_2025,27,Extracellular Structure Organization (GO:0043062),0.002854651948621191,0.051489462925130375,11.482060185185185,67.27115567322033,3,COL3A1;CCDC80;COL1A2
Eff-NPCs,up_in_severe,GO:BP,GO_Biological_Process_2025,96,Negative Regulation of Organelle Organization (GO:0010639),0.023941302793523297,0.05162343414853461,46.38604651162791,173.11969096681065,1,CLU
Eff-NPCs,up_in_severe,GO:BP,GO_Biological_Process_2025,97,Collagen Fibril Organization (GO:0030199),0.02447931669919003,0.05170631180339118,45.32954545454545,168.16929253740548,1,COL1A1
Eff-NPCs,up_in_severe,GO:BP,GO_Biological_Process_2025,98,Regulation of Nitric Oxide Biosynthetic Process (GO:0045428),0.02447931669919003,0.05170631180339118,45.32954545454545,168.16929253740548,1,CLU
Hom-NPCs,up_in_severe,GO:BP,GO_Biological_Process_2025,54,Regulation of Tumor Necrosis Factor Production (GO:0032680),0.0036690070796085075,0.05177376656780894,6.770626497774734,37.968550856976634,4,GSTP1;NDUFA2;HSPB1;CLU
Hom/Reg-like NPCs,up_in_severe,REAC,Reactome_2022,73,Diseases Associated With TLR Signaling Cascade R-HSA-5602358,0.011081566043114378,0.05206818017518125,13.566404916353704,61.082361912602465,2,S100A1;NDUFA2
Fibro-NPCs,up_in_severe,GO:BP,GO_Biological_Process_2025,32,Ribosome Assembly (GO:0042255),0.004202444806790308,0.052267907284454455,22.629545454545454,123.8308828235913,2,RPS14;RPS19
Eff-NPCs,up_in_severe,GO:BP,GO_Biological_Process_2025,99,Regulation of Intrinsic Apoptotic Signaling Pathway (GO:2001242),0.025017061022238465,0.05230840031922588,44.32,163.46090194189088,1,CLU
Eff-NPCs,up_in_severe,GO:BP,GO_Biological_Process_2025,100,Positive Regulation of mRNA Catabolic Process (GO:0061014),0.02555453587694348,0.05237414778739901,43.35434782608696,158.97781166869382,1,ZFP36
Eff-NPCs,up_in_severe,GO:BP,GO_Biological_Process_2025,101,Regulation of mRNA Catabolic Process (GO:0061013),0.02555453587694348,0.05237414778739901,43.35434782608696,158.97781166869382,1,ZFP36
Hom-NPCs,up_in_severe,GO:BP,GO_Biological_Process_2025,55,Regulation of Cell Population Proliferation (GO:0042127),0.0038180813526227644,0.05289778164906449,2.9330208046082666,16.331081093465645,10,RPS9;RGCC;CLEC11A;COX17;FN1;TSPO;CIB1;CLU;S100A11;CRLF1
Eff-NPCs,up_in_severe,GO:BP,GO_Biological_Process_2025,102,mRNA Catabolic Process (GO:0006402),0.02662867767591582,0.05304930552457005,41.54375,150.62793852241148,1,ZFP36
Eff-NPCs,up_in_severe,GO:BP,GO_Biological_Process_2025,103,Positive Regulation of Epithelial to Mesenchymal Transition (GO:0010718),0.02662867767591582,0.05304930552457005,41.54375,150.62793852241148,1,COL1A1
Eff-NPCs,up_in_severe,GO:BP,GO_Biological_Process_2025,104,Negative Regulation of Apoptotic Process (GO:0043066),0.026863684936389024,0.05304930552457005,9.168898285177354,33.16372086510065,2,COMP;CLU
Eff-NPCs,up_in_severe,GO:BP,GO_Biological_Process_2025,105,Regulation of Interleukin-2 Production (GO:0032663),0.027165344857992397,0.05304930552457005,40.69387755102041,146.73452100035948,1,ZFP36
Eff-NPCs,up_in_severe,GO:BP,GO_Biological_Process_2025,106,Positive Regulation of Fat Cell Differentiation (GO:0045600),0.027165344857992397,0.05304930552457005,40.69387755102041,146.73452100035948,1,ZFP36
Eff-NPCs,up_in_severe,GO:BP,GO_Biological_Process_2025,107,Regulation of Ubiquitin-Dependent Protein Catabolic Process (GO:2000058),0.027701743059261864,0.05359122255389912,39.878,143.01287394480332,1,CLU
Fibro-reg NPCs,up_in_severe,GO:BP,GO_Biological_Process_2025,11,Regulation of Endothelial Cell Chemotaxis (GO:2001026),0.0012479263816052336,0.053856234447565696,44.27333333333333,296.02354900771934,2,TMSB4X;HSPB1
Fibro-reg NPCs,up_in_severe,GO:BP,GO_Biological_Process_2025,12,Skin Development (GO:0043588),0.001284840583242124,0.053856234447565696,15.309707241910631,101.91856788975562,3,COL1A1;COL3A1;COL1A2
Eff-NPCs,up_in_severe,REAC,Reactome_2022,17,Keratan Sulfate Biosynthesis R-HSA-2022854,0.015296318080509241,0.05398700499003262,73.93333333333334,309.05191525436794,1,PRELP
Eff-NPCs,up_in_severe,GO:BP,GO_Biological_Process_2025,108,Cholesterol Transport (GO:0030301),0.02823787239566386,0.05412258875835573,39.09411764705882,139.4522833938583,1,CLU
Eff-NPCs,up_in_severe,GO:BP,GO_Biological_Process_2025,109,Negative Regulation of Protein Catabolic Process (GO:0042177),0.02877373299362358,0.054146933906182554,38.340384615384615,136.0428936891653,1,CST3
Eff-NPCs,up_in_severe,GO:BP,GO_Biological_Process_2025,110,Regulation of Proteolysis (GO:0030162),0.02877373299362358,0.054146933906182554,38.340384615384615,136.0428936891653,1,CST3
Eff-NPCs,up_in_severe,GO:BP,GO_Biological_Process_2025,111,mRNA Destabilization (GO:0061157),0.02930932497110778,0.054657930351525316,37.615094339622644,132.7756240232595,1,ZFP36
Eff-NPCs,up_in_severe,GO:BP,GO_Biological_Process_2025,112,Regulation of Cytokine Production Involved in Inflammatory Response (GO:1900015),0.029844648447595826,0.05515930561296729,36.916666666666664,129.64209444665414,1,ZFP36
Hom-NPCs,up_in_severe,REAC,Reactome_2022,63,Immune System R-HSA-168256,0.010633613661209363,0.055193518527229556,2.0086622763778803,9.12682948021534,17,IFITM2;CD81;GSTP1;RPLP0;NDUFA2;PLAUR;FN1;DEFB1;CLU;CST3;MT2A;COL1A2;SERPING1;POLR2F;ELOB;S100A11;CRLF1
Hom/Reg-like NPCs,up_in_severe,GO:BP,GO_Biological_Process_2025,23,Response to Lipopolysaccharide (GO:0032496),0.0014744318112648856,0.055579668711593734,6.456371009942439,42.09219830419304,5,GSTP1;ZC3H12A;MAPKAPK2;NDUFA2;GBP2
Eff-NPCs,up_in_severe,REAC,Reactome_2022,18,RUNX2 Regulates Bone Development R-HSA-8941326,0.016922534733464,0.055638929751032046,66.53,271.3831303578043,1,COL1A1
Eff-NPCs,up_in_severe,REAC,Reactome_2022,19,Keratan Sulfate/Keratin Metabolism R-HSA-1638074,0.01800532259639319,0.055638929751032046,62.365625,250.52819538044852,1,PRELP
Eff-NPCs,up_in_severe,REAC,Reactome_2022,20,Detoxification Of Reactive Oxygen Species R-HSA-3299685,0.018546309917010683,0.055638929751032046,60.472727272727276,241.13405880391542,1,GPX3
Eff-NPCs,up_in_severe,GO:BP,GO_Biological_Process_2025,113,Cellular Response to Fibroblast Growth Factor Stimulus (GO:0044344),0.03037970354233477,0.05564608268721375,36.24363636363636,126.63456015986765,1,ZFP36
Eff-NPCs,up_in_severe,GO:BP,GO_Biological_Process_2025,114,mRNA Stabilization (GO:0048255),0.030914490381785415,0.05564608268721375,35.59464285714286,123.7458530082544,1,ZFP36
Eff-NPCs,up_in_severe,GO:BP,GO_Biological_Process_2025,115,Negative Regulation of Response to Stimulus (GO:0048585),0.030914490381785415,0.05564608268721375,35.59464285714286,123.7458530082544,1,CLU
Hom-NPCs,up_in_severe,REAC,Reactome_2022,64,HIV Elongation Arrest And Recovery R-HSA-167287,0.01092844661277305,0.055837531912137306,13.639670555936856,61.60201862094402,2,POLR2F;ELOB
Fibro-reg NPCs,up_in_severe,REAC,Reactome_2022,35,"Formation Of Ternary Complex, And Subsequently, 43S Complex R-HSA-72695",0.010526589465425666,0.05594130401626211,13.8125,62.9000654557375,2,RPS14;RPS9
Fibro-reg NPCs,up_in_severe,GO:BP,GO_Biological_Process_2025,13,Skeletal System Development (GO:0001501),0.0015343015925491058,0.05615047000277053,8.745358090185677,56.66712182278962,4,COMP;COL1A1;MMP14;COL1A2
Fibro-reg NPCs,up_in_severe,GO:BP,GO_Biological_Process_2025,14,Nuclear Migration (GO:0007097),0.0015628361432182651,0.05615047000277053,39.06078431372549,252.38161247896437,2,SUN2;LMNA
Hom/Reg-like NPCs,up_in_severe,REAC,Reactome_2022,74,SARS-CoV Infections R-HSA-9679506,0.012116466444738084,0.05616145933169139,3.328618897503621,14.689827260510702,6,RPS14;RPS9;RPS19;IL1R1;RPS11;AP2M1
Fibro-NPCs,up_in_severe,GO:BP,GO_Biological_Process_2025,33,Regulation of Cell Migration (GO:0030334),0.0047139301397238495,0.056316754075271674,5.011834928475867,26.849568944480012,5,COL1A1;MMP14;LMNA;THY1;TMSB10
Fibro-NPCs,up_in_severe,GO:BP,GO_Biological_Process_2025,34,Extracellular Matrix Disassembly (GO:0022617),0.004810978991354867,0.056316754075271674,21.047568710359407,112.32781563908107,2,MMP14;MMP2
Eff-NPCs,up_in_severe,GO:BP,GO_Biological_Process_2025,116,mRNA Transport (GO:0051028),0.03198325976038446,0.0565857672683725,34.36379310344827,118.2988232215442,1,ZFP36
Eff-NPCs,up_in_severe,GO:BP,GO_Biological_Process_2025,117,Negative Regulation of Protein-Containing Complex Assembly (GO:0031333),0.03198325976038446,0.0565857672683725,34.36379310344827,118.2988232215442,1,CLU
Eff-NPCs,up_in_severe,GO:BP,GO_Biological_Process_2025,118,Negative Regulation of Intrinsic Apoptotic Signaling Pathway (GO:2001243),0.03251724254582002,0.05704295938122665,33.779661016949156,115.72860487101575,1,CLU
Hom/Reg-like NPCs,up_in_severe,REAC,Reactome_2022,75,Keratan Sulfate/Keratin Metabolism R-HSA-1638074,0.012499325929400278,0.057163583917123936,12.689875439156818,55.608056493286504,2,ACAN;PRELP
Hom-NPCs,up_in_severe,GO:BP,GO_Biological_Process_2025,56,Defense Response to Bacterium (GO:0042742),0.004264055061901768,0.05752496459293345,5.008140008140008,27.332097771701363,5,RPS19;DEFB1;ROMO1;FAU;RPL39
Hom-NPCs,up_in_severe,GO:BP,GO_Biological_Process_2025,57,Regulation of Protein Phosphorylation (GO:0001932),0.004303048532542266,0.05752496459293345,6.463223275580255,35.21442958623038,4,PLAUR;FN1;HSPB1;CIB1
Eff-NPCs,up_in_severe,REAC,Reactome_2022,21,NCAM1 Interactions R-HSA-419037,0.020167646885642113,0.05762184824469175,55.425,216.36122001333428,1,COL6A2
Eff-NPCs,up_in_severe,REAC,Reactome_2022,22,Diseases Associated With Glycosaminoglycan Metabolism R-HSA-3560782,0.02178654888216798,0.05824080611011682,51.15384615384615,195.7382752343542,1,PRELP
Eff-NPCs,up_in_severe,REAC,Reactome_2022,23,Binding And Uptake Of Ligands By Scavenger Receptors R-HSA-2173782,0.022325642342211446,0.05824080611011682,49.8725,189.61621154431046,1,COL1A1
Hom/Reg-like NPCs,up_in_severe,GO:BP,GO_Biological_Process_2025,24,Regulation of Intrinsic Apoptotic Signaling Pathway (GO:2001242),0.0017145145947602043,0.0590235746340264,13.851627906976745,88.21582756820308,3,PLAUR;P4HB;CLU
Hom/Reg-like NPCs,up_in_severe,GO:BP,GO_Biological_Process_2025,25,Supramolecular Fiber Organization (GO:0097435),0.001864009303411173,0.0590235746340264,4.29703187751004,27.006955232263216,7,COL1A1;CST3;EFEMP2;COL3A1;COL1A2;FUS;SCX
Hom/Reg-like NPCs,up_in_severe,GO:BP,GO_Biological_Process_2025,26,Regulation of Homotypic Cell-Cell Adhesion (GO:0034110),0.0019742602818763155,0.0590235746340264,35.798379837983795,222.93661174102357,2,ZNF703;PLAUR
Hom/Reg-like NPCs,up_in_severe,GO:BP,GO_Biological_Process_2025,27,Positive Regulation by Symbiont of Entry Into Host (GO:0075294),0.0019742602818763155,0.0590235746340264,35.798379837983795,222.93661174102357,2,LGALS1;P4HB
Hom/Reg-like NPCs,up_in_severe,GO:BP,GO_Biological_Process_2025,28,Positive Regulation of Viral Entry Into Host Cell (GO:0046598),0.0019742602818763155,0.0590235746340264,35.798379837983795,222.93661174102357,2,LGALS1;P4HB
Hom/Reg-like NPCs,up_in_severe,GO:BP,GO_Biological_Process_2025,29,Negative Regulation of DNA Replication (GO:0008156),0.0019742602818763155,0.0590235746340264,35.798379837983795,222.93661174102357,2,TSPYL2;S100A11
Fibro-reg NPCs,up_in_severe,KEGG,KEGG_2021_Human,13,Cholesterol metabolism,0.010526589465425666,0.05992058618780764,13.8125,62.9000654557375,2,LRP1;TSPO
Fibro-NPCs,up_in_severe,REAC,Reactome_2022,60,Crosslinking Of Collagen Fibrils R-HSA-2243919,0.022768312266926525,0.06071549937847073,49.24691358024691,186.27081295676348,1,PCOLCE
Eff-NPCs,up_in_severe,REAC,Reactome_2022,24,Regulation Of Complement Cascade R-HSA-977606,0.02447931669919003,0.06119829174797507,45.32954545454545,168.16929253740548,1,CLU
Fibro-reg NPCs,up_in_severe,REAC,Reactome_2022,36,Cellular Response To Starvation R-HSA-9711097,0.011942771220727101,0.061704317973756695,6.707796610169492,29.699635484229567,3,RPS14;RPS9;RPL39
Fibro-NPCs,up_in_severe,GO:BP,GO_Biological_Process_2025,35,Erythrocyte Differentiation (GO:0030218),0.005457674082549767,0.062061550995851644,19.67193675889328,102.50520162768173,2,RPS14;RPS19
Eff-NPCs,up_in_severe,GO:BP,GO_Biological_Process_2025,119,Negative Regulation of Viral Process (GO:0048525),0.03571552014502453,0.06212699722705947,30.65230769230769,102.13869848967185,1,ZFP36
Fibro-NPCs,up_in_severe,KEGG,KEGG_2021_Human,10,Focal adhesion,0.01105367684720382,0.06251789724500029,6.961240310077519,31.360333020864847,3,COL1A1;COL1A2;COL6A2
Fibro-NPCs,up_in_severe,KEGG,KEGG_2021_Human,11,Proteoglycans in cancer,0.011655879147372936,0.06251789724500029,6.82201243380152,30.37122126857075,3,COL1A1;COL1A2;MMP2
Eff-NPCs,up_in_severe,GO:BP,GO_Biological_Process_2025,120,Chordate Embryonic Development (GO:0043009),0.03624763101785663,0.06252716350580269,30.186363636363637,100.13967676460433,1,COL1A1
Fibro-reg NPCs,up_in_severe,REAC,Reactome_2022,37,Complement Cascade R-HSA-166658,0.012635073062263389,0.06264661328639133,12.5062893081761,54.668476764579644,2,CD81;SERPING1
Fibro-reg NPCs,up_in_severe,REAC,Reactome_2022,38,Influenza Infection R-HSA-168255,0.01279877045635952,0.06264661328639133,6.532247413603346,28.470187436427903,3,RPS14;RPS9;RPL39
Fibro-NPCs,up_in_severe,GO:BP,GO_Biological_Process_2025,36,Cellular Component Disassembly (GO:0022411),0.005681627397885792,0.06281354734329292,19.252417794970988,99.5449645426864,2,MMP14;MMP2
Fibro-reg NPCs,up_in_severe,REAC,Reactome_2022,39,Ribosomal Scanning And Start Codon Recognition R-HSA-72702,0.013525876056001874,0.06289532366040872,12.05030303030303,51.854269718341705,2,RPS14;RPS9
Fibro-reg NPCs,up_in_severe,REAC,Reactome_2022,40,Translation Initiation Complex Formation R-HSA-72649,0.013525876056001874,0.06289532366040872,12.05030303030303,51.854269718341705,2,RPS14;RPS9
Fibro-reg NPCs,up_in_severe,REAC,Reactome_2022,41,"mRNA Activation Upon Binding Of Cap-Binding Complex And eIFs, Subsequent Binding To 43S R-HSA-72662",0.01398125838925437,0.06342717220491007,11.834523809523809,50.53386084817939,2,RPS14;RPS9
Fibro-reg NPCs,up_in_severe,REAC,Reactome_2022,42,rRNA Modification In Nucleus And Cytosol R-HSA-6790901,0.014911764329570263,0.06378774752449534,11.425287356321839,48.05024363553536,2,RPS14;RPS9
Fibro-reg NPCs,up_in_severe,REAC,Reactome_2022,43,Meiotic Synapsis R-HSA-1221632,0.014911764329570263,0.06378774752449534,11.425287356321839,48.05024363553536,2,SUN2;LMNA
Fibro-reg NPCs,up_in_severe,REAC,Reactome_2022,44,Regulation Of Expression Of SLITs And ROBOs R-HSA-9010553,0.01508957468321395,0.06378774752449534,6.13083918974783,25.71121415959715,3,RPS14;RPS9;RPL39
Eff-NPCs,up_in_severe,GO:BP,GO_Biological_Process_2025,121,Skin Development (GO:0043588),0.03731105207809084,0.06382965107574218,29.29558823529412,96.33753689320037,1,COL1A1
Fibro-reg NPCs,up_in_severe,GO:BP,GO_Biological_Process_2025,15,Negative Regulation of Biomineral Tissue Development (GO:0070168),0.0019116332618349895,0.06410343538019998,34.94561403508772,218.75246008365062,2,SRGN;ASPN
Eff-NPCs,up_in_severe,GO:BP,GO_Biological_Process_2025,122,Positive Regulation of Apoptotic Signaling Pathway (GO:2001235),0.037842362503763806,0.064207942936714,28.869565217391305,94.52837096535384,1,CLU
Eff-NPCs,up_in_severe,GO:BP,GO_Biological_Process_2025,123,Positive Regulation of Proteasomal Ubiquitin-Dependent Protein Catabolic Process (GO:0032436),0.038373406353793084,0.06457963508321275,28.455714285714286,92.77674343537714,1,CLU
Fibro-NPCs,up_in_severe,REAC,Reactome_2022,61,Dermatan Sulfate Biosynthesis R-HSA-2022923,0.025017061022238465,0.0656185207140681,44.32,163.46090194189088,1,BGN
Hom/Reg-like NPCs,up_in_severe,REAC,Reactome_2022,76,Cellular Response To Chemical Stress R-HSA-9711123,0.0145980081028431,0.06588311551677874,4.475995914198162,18.919453704258725,4,GPX3;GSTP1;P4HB;SOD3
ECM/Adh-NPCs,up_in_severe,GO:BP,GO_Biological_Process_2025,28,Positive Regulation of Immune Effector Process (GO:0002699),0.003799817233070312,0.06608967830375863,23.907563025210084,133.23212245257045,2,RPS19;CD81
Eff-NPCs,up_in_severe,REAC,Reactome_2022,25,Signaling By PDGF R-HSA-186797,0.02823787239566386,0.06624533653239732,39.09411764705882,139.4522833938583,1,COL6A2
Eff-NPCs,up_in_severe,REAC,Reactome_2022,26,Complement Cascade R-HSA-166658,0.029844648447595826,0.06624533653239732,36.916666666666664,129.64209444665414,1,CLU
Eff-NPCs,up_in_severe,REAC,Reactome_2022,27,ECM Proteoglycans R-HSA-3000178,0.029844648447595826,0.06624533653239732,36.916666666666664,129.64209444665414,1,COMP
Eff-NPCs,up_in_severe,REAC,Reactome_2022,28,NCAM Signaling For Neurite Out-Growth R-HSA-375165,0.030914490381785415,0.06624533653239732,35.59464285714286,123.7458530082544,1,COL6A2
Hom/Reg-like NPCs,up_in_severe,GO:BP,GO_Biological_Process_2025,30,Regulation of Extracellular Matrix Disassembly (GO:0010715),0.002295583368811727,0.06634235935865891,32.81353135313531,199.40022636888148,2,CST3;MELTF
Eff-NPCs,up_in_severe,GO:BP,GO_Biological_Process_2025,124,Negative Regulation of Apoptotic Signaling Pathway (GO:2001234),0.03996493967487146,0.06671566542498704,27.28219178082192,87.84191112168185,1,CLU
Eff-NPCs,up_in_severe,GO:BP,GO_Biological_Process_2025,125,Regulation of Fat Cell Differentiation (GO:0045598),0.04049491842710541,0.06705958491528656,26.91216216216216,86.2959682120762,1,ZFP36
Eff-NPCs,up_in_severe,GO:BP,GO_Biological_Process_2025,126,Negative Regulation of Supramolecular Fiber Organization (GO:1902904),0.041024631208246766,0.06739760841354825,26.552,84.79600603121183,1,CLU
Eff-NPCs,up_in_severe,GO:BP,GO_Biological_Process_2025,127,RNA Catabolic Process (GO:0006401),0.04261217490903927,0.068693467491558,25.526923076923076,80.55314827174135,1,ZFP36
Eff-NPCs,up_in_severe,GO:BP,GO_Biological_Process_2025,128,Regulation of mRNA Stability (GO:0043488),0.04314082499469826,0.068693467491558,25.20253164556962,79.21875265135186,1,ZFP36
Eff-NPCs,up_in_severe,GO:BP,GO_Biological_Process_2025,129,Response to Tumor Necrosis Factor (GO:0034612),0.04314082499469826,0.068693467491558,25.20253164556962,79.21875265135186,1,ZFP36
Eff-NPCs,up_in_severe,GO:BP,GO_Biological_Process_2025,130,Negative Regulation of Cellular Component Organization (GO:0051129),0.04314082499469826,0.068693467491558,25.20253164556962,79.21875265135186,1,CLU
ECM/Adh-NPCs,up_in_severe,REAC,Reactome_2022,70,Dermatan Sulfate Biosynthesis R-HSA-2022923,0.027701743059261864,0.06885861846159377,39.878,143.01287394480332,1,BGN
Eff-NPCs,up_in_severe,GO:BP,GO_Biological_Process_2025,131,Negative Regulation of Neuron Apoptotic Process (GO:0043524),0.04366920970201921,0.06900401838410669,24.88625,77.92163622636126,1,CLU
Hom/Reg-like NPCs,up_in_severe,REAC,Reactome_2022,77,NCAM1 Interactions R-HSA-419037,0.015557606415802285,0.06930206494311926,11.237340876944838,46.783360483552,2,COL6A2;COL9A3
Eff-NPCs,up_in_severe,GO:BP,GO_Biological_Process_2025,132,Positive Regulation of Tumor Necrosis Factor Production (GO:0032760),0.04419732915189926,0.06930944798820565,24.57777777777778,76.6603234550211,1,CLU
Hom/Reg-like NPCs,up_in_severe,GO:BP,GO_Biological_Process_2025,31,External Encapsulating Structure Organization (GO:0045229),0.0026059687709130593,0.07045886611285303,7.472859435476258,44.46314585596888,4,COL3A1;COL1A2;MIA;COL9A3
Hom/Reg-like NPCs,up_in_severe,GO:BP,GO_Biological_Process_2025,32,Extracellular Structure Organization (GO:0043062),0.0026059687709130593,0.07045886611285303,7.472859435476258,44.46314585596888,4,COL3A1;COL1A2;MIA;COL9A3
Hom/Reg-like NPCs,up_in_severe,GO:BP,GO_Biological_Process_2025,33,Transforming Growth Factor Beta Receptor Superfamily Signaling Pathway (GO:0141091),0.00286966925425025,0.07045886611285303,7.267952249770431,42.54338365668637,4,COL3A1;COL1A2;ID1;SCX
Hom/Reg-like NPCs,up_in_severe,GO:BP,GO_Biological_Process_2025,34,Negative Regulation of Growth (GO:0045926),0.0029614787407018436,0.07045886611285303,7.202111202111202,41.931170797194824,4,TSPYL2;MT2A;MT1G;MT1X
Hom/Reg-like NPCs,up_in_severe,GO:BP,GO_Biological_Process_2025,35,Positive Regulation of Inflammatory Response (GO:0050729),0.0029614787407018436,0.07045886611285303,7.202111202111202,41.931170797194824,4,LGALS1;RPS19;CD81;GBP2
Hom/Reg-like NPCs,up_in_severe,GO:BP,GO_Biological_Process_2025,36,Regulation of Plasminogen Activation (GO:0010755),0.0030068950936280995,0.07045886611285303,28.123055162659124,163.30628589767113,2,PLAUR;MELTF
Hom/Reg-like NPCs,up_in_severe,GO:BP,GO_Biological_Process_2025,37,Ribosomal Small Subunit Assembly (GO:0000028),0.0030068950936280995,0.07045886611285303,28.123055162659124,163.30628589767113,2,RPS14;RPS19
Hom/Reg-like NPCs,up_in_severe,GO:BP,GO_Biological_Process_2025,38,Negative Regulation of Apoptotic Process (GO:0043066),0.0031695828884299366,0.07052386622274005,3.5036627972500844,20.160619786544586,8,COMP;GSTP1;ZC3H12A;PLAUR;SCX;HSPB1;CLU;CRLF1
Hom/Reg-like NPCs,up_in_severe,GO:BP,GO_Biological_Process_2025,39,Cellular Response to Interleukin-1 (GO:0071347),0.0031723538439294837,0.07052386622274005,11.023888888888889,63.42353522113061,3,IL1R1;ZC3H12A;GBP2
Eff-NPCs,up_in_severe,GO:BP,GO_Biological_Process_2025,133,Positive Regulation of Tumor Necrosis Factor Superfamily Cytokine Production (GO:1903557),0.0457800971719973,0.07072000085524956,23.696428571428573,73.07755450297252,1,CLU
Eff-NPCs,up_in_severe,GO:BP,GO_Biological_Process_2025,134,Positive Regulation of Endocytosis (GO:0045807),0.0457800971719973,0.07072000085524956,23.696428571428573,73.07755450297252,1,CLU
ECM/Adh-NPCs,up_in_severe,GO:BP,GO_Biological_Process_2025,29,Maturation of SSU-rRNA (GO:0030490),0.004226355178565091,0.07097361972279997,22.577097505668934,123.41579162471118,2,RPS14;RPS19
Fibro-NPCs,up_in_severe,GO:BP,GO_Biological_Process_2025,37,Positive Regulation of B Cell Activation (GO:0050871),0.006618861584156887,0.07119748406741733,17.73885918003565,89.01061328510207,2,MMP14;CD81
Eff-NPCs,up_in_severe,GO:BP,GO_Biological_Process_2025,135,Cellular Response to Tumor Necrosis Factor (GO:0071356),0.04683395176457438,0.0712840295240213,23.143023255813954,70.84419329504821,1,ZFP36
Eff-NPCs,up_in_severe,GO:BP,GO_Biological_Process_2025,136,Positive Regulation of Biosynthetic Process (GO:0009891),0.04683395176457438,0.0712840295240213,23.143023255813954,70.84419329504821,1,CLU
Eff-NPCs,up_in_severe,GO:BP,GO_Biological_Process_2025,137,Positive Regulation of Ubiquitin-Dependent Protein Catabolic Process (GO:2000060),0.04736048219236788,0.07131335883276202,22.875862068965517,69.77062685533508,1,CLU
Eff-NPCs,up_in_severe,GO:BP,GO_Biological_Process_2025,138,Positive Regulation of Canonical Wnt Signaling Pathway (GO:0090263),0.04788674820170976,0.07131335883276202,22.614772727272726,68.72440526863295,1,COL1A1
Eff-NPCs,up_in_severe,GO:BP,GO_Biological_Process_2025,139,Nuclear-Transcribed mRNA Catabolic Process (GO:0000956),0.04788674820170976,0.07131335883276202,22.614772727272726,68.72440526863295,1,ZFP36
Hom/Reg-like NPCs,up_in_severe,GO:BP,GO_Biological_Process_2025,40,Ribonucleoprotein Complex Biogenesis (GO:0022613),0.003450792294281152,0.07227235408800943,6.889933820968304,39.06007813094918,4,RPS14;RPS9;RPS19;RPS11
Hom/Reg-like NPCs,up_in_severe,GO:BP,GO_Biological_Process_2025,41,Response to Interleukin-1 (GO:0070555),0.003498534392197594,0.07227235408800943,10.629107142857142,60.11197097873968,3,IL1R1;ZC3H12A;GBP2
Hom/Reg-like NPCs,up_in_severe,GO:BP,GO_Biological_Process_2025,42,Negative Regulation of Intrinsic Apoptotic Signaling Pathway (GO:2001243),0.003669025315014432,0.07227235408800943,10.442105263157895,58.55754315849728,3,PLAUR;HSPB1;CLU
Hom/Reg-like NPCs,up_in_severe,GO:BP,GO_Biological_Process_2025,43,Response to Type II Interferon (GO:0034341),0.003669025315014432,0.07227235408800943,10.442105263157895,58.55754315849728,3,IFITM3;IFITM2;GBP2
Hom/Reg-like NPCs,up_in_severe,GO:BP,GO_Biological_Process_2025,44,Cellular Response to Molecule of Bacterial Origin (GO:0071219),0.0037693395036529393,0.07227235408800943,6.715219421101774,37.47666917845942,4,GSTP1;ZC3H12A;NDUFA2;GBP2
Hom/Reg-like NPCs,up_in_severe,GO:BP,GO_Biological_Process_2025,45,Regulation of Viral Entry Into Host Cell (GO:0046596),0.0038081670850301417,0.07227235408800943,24.605198019801982,137.06589535382818,2,LGALS1;P4HB
Hom/Reg-like NPCs,up_in_severe,GO:BP,GO_Biological_Process_2025,46,Cellular Response to Cytokine Stimulus (GO:0071345),0.003834519363377663,0.07227235408800943,4.287056937816473,23.8519466184835,6,MT2A;IFITM2;ZC3H12A;MT1X;GBP2;CRLF1
Eff-NPCs,up_in_severe,GO:BP,GO_Biological_Process_2025,140,Regulation of Epithelial to Mesenchymal Transition (GO:0010717),0.048938487444328285,0.0723590492926854,22.11,66.71009583505662,1,COL1A1
Eff-NPCs,up_in_severe,GO:BP,GO_Biological_Process_2025,141,Sensory Perception of Mechanical Stimulus (GO:0050954),0.04946396091014192,0.0723619460097737,21.865934065934066,65.74016991684287,1,COL1A1
Eff-NPCs,up_in_severe,GO:BP,GO_Biological_Process_2025,142,Regulation of Epithelial Cell Proliferation (GO:0050678),0.049989170431872655,0.0723619460097737,21.627173913043478,64.79390764349345,1,ZFP36
Eff-NPCs,up_in_severe,GO:BP,GO_Biological_Process_2025,143,Positive Regulation of Cellular Component Biogenesis (GO:0044089),0.049989170431872655,0.0723619460097737,21.627173913043478,64.79390764349345,1,CLU
ECM/Adh-NPCs,up_in_severe,REAC,Reactome_2022,71,Post-translational Protein Phosphorylation R-HSA-8957275,0.029975937839403537,0.0729409441290113,7.788461538461538,27.31694072931825,2,CST3;MFGE8
ECM/Adh-NPCs,up_in_severe,REAC,Reactome_2022,72,Caspase-mediated Cleavage Of Cytoskeletal Proteins R-HSA-264870,0.030182459639590885,0.0729409441290113,36.25090909090909,126.89610172901739,1,GSN
Hom/Reg-like NPCs,up_in_severe,GO:BP,GO_Biological_Process_2025,47,Cellular Response to Lipopolysaccharide (GO:0071222),0.0039924445259588055,0.0735553662246743,6.603556223390934,36.473762650784586,4,GSTP1;ZC3H12A;NDUFA2;GBP2
Hom/Reg-like NPCs,up_in_severe,GO:BP,GO_Biological_Process_2025,48,Nuclear Migration (GO:0007097),0.004241947302461032,0.0735553662246743,23.156668608037275,126.49869420262124,2,SUN2;LMNA
Hom/Reg-like NPCs,up_in_severe,GO:BP,GO_Biological_Process_2025,49,Response to Interferon-Alpha (GO:0035455),0.004241947302461032,0.0735553662246743,23.156668608037275,126.49869420262124,2,IFITM3;IFITM2
Hom/Reg-like NPCs,up_in_severe,GO:BP,GO_Biological_Process_2025,50,Host-Mediated Suppression of Symbiont Invasion (GO:0046597),0.004241947302461032,0.0735553662246743,23.156668608037275,126.49869420262124,2,IFITM3;IFITM2
ECM/Adh-NPCs,up_in_severe,GO:BP,GO_Biological_Process_2025,30,Regulation of T Cell Receptor Signaling Pathway (GO:0050856),0.004674059598481964,0.07366179289901094,21.386680988184747,114.75509786105277,2,CD81;THY1
ECM/Adh-NPCs,up_in_severe,GO:BP,GO_Biological_Process_2025,31,Negative Regulation of Kinase Activity (GO:0033673),0.004905781032816657,0.07366179289901094,20.837257980115123,110.79880549073958,2,HSPB1;THY1
ECM/Adh-NPCs,up_in_severe,GO:BP,GO_Biological_Process_2025,32,Odontogenesis (GO:0042476),0.004905781032816657,0.07366179289901094,20.837257980115123,110.79880549073958,2,COL1A1;COL1A2
ECM/Adh-NPCs,up_in_severe,GO:BP,GO_Biological_Process_2025,33,Regulation of Receptor-Mediated Endocytosis (GO:0048259),0.005142712440588032,0.07366179289901094,20.31530612244898,107.06521085671017,2,ARF1;CLU
ECM/Adh-NPCs,up_in_severe,GO:BP,GO_Biological_Process_2025,34,Ribosome Assembly (GO:0042255),0.005142712440588032,0.07366179289901094,20.31530612244898,107.06521085671017,2,RPS14;RPS19
Eff-NPCs,up_in_severe,REAC,Reactome_2022,29,Integrin Cell Surface Interactions R-HSA-216083,0.03571552014502453,0.07389417961039559,30.65230769230769,102.13869848967185,1,COMP
Eff-NPCs,up_in_severe,GO:BP,GO_Biological_Process_2025,144,Sensory Perception of Sound (GO:0007605),0.051563216555611455,0.07412212379869147,20.94105263157895,62.08910527455818,1,COL1A1
Hom-NPCs,up_in_severe,KEGG,KEGG_2021_Human,20,AGE-RAGE signaling pathway in diabetic complications,0.012388740373004938,0.07433244223802962,6.58696375124709,28.923142130526806,3,COL1A1;COL1A2;FN1
ECM/Adh-NPCs,up_in_severe,KEGG,KEGG_2021_Human,11,Human papillomavirus infection,0.00999351930056269,0.07444351074533906,5.106903507059665,23.521470476997305,4,COMP;COL1A1;COL1A2;COL6A2
ECM/Adh-NPCs,up_in_severe,KEGG,KEGG_2021_Human,12,Mineral absorption,0.010268070447632973,0.07444351074533906,13.997888810696692,64.09235963490565,2,MT2A;MT1X
Fibro-NPCs,up_in_severe,GO:BP,GO_Biological_Process_2025,38,Nucleus Organization (GO:0006997),0.007112060214566488,0.07448947277361742,17.067753001715264,84.41648020216196,2,RPS19;LMNA
Eff-NPCs,up_in_severe,GO:BP,GO_Biological_Process_2025,145,Positive Regulation of Proteasomal Protein Catabolic Process (GO:1901800),0.052611263106800116,0.0745926812541618,20.507216494845363,60.390164935250596,1,CLU
Eff-NPCs,up_in_severe,GO:BP,GO_Biological_Process_2025,146,Positive Regulation of Supramolecular Fiber Organization (GO:1902905),0.052611263106800116,0.0745926812541618,20.507216494845363,60.390164935250596,1,CLU
Hom-NPCs,up_in_severe,REAC,Reactome_2022,65,Phase II - Conjugation Of Compounds R-HSA-156580,0.014847061954502923,0.07469214244803778,6.141439205955335,25.855172138180443,3,NNMT;GSTP1;COMT
Fibro-reg NPCs,up_in_severe,REAC,Reactome_2022,45,Major Pathway Of rRNA Processing In Nucleolus And Cytosol R-HSA-6791226,0.018125834666217516,0.07492011662036574,5.709360554699538,22.896916791850625,3,RPS14;RPS9;RPL39
Eff-NPCs,up_in_severe,GO:BP,GO_Biological_Process_2025,147,mRNA Metabolic Process (GO:0016071),0.054181359025060244,0.07527208938380853,19.889,57.98475574455278,1,ZFP36
Eff-NPCs,up_in_severe,GO:BP,GO_Biological_Process_2025,148,Visual Perception (GO:0007601),0.054181359025060244,0.07527208938380853,19.889,57.98475574455278,1,COL1A1
Eff-NPCs,up_in_severe,GO:BP,GO_Biological_Process_2025,149,Sensory Perception of Light Stimulus (GO:0050953),0.054181359025060244,0.07527208938380853,19.889,57.98475574455278,1,COL1A1
Eff-NPCs,up_in_severe,GO:BP,GO_Biological_Process_2025,150,Negative Regulation of Translation (GO:0017148),0.05470419842989522,0.0754917938332554,19.69108910891089,57.218658530075224,1,ZFP36
Eff-NPCs,up_in_severe,GO:BP,GO_Biological_Process_2025,151,Regulation of Apoptotic Process (GO:0042981),0.05513301811660845,0.0755797003320394,6.105413105413105,17.69352687950809,2,COMP;CLU
Fibro-NPCs,up_in_severe,GO:BP,GO_Biological_Process_2025,39,Negative Regulation of Response to Stimulus (GO:0048585),0.007621441576935802,0.07583334369051122,16.445454545454545,80.20102406025012,2,COL3A1;THY1
Fibro-NPCs,up_in_severe,GO:BP,GO_Biological_Process_2025,40,Myeloid Cell Differentiation (GO:0030099),0.007621441576935802,0.07583334369051122,16.445454545454545,80.20102406025012,2,RPS14;RPS19
Fibro-NPCs,up_in_severe,REAC,Reactome_2022,62,Diseases Associated With Visual Transduction R-HSA-2474795,0.029499383581537333,0.07612744150074151,36.92962962962963,130.1173367501014,1,RBP4
Eff-NPCs,up_in_severe,GO:BP,GO_Biological_Process_2025,152,Positive Regulation of NF-kappaB Transcription Factor Activity (GO:0051092),0.0562711406066492,0.07613154317370187,19.120192307692307,55.01975823103713,1,CLU
Eff-NPCs,up_in_severe,GO:BP,GO_Biological_Process_2025,153,Positive Regulation of Protein-Containing Complex Assembly (GO:0031334),0.0562711406066492,0.07613154317370187,19.120192307692307,55.01975823103713,1,CLU
Fibro-NPCs,up_in_severe,GO:BP,GO_Biological_Process_2025,41,Eye Development (GO:0001654),0.007882153100604807,0.07651455936684666,16.150974025974026,78.22165730548637,2,RBP4;COL5A1
Hom-NPCs,up_in_severe,REAC,Reactome_2022,66,Diseases Associated With Glycosaminoglycan Metabolism R-HSA-3560782,0.015797758830742272,0.07827071420685944,11.123180291153416,46.13769709919681,2,BGN;PRELP
Eff-NPCs,up_in_severe,GO:BP,GO_Biological_Process_2025,154,Regulation of Proteasomal Ubiquitin-Dependent Protein Catabolic Process (GO:0032434),0.05835672384406997,0.07844053140079535,18.408333333333335,52.30140127379555,1,CLU
Eff-NPCs,up_in_severe,GO:BP,GO_Biological_Process_2025,155,Negative Regulation of Developmental Process (GO:0051093),0.059397943461760805,0.0788165019011826,18.07181818181818,51.02570047699274,1,CST3
Eff-NPCs,up_in_severe,GO:BP,GO_Biological_Process_2025,156,Positive Regulation of Cellular Component Organization (GO:0051130),0.059397943461760805,0.0788165019011826,18.07181818181818,51.02570047699274,1,CLU
Fibro-reg NPCs,up_in_severe,GO:BP,GO_Biological_Process_2025,16,Positive Regulation of Endothelial Cell Migration (GO:0010595),0.0025810243122833167,0.07906892243035027,11.87617148554337,70.77686269443974,3,SPARC;TMSB4X;HSPB1
Fibro-reg NPCs,up_in_severe,GO:BP,GO_Biological_Process_2025,17,Macromolecule Biosynthetic Process (GO:0009059),0.0028109758393503417,0.07906892243035027,7.363653308480894,43.25574591532214,4,RPS14;RPS9;RPS18;RPL39
Fibro-reg NPCs,up_in_severe,GO:BP,GO_Biological_Process_2025,18,Protein Metabolic Process (GO:0019538),0.0028295041823982207,0.07906892243035027,4.053227497379062,23.78293565933839,7,RPS14;RPS9;MMP14;RPS18;MMP2;PCOLCE;RPL39
Fibro-NPCs,up_in_severe,REAC,Reactome_2022,63,Creation Of C4 And C2 Activators R-HSA-166786,0.03173297954882987,0.07933244887207468,34.08717948717949,117.61436233167083,1,C1R
Fibro-NPCs,up_in_severe,REAC,Reactome_2022,64,CS/DS Degradation R-HSA-2024101,0.03173297954882987,0.07933244887207468,34.08717948717949,117.61436233167083,1,BGN
Eff-NPCs,up_in_severe,GO:BP,GO_Biological_Process_2025,157,Positive Regulation of Wnt Signaling Pathway (GO:0030177),0.060957810539318535,0.08037112599770023,17.58938053097345,49.20758106608857,1,COL1A1
Eff-NPCs,up_in_severe,GO:BP,GO_Biological_Process_2025,158,Intrinsic Apoptotic Signaling Pathway (GO:0097193),0.061477243410223426,0.08054297079693828,17.43421052631579,48.62555082904469,1,CLU
Eff-NPCs,up_in_severe,GO:BP,GO_Biological_Process_2025,159,Protein Complex Oligomerization (GO:0051259),0.06199641507314463,0.08071231396315055,17.281739130434783,48.05496419291303,1,COMP
Hom-NPCs,up_in_severe,REAC,Reactome_2022,67,Binding And Uptake Of Ligands By Scavenger Receptors R-HSA-2173782,0.01655657429850472,0.08080596709867227,10.837424986361157,44.44397661035724,2,COL1A1;COL1A2
Hom/Reg-like NPCs,up_in_severe,REAC,Reactome_2022,78,SARS-CoV-2-host Interactions R-HSA-9705683,0.01864513954111841,0.08156400581970426,4.146675084175084,16.512764212969625,4,RPS14;RPS9;RPS19;RPS11
Hom/Reg-like NPCs,up_in_severe,REAC,Reactome_2022,79,Degradation Of Extracellular Matrix R-HSA-1474228,0.018785878891418764,0.08156400581970426,5.60122641509434,22.26291352991899,3,ACAN;COL9A3;TIMP1
Hom/Reg-like NPCs,up_in_severe,GO:BP,GO_Biological_Process_2025,51,Positive Regulation of Cellular Process (GO:0048522),0.0048181433470752735,0.08190843690027964,3.0119745930373814,16.069988712502248,9,RPS9;SERTAD1;ZC3H12A;CLEC11A;ZNF703;SCX;TIMP1;P4HB;CRLF1
Eff-NPCs,up_in_severe,GO:BP,GO_Biological_Process_2025,160,MAPK Cascade (GO:0000165),0.06355236396517258,0.08222087087994202,16.839830508474577,46.408738746473205,1,ZFP36
Fibro-NPCs,up_in_severe,REAC,Reactome_2022,65,Platelet Degranulation R-HSA-114608,0.033537783672173915,0.08233102236411834,7.3285291943828526,24.88096198741252,2,TAGLN2;TIMP1
Fibro-NPCs,up_in_severe,REAC,Reactome_2022,66,Depolymerisation Of Nuclear Lamina R-HSA-4419969,0.03396154672519881,0.08233102236411834,31.650793650793652,107.05964425258333,1,LMNA
Eff-NPCs,up_in_severe,GO:BP,GO_Biological_Process_2025,161,Negative Regulation of Catabolic Process (GO:0009895),0.06407049195104964,0.08237634679420668,16.69747899159664,45.88085464119431,1,CST3
Fibro-NPCs,up_in_severe,GO:BP,GO_Biological_Process_2025,42,Negative Regulation of Cell Migration (GO:0030336),0.008699997137962179,0.0824428300216416,7.621611203905949,36.16022052536947,3,COL3A1;THY1;TIMP1
ECM/Adh-NPCs,up_in_severe,REAC,Reactome_2022,73,Tryptophan Catabolism R-HSA-71240,0.035125292681812,0.08259190441399038,30.67076923076923,102.71130924814014,1,SLC7A5
ECM/Adh-NPCs,up_in_severe,REAC,Reactome_2022,74,CS/DS Degradation R-HSA-2024101,0.035125292681812,0.08259190441399038,30.67076923076923,102.71130924814014,1,BGN
Hom/Reg-like NPCs,up_in_severe,GO:BP,GO_Biological_Process_2025,52,Regulation of Oxidative Stress-Induced Intrinsic Apoptotic Signaling Pathway (GO:1902175),0.005174630113734193,0.08336530648248917,20.71704012506514,109.05423855638092,2,HSPB1;P4HB
Hom/Reg-like NPCs,up_in_severe,GO:BP,GO_Biological_Process_2025,53,Positive Regulation of Extracellular Matrix Organization (GO:1903055),0.005174630113734193,0.08336530648248917,20.71704012506514,109.05423855638092,2,EFEMP2;MELTF
Hom/Reg-like NPCs,up_in_severe,GO:BP,GO_Biological_Process_2025,54,Skin Development (GO:0043588),0.005433282412441549,0.08336530648248917,9.014090909090909,47.010393562234555,3,COL1A1;COL3A1;COL1A2
Hom/Reg-like NPCs,up_in_severe,GO:BP,GO_Biological_Process_2025,55,Positive Regulation of Intracellular Protein Transport (GO:0090316),0.005433282412441549,0.08336530648248917,9.014090909090909,47.010393562234555,3,CD81;ZC3H12A;OAZ1
Hom/Reg-like NPCs,up_in_severe,GO:BP,GO_Biological_Process_2025,56,Regulation of Protein Phosphorylation (GO:0001932),0.005520936678178659,0.08336530648248917,6.004101161995899,31.216569263288722,4,TSPYL2;ZC3H12A;PLAUR;HSPB1
Hom/Reg-like NPCs,up_in_severe,GO:BP,GO_Biological_Process_2025,57,Positive Regulation of Apoptotic Process (GO:0043065),0.005631638536987152,0.08336530648248917,3.9470767990866045,20.443311332707392,6,LGALS1;GADD45B;TNFRSF12A;ZC3H12A;TPD52L1;CLU
Hom/Reg-like NPCs,up_in_severe,GO:BP,GO_Biological_Process_2025,58,Positive Regulation of Apoptotic Signaling Pathway (GO:2001235),0.005655582799122505,0.08336530648248917,8.879104477611941,45.95036115812148,3,TNFRSF12A;TPD52L1;CLU
Hom/Reg-like NPCs,up_in_severe,GO:BP,GO_Biological_Process_2025,59,Positive Regulation of p38MAPK Cascade (GO:1900745),0.005673071606074811,0.08336530648248917,19.68019801980198,101.78646786734524,2,GADD45B;ZC3H12A
Eff-NPCs,up_in_severe,GO:BP,GO_Biological_Process_2025,162,Cellular Response to Molecule of Bacterial Origin (GO:0071219),0.06562331267019857,0.0838520106341426,16.284426229508195,44.3559153884753,1,ZFP36
ECM/Adh-NPCs,up_in_severe,KEGG,KEGG_2021_Human,13,PI3K-Akt signaling pathway,0.012543530335840306,0.08394516455523897,4.765714285714286,20.86691951247725,4,COMP;COL1A1;COL1A2;COL6A2
Fibro-NPCs,up_in_severe,GO:BP,GO_Biological_Process_2025,43,Chordate Embryonic Development (GO:0043009),0.010405788552972155,0.08437784224615996,13.908391608391609,63.49727419150359,2,COL1A1;RBP4
Fibro-NPCs,up_in_severe,GO:BP,GO_Biological_Process_2025,44,Negative Regulation of Erythrocyte Differentiation (GO:0045647),0.011448249952996578,0.08437784224615996,110.83333333333333,495.41595635428416,1,ZFP36L1
Fibro-NPCs,up_in_severe,GO:BP,GO_Biological_Process_2025,45,Negative Regulation of Neuron Migration (GO:2001223),0.011448249952996578,0.08437784224615996,110.83333333333333,495.41595635428416,1,COL3A1
Fibro-NPCs,up_in_severe,GO:BP,GO_Biological_Process_2025,46,Regulation of Keratinocyte Apoptotic Process (GO:1902172),0.011448249952996578,0.08437784224615996,110.83333333333333,495.41595635428416,1,ZFP36L1
Fibro-NPCs,up_in_severe,GO:BP,GO_Biological_Process_2025,47,Negative Regulation of Trophoblast Cell Migration (GO:1901164),0.011448249952996578,0.08437784224615996,110.83333333333333,495.41595635428416,1,TIMP1
Fibro-NPCs,up_in_severe,GO:BP,GO_Biological_Process_2025,48,Regulation of Respiratory Burst Involved in Inflammatory Response (GO:0060264),0.011448249952996578,0.08437784224615996,110.83333333333333,495.41595635428416,1,RPS19
Fibro-NPCs,up_in_severe,GO:BP,GO_Biological_Process_2025,49,Regulation of Tooth Mineralization (GO:0070170),0.011448249952996578,0.08437784224615996,110.83333333333333,495.41595635428416,1,ASPN
Fibro-NPCs,up_in_severe,GO:BP,GO_Biological_Process_2025,50,Negative Regulation of T-helper 17 Cell Lineage Commitment (GO:2000329),0.011448249952996578,0.08437784224615996,110.83333333333333,495.41595635428416,1,LGALS1
Fibro-NPCs,up_in_severe,GO:BP,GO_Biological_Process_2025,51,Negative Regulation of Cardiac Muscle Adaptation (GO:0010616),0.011448249952996578,0.08437784224615996,110.83333333333333,495.41595635428416,1,LMNA
Fibro-NPCs,up_in_severe,GO:BP,GO_Biological_Process_2025,52,Negative Regulation of Cardiac Muscle Hypertrophy in Response to Stress (GO:1903243),0.011448249952996578,0.08437784224615996,110.83333333333333,495.41595635428416,1,LMNA
Fibro-NPCs,up_in_severe,GO:BP,GO_Biological_Process_2025,53,Negative Regulation of Cardiac Muscle Tissue Growth (GO:0055022),0.011448249952996578,0.08437784224615996,110.83333333333333,495.41595635428416,1,RBP4
Fibro-NPCs,up_in_severe,GO:BP,GO_Biological_Process_2025,54,Negative Regulation of Cell Fate Commitment (GO:0010454),0.011448249952996578,0.08437784224615996,110.83333333333333,495.41595635428416,1,LGALS1
Fibro-reg NPCs,up_in_severe,REAC,Reactome_2022,46,rRNA Processing In Nucleus And Cytosol R-HSA-8868773,0.02089756093543341,0.08449883334762205,5.399671951886277,20.886594343369865,3,RPS14;RPS9;RPL39
Eff-NPCs,up_in_severe,GO:BP,GO_Biological_Process_2025,163,Cellular Response to Lipopolysaccharide (GO:0071222),0.06665722494334128,0.08465058627774015,16.02016129032258,43.385670033586294,1,ZFP36
Eff-NPCs,up_in_severe,GO:BP,GO_Biological_Process_2025,164,Regulation of Protein-Containing Complex Assembly (GO:0043254),0.06717379097360096,0.08478643128985,15.8912,42.91374259788014,1,CLU
Eff-NPCs,up_in_severe,GO:BP,GO_Biological_Process_2025,165,Protein Localization to Nucleus (GO:0034504),0.0676900970783306,0.0849203036073602,15.764285714285714,42.45031112549025,1,COL1A1
Hom/Reg-like NPCs,up_in_severe,REAC,Reactome_2022,80,Interferon Signaling R-HSA-913531,0.019917065347851797,0.08539441767891458,4.061224489795919,15.904479460309156,4,IFITM3;MT2A;IFITM2;GBP2
Hom/Reg-like NPCs,up_in_severe,REAC,Reactome_2022,81,MyD88:MAL(TIRAP) Cascade Initiated On Plasma Membrane R-HSA-166058,0.020172211297929506,0.08542059845913359,5.446238532110092,21.259115985849554,3,S100A1;MAPKAPK2;NDUFA2
ECM/Adh-NPCs,up_in_severe,GO:BP,GO_Biological_Process_2025,35,Regulation of Cell-Substrate Adhesion (GO:0010810),0.006141999150437443,0.08546153103608671,18.464749536178108,94.03367572460297,2,CCDC80;THY1
Eff-NPCs,up_in_severe,GO:BP,GO_Biological_Process_2025,166,Regulation of Neuron Apoptotic Process (GO:0043523),0.06872193003096003,0.08569541877354654,15.51640625,41.54807800311569,1,CLU
Fibro-NPCs,up_in_severe,REAC,Reactome_2022,67,Response To Elevated Platelet Cytosolic Ca2+ R-HSA-76005,0.03602538778343539,0.08603077679626361,7.040482954545454,23.399265979571325,2,TAGLN2;TIMP1
ECM/Adh-NPCs,up_in_severe,REAC,Reactome_2022,75,Defects Of Contact Activation System (CAS) And Kallikrein/Kinin System (KKS) R-HSA-9651496,0.03758743944760645,0.0860554534721516,28.478571428571428,93.44062326514334,1,SERPING1
ECM/Adh-NPCs,up_in_severe,REAC,Reactome_2022,76,Depolymerisation Of Nuclear Lamina R-HSA-4419969,0.03758743944760645,0.0860554534721516,28.478571428571428,93.44062326514334,1,LMNA
Fibro-reg NPCs,up_in_severe,REAC,Reactome_2022,47,Axon Guidance R-HSA-422475,0.02223795418011423,0.0861097913384409,3.3149020410949555,12.616367341912975,5,RPS14;RPS9;MMP2;COL6A2;RPL39
Fibro-reg NPCs,up_in_severe,REAC,Reactome_2022,48,rRNA Processing R-HSA-72312,0.02388986182560186,0.0861097913384409,5.121584226911104,19.125537619654992,3,RPS14;RPS9;RPL39
Fibro-reg NPCs,up_in_severe,REAC,Reactome_2022,49,Cellular Responses To Stress R-HSA-2262752,0.02407057487773042,0.0861097913384409,2.8763966480446927,10.719654767946595,6,RPS14;RPS9;LMNA;RPL39;SOD3;FKBP5
Fibro-reg NPCs,up_in_severe,REAC,Reactome_2022,50,Synthesis Of Epoxy (EET) And Dihydroxyeicosatrienoic Acids (DHET) R-HSA-2142670,0.024536660972781548,0.0861097913384409,46.676814988290396,173.05834842078664,1,CYP1B1
Fibro-reg NPCs,up_in_severe,REAC,Reactome_2022,51,"Defective CHST14 Causes EDS, Musculocontractural Type R-HSA-3595174",0.024536660972781548,0.0861097913384409,46.676814988290396,173.05834842078664,1,BGN
Fibro-reg NPCs,up_in_severe,REAC,Reactome_2022,52,Defective CHST3 Causes SEDCJD R-HSA-3595172,0.024536660972781548,0.0861097913384409,46.676814988290396,173.05834842078664,1,BGN
Fibro-reg NPCs,up_in_severe,REAC,Reactome_2022,53,Defective CHSY1 Causes TPBS R-HSA-3595177,0.024536660972781548,0.0861097913384409,46.676814988290396,173.05834842078664,1,BGN
Fibro-reg NPCs,up_in_severe,REAC,Reactome_2022,54,Amyloid Fiber Formation R-HSA-977225,0.025001620481172084,0.08611669276848162,8.597835497835497,31.71582143065631,2,CST3;MFGE8
Hom/Reg-like NPCs,up_in_severe,GO:BP,GO_Biological_Process_2025,60,Negative Regulation of Peptidase Activity (GO:0010466),0.006192608684465253,0.08659664079728023,18.74210278170674,95.29232575063659,2,CST3;TIMP1
Hom/Reg-like NPCs,up_in_severe,GO:BP,GO_Biological_Process_2025,61,Positive Regulation of T Cell Cytokine Production (GO:0002726),0.006192608684465253,0.08659664079728023,18.74210278170674,95.29232575063659,2,CD81;IL1R1
Hom/Reg-like NPCs,up_in_severe,GO:BP,GO_Biological_Process_2025,62,Positive Regulation of Viral Life Cycle (GO:1903902),0.006192608684465253,0.08659664079728023,18.74210278170674,95.29232575063659,2,LGALS1;P4HB
Fibro-reg NPCs,up_in_severe,REAC,Reactome_2022,55,Cellular Responses To Stimuli R-HSA-8953897,0.02613918874033028,0.0868897314046457,2.819178082191781,10.273985959005984,6,RPS14;RPS9;LMNA;RPL39;SOD3;FKBP5
Fibro-reg NPCs,up_in_severe,REAC,Reactome_2022,56,Metabolism Of Amino Acids And Derivatives R-HSA-71291,0.02634319612323533,0.0868897314046457,3.750574712643678,13.63913465220535,4,RPS14;RPS9;RPL39;OAZ1
Fibro-reg NPCs,up_in_severe,REAC,Reactome_2022,57,Nervous System Development R-HSA-9675108,0.026750093082235405,0.0868897314046457,3.151072124756335,11.410716973442996,5,RPS14;RPS9;MMP2;COL6A2;RPL39
Fibro-reg NPCs,up_in_severe,REAC,Reactome_2022,58,Signaling By ROBO Receptors R-HSA-376176,0.027102927162654705,0.0868897314046457,4.870495310185947,17.57330009246608,3,RPS14;RPS9;RPL39
Fibro-reg NPCs,up_in_severe,REAC,Reactome_2022,59,Synthesis Of (16-20)-Hydroxyeicosatetraenoic Acids (HETE) R-HSA-2142816,0.027561796520828474,0.0868897314046457,40.84016393442623,146.670287413221,1,CYP1B1
Hom-NPCs,up_in_severe,REAC,Reactome_2022,68,Formation Of HIV-1 Elongation Complex Containing HIV-1 Tat R-HSA-167200,0.01811996617216934,0.08713571968087314,10.307732226258432,41.3416426617247,2,POLR2F;ELOB
Fibro-NPCs,up_in_severe,GO:BP,GO_Biological_Process_2025,55,Transforming Growth Factor Beta Receptor Signaling Pathway (GO:0007179),0.013238936206266351,0.08787095730393624,12.211302211302211,52.80891302442309,2,COL3A1;COL1A2
Fibro-NPCs,up_in_severe,GO:BP,GO_Biological_Process_2025,56,Cellular Response to UV (GO:0034644),0.013572259035885161,0.08787095730393624,12.047878787878789,51.80259388783952,2,MMP2;TIMP1
Fibro-NPCs,up_in_severe,GO:BP,GO_Biological_Process_2025,57,Cellular Response to Hypoxia (GO:0071456),0.013572259035885161,0.08787095730393624,12.047878787878789,51.80259388783952,2,LMNA;ZFP36L1
Fibro-NPCs,up_in_severe,GO:BP,GO_Biological_Process_2025,58,Negative Regulation of Membrane Protein Ectodomain Proteolysis (GO:0051045),0.013722475176735492,0.08787095730393624,88.66222222222223,380.24746931631483,1,TIMP1
Fibro-NPCs,up_in_severe,GO:BP,GO_Biological_Process_2025,59,Positive Regulation of Protein Catabolic Process in the Vacuole (GO:1904352),0.013722475176735492,0.08787095730393624,88.66222222222223,380.24746931631483,1,CD81
Fibro-NPCs,up_in_severe,GO:BP,GO_Biological_Process_2025,60,Heart Trabecula Formation (GO:0060347),0.013722475176735492,0.08787095730393624,88.66222222222223,380.24746931631483,1,RBP4
Fibro-NPCs,up_in_severe,GO:BP,GO_Biological_Process_2025,61,Positive Regulation of Respiratory Burst (GO:0060267),0.013722475176735492,0.08787095730393624,88.66222222222223,380.24746931631483,1,RPS19
Fibro-NPCs,up_in_severe,GO:BP,GO_Biological_Process_2025,62,"Nuclear-Transcribed mRNA Catabolic Process, Deadenylation-Independent Decay (GO:0031086)",0.013722475176735492,0.08787095730393624,88.66222222222223,380.24746931631483,1,ZFP36L1
Fibro-NPCs,up_in_severe,GO:BP,GO_Biological_Process_2025,63,Cellular Response to Decreased Oxygen Levels (GO:0036294),0.013909221884793927,0.08787095730393624,11.888755980861244,50.82684777839637,2,LMNA;ZFP36L1
Hom/Reg-like NPCs,up_in_severe,REAC,Reactome_2022,82,Signaling By NTRK1 (TRKA) R-HSA-187037,0.02112700720833737,0.088372725273899,5.347567567567568,20.626654169526834,3,MAPKAPK2;ID1;AP2M1
ECM/Adh-NPCs,up_in_severe,GO:BP,GO_Biological_Process_2025,36,Erythrocyte Differentiation (GO:0030218),0.006672204853240559,0.08872190015423835,17.66015971606034,88.47395487409875,2,RPS14;RPS19
ECM/Adh-NPCs,up_in_severe,GO:BP,GO_Biological_Process_2025,37,Protein Localization to Organelle (GO:0033365),0.006740678245804556,0.08872190015423835,8.361908783783784,41.806155081284714,3,COL1A1;LAMP1;LMNA
ECM/Adh-NPCs,up_in_severe,REAC,Reactome_2022,77,Regulation Of IGF Transport And Uptake By IGFBPs R-HSA-381426,0.03932841480476382,0.08887200228608967,6.688480350818013,21.64263821591796,2,CST3;MFGE8
Hom/Reg-like NPCs,up_in_severe,REAC,Reactome_2022,83,Interleukin-12 Signaling R-HSA-9020591,0.021590355076466488,0.08922279266539765,9.361150400754362,35.904772758005585,2,RPLP0;P4HB
Hom-NPCs,up_in_severe,REAC,Reactome_2022,69,Collagen Chain Trimerization R-HSA-8948216,0.018924221341637907,0.08968435331471877,10.061803444782168,39.918319836112516,2,COL1A1;COL1A2
ECM/Adh-NPCs,up_in_severe,REAC,Reactome_2022,78,Platelet Degranulation R-HSA-114608,0.04049329502493438,0.09033119659408438,6.579060892649743,21.096540828376867,2,SERPING1;CLU
Fibro-NPCs,up_in_severe,REAC,Reactome_2022,68,Butyrate Response Factor 1 Binds And Destabilizes mRNA R-HSA-450385,0.03840363883149023,0.09036150313291819,27.691666666666666,90.26384147630849,1,ZFP36L1
Hom/Reg-like NPCs,up_in_severe,GO:BP,GO_Biological_Process_2025,63,Negative Regulation of Apoptotic Signaling Pathway (GO:2001234),0.0065990209275240104,0.09081509752640186,8.37718309859155,42.060445602224554,3,GSTP1;PLAUR;CLU
Hom-NPCs,up_in_severe,GO:BP,GO_Biological_Process_2025,58,Aerobic Respiration (GO:0009060),0.006977317271428878,0.091667513117738,8.19933829611249,40.710458985598024,3,NDUFA2;NDUFB2;NDUFB1
Hom-NPCs,up_in_severe,KEGG,KEGG_2021_Human,21,Focal adhesion,0.016048970155719492,0.09170840088982567,4.349370999779298,17.97208199506887,4,COMP;COL1A1;COL1A2;FN1
Hom/Reg-like NPCs,up_in_severe,REAC,Reactome_2022,84,Interleukin-10 Signaling R-HSA-6783783,0.02251973772740635,0.09195559572024259,9.142988717476399,34.682676225609036,2,IL1R1;TIMP1
Hom-NPCs,up_in_severe,REAC,Reactome_2022,70,Formation Of HIV Elongation Complex In Absence Of HIV Tat R-HSA-167152,0.019743303775455433,0.0922294333510561,9.827313211281544,38.57162350571695,2,POLR2F;ELOB
Fibro-NPCs,up_in_severe,GO:BP,GO_Biological_Process_2025,64,Positive Regulation of Leukocyte Differentiation (GO:1902107),0.015991582954907876,0.0922413045804831,73.88148148148149,305.55110809661255,1,LGALS1
Fibro-NPCs,up_in_severe,GO:BP,GO_Biological_Process_2025,65,Positive Regulation of Myotube Differentiation (GO:0010831),0.015991582954907876,0.0922413045804831,73.88148148148149,305.55110809661255,1,MMP14
Fibro-NPCs,up_in_severe,GO:BP,GO_Biological_Process_2025,66,Negative Regulation of Neuron Projection Regeneration (GO:0070571),0.015991582954907876,0.0922413045804831,73.88148148148149,305.55110809661255,1,THY1
Fibro-NPCs,up_in_severe,GO:BP,GO_Biological_Process_2025,67,Immunological Synapse Formation (GO:0001771),0.015991582954907876,0.0922413045804831,73.88148148148149,305.55110809661255,1,CD81
Fibro-NPCs,up_in_severe,GO:BP,GO_Biological_Process_2025,68,Regulation of Cardiac Muscle Hypertrophy in Response to Stress (GO:1903242),0.015991582954907876,0.0922413045804831,73.88148148148149,305.55110809661255,1,LMNA
Fibro-NPCs,up_in_severe,GO:BP,GO_Biological_Process_2025,69,Regulation of Cellular Extravasation (GO:0002691),0.015991582954907876,0.0922413045804831,73.88148148148149,305.55110809661255,1,THY1
Eff-NPCs,up_in_severe,REAC,Reactome_2022,30,Regulation Of mRNA Stability By Proteins That Bind AU-rich Elements R-HSA-450531,0.04736048219236788,0.09268402877750276,22.875862068965517,69.77062685533508,1,ZFP36
Eff-NPCs,up_in_severe,REAC,Reactome_2022,31,Antimicrobial Peptides R-HSA-6803157,0.04788674820170976,0.09268402877750276,22.614772727272726,68.72440526863295,1,CLU
Fibro-NPCs,up_in_severe,GO:BP,GO_Biological_Process_2025,70,Ribosomal Small Subunit Biogenesis (GO:0042274),0.016368399560411893,0.09306604321491334,10.882256297918948,44.75221973547816,2,RPS14;RPS19
Hom-NPCs,up_in_severe,GO:BP,GO_Biological_Process_2025,59,Positive Regulation of Tumor Necrosis Factor Production (GO:0032760),0.007217416777839561,0.09321477262226686,8.095140873826052,39.91922962884147,3,NDUFA2;HSPB1;CLU
Fibro-reg NPCs,up_in_severe,REAC,Reactome_2022,60,Meiosis R-HSA-1500620,0.030518383504934975,0.09323692729245833,7.694573643410853,26.849645630902344,2,SUN2;LMNA
Fibro-reg NPCs,up_in_severe,REAC,Reactome_2022,61,Crosslinking Of Collagen Fibrils R-HSA-2243919,0.030577701961505156,0.09323692729245833,36.30054644808743,126.59758326788086,1,PCOLCE
ECM/Adh-NPCs,up_in_severe,KEGG,KEGG_2021_Human,14,Diabetic cardiomyopathy,0.015011063572982562,0.09328303791782021,6.1715625,25.914192078770647,3,COL1A1;COL3A1;COL1A2
Hom-NPCs,up_in_severe,KEGG,KEGG_2021_Human,22,Proteoglycans in cancer,0.017127399693887324,0.09342218014847631,4.2619511139952415,17.33367813653055,4,COL1A1;COL1A2;PLAUR;FN1
Fibro-NPCs,up_in_severe,GO:BP,GO_Biological_Process_2025,71,Integrin-Mediated Signaling Pathway (GO:0007229),0.01673384883512475,0.09380382868140352,10.752164502164502,43.979812156629485,2,COL3A1;THY1
Eff-NPCs,up_in_severe,GO:BP,GO_Biological_Process_2025,167,Protein Homooligomerization (GO:0051260),0.07591574223870662,0.09409915355336687,13.976760563380282,36.0339226016509,1,COMP
Hom/Reg-like NPCs,up_in_severe,REAC,Reactome_2022,85,XBP1(S) Activates Chaperone Genes R-HSA-381038,0.023465431936928148,0.09468991946313358,8.934743474347435,33.52518500734916,2,TSPYL2;LMNA
Hom-NPCs,up_in_severe,GO:BP,GO_Biological_Process_2025,60,Negative Regulation of Protein Phosphorylation (GO:0001933),0.007462369716012501,0.09477209539335876,7.993548387096774,39.15145883087279,3,GSTP1;HSPB1;CIB1
Fibro-NPCs,up_in_severe,KEGG,KEGG_2021_Human,12,GnRH signaling pathway,0.019388542800042062,0.09532700210020681,9.921578421578422,39.12150764117507,2,MMP14;MMP2
Fibro-reg NPCs,up_in_severe,REAC,Reactome_2022,62,MAPK6/MAPK4 Signaling R-HSA-5687128,0.03180431676690898,0.09541295030072694,7.518939393939394,25.926455315447807,2,MMP2;HSPB1
ECM/Adh-NPCs,up_in_severe,REAC,Reactome_2022,79,Response To Elevated Platelet Cytosolic Ca2+ R-HSA-76005,0.043462180009694484,0.095726826856795455,6.32047193877551,19.820141326730162,2,SERPING1;CLU
Hom/Reg-like NPCs,up_in_severe,GO:BP,GO_Biological_Process_2025,64,Transforming Growth Factor Beta Receptor Signaling Pathway (GO:0007179),0.007103735698587434,0.09581751168930762,8.146849315068494,40.30355913833135,3,COL3A1;COL1A2;ID1
Hom/Reg-like NPCs,up_in_severe,GO:BP,GO_Biological_Process_2025,65,Cellular Response to Lipid (GO:0071396),0.007269995558388947,0.09581751168930762,4.381962391943677,21.57678105807989,5,GSTP1;ZC3H12A;ZNF703;NDUFA2;GBP2
Hom/Reg-like NPCs,up_in_severe,GO:BP,GO_Biological_Process_2025,66,Negative Regulation of Interleukin-1 Beta Production (GO:0032691),0.007294066633788123,0.09581751168930762,17.110632802410677,84.19618904330586,2,GSTP1;ZC3H12A
Hom/Reg-like NPCs,up_in_severe,REAC,Reactome_2022,86,Glycosaminoglycan Metabolism R-HSA-1630316,0.02413830690954321,0.09627254965085257,5.0717948717948715,18.887136896701445,3,ACAN;BGN;PRELP
Fibro-NPCs,up_in_severe,GO:BP,GO_Biological_Process_2025,72,Regulation of Epithelial Cell Apoptotic Process (GO:1904035),0.018255584335152574,0.09687630087187632,63.32380952380952,253.50320962011816,1,ZFP36L1
Fibro-NPCs,up_in_severe,GO:BP,GO_Biological_Process_2025,73,Regulation of mRNA 3'-End Processing (GO:0031440),0.018255584335152574,0.09687630087187632,63.32380952380952,253.50320962011816,1,ZFP36L1
Fibro-NPCs,up_in_severe,GO:BP,GO_Biological_Process_2025,74,"Regulation of CD4-positive, Alpha-Beta T Cell Proliferation (GO:2000561)",0.018255584335152574,0.09687630087187632,63.32380952380952,253.50320962011816,1,CD81
Fibro-NPCs,up_in_severe,GO:BP,GO_Biological_Process_2025,75,Positive Regulation of Adaptive Immune Response (GO:0002821),0.018255584335152574,0.09687630087187632,63.32380952380952,253.50320962011816,1,CD81
Eff-NPCs,up_in_severe,GO:BP,GO_Biological_Process_2025,168,Cellular Response to Growth Factor Stimulus (GO:0071363),0.07949367100398377,0.09794755891562287,13.315436241610739,33.71572144348522,1,ZFP36
Eff-NPCs,up_in_severe,GO:BP,GO_Biological_Process_2025,169,Protein Localization to Organelle (GO:0033365),0.0800037743240655,0.09799278866912164,13.226,33.40466307421403,1,COL1A1
Fibro-NPCs,up_in_severe,REAC,Reactome_2022,69,Initiation Of Nuclear Envelope (NE) Reformation R-HSA-2995383,0.04282574798293701,0.09869443591791471,24.612345679012346,77.54404440566205,1,LMNA
Fibro-NPCs,up_in_severe,REAC,Reactome_2022,70,Chondroitin Sulfate Biosynthesis R-HSA-2022870,0.045029336387548594,0.09869443591791471,23.31578947368421,72.28923154104575,1,BGN
Fibro-NPCs,up_in_severe,REAC,Reactome_2022,71,Defective B3GALT6 Causes EDSP2 And SEMDJL1 R-HSA-4420332,0.045029336387548594,0.09869443591791471,23.31578947368421,72.28923154104575,1,BGN
Fibro-NPCs,up_in_severe,REAC,Reactome_2022,72,Defective B3GAT3 Causes JDSSDHD R-HSA-3560801,0.045029336387548594,0.09869443591791471,23.31578947368421,72.28923154104575,1,BGN
Fibro-NPCs,up_in_severe,REAC,Reactome_2022,73,"Defective B4GALT7 Causes EDS, Progeroid Type R-HSA-3560783",0.045029336387548594,0.09869443591791471,23.31578947368421,72.28923154104575,1,BGN
Fibro-reg NPCs,up_in_severe,REAC,Reactome_2022,63,Dermatan Sulfate Biosynthesis R-HSA-2022923,0.03358440490598319,0.09915395734147418,32.66885245901639,110.86807091829407,1,BGN
Hom-NPCs,up_in_severe,GO:BP,GO_Biological_Process_2025,61,Positive Regulation of Tumor Necrosis Factor Superfamily Cytokine Production (GO:1903557),0.007966926418912959,0.09952127756084712,7.797797010228167,37.682514881754805,3,NDUFA2;HSPB1;CLU
Hom/Reg-like NPCs,up_in_severe,KEGG,KEGG_2021_Human,11,Complement and coagulation cascades,0.009654285621265505,0.10005350552947886,7.249390243902439,33.6397323500477,3,PLAUR;SERPING1;CLU
Hom/Reg-like NPCs,up_in_severe,REAC,Reactome_2022,87,IRE1alpha Activates Chaperones R-HSA-381070,0.02540499980992111,0.10015994177934415,8.545415411106328,31.385681035487067,2,TSPYL2;LMNA
Hom/Reg-like NPCs,up_in_severe,GO:BP,GO_Biological_Process_2025,67,Protein Localization to Organelle (GO:0033365),0.007747505379550323,0.10025503229955418,5.4284339998625715,26.38427578791348,4,COL1A1;LAMP1;LMNA;GBP2
Fibro-NPCs,up_in_severe,REAC,Reactome_2022,74,Deregulated CDK5 Triggers Neurodegenerative Pathways In Alzheimers Disease Models R-HSA-8862803,0.047227961937659255,0.10075298546700641,22.148888888888887,67.61544465949056,1,LMNA
Fibro-NPCs,up_in_severe,REAC,Reactome_2022,75,Initial Triggering Of Complement R-HSA-166663,0.047227961937659255,0.10075298546700641,22.148888888888887,67.61544465949056,1,C1R
Eff-NPCs,up_in_severe,KEGG,KEGG_2021_Human,7,Cholesterol metabolism,0.027165344857992397,0.10127442320352004,40.69387755102041,146.73452100035948,1,LRP1
Eff-NPCs,up_in_severe,KEGG,KEGG_2021_Human,8,Glutathione metabolism,0.030914490381785415,0.10127442320352004,35.59464285714286,123.7458530082544,1,GPX3
Eff-NPCs,up_in_severe,KEGG,KEGG_2021_Human,9,Arachidonic acid metabolism,0.03305095755598113,0.10127442320352004,33.215,113.25334294423654,1,GPX3
Eff-NPCs,up_in_severe,KEGG,KEGG_2021_Human,10,Thyroid hormone synthesis,0.04049491842710541,0.10127442320352004,26.91216216216216,86.2959682120762,1,GPX3
Eff-NPCs,up_in_severe,KEGG,KEGG_2021_Human,11,Complement and coagulation cascades,0.0457800971719973,0.10127442320352004,23.696428571428573,73.07755450297252,1,CLU
Eff-NPCs,up_in_severe,KEGG,KEGG_2021_Human,12,Salivary secretion,0.049989170431872655,0.10127442320352004,21.627173913043478,64.79390764349345,1,CST3
Eff-NPCs,up_in_severe,KEGG,KEGG_2021_Human,13,AGE-RAGE signaling pathway in diabetic complications,0.05365825675086383,0.10127442320352004,20.09090909090909,58.768318421882675,1,COL1A1
Eff-NPCs,up_in_severe,KEGG,KEGG_2021_Human,14,Amoebiasis,0.05470419842989522,0.10127442320352004,19.69108910891089,57.218658530075224,1,COL1A1
Eff-NPCs,up_in_severe,KEGG,KEGG_2021_Human,15,TNF signaling pathway,0.059918160687097384,0.10127442320352004,17.90810810810811,50.40730639649694,1,JUNB
Eff-NPCs,up_in_severe,KEGG,KEGG_2021_Human,16,"Growth hormone synthesis, secretion and action",0.06355236396517258,0.10127442320352004,16.839830508474577,46.408738746473205,1,JUNB
Eff-NPCs,up_in_severe,KEGG,KEGG_2021_Human,17,Platelet activation,0.06614039888187752,0.10127442320352004,16.151219512195123,43.86631714557356,1,COL1A1
Eff-NPCs,up_in_severe,KEGG,KEGG_2021_Human,18,Osteoclast differentiation,0.0676900970783306,0.10127442320352004,15.764285714285714,42.45031112549025,1,JUNB
Eff-NPCs,up_in_severe,KEGG,KEGG_2021_Human,19,Relaxin signaling pathway,0.06872193003096003,0.10127442320352004,15.51640625,41.54807800311569,1,COL1A1
ECM/Adh-NPCs,up_in_severe,REAC,Reactome_2022,80,Innate Immune System R-HSA-168249,0.046995185034327175,0.10176761672404863,2.451571104632329,7.4961937976129045,6,CST3;GSN;LAMP1;CD81;SERPING1;CLU
ECM/Adh-NPCs,up_in_severe,REAC,Reactome_2022,81,Initiation Of Nuclear Envelope (NE) Reformation R-HSA-2995383,0.04737458019912608,0.10176761672404863,22.145555555555557,67.53662482568532,1,LMNA
ECM/Adh-NPCs,up_in_severe,REAC,Reactome_2022,82,Chondroitin Sulfate Biosynthesis R-HSA-2022870,0.04980607892472869,0.10195597332826814,20.978947368421053,62.92883309083605,1,BGN
ECM/Adh-NPCs,up_in_severe,REAC,Reactome_2022,83,Defective B3GALT6 Causes EDSP2 And SEMDJL1 R-HSA-4420332,0.04980607892472869,0.10195597332826814,20.978947368421053,62.92883309083605,1,BGN
ECM/Adh-NPCs,up_in_severe,REAC,Reactome_2022,84,Defective B3GAT3 Causes JDSSDHD R-HSA-3560801,0.04980607892472869,0.10195597332826814,20.978947368421053,62.92883309083605,1,BGN
ECM/Adh-NPCs,up_in_severe,REAC,Reactome_2022,85,"Defective B4GALT7 Causes EDS, Progeroid Type R-HSA-3560783",0.04980607892472869,0.10195597332826814,20.978947368421053,62.92883309083605,1,BGN
Fibro-reg NPCs,up_in_severe,KEGG,KEGG_2021_Human,14,Human papillomavirus infection,0.019381303879737792,0.10244403479289975,4.136032900980703,16.31022403349678,4,COMP;COL1A1;COL1A2;COL6A2
Fibro-NPCs,up_in_severe,GO:BP,GO_Biological_Process_2025,76,Tooth Mineralization (GO:0034505),0.020514490407793847,0.10335148332027787,55.40555555555556,215.34055050751047,1,COL1A1
Fibro-NPCs,up_in_severe,GO:BP,GO_Biological_Process_2025,77,Positive Regulation of Monocyte Differentiation (GO:0045657),0.020514490407793847,0.10335148332027787,55.40555555555556,215.34055050751047,1,ZFP36L1
Fibro-NPCs,up_in_severe,GO:BP,GO_Biological_Process_2025,78,Positive Regulation of Protein Exit From Endoplasmic Reticulum (GO:0070863),0.020514490407793847,0.10335148332027787,55.40555555555556,215.34055050751047,1,CD81
Fibro-NPCs,up_in_severe,GO:BP,GO_Biological_Process_2025,79,Regulation of Protein Exit From Endoplasmic Reticulum (GO:0070861),0.020514490407793847,0.10335148332027787,55.40555555555556,215.34055050751047,1,CD81
Eff-NPCs,up_in_severe,GO:BP,GO_Biological_Process_2025,170,Response to Lipopolysaccharide (GO:0032496),0.08509069246445834,0.10361043141260515,12.393125,30.537126243364618,1,ZFP36
Hom/Reg-like NPCs,up_in_severe,GO:BP,GO_Biological_Process_2025,68,Regulation of mRNA Stability (GO:0043488),0.008180351614532701,0.10429948308529194,7.722077922077922,37.11246205190594,3,ALKBH5;FUS;MAPKAPK2
Hom-NPCs,up_in_severe,GO:BP,GO_Biological_Process_2025,62,Defense Response to Gram-negative Bacterium (GO:0050829),0.008491161831868562,0.10435911799812653,7.61136712749616,36.296550506563094,3,RPS19;DEFB1;ROMO1
ECM/Adh-NPCs,up_in_severe,REAC,Reactome_2022,86,Intrinsic Pathway Of Fibrin Clot Formation R-HSA-140837,0.0522314930213008,0.1044629860426016,19.929,58.83179608335473,1,SERPING1
ECM/Adh-NPCs,up_in_severe,REAC,Reactome_2022,87,Deregulated CDK5 Triggers Neurodegenerative Pathways In Alzheimers Disease Models R-HSA-8862803,0.0522314930213008,0.1044629860426016,19.929,58.83179608335473,1,LMNA
Hom/Reg-like NPCs,up_in_severe,REAC,Reactome_2022,88,Platelet Degranulation R-HSA-114608,0.026816010505263787,0.10452149549210772,4.862704918032787,17.596943390636156,3,SERPING1;TIMP1;CLU
Fibro-reg NPCs,up_in_severe,GO:BP,GO_Biological_Process_2025,19,Collagen Catabolic Process (GO:0030574),0.004149430576332218,0.10476237243491707,22.883908045977012,125.51329647647898,2,MMP14;MMP2
Fibro-reg NPCs,up_in_severe,GO:BP,GO_Biological_Process_2025,20,Regulation of Angiogenesis (GO:0045765),0.004165501886080202,0.10476237243491707,6.573713143428286,36.02998604569093,4,SPARC;SERPINF1;HSPB1;CYP1B1
Fibro-reg NPCs,up_in_severe,GO:BP,GO_Biological_Process_2025,21,Endodermal Cell Differentiation (GO:0035987),0.0044172628619499185,0.105803962836229,22.12,119.93983901217388,2,MMP14;MMP2
Fibro-reg NPCs,up_in_severe,REAC,Reactome_2022,64,Pregnenolone Biosynthesis R-HSA-196108,0.03658193288429582,0.10631624244498473,29.69746646795827,98.24518225287433,1,TSPO
Hom-NPCs,up_in_severe,REAC,Reactome_2022,71,mRNA Splicing - Minor Pathway R-HSA-72165,0.023164768799963525,0.1066884422195503,8.989135355364418,33.845197946063955,2,POLR2F;SNRPB
Fibro-NPCs,up_in_severe,GO:BP,GO_Biological_Process_2025,80,Regulation of Macrophage Migration (GO:1905521),0.022768312266926525,0.10787843193138996,49.24691358024691,186.27081295676348,1,CD81
Fibro-NPCs,up_in_severe,GO:BP,GO_Biological_Process_2025,81,Regulation of Mononuclear Cell Migration (GO:0071675),0.022768312266926525,0.10787843193138996,49.24691358024691,186.27081295676348,1,CD81
Fibro-NPCs,up_in_severe,GO:BP,GO_Biological_Process_2025,82,Biomineral Tissue Development (GO:0031214),0.022768312266926525,0.10787843193138996,49.24691358024691,186.27081295676348,1,COL1A1
Fibro-NPCs,up_in_severe,GO:BP,GO_Biological_Process_2025,83,Protein Localization to Nuclear Envelope (GO:0090435),0.022768312266926525,0.10787843193138996,49.24691358024691,186.27081295676348,1,LMNA
Fibro-NPCs,up_in_severe,GO:BP,GO_Biological_Process_2025,84,Negative Regulation of T-helper 17 Cell Differentiation (GO:2000320),0.022768312266926525,0.10787843193138996,49.24691358024691,186.27081295676348,1,LGALS1
Hom/Reg-like NPCs,up_in_severe,GO:BP,GO_Biological_Process_2025,69,Regulation of Interleukin-1 Beta Production (GO:0032651),0.008752687786864392,0.1082671053473435,7.525822784810127,35.66031691627956,3,GSTP1;ZC3H12A;HSPB1
Hom/Reg-like NPCs,up_in_severe,GO:BP,GO_Biological_Process_2025,70,Positive Regulation of Tumor Necrosis Factor Production (GO:0032760),0.008752687786864392,0.1082671053473435,7.525822784810127,35.66031691627956,3,NDUFA2;HSPB1;CLU
Hom/Reg-like NPCs,up_in_severe,GO:BP,GO_Biological_Process_2025,71,Negative Regulation of Protein Phosphorylation (GO:0001933),0.009047451254576157,0.1082671053473435,7.431375,34.96664212292232,3,GSTP1;ZC3H12A;HSPB1
Hom/Reg-like NPCs,up_in_severe,GO:BP,GO_Biological_Process_2025,72,Regulation of Protein Kinase Activity (GO:0045859),0.009047451254576157,0.1082671053473435,7.431375,34.96664212292232,3,TSPYL2;GSTP1;HSPB1
Hom/Reg-like NPCs,up_in_severe,GO:BP,GO_Biological_Process_2025,73,Skeletal System Development (GO:0001501),0.009452148743635718,0.1082671053473435,5.112924112924113,23.833963156302122,4,COMP;COL1A1;COL1A2;PRELP
Hom/Reg-like NPCs,up_in_severe,GO:BP,GO_Biological_Process_2025,74,Positive Regulation of Tumor Necrosis Factor Superfamily Cytokine Production (GO:1903557),0.009654285621265505,0.1082671053473435,7.249390243902439,33.6397323500477,3,NDUFA2;HSPB1;CLU
Hom/Reg-like NPCs,up_in_severe,GO:BP,GO_Biological_Process_2025,75,Ribosome Biogenesis (GO:0042254),0.009655403180750368,0.1082671053473435,5.0801003667245705,23.572872759975148,4,RPS14;RPS9;RPS19;RPS11
Hom/Reg-like NPCs,up_in_severe,GO:BP,GO_Biological_Process_2025,76,Negative Regulation of Interleukin-1 Production (GO:0032692),0.0097402932146399,0.1082671053473435,14.572790612394574,67.49364739616996,2,GSTP1;ZC3H12A
Hom/Reg-like NPCs,up_in_severe,GO:BP,GO_Biological_Process_2025,77,Response to Interferon-Beta (GO:0035456),0.0097402932146399,0.1082671053473435,14.572790612394574,67.49364739616996,2,IFITM3;IFITM2
Hom/Reg-like NPCs,up_in_severe,GO:BP,GO_Biological_Process_2025,78,Vascular Endothelial Growth Factor Receptor Signaling Pathway (GO:0048010),0.0097402932146399,0.1082671053473435,14.572790612394574,67.49364739616996,2,MAPKAPK2;HSPB1
Fibro-NPCs,up_in_severe,REAC,Reactome_2022,76,Canonical Retinoid Cycle In Rods (Twilight Vision) R-HSA-2453902,0.05161036810287483,0.10865340653236806,20.133333333333333,59.67585824831113,1,RBP4
ECM/Adh-NPCs,up_in_severe,REAC,Reactome_2022,88,Immune System R-HSA-168256,0.055158418046315695,0.10906323568248785,1.9960481607327523,5.7836411759740445,9,CST3;MT2A;GSN;COL1A2;LAMP1;CD81;IL1R1;SERPING1;CLU
Hom-NPCs,up_in_severe,GO:BP,GO_Biological_Process_2025,63,Positive Regulation of Nitric Oxide Biosynthetic Process (GO:0045429),0.009087823485852032,0.10991938882887696,15.103343465045592,70.99809661026983,2,HBB;CLU
Fibro-NPCs,up_in_severe,REAC,Reactome_2022,77,Defective Intrinsic Pathway For Apoptosis R-HSA-9734009,0.05379417048562001,0.11034701638075899,19.257004830917875,56.28033307969816,1,LMNA
Fibro-NPCs,up_in_severe,REAC,Reactome_2022,78,RUNX2 Regulates Osteoblast Differentiation R-HSA-8940973,0.05379417048562001,0.11034701638075899,19.257004830917875,56.28033307969816,1,COL1A1
Hom-NPCs,up_in_severe,GO:BP,GO_Biological_Process_2025,64,Mitochondrial Respiratory Chain Complex Assembly (GO:0033108),0.009314768561509196,0.11090396318546887,7.347793845012977,34.35941646878212,3,COX17;NDUFB2;NDUFAF3
Eff-NPCs,up_in_severe,GO:BP,GO_Biological_Process_2025,171,Positive Regulation of DNA-binding Transcription Factor Activity (GO:0051091),0.0916654573897091,0.11096344841912155,11.454335260115608,27.371390211455186,1,CLU
ECM/Adh-NPCs,up_in_severe,GO:BP,GO_Biological_Process_2025,38,Nucleus Organization (GO:0006997),0.008684774419685168,0.11130224058912307,15.322294955718137,72.72242891249378,2,RPS19;LMNA
Hom-NPCs,up_in_severe,GO:BP,GO_Biological_Process_2025,65,Positive Regulation of Nitric Oxide Metabolic Process (GO:1904407),0.00968443709523493,0.11181122828134873,14.581804842259722,67.61925731038481,2,HBB;CLU
Hom-NPCs,up_in_severe,GO:BP,GO_Biological_Process_2025,66,Regulation of Protein Modification Process (GO:0031399),0.00968443709523493,0.11181122828134873,14.581804842259722,67.61925731038481,2,FN1;HSPB1
ECM/Adh-NPCs,up_in_severe,GO:BP,GO_Biological_Process_2025,39,Negative Regulation of Innate Immune Response (GO:0045824),0.009303749458477008,0.11233128659903359,14.763636363636364,69.05451431828929,2,RPS19;SERPING1
ECM/Adh-NPCs,up_in_severe,GO:BP,GO_Biological_Process_2025,40,Myeloid Cell Differentiation (GO:0030099),0.009303749458477008,0.11233128659903359,14.763636363636364,69.05451431828929,2,RPS14;RPS19
ECM/Adh-NPCs,up_in_severe,GO:BP,GO_Biological_Process_2025,41,Positive Regulation of Type II Interferon Production (GO:0032729),0.009620434122628242,0.11233128659903359,14.49927113702624,67.33267063743956,2,SLC7A5;IL1R1
ECM/Adh-NPCs,up_in_severe,GO:BP,GO_Biological_Process_2025,42,Negative Regulation of Intrinsic Apoptotic Signaling Pathway (GO:2001243),0.010268070447632973,0.11233128659903359,13.997888810696692,64.09235963490565,2,HSPB1;CLU
ECM/Adh-NPCs,up_in_severe,GO:BP,GO_Biological_Process_2025,43,Negative Regulation of Protein Kinase Activity (GO:0006469),0.010268070447632973,0.11233128659903359,13.997888810696692,64.09235963490565,2,HSPB1;THY1
ECM/Adh-NPCs,up_in_severe,GO:BP,GO_Biological_Process_2025,44,Epithelial Cell Apoptotic Process (GO:1904019),0.012686284934182437,0.11233128659903359,99.725,435.52239025630115,1,GSN
ECM/Adh-NPCs,up_in_severe,GO:BP,GO_Biological_Process_2025,45,Regulation of Establishment of T Cell Polarity (GO:1903903),0.012686284934182437,0.11233128659903359,99.725,435.52239025630115,1,GSN
ECM/Adh-NPCs,up_in_severe,GO:BP,GO_Biological_Process_2025,46,Negative Regulation of Insulin-Like Growth Factor Receptor Signaling Pathway (GO:0043569),0.012686284934182437,0.11233128659903359,99.725,435.52239025630115,1,CILP
ECM/Adh-NPCs,up_in_severe,GO:BP,GO_Biological_Process_2025,47,Negative Regulation of Neuron Migration (GO:2001223),0.012686284934182437,0.11233128659903359,99.725,435.52239025630115,1,COL3A1
ECM/Adh-NPCs,up_in_severe,GO:BP,GO_Biological_Process_2025,48,Positive Regulation of Platelet-Derived Growth Factor Receptor Signaling Pathway (GO:0010641),0.012686284934182437,0.11233128659903359,99.725,435.52239025630115,1,IL1R1
ECM/Adh-NPCs,up_in_severe,GO:BP,GO_Biological_Process_2025,49,Regulation of Respiratory Burst Involved in Inflammatory Response (GO:0060264),0.012686284934182437,0.11233128659903359,99.725,435.52239025630115,1,RPS19
ECM/Adh-NPCs,up_in_severe,GO:BP,GO_Biological_Process_2025,50,Protein Import (GO:0017038),0.012686284934182437,0.11233128659903359,99.725,435.52239025630115,1,CLU
ECM/Adh-NPCs,up_in_severe,GO:BP,GO_Biological_Process_2025,51,Positive Regulation of T-helper 1 Cell Cytokine Production (GO:2000556),0.012686284934182437,0.11233128659903359,99.725,435.52239025630115,1,IL1R1
ECM/Adh-NPCs,up_in_severe,GO:BP,GO_Biological_Process_2025,52,Regulation of T-helper 1 Cell Cytokine Production (GO:2000554),0.012686284934182437,0.11233128659903359,99.725,435.52239025630115,1,IL1R1
ECM/Adh-NPCs,up_in_severe,GO:BP,GO_Biological_Process_2025,53,Regulation of Blood Vessel Remodeling (GO:0060312),0.012686284934182437,0.11233128659903359,99.725,435.52239025630115,1,CST3
ECM/Adh-NPCs,up_in_severe,GO:BP,GO_Biological_Process_2025,54,Negative Regulation of Cardiac Muscle Adaptation (GO:0010616),0.012686284934182437,0.11233128659903359,99.725,435.52239025630115,1,LMNA
ECM/Adh-NPCs,up_in_severe,GO:BP,GO_Biological_Process_2025,55,Negative Regulation of Cardiac Muscle Hypertrophy in Response to Stress (GO:1903243),0.012686284934182437,0.11233128659903359,99.725,435.52239025630115,1,LMNA
Hom/Reg-like NPCs,up_in_severe,KEGG,KEGG_2021_Human,12,Protein processing in endoplasmic reticulum,0.011845742970418682,0.11253455821897748,4.773483336357588,21.174153986529163,4,SSR4;FBXO2;RRBP1;P4HB
Eff-NPCs,up_in_severe,KEGG,KEGG_2021_Human,20,Phagosome,0.08051362066732017,0.11271906893424823,13.137748344370861,33.09830919045184,1,COMP
Hom/Reg-like NPCs,up_in_severe,GO:BP,GO_Biological_Process_2025,79,Positive Regulation of Biosynthetic Process (GO:0009891),0.010284342515781492,0.11286740457193106,7.076071428571429,32.388117813123294,3,NNMT;SCX;CLU
Hom/Reg-like NPCs,up_in_severe,REAC,Reactome_2022,89,Signaling By PDGF R-HSA-186797,0.029471649437231802,0.11298548911517955,7.86019801980198,27.701904284541715,2,COL6A2;COL9A3
Hom/Reg-like NPCs,up_in_severe,REAC,Reactome_2022,90,Response To Elevated Platelet Cytosolic Ca2+ R-HSA-76005,0.029646338251796387,0.11298548911517955,4.67007874015748,16.43128284410212,3,SERPING1;TIMP1;CLU
Fibro-reg NPCs,up_in_severe,GO:BP,GO_Biological_Process_2025,22,Positive Regulation of T Cell Activation (GO:0050870),0.00496074533526793,0.1134206774381713,9.336158192090396,49.539515879892285,3,CD81;THY1;CD276
Hom/Reg-like NPCs,up_in_severe,GO:BP,GO_Biological_Process_2025,80,Regulation of Apoptotic Process (GO:0042981),0.010470440166041012,0.11347339529946947,2.645308434103781,12.060488134325377,9,COMP;LGALS1;GADD45B;TNFRSF12A;GSTP1;PLAUR;SCX;HSPB1;CLU
Hom/Reg-like NPCs,up_in_severe,GO:BP,GO_Biological_Process_2025,81,Regulation of Type II Interferon Production (GO:0032649),0.010608131113451096,0.11354629228842099,6.992470588235294,31.788711681767058,3,IL1R1;ZC3H12A;NDUFA2
Fibro-NPCs,up_in_severe,GO:BP,GO_Biological_Process_2025,85,Regulation of Dendritic Cell Differentiation (GO:2001198),0.025017061022238465,0.11391230724205724,44.32,163.46090194189088,1,LGALS1
Fibro-NPCs,up_in_severe,GO:BP,GO_Biological_Process_2025,86,"+ Reg of Nuclear-Transcribed mRNA Cat Proc, Deadenylation-Dep Decay (GO:1900153)",0.025017061022238465,0.11391230724205724,44.32,163.46090194189088,1,ZFP36L1
Fibro-NPCs,up_in_severe,GO:BP,GO_Biological_Process_2025,87,Positive Regulation of B Cell Differentiation (GO:0045579),0.025017061022238465,0.11391230724205724,44.32,163.46090194189088,1,MMP14
Fibro-NPCs,up_in_severe,GO:BP,GO_Biological_Process_2025,88,Cell-Matrix Adhesion (GO:0007160),0.02518664079723879,0.11391230724205724,8.592640692640693,31.633304488371945,2,COL3A1;THY1
Fibro-NPCs,up_in_severe,GO:BP,GO_Biological_Process_2025,89,rRNA Processing (GO:0006364),0.026510499355673414,0.11420818536867901,8.352693602693602,30.322068782022388,2,RPS14;RPS19
Fibro-NPCs,up_in_severe,GO:BP,GO_Biological_Process_2025,90,Positive Regulation of T Cell Activation (GO:0050870),0.026957976643237177,0.11420818536867901,8.275646371976647,29.90384993096215,2,CD81;THY1
Fibro-NPCs,up_in_severe,GO:BP,GO_Biological_Process_2025,91,"Wound Healing, Spreading of Epidermal Cells (GO:0035313)",0.02726074776388067,0.11420818536867901,40.28888888888889,145.1329634798573,1,COL5A1
Fibro-NPCs,up_in_severe,GO:BP,GO_Biological_Process_2025,92,p38MAPK Cascade (GO:0038066),0.02726074776388067,0.11420818536867901,40.28888888888889,145.1329634798573,1,ZFP36L1
Fibro-NPCs,up_in_severe,GO:BP,GO_Biological_Process_2025,93,"Positive Regulation of CD4-positive, Alpha-Beta T Cell Activation (GO:2000516)",0.02726074776388067,0.11420818536867901,40.28888888888889,145.1329634798573,1,CD81
Fibro-NPCs,up_in_severe,GO:BP,GO_Biological_Process_2025,94,Positive Regulation of Cellular Extravasation (GO:0002693),0.02726074776388067,0.11420818536867901,40.28888888888889,145.1329634798573,1,THY1
Fibro-NPCs,up_in_severe,GO:BP,GO_Biological_Process_2025,95,Negative Regulation of Cell Cycle Phase Transition (GO:1901988),0.02726074776388067,0.11420818536867901,40.28888888888889,145.1329634798573,1,ZFP36L1
Hom/Reg-like NPCs,up_in_severe,REAC,Reactome_2022,91,LDL Remodeling R-HSA-8964041,0.030508460755968123,0.1149089752979635,39.003921568627455,136.11398334704754,1,P4HB
Hom/Reg-like NPCs,up_in_severe,REAC,Reactome_2022,92,Signaling By NTRKs R-HSA-166520,0.030821066260678258,0.1149089752979635,4.597209302325582,15.996251133964273,3,MAPKAPK2;ID1;AP2M1
ECM/Adh-NPCs,up_in_severe,REAC,Reactome_2022,89,Defective Intrinsic Pathway For Apoptosis R-HSA-9734009,0.059471376321145186,0.11497799422088069,17.32695652173913,48.901178953928365,1,LMNA
ECM/Adh-NPCs,up_in_severe,REAC,Reactome_2022,90,RUNX2 Regulates Osteoblast Differentiation R-HSA-8940973,0.059471376321145186,0.11497799422088069,17.32695652173913,48.901178953928365,1,COL1A1
Eff-NPCs,up_in_severe,GO:BP,GO_Biological_Process_2025,172,Extracellular Matrix Organization (GO:0030198),0.09569008743413483,0.11509681565422805,10.94364640883978,25.680804597127995,1,COL1A1
Eff-NPCs,up_in_severe,GO:BP,GO_Biological_Process_2025,173,Positive Regulation of Catabolic Process (GO:0009896),0.09619202467720508,0.11509681565422805,10.882967032967032,25.481475089201393,1,CLU
Fibro-NPCs,up_in_severe,GO:BP,GO_Biological_Process_2025,96,Transforming Growth Factor Beta Receptor Superfamily Signaling Pathway (GO:0141091),0.028318759568829368,0.11510543789658685,8.05275974025974,28.701894385061102,2,COL3A1;COL1A2
Fibro-NPCs,up_in_severe,GO:BP,GO_Biological_Process_2025,97,Protein Processing (GO:0016485),0.02877841834664588,0.11510543789658685,7.9810941271118265,28.31795579974051,2,MMP14;C1R
Fibro-NPCs,up_in_severe,GO:BP,GO_Biological_Process_2025,98,Positive Regulation of Type 2 Immune Response (GO:0002830),0.029499383581537333,0.11510543789658685,36.92962962962963,130.1173367501014,1,CD81
Fibro-NPCs,up_in_severe,GO:BP,GO_Biological_Process_2025,99,Positive Regulation of Viral Entry Into Host Cell (GO:0046598),0.029499383581537333,0.11510543789658685,36.92962962962963,130.1173367501014,1,LGALS1
Fibro-NPCs,up_in_severe,GO:BP,GO_Biological_Process_2025,100,Positive Regulation by Symbiont of Entry Into Host (GO:0075294),0.029499383581537333,0.11510543789658685,36.92962962962963,130.1173367501014,1,LGALS1
Fibro-NPCs,up_in_severe,GO:BP,GO_Biological_Process_2025,101,Regulation of T-helper 17 Cell Lineage Commitment (GO:2000328),0.029499383581537333,0.11510543789658685,36.92962962962963,130.1173367501014,1,LGALS1
Fibro-NPCs,up_in_severe,GO:BP,GO_Biological_Process_2025,102,Negative Regulation of Cardiac Muscle Hypertrophy (GO:0010614),0.029499383581537333,0.11510543789658685,36.92962962962963,130.1173367501014,1,LMNA
Fibro-reg NPCs,up_in_severe,GO:BP,GO_Biological_Process_2025,23,Platelet Aggregation (GO:0070527),0.005267416821029919,0.1151961156946978,20.106060606060606,105.480720831743,2,HBB;HSPB1
ECM/Adh-NPCs,up_in_severe,KEGG,KEGG_2021_Human,15,Complement and coagulation cascades,0.019890558755166265,0.11536524077996434,9.769363166953529,38.271578820886354,2,SERPING1;CLU
Eff-NPCs,up_in_severe,REAC,Reactome_2022,32,Transcriptional Regulation By RUNX2 R-HSA-8878166,0.06355236396517258,0.11649180354736297,16.839830508474577,46.408738746473205,1,COL1A1
Eff-NPCs,up_in_severe,REAC,Reactome_2022,33,Glycosaminoglycan Metabolism R-HSA-1630316,0.06407049195104964,0.11649180354736297,16.69747899159664,45.88085464119431,1,PRELP
Fibro-reg NPCs,up_in_severe,GO:BP,GO_Biological_Process_2025,24,Endoderm Formation (GO:0001706),0.005566189950907013,0.11665806438775947,19.51372549019608,101.29661717464447,2,MMP14;MMP2
Fibro-reg NPCs,up_in_severe,GO:BP,GO_Biological_Process_2025,25,Translation (GO:0006412),0.0058172874621168795,0.11704382373779162,5.961887477313975,30.68536503520145,4,RPS14;RPS9;RPS18;RPL39
Eff-NPCs,up_in_severe,REAC,Reactome_2022,34,Platelet Degranulation R-HSA-114608,0.06665722494334128,0.11763039695883755,16.02016129032258,43.385670033586294,1,CLU
Fibro-NPCs,up_in_severe,REAC,Reactome_2022,79,GAG Synthesis Requires Tetrasaccharide Linker Sequence R-HSA-1971475,0.05814702809836536,0.11776613285744884,17.714666666666666,50.394338453793885,1,BGN
ECM/Adh-NPCs,up_in_severe,REAC,Reactome_2022,91,Basigin Interactions R-HSA-210991,0.0618726005630431,0.11830585162603846,16.604166666666668,46.204046595553486,1,SLC7A5
Eff-NPCs,up_in_severe,REAC,Reactome_2022,35,Response To Elevated Platelet Cytosolic Ca2+ R-HSA-76005,0.06923745710256594,0.11869278360439875,15.395348837209303,41.1088648413353,1,CLU
Fibro-NPCs,up_in_severe,GO:BP,GO_Biological_Process_2025,103,Ribonucleoprotein Complex Biogenesis (GO:0022613),0.03112149229221569,0.11914835717390838,7.640986132511556,26.513126376251613,2,RPS14;RPS19
Fibro-NPCs,up_in_severe,GO:BP,GO_Biological_Process_2025,104,T Cell Differentiation in Thymus (GO:0033077),0.03173297954882987,0.11914835717390838,34.08717948717949,117.61436233167083,1,ZFP36L1
Fibro-NPCs,up_in_severe,GO:BP,GO_Biological_Process_2025,105,Regulation of Trophoblast Cell Migration (GO:1901163),0.03173297954882987,0.11914835717390838,34.08717948717949,117.61436233167083,1,TIMP1
Fibro-NPCs,up_in_severe,GO:BP,GO_Biological_Process_2025,106,Positive Regulation of T Cell Receptor Signaling Pathway (GO:0050862),0.03173297954882987,0.11914835717390838,34.08717948717949,117.61436233167083,1,CD81
Eff-NPCs,up_in_severe,GO:BP,GO_Biological_Process_2025,174,Negative Regulation of Cytokine Production (GO:0001818),0.10019841413797581,0.11920156164690227,10.420526315789473,23.973493243187676,1,ZFP36
Fibro-NPCs,up_in_severe,KEGG,KEGG_2021_Human,13,TNF signaling pathway,0.027408522978800767,0.11934334389720948,8.2,29.49459030195551,2,MMP14;JUNB
Fibro-NPCs,up_in_severe,KEGG,KEGG_2021_Human,14,Leukocyte transendothelial migration,0.028318759568829368,0.11934334389720948,8.05275974025974,28.701894385061102,2,MMP2;THY1
Hom/Reg-like NPCs,up_in_severe,REAC,Reactome_2022,93,Golgi Associated Vesicle Biogenesis R-HSA-432722,0.03267997105715796,0.12025832853290386,7.414160283952923,25.36378965108506,2,TPD52L1;FTL
Hom/Reg-like NPCs,up_in_severe,REAC,Reactome_2022,94,NCAM Signaling For Neurite Out-Growth R-HSA-375165,0.034891574897095566,0.12025832853290386,7.143834383438344,23.971206896696234,2,COL6A2;COL9A3
Hom/Reg-like NPCs,up_in_severe,REAC,Reactome_2022,95,Acyl Chain Remodeling Of DAG And TAG R-HSA-1482883,0.03550282496212055,0.12025832853290386,32.501633986928105,108.49510228328505,1,PNPLA2
Hom/Reg-like NPCs,up_in_severe,REAC,Reactome_2022,96,Terminal Pathway Of Complement R-HSA-166665,0.03550282496212055,0.12025832853290386,32.501633986928105,108.49510228328505,1,CLU
Hom/Reg-like NPCs,up_in_severe,REAC,Reactome_2022,97,Attachment Of GPI Anchor To uPAR R-HSA-162791,0.03550282496212055,0.12025832853290386,32.501633986928105,108.49510228328505,1,PLAUR
Hom/Reg-like NPCs,up_in_severe,REAC,Reactome_2022,98,CREB Phosphorylation R-HSA-199920,0.03550282496212055,0.12025832853290386,32.501633986928105,108.49510228328505,1,MAPKAPK2
Hom/Reg-like NPCs,up_in_severe,REAC,Reactome_2022,99,Vitamin C (Ascorbate) Metabolism R-HSA-196836,0.03550282496212055,0.12025832853290386,32.501633986928105,108.49510228328505,1,CYB5R3
Hom/Reg-like NPCs,up_in_severe,REAC,Reactome_2022,100,Reversal Of Alkylation Damage By DNA Dioxygenases R-HSA-73943,0.03550282496212055,0.12025832853290386,32.501633986928105,108.49510228328505,1,ALKBH5
Hom/Reg-like NPCs,up_in_severe,REAC,Reactome_2022,101,Nef Mediated CD8 Down-regulation R-HSA-182218,0.03550282496212055,0.12025832853290386,32.501633986928105,108.49510228328505,1,AP2M1
Hom/Reg-like NPCs,up_in_severe,REAC,Reactome_2022,102,Toll Like Receptor 4 (TLR4) Cascade R-HSA-166016,0.035761951925236714,0.12025832853290386,4.327007299270073,14.412702031418501,3,S100A1;MAPKAPK2;NDUFA2
Eff-NPCs,up_in_severe,GO:BP,GO_Biological_Process_2025,175,Regulation of Programmed Cell Death (GO:0043067),0.10219554842566242,0.12088273442349783,10.20360824742268,23.273074961378544,1,CLU
Hom-NPCs,up_in_severe,REAC,Reactome_2022,72,Innate Immune System R-HSA-168249,0.026667003713755657,0.12111264186664028,2.1416903006239365,7.762188753087806,10,CST3;CD81;GSTP1;NDUFA2;PLAUR;SERPING1;POLR2F;DEFB1;CLU;S100A11
Fibro-NPCs,up_in_severe,GO:BP,GO_Biological_Process_2025,107,Response to Cytokine (GO:0034097),0.03256260365451254,0.12112071265884103,7.450413223140496,25.514616403036424,2,COL3A1;TIMP1
ECM/Adh-NPCs,up_in_severe,REAC,Reactome_2022,92,GAG Synthesis Requires Tetrasaccharide Linker Sequence R-HSA-1971475,0.06426781435749045,0.1215499967196015,15.9392,43.74826370127252,1,BGN
Fibro-reg NPCs,up_in_severe,REAC,Reactome_2022,65,CS/DS Degradation R-HSA-2024101,0.04254957378370724,0.12175724190414687,25.12610340479193,79.32525524448647,1,BGN
Fibro-reg NPCs,up_in_severe,GO:BP,GO_Biological_Process_2025,26,Negative Regulation of DNA-binding Transcription Factor Activity (GO:0043433),0.006445916550201235,0.12196952487315986,8.46845178749466,42.71748283940349,3,SFRP4;CYP1B1;ID3
Fibro-reg NPCs,up_in_severe,GO:BP,GO_Biological_Process_2025,27,Regulation of T Cell Receptor Signaling Pathway (GO:0050856),0.0068369269831757085,0.12196952487315986,17.45614035087719,87.02613745907107,2,CD81;THY1
Fibro-reg NPCs,up_in_severe,GO:BP,GO_Biological_Process_2025,28,Negative Regulation of Kinase Activity (GO:0033673),0.007173281485323619,0.12196952487315986,17.00769230769231,83.97364496343317,2,HSPB1;THY1
Fibro-reg NPCs,up_in_severe,GO:BP,GO_Biological_Process_2025,29,Odontogenesis (GO:0042476),0.007173281485323619,0.12196952487315986,17.00769230769231,83.97364496343317,2,COL1A1;COL1A2
Fibro-reg NPCs,up_in_severe,GO:BP,GO_Biological_Process_2025,30,Positive Regulation of Programmed Cell Death (GO:0043068),0.007335088514255379,0.12196952487315986,5.566421707179197,27.35944029019604,4,SFRP4;LGALS1;GADD45B;CYP1B1
Fibro-reg NPCs,up_in_severe,GO:BP,GO_Biological_Process_2025,31,Response to Hydrogen Peroxide (GO:0042542),0.007517008491188778,0.12196952487315986,16.581666666666667,81.09408388917826,2,HBB;CYP1B1
Fibro-NPCs,up_in_severe,GO:BP,GO_Biological_Process_2025,108,Negative Regulation of Immune Effector Process (GO:0002698),0.03396154672519881,0.1220162578422314,31.650793650793652,107.05964425258333,1,RPS19
Fibro-NPCs,up_in_severe,GO:BP,GO_Biological_Process_2025,109,Regulation of Monocyte Differentiation (GO:0045655),0.03396154672519881,0.1220162578422314,31.650793650793652,107.05964425258333,1,ZFP36L1
Fibro-NPCs,up_in_severe,GO:BP,GO_Biological_Process_2025,110,Positive Regulation of Alpha-Beta T Cell Proliferation (GO:0046641),0.03396154672519881,0.1220162578422314,31.650793650793652,107.05964425258333,1,CD81
Fibro-NPCs,up_in_severe,GO:BP,GO_Biological_Process_2025,111,Regulation of Cell Motility (GO:2000145),0.03402965985047157,0.1220162578422314,7.269061583577713,24.573228316830768,2,LMNA;TMSB10
Fibro-NPCs,up_in_severe,GO:BP,GO_Biological_Process_2025,112,Protein Localization to Nucleus (GO:0034504),0.034524373359081005,0.12268482675816285,7.210545454545454,24.27134300371437,2,COL1A1;LMNA
Hom-NPCs,up_in_severe,REAC,Reactome_2022,73,Interleukin-12 Family Signaling R-HSA-447115,0.027756622441222227,0.12355217051565902,8.122749590834697,29.11421557002708,2,RPLP0;CRLF1
Hom-NPCs,up_in_severe,REAC,Reactome_2022,74,Synthesis Of 15-Eicosatetraenoic Acid Derivatives R-HSA-2142770,0.02845993752176572,0.12355217051565902,41.892631578947366,149.10667912928483,1,GPX1
Hom-NPCs,up_in_severe,REAC,Reactome_2022,75,Fibronectin Matrix Formation R-HSA-1566977,0.02845993752176572,0.12355217051565902,41.892631578947366,149.10667912928483,1,FN1
Hom-NPCs,up_in_severe,REAC,Reactome_2022,76,ECM Proteoglycans R-HSA-3000178,0.028715489171835126,0.12355217051565902,7.969088719389803,28.292803980406767,2,COMP;BGN
Hom/Reg-like NPCs,up_in_severe,REAC,Reactome_2022,103,Diseases Of Glycosylation R-HSA-3781865,0.037713948070946544,0.12394461286934977,4.233642857142857,13.876718209168802,3,ACAN;BGN;PRELP
Hom/Reg-like NPCs,up_in_severe,REAC,Reactome_2022,104,rRNA Modification In Nucleus And Cytosol R-HSA-6790901,0.03831458272019545,0.12394461286934977,6.773301468077842,22.093999395762715,2,RPS14;RPS9
Hom/Reg-like NPCs,up_in_severe,REAC,Reactome_2022,105,Meiotic Synapsis R-HSA-1221632,0.03831458272019545,0.12394461286934977,6.773301468077842,22.093999395762715,2,SUN2;LMNA
Hom/Reg-like NPCs,up_in_severe,REAC,Reactome_2022,106,Nuclear Events (Kinase And Transcription Factor Activation) R-HSA-198725,0.0394830618375028,0.12394461286934977,6.658164121496895,21.518410852995643,2,MAPKAPK2;ID1
Hom/Reg-like NPCs,up_in_severe,REAC,Reactome_2022,107,DNA Damage Reversal R-HSA-73942,0.04047171032468564,0.12394461286934977,27.857142857142858,89.34209308449353,1,ALKBH5
Hom/Reg-like NPCs,up_in_severe,REAC,Reactome_2022,108,"Defective CHST14 Causes EDS, Musculocontractural Type R-HSA-3595174",0.04047171032468564,0.12394461286934977,27.857142857142858,89.34209308449353,1,BGN
Hom/Reg-like NPCs,up_in_severe,REAC,Reactome_2022,109,Defective CHST3 Causes SEDCJD R-HSA-3595172,0.04047171032468564,0.12394461286934977,27.857142857142858,89.34209308449353,1,BGN
Hom/Reg-like NPCs,up_in_severe,REAC,Reactome_2022,110,Defective CHSY1 Causes TPBS R-HSA-3595177,0.04047171032468564,0.12394461286934977,27.857142857142858,89.34209308449353,1,BGN
Hom/Reg-like NPCs,up_in_severe,REAC,Reactome_2022,111,"Metabolism Of Ingested SeMet, Sec, MeSec Into H2Se R-HSA-2408508",0.04047171032468564,0.12394461286934977,27.857142857142858,89.34209308449353,1,NNMT
Hom/Reg-like NPCs,up_in_severe,REAC,Reactome_2022,112,Nef Mediated CD4 Down-regulation R-HSA-167590,0.04047171032468564,0.12394461286934977,27.857142857142858,89.34209308449353,1,AP2M1
Fibro-NPCs,up_in_severe,GO:BP,GO_Biological_Process_2025,113,Regulation of Stem Cell Proliferation (GO:0072091),0.036185096144207514,0.12415231263271198,29.53925925925926,98.04399035231516,1,ZFP36L1
Fibro-NPCs,up_in_severe,GO:BP,GO_Biological_Process_2025,114,Protein Localization to Vacuole (GO:0072665),0.036185096144207514,0.12415231263271198,29.53925925925926,98.04399035231516,1,CD81
Fibro-NPCs,up_in_severe,GO:BP,GO_Biological_Process_2025,115,Cellular Response to Corticosteroid Stimulus (GO:0071384),0.036185096144207514,0.12415231263271198,29.53925925925926,98.04399035231516,1,ZFP36L1
Fibro-NPCs,up_in_severe,GO:BP,GO_Biological_Process_2025,116,Regulation of B Cell Receptor Signaling Pathway (GO:0050855),0.036185096144207514,0.12415231263271198,29.53925925925926,98.04399035231516,1,CD81
Eff-NPCs,up_in_severe,GO:BP,GO_Biological_Process_2025,176,Positive Regulation of Protein Metabolic Process (GO:0051247),0.10568083944758301,0.12429507821391865,9.844776119402985,22.124477211370134,1,CLU
Fibro-NPCs,up_in_severe,GO:BP,GO_Biological_Process_2025,117,Epithelial Cell Differentiation (GO:0030855),0.03703997650926845,0.12435107647877487,6.931468531468531,22.844439422191787,2,BASP1;TAGLN2
Fibro-NPCs,up_in_severe,GO:BP,GO_Biological_Process_2025,118,Circulatory System Development (GO:0072359),0.03703997650926845,0.12435107647877487,6.931468531468531,22.844439422191787,2,COL3A1;RBP4
Fibro-NPCs,up_in_severe,GO:BP,GO_Biological_Process_2025,119,Proteolysis (GO:0006508),0.037444790383349566,0.12435107647877487,4.308029837648092,14.151394170143178,3,MMP14;MMP2;PCOLCE
Fibro-NPCs,up_in_severe,GO:BP,GO_Biological_Process_2025,120,3'-UTR-mediated mRNA Destabilization (GO:0061158),0.03840363883149023,0.12435107647877487,27.691666666666666,90.26384147630849,1,ZFP36L1
Fibro-NPCs,up_in_severe,GO:BP,GO_Biological_Process_2025,121,Eye Photoreceptor Cell Development (GO:0042462),0.03840363883149023,0.12435107647877487,27.691666666666666,90.26384147630849,1,THY1
Fibro-NPCs,up_in_severe,GO:BP,GO_Biological_Process_2025,122,Myoblast Fusion (GO:0007520),0.03840363883149023,0.12435107647877487,27.691666666666666,90.26384147630849,1,CD81
Fibro-NPCs,up_in_severe,GO:BP,GO_Biological_Process_2025,123,protein-RNA Complex Assembly (GO:0022618),0.04014922338924783,0.12435107647877487,6.623663101604278,21.29608487071024,2,RPS14;RPS19
Fibro-NPCs,up_in_severe,GO:BP,GO_Biological_Process_2025,124,Regulation of Epidermal Cell Differentiation (GO:0045604),0.04061718578452446,0.12435107647877487,26.061437908496732,83.48948444789488,1,ZFP36L1
Fibro-NPCs,up_in_severe,GO:BP,GO_Biological_Process_2025,125,Regulation of Integrin-Mediated Signaling Pathway (GO:2001044),0.04061718578452446,0.12435107647877487,26.061437908496732,83.48948444789488,1,TIMP1
Fibro-NPCs,up_in_severe,GO:BP,GO_Biological_Process_2025,126,Negative Regulation of Reproductive Process (GO:2000242),0.04061718578452446,0.12435107647877487,26.061437908496732,83.48948444789488,1,TIMP1
Fibro-NPCs,up_in_severe,GO:BP,GO_Biological_Process_2025,127,Cellular Response to Glucocorticoid Stimulus (GO:0071385),0.04061718578452446,0.12435107647877487,26.061437908496732,83.48948444789488,1,ZFP36L1
Fibro-NPCs,up_in_severe,GO:BP,GO_Biological_Process_2025,128,Regulation of Viral Entry Into Host Cell (GO:0046596),0.04061718578452446,0.12435107647877487,26.061437908496732,83.48948444789488,1,LGALS1
Fibro-NPCs,up_in_severe,GO:BP,GO_Biological_Process_2025,129,Positive Regulation of Antigen Receptor-Mediated Signaling Pathway (GO:0050857),0.04061718578452446,0.12435107647877487,26.061437908496732,83.48948444789488,1,CD81
Fibro-NPCs,up_in_severe,GO:BP,GO_Biological_Process_2025,130,Positive Regulation of Focal Adhesion Assembly (GO:0051894),0.04061718578452446,0.12435107647877487,26.061437908496732,83.48948444789488,1,THY1
Fibro-NPCs,up_in_severe,GO:BP,GO_Biological_Process_2025,131,Negative Regulation of Endopeptidase Activity (GO:0010951),0.04282574798293701,0.12441348684094107,24.612345679012346,77.54404440566205,1,TIMP1
Fibro-NPCs,up_in_severe,GO:BP,GO_Biological_Process_2025,132,Regulation of Lymphocyte Differentiation (GO:0045619),0.04282574798293701,0.12441348684094107,24.612345679012346,77.54404440566205,1,ZFP36L1
Fibro-NPCs,up_in_severe,GO:BP,GO_Biological_Process_2025,133,Immunoglobulin Mediated Immune Response (GO:0016064),0.04282574798293701,0.12441348684094107,24.612345679012346,77.54404440566205,1,CD81
Fibro-NPCs,up_in_severe,GO:BP,GO_Biological_Process_2025,134,Nuclear Envelope Organization (GO:0006998),0.04282574798293701,0.12441348684094107,24.612345679012346,77.54404440566205,1,LMNA
Fibro-NPCs,up_in_severe,GO:BP,GO_Biological_Process_2025,135,Nuclear Migration (GO:0007097),0.04282574798293701,0.12441348684094107,24.612345679012346,77.54404440566205,1,LMNA
Fibro-NPCs,up_in_severe,GO:BP,GO_Biological_Process_2025,136,Maintenance of Gastrointestinal Epithelium (GO:0030277),0.04282574798293701,0.12441348684094107,24.612345679012346,77.54404440566205,1,RBP4
Fibro-NPCs,up_in_severe,GO:BP,GO_Biological_Process_2025,137,Response to Fibroblast Growth Factor (GO:0071774),0.04282574798293701,0.12441348684094107,24.612345679012346,77.54404440566205,1,ZFP36L1
ECM/Adh-NPCs,up_in_severe,GO:BP,GO_Biological_Process_2025,56,Positive Regulation of Protein Catabolic Process in the Vacuole (GO:1904352),0.015204551534686514,0.12533378257170047,79.776,333.9551362891586,1,CD81
ECM/Adh-NPCs,up_in_severe,GO:BP,GO_Biological_Process_2025,57,Humoral Immune Response Mediated by Circulating Immunoglobulin (GO:0002455),0.015204551534686514,0.12533378257170047,79.776,333.9551362891586,1,CD81
ECM/Adh-NPCs,up_in_severe,GO:BP,GO_Biological_Process_2025,58,Positive Regulation of Respiratory Burst (GO:0060267),0.015204551534686514,0.12533378257170047,79.776,333.9551362891586,1,RPS19
ECM/Adh-NPCs,up_in_severe,GO:BP,GO_Biological_Process_2025,59,Transforming Growth Factor Beta Receptor Signaling Pathway (GO:0007179),0.016111205418151742,0.12533378257170047,10.962493105350248,45.25580539158434,2,COL3A1;COL1A2
ECM/Adh-NPCs,up_in_severe,GO:BP,GO_Biological_Process_2025,60,Intracellular Monoatomic Cation Homeostasis (GO:0030003),0.01642163574085115,0.12533378257170047,5.960748792270532,24.49364404813835,3,ARF1;MT2A;MT1X
ECM/Adh-NPCs,up_in_severe,GO:BP,GO_Biological_Process_2025,61,Thyroid Hormone Transport (GO:0070327),0.01771652174638986,0.12533378257170047,66.47666666666667,268.1175238998497,1,SLC7A5
ECM/Adh-NPCs,up_in_severe,GO:BP,GO_Biological_Process_2025,62,Negative Regulation of Neuron Projection Regeneration (GO:0070571),0.01771652174638986,0.12533378257170047,66.47666666666667,268.1175238998497,1,THY1
ECM/Adh-NPCs,up_in_severe,GO:BP,GO_Biological_Process_2025,63,Immunological Synapse Formation (GO:0001771),0.01771652174638986,0.12533378257170047,66.47666666666667,268.1175238998497,1,CD81
ECM/Adh-NPCs,up_in_severe,GO:BP,GO_Biological_Process_2025,64,Response to Hydroperoxide (GO:0033194),0.01771652174638986,0.12533378257170047,66.47666666666667,268.1175238998497,1,GPX3
ECM/Adh-NPCs,up_in_severe,GO:BP,GO_Biological_Process_2025,65,Regulation of Cardiac Muscle Hypertrophy in Response to Stress (GO:1903242),0.01771652174638986,0.12533378257170047,66.47666666666667,268.1175238998497,1,LMNA
ECM/Adh-NPCs,up_in_severe,GO:BP,GO_Biological_Process_2025,66,Positive Regulation of Epithelial Cell Apoptotic Process (GO:1904037),0.01771652174638986,0.12533378257170047,66.47666666666667,268.1175238998497,1,GSN
ECM/Adh-NPCs,up_in_severe,GO:BP,GO_Biological_Process_2025,67,Regulation of Cellular Extravasation (GO:0002691),0.01771652174638986,0.12533378257170047,66.47666666666667,268.1175238998497,1,THY1
ECM/Adh-NPCs,up_in_severe,GO:BP,GO_Biological_Process_2025,68,Sulfur Amino Acid Transport (GO:0000101),0.01771652174638986,0.12533378257170047,66.47666666666667,268.1175238998497,1,SLC7A5
ECM/Adh-NPCs,up_in_severe,GO:BP,GO_Biological_Process_2025,69,Positive Regulation of Tumor Necrosis Factor Production (GO:0032760),0.018592937109622773,0.12533378257170047,10.137244897959183,40.39665223744256,2,HSPB1;CLU
ECM/Adh-NPCs,up_in_severe,GO:BP,GO_Biological_Process_2025,70,Negative Regulation of Protein Phosphorylation (GO:0001933),0.019021327841029303,0.12533378257170047,10.011589821113631,39.66786523863558,2,HSPB1;THY1
ECM/Adh-NPCs,up_in_severe,GO:BP,GO_Biological_Process_2025,71,Regulation of Protein Kinase Activity (GO:0045859),0.019021327841029303,0.12533378257170047,10.011589821113631,39.66786523863558,2,HSPB1;THY1
ECM/Adh-NPCs,up_in_severe,GO:BP,GO_Biological_Process_2025,72,Positive Regulation of Tumor Necrosis Factor Superfamily Cytokine Production (GO:1903557),0.019890558755166265,0.12533378257170047,9.769363166953529,38.271578820886354,2,HSPB1;CLU
ECM/Adh-NPCs,up_in_severe,GO:BP,GO_Biological_Process_2025,73,Ribosomal Small Subunit Biogenesis (GO:0042274),0.019890558755166265,0.12533378257170047,9.769363166953529,38.271578820886354,2,RPS14;RPS19
ECM/Adh-NPCs,up_in_severe,GO:BP,GO_Biological_Process_2025,74,Aromatic Amino Acid Transport (GO:0015801),0.020222210774875234,0.12533378257170047,56.97714285714286,222.26633779925106,1,SLC7A5
ECM/Adh-NPCs,up_in_severe,GO:BP,GO_Biological_Process_2025,75,Regulation of Podosome Assembly (GO:0071801),0.020222210774875234,0.12533378257170047,56.97714285714286,222.26633779925106,1,GSN
ECM/Adh-NPCs,up_in_severe,GO:BP,GO_Biological_Process_2025,76,Proline Transport (GO:0015824),0.020222210774875234,0.12533378257170047,56.97714285714286,222.26633779925106,1,SLC7A5
ECM/Adh-NPCs,up_in_severe,GO:BP,GO_Biological_Process_2025,77,"Regulation of CD4-positive, Alpha-Beta T Cell Proliferation (GO:2000561)",0.020222210774875234,0.12533378257170047,56.97714285714286,222.26633779925106,1,CD81
ECM/Adh-NPCs,up_in_severe,GO:BP,GO_Biological_Process_2025,78,Positive Regulation of Adaptive Immune Response (GO:0002821),0.020222210774875234,0.12533378257170047,56.97714285714286,222.26633779925106,1,CD81
ECM/Adh-NPCs,up_in_severe,GO:BP,GO_Biological_Process_2025,79,Integrin-Mediated Signaling Pathway (GO:0007229),0.020331352819639298,0.12533378257170047,9.652575315840622,37.60248659414546,2,COL3A1;THY1
Fibro-reg NPCs,up_in_severe,REAC,Reactome_2022,66,Defects Of Contact Activation System (CAS) And Kallikrein/Kinin System (KKS) R-HSA-9651496,0.04551974143734416,0.12636823742307485,23.330210772833723,72.08123312729496,1,SERPING1
Fibro-reg NPCs,up_in_severe,REAC,Reactome_2022,67,Depolymerisation Of Nuclear Lamina R-HSA-4419969,0.04551974143734416,0.12636823742307485,23.330210772833723,72.08123312729496,1,LMNA
Eff-NPCs,up_in_severe,REAC,Reactome_2022,36,Diseases Of Glycosylation R-HSA-3781865,0.07591574223870662,0.12652623706451105,13.976760563380282,36.0339226016509,1,PRELP
ECM/Adh-NPCs,up_in_severe,REAC,Reactome_2022,93,SARS-CoV Infections R-HSA-9679506,0.06781578892535793,0.12688115347325032,3.3440915300546448,8.99881733339525,3,RPS14;RPS19;IL1R1
ECM/Adh-NPCs,up_in_severe,GO:BP,GO_Biological_Process_2025,80,Regulation of Type II Interferon Production (GO:0032649),0.021225183506557263,0.12718891588877348,9.427147603227338,36.318716827486746,2,SLC7A5;IL1R1
ECM/Adh-NPCs,up_in_severe,GO:BP,GO_Biological_Process_2025,81,Tooth Mineralization (GO:0034505),0.02272163384460635,0.12718891588877348,49.8525,188.6636842051162,1,COL1A1
ECM/Adh-NPCs,up_in_severe,GO:BP,GO_Biological_Process_2025,82,L-leucine Transport (GO:0015820),0.02272163384460635,0.12718891588877348,49.8525,188.6636842051162,1,SLC7A5
ECM/Adh-NPCs,up_in_severe,GO:BP,GO_Biological_Process_2025,83,Positive Regulation of Protein Exit From Endoplasmic Reticulum (GO:0070863),0.02272163384460635,0.12718891588877348,49.8525,188.6636842051162,1,CD81
ECM/Adh-NPCs,up_in_severe,GO:BP,GO_Biological_Process_2025,84,Hormone Transport (GO:0009914),0.02272163384460635,0.12718891588877348,49.8525,188.6636842051162,1,SLC7A5
ECM/Adh-NPCs,up_in_severe,GO:BP,GO_Biological_Process_2025,85,Regulation of Protein Exit From Endoplasmic Reticulum (GO:0070861),0.02272163384460635,0.12718891588877348,49.8525,188.6636842051162,1,CD81
ECM/Adh-NPCs,up_in_severe,GO:BP,GO_Biological_Process_2025,86,Myelin Maintenance (GO:0043217),0.02272163384460635,0.12718891588877348,49.8525,188.6636842051162,1,CLU
ECM/Adh-NPCs,up_in_severe,GO:BP,GO_Biological_Process_2025,87,Collagen Biosynthetic Process (GO:0032964),0.02272163384460635,0.12718891588877348,49.8525,188.6636842051162,1,COL1A1
Fibro-reg NPCs,up_in_severe,KEGG,KEGG_2021_Human,15,Proteoglycans in cancer,0.025791225755889526,0.127236713729055,4.96794764222185,18.171366079430225,3,COL1A1;COL1A2;MMP2
Fibro-NPCs,up_in_severe,GO:BP,GO_Biological_Process_2025,138,Regulation of Endopeptidase Activity (GO:0052548),0.045029336387548594,0.12801197058745958,23.31578947368421,72.28923154104575,1,TIMP1
Fibro-NPCs,up_in_severe,GO:BP,GO_Biological_Process_2025,139,Heart Trabecula Morphogenesis (GO:0061384),0.045029336387548594,0.12801197058745958,23.31578947368421,72.28923154104575,1,RBP4
Fibro-NPCs,up_in_severe,GO:BP,GO_Biological_Process_2025,140,"Regulation of Nuclear-Transcribed mRNA Catabolic Process, Deadenylation-Dependent Decay (GO:1900151)",0.045029336387548594,0.12801197058745958,23.31578947368421,72.28923154104575,1,ZFP36L1
Eff-NPCs,up_in_severe,GO:BP,GO_Biological_Process_2025,177,Regulation of Signal Transduction (GO:0009966),0.11014385369528888,0.12866386457691062,9.418571428571429,20.77706724022753,1,CLU
Eff-NPCs,up_in_severe,GO:BP,GO_Biological_Process_2025,178,Protein Stabilization (GO:0050821),0.11063849224487966,0.12866386457691062,9.373459715639811,20.635551764562276,1,CLU
Fibro-NPCs,up_in_severe,GO:BP,GO_Biological_Process_2025,141,Protein Localization to Organelle (GO:0033365),0.04721037664098082,0.12918821701222755,6.041793776693106,18.44645171562657,2,COL1A1;LMNA
Fibro-NPCs,up_in_severe,GO:BP,GO_Biological_Process_2025,142,Positive Regulation of Vascular Associated Smooth Muscle Cell Proliferation (GO:1904707),0.047227961937659255,0.12918821701222755,22.148888888888887,67.61544465949056,1,MMP2
Fibro-NPCs,up_in_severe,GO:BP,GO_Biological_Process_2025,143,Peptide Cross-Linking (GO:0018149),0.047227961937659255,0.12918821701222755,22.148888888888887,67.61544465949056,1,COL3A1
Fibro-NPCs,up_in_severe,GO:BP,GO_Biological_Process_2025,144,Regulation of Cardiac Muscle Cell Proliferation (GO:0060043),0.047227961937659255,0.12918821701222755,22.148888888888887,67.61544465949056,1,RBP4
Fibro-NPCs,up_in_severe,GO:BP,GO_Biological_Process_2025,145,Negative Regulation of Biomineral Tissue Development (GO:0070168),0.047227961937659255,0.12918821701222755,22.148888888888887,67.61544465949056,1,ASPN
Fibro-NPCs,up_in_severe,GO:BP,GO_Biological_Process_2025,146,Epithelial Structure Maintenance (GO:0010669),0.049421635543190894,0.12918821701222755,21.09312169312169,63.43475777373824,1,RBP4
Fibro-NPCs,up_in_severe,GO:BP,GO_Biological_Process_2025,147,ERK1 and ERK2 Cascade (GO:0070371),0.049421635543190894,0.12918821701222755,21.09312169312169,63.43475777373824,1,ZFP36L1
Fibro-NPCs,up_in_severe,GO:BP,GO_Biological_Process_2025,148,Focal Adhesion Assembly (GO:0048041),0.049421635543190894,0.12918821701222755,21.09312169312169,63.43475777373824,1,THY1
Fibro-NPCs,up_in_severe,GO:BP,GO_Biological_Process_2025,149,Negative Regulation of Myeloid Cell Differentiation (GO:0045638),0.049421635543190894,0.12918821701222755,21.09312169312169,63.43475777373824,1,ZFP36L1
Fibro-NPCs,up_in_severe,GO:BP,GO_Biological_Process_2025,150,Positive Regulation of p38MAPK Cascade (GO:1900745),0.049421635543190894,0.12918821701222755,21.09312169312169,63.43475777373824,1,GADD45B
Fibro-NPCs,up_in_severe,GO:BP,GO_Biological_Process_2025,151,Negative Regulation of T Cell Receptor Signaling Pathway (GO:0050860),0.049421635543190894,0.12918821701222755,21.09312169312169,63.43475777373824,1,THY1
Fibro-NPCs,up_in_severe,GO:BP,GO_Biological_Process_2025,152,Eye Morphogenesis (GO:0048592),0.05161036810287483,0.12918821701222755,20.133333333333333,59.67585824831113,1,COL5A1
Fibro-NPCs,up_in_severe,GO:BP,GO_Biological_Process_2025,153,Glial Cell Development (GO:0021782),0.05161036810287483,0.12918821701222755,20.133333333333333,59.67585824831113,1,MXRA8
Fibro-NPCs,up_in_severe,GO:BP,GO_Biological_Process_2025,154,Negative Regulation of Peptidase Activity (GO:0010466),0.05161036810287483,0.12918821701222755,20.133333333333333,59.67585824831113,1,TIMP1
Fibro-NPCs,up_in_severe,GO:BP,GO_Biological_Process_2025,155,Positive Regulation of Viral Life Cycle (GO:1903902),0.05161036810287483,0.12918821701222755,20.133333333333333,59.67585824831113,1,LGALS1
Fibro-NPCs,up_in_severe,GO:BP,GO_Biological_Process_2025,156,Positive Regulation of T Cell Cytokine Production (GO:0002726),0.05161036810287483,0.12918821701222755,20.133333333333333,59.67585824831113,1,CD81
Fibro-NPCs,up_in_severe,GO:BP,GO_Biological_Process_2025,157,Monocyte Chemotaxis (GO:0002548),0.05161036810287483,0.12918821701222755,20.133333333333333,59.67585824831113,1,RPS19
Fibro-NPCs,up_in_severe,GO:BP,GO_Biological_Process_2025,158,Retinol Metabolic Process (GO:0042572),0.05161036810287483,0.12918821701222755,20.133333333333333,59.67585824831113,1,RBP4
Fibro-NPCs,up_in_severe,GO:BP,GO_Biological_Process_2025,159,Positive Regulation of Cell-Substrate Junction Organization (GO:0150117),0.05161036810287483,0.12918821701222755,20.133333333333333,59.67585824831113,1,THY1
ECM/Adh-NPCs,up_in_severe,GO:BP,GO_Biological_Process_2025,88,Golgi to Lysosome Transport (GO:0090160),0.02521480619684272,0.12925905913539373,44.31111111111111,163.07924167915206,1,LAMP1
ECM/Adh-NPCs,up_in_severe,GO:BP,GO_Biological_Process_2025,89,Regulation of Macrophage Migration (GO:1905521),0.02521480619684272,0.12925905913539373,44.31111111111111,163.07924167915206,1,CD81
ECM/Adh-NPCs,up_in_severe,GO:BP,GO_Biological_Process_2025,90,Actin Filament Depolymerization (GO:0030042),0.02521480619684272,0.12925905913539373,44.31111111111111,163.07924167915206,1,GSN
ECM/Adh-NPCs,up_in_severe,GO:BP,GO_Biological_Process_2025,91,Regulation of Mononuclear Cell Migration (GO:0071675),0.02521480619684272,0.12925905913539373,44.31111111111111,163.07924167915206,1,CD81
ECM/Adh-NPCs,up_in_severe,GO:BP,GO_Biological_Process_2025,92,Biomineral Tissue Development (GO:0031214),0.02521480619684272,0.12925905913539373,44.31111111111111,163.07924167915206,1,COL1A1
ECM/Adh-NPCs,up_in_severe,GO:BP,GO_Biological_Process_2025,93,Branched-Chain Amino Acid Transport (GO:0015803),0.02521480619684272,0.12925905913539373,44.31111111111111,163.07924167915206,1,SLC7A5
ECM/Adh-NPCs,up_in_severe,GO:BP,GO_Biological_Process_2025,94,Protein Localization to Nuclear Envelope (GO:0090435),0.02521480619684272,0.12925905913539373,44.31111111111111,163.07924167915206,1,LMNA
ECM/Adh-NPCs,up_in_severe,GO:BP,GO_Biological_Process_2025,95,Positive Regulation of Actin Nucleation (GO:0051127),0.02521480619684272,0.12925905913539373,44.31111111111111,163.07924167915206,1,GSN
ECM/Adh-NPCs,up_in_severe,GO:BP,GO_Biological_Process_2025,96,Positive Regulation of Supramolecular Fiber Organization (GO:1902905),0.025933309647663022,0.13020125565373084,8.440901360544217,30.828088273635288,2,GSN;CLU
ECM/Adh-NPCs,up_in_severe,GO:BP,GO_Biological_Process_2025,97,Cellular Response to Transforming Growth Factor Beta Stimulus (GO:0071560),0.025933309647663022,0.13020125565373084,8.440901360544217,30.828088273635288,2,COL3A1;COL1A2
Eff-NPCs,up_in_severe,GO:BP,GO_Biological_Process_2025,179,Regulation of Canonical Wnt Signaling Pathway (GO:0060828),0.11261454790645747,0.13023023137785866,9.19720930232558,20.084721938062458,1,COL1A1
Eff-NPCs,up_in_severe,KEGG,KEGG_2021_Human,21,Kaposi sarcoma-associated herpesvirus infection,0.10119748555612801,0.13046875947292982,10.3109375,23.619072425294274,1,ZFP36
Eff-NPCs,up_in_severe,KEGG,KEGG_2021_Human,22,Diabetic cardiomyopathy,0.10617773281045749,0.13046875947292982,9.795544554455445,21.96788850664253,1,COL1A1
Eff-NPCs,up_in_severe,KEGG,KEGG_2021_Human,23,Proteoglycans in cancer,0.10717076670990663,0.13046875947292982,9.698529411764707,21.660033820099166,1,COL1A1
Hom/Reg-like NPCs,up_in_severe,KEGG,KEGG_2021_Human,13,AGE-RAGE signaling pathway in diabetic complications,0.014955905497468459,0.13115178667010804,6.123711340206185,25.73580958877293,3,COL1A1;COL3A1;COL1A2
Fibro-reg NPCs,up_in_severe,REAC,Reactome_2022,68,Reproduction R-HSA-1474165,0.04803822593505056,0.13139867682234418,5.954054054054054,18.07506848550326,2,SUN2;LMNA
Fibro-NPCs,up_in_severe,GO:BP,GO_Biological_Process_2025,160,Ribosome Biogenesis (GO:0042254),0.05292850265424429,0.13165965035243266,5.658947970268725,16.63059146103294,2,RPS14;RPS19
Fibro-NPCs,up_in_severe,GO:BP,GO_Biological_Process_2025,161,Regulation of Myotube Differentiation (GO:0010830),0.05379417048562001,0.131818197095632,19.257004830917875,56.28033307969816,1,MMP14
Fibro-NPCs,up_in_severe,GO:BP,GO_Biological_Process_2025,162,Positive Regulation of Striated Muscle Cell Differentiation (GO:0051155),0.05379417048562001,0.131818197095632,19.257004830917875,56.28033307969816,1,MMP14
Fibro-NPCs,up_in_severe,GO:BP,GO_Biological_Process_2025,163,Regulation of Membrane Protein Ectodomain Proteolysis (GO:0051043),0.05597305354060756,0.131818197095632,18.453703703703702,53.19990358724921,1,TIMP1
Fibro-NPCs,up_in_severe,GO:BP,GO_Biological_Process_2025,164,Cellular Response to Low-Density Lipoprotein Particle Stimulus (GO:0071404),0.05597305354060756,0.131818197095632,18.453703703703702,53.19990358724921,1,CD81
Fibro-NPCs,up_in_severe,GO:BP,GO_Biological_Process_2025,165,Receptor Clustering (GO:0043113),0.05597305354060756,0.131818197095632,18.453703703703702,53.19990358724921,1,THY1
Fibro-NPCs,up_in_severe,GO:BP,GO_Biological_Process_2025,166,Regulation of B Cell Activation (GO:0050864),0.05597305354060756,0.131818197095632,18.453703703703702,53.19990358724921,1,ZFP36L1
Fibro-NPCs,up_in_severe,GO:BP,GO_Biological_Process_2025,167,Response to Glucocorticoid (GO:0051384),0.05597305354060756,0.131818197095632,18.453703703703702,53.19990358724921,1,ZFP36L1
Fibro-NPCs,up_in_severe,GO:BP,GO_Biological_Process_2025,168,Negative Regulation of Axonogenesis (GO:0050771),0.05597305354060756,0.131818197095632,18.453703703703702,53.19990358724921,1,THY1
Fibro-NPCs,up_in_severe,GO:BP,GO_Biological_Process_2025,169,Negative Regulation of Catalytic Activity (GO:0043086),0.05597305354060756,0.131818197095632,18.453703703703702,53.19990358724921,1,TIMP1
Fibro-reg NPCs,up_in_severe,GO:BP,GO_Biological_Process_2025,32,Extracellular Matrix Disassembly (GO:0022617),0.008591951434921757,0.132624773591135,15.422480620155039,73.36365138411438,2,MMP14;MMP2
Fibro-reg NPCs,up_in_severe,GO:BP,GO_Biological_Process_2025,33,Homotypic Cell-Cell Adhesion (GO:0034109),0.00896469642564332,0.132624773591135,15.07121212121212,71.05264229068071,2,HBB;HSPB1
Fibro-reg NPCs,up_in_severe,GO:BP,GO_Biological_Process_2025,34,Positive Regulation of Chemotaxis (GO:0050921),0.00896469642564332,0.132624773591135,15.07121212121212,71.05264229068071,2,TMSB4X;HSPB1
ECM/Adh-NPCs,up_in_severe,GO:BP,GO_Biological_Process_2025,98,Negative Regulation of Extracellular Matrix Organization (GO:1903054),0.027701743059261864,0.13265526918674303,39.878,143.01287394480332,1,CST3
ECM/Adh-NPCs,up_in_severe,GO:BP,GO_Biological_Process_2025,99,Central Nervous System Myelination (GO:0022010),0.027701743059261864,0.13265526918674303,39.878,143.01287394480332,1,CLU
ECM/Adh-NPCs,up_in_severe,GO:BP,GO_Biological_Process_2025,100,Negative Regulation of Complement Activation (GO:0045916),0.030182459639590885,0.13265526918674303,36.25090909090909,126.89610172901739,1,SERPING1
ECM/Adh-NPCs,up_in_severe,GO:BP,GO_Biological_Process_2025,101,Positive Regulation of Leukocyte Degranulation (GO:0043302),0.030182459639590885,0.13265526918674303,36.25090909090909,126.89610172901739,1,LAMP1
ECM/Adh-NPCs,up_in_severe,GO:BP,GO_Biological_Process_2025,102,Actin-Mediated Cell Contraction (GO:0070252),0.030182459639590885,0.13265526918674303,36.25090909090909,126.89610172901739,1,GSN
ECM/Adh-NPCs,up_in_severe,GO:BP,GO_Biological_Process_2025,103,Alanine Transport (GO:0032328),0.030182459639590885,0.13265526918674303,36.25090909090909,126.89610172901739,1,SLC7A5
ECM/Adh-NPCs,up_in_severe,GO:BP,GO_Biological_Process_2025,104,Relaxation of Cardiac Muscle (GO:0055119),0.030182459639590885,0.13265526918674303,36.25090909090909,126.89610172901739,1,GSN
ECM/Adh-NPCs,up_in_severe,GO:BP,GO_Biological_Process_2025,105,"Positive Regulation of CD4-positive, Alpha-Beta T Cell Activation (GO:2000516)",0.030182459639590885,0.13265526918674303,36.25090909090909,126.89610172901739,1,CD81
ECM/Adh-NPCs,up_in_severe,GO:BP,GO_Biological_Process_2025,106,Positive Regulation of T-helper 1 Type Immune Response (GO:0002827),0.030182459639590885,0.13265526918674303,36.25090909090909,126.89610172901739,1,IL1R1
ECM/Adh-NPCs,up_in_severe,GO:BP,GO_Biological_Process_2025,107,Response to Misfolded Protein (GO:0051788),0.030182459639590885,0.13265526918674303,36.25090909090909,126.89610172901739,1,CLU
ECM/Adh-NPCs,up_in_severe,GO:BP,GO_Biological_Process_2025,108,Positive Regulation of Cellular Extravasation (GO:0002693),0.030182459639590885,0.13265526918674303,36.25090909090909,126.89610172901739,1,THY1
ECM/Adh-NPCs,up_in_severe,GO:BP,GO_Biological_Process_2025,109,Negative Regulation of Amyloid Fibril Formation (GO:1905907),0.030182459639590885,0.13265526918674303,36.25090909090909,126.89610172901739,1,CLU
ECM/Adh-NPCs,up_in_severe,GO:BP,GO_Biological_Process_2025,110,Cell-Matrix Adhesion (GO:0007160),0.030497905011714593,0.13265526918674303,7.713896987366375,26.922250939075926,2,COL3A1;THY1
ECM/Adh-NPCs,up_in_severe,GO:BP,GO_Biological_Process_2025,111,rRNA Processing (GO:0006364),0.03208548068918936,0.13265526918674303,7.49848828420257,25.789938173878124,2,RPS14;RPS19
ECM/Adh-NPCs,up_in_severe,GO:BP,GO_Biological_Process_2025,112,Negative Regulation of Developmental Process (GO:0051093),0.03262182724264117,0.13265526918674303,7.429320351994009,25.428882067008512,2,CST3;THY1
ECM/Adh-NPCs,up_in_severe,GO:BP,GO_Biological_Process_2025,113,Positive Regulation of T Cell Activation (GO:0050870),0.03262182724264117,0.13265526918674303,7.429320351994009,25.428882067008512,2,CD81;THY1
ECM/Adh-NPCs,up_in_severe,GO:BP,GO_Biological_Process_2025,114,Positive Regulation of Type 2 Immune Response (GO:0002830),0.03265697112339821,0.13265526918674303,33.22833333333333,113.69728633442386,1,CD81
ECM/Adh-NPCs,up_in_severe,GO:BP,GO_Biological_Process_2025,115,Cell Projection Assembly (GO:0030031),0.03265697112339821,0.13265526918674303,33.22833333333333,113.69728633442386,1,GSN
ECM/Adh-NPCs,up_in_severe,GO:BP,GO_Biological_Process_2025,116,Negative Regulation of Cardiac Muscle Hypertrophy (GO:0010614),0.03265697112339821,0.13265526918674303,33.22833333333333,113.69728633442386,1,LMNA
ECM/Adh-NPCs,up_in_severe,GO:BP,GO_Biological_Process_2025,117,Cellular Response to Metal Ion (GO:0071248),0.033161716299908967,0.13265526918674303,7.361410018552876,25.075606682151687,2,MT2A;MT1X
ECM/Adh-NPCs,up_in_severe,GO:BP,GO_Biological_Process_2025,118,Transforming Growth Factor Beta Receptor Superfamily Signaling Pathway (GO:0141091),0.03425203888039637,0.13265526918674303,7.229227405247814,24.39147967798494,2,COL3A1;COL1A2
ECM/Adh-NPCs,up_in_severe,GO:BP,GO_Biological_Process_2025,119,Positive Regulation of Inflammatory Response (GO:0050729),0.03480243109008805,0.13265526918674303,7.164890735055084,24.060190556894756,2,RPS19;CD81
ECM/Adh-NPCs,up_in_severe,GO:BP,GO_Biological_Process_2025,120,Negative Regulation of Growth (GO:0045926),0.03480243109008805,0.13265526918674303,7.164890735055084,24.060190556894756,2,MT2A;MT1X
ECM/Adh-NPCs,up_in_severe,GO:BP,GO_Biological_Process_2025,121,Regulation of Extracellular Matrix Disassembly (GO:0010715),0.035125292681812,0.13265526918674303,30.67076923076923,102.71130924814014,1,CST3
ECM/Adh-NPCs,up_in_severe,GO:BP,GO_Biological_Process_2025,122,Regulation of Microtubule-Based Movement (GO:0060632),0.035125292681812,0.13265526918674303,30.67076923076923,102.71130924814014,1,LAMP1
ECM/Adh-NPCs,up_in_severe,GO:BP,GO_Biological_Process_2025,123,Regulation of Platelet-Derived Growth Factor Receptor Signaling Pathway (GO:0010640),0.035125292681812,0.13265526918674303,30.67076923076923,102.71130924814014,1,IL1R1
ECM/Adh-NPCs,up_in_severe,GO:BP,GO_Biological_Process_2025,124,Relaxation of Muscle (GO:0090075),0.035125292681812,0.13265526918674303,30.67076923076923,102.71130924814014,1,GSN
ECM/Adh-NPCs,up_in_severe,GO:BP,GO_Biological_Process_2025,125,Positive Regulation of T Cell Receptor Signaling Pathway (GO:0050862),0.035125292681812,0.13265526918674303,30.67076923076923,102.71130924814014,1,CD81
ECM/Adh-NPCs,up_in_severe,GO:BP,GO_Biological_Process_2025,126,Response to Muscle Stretch (GO:0035994),0.035125292681812,0.13265526918674303,30.67076923076923,102.71130924814014,1,GSN
ECM/Adh-NPCs,up_in_severe,GO:BP,GO_Biological_Process_2025,127,Positive Regulation of Endothelial Cell Chemotaxis (GO:2001028),0.035125292681812,0.13265526918674303,30.67076923076923,102.71130924814014,1,HSPB1
ECM/Adh-NPCs,up_in_severe,GO:BP,GO_Biological_Process_2025,128,Protein Complex Oligomerization (GO:0051259),0.03535628315998031,0.13265526918674303,7.101682778374507,23.735806358133583,2,COMP;FUS
ECM/Adh-NPCs,up_in_severe,GO:BP,GO_Biological_Process_2025,129,Regulation of Establishment of Cell Polarity (GO:2000114),0.03758743944760645,0.13265526918674303,28.478571428571428,93.44062326514334,1,GSN
ECM/Adh-NPCs,up_in_severe,GO:BP,GO_Biological_Process_2025,130,Negative Regulation of Immune Effector Process (GO:0002698),0.03758743944760645,0.13265526918674303,28.478571428571428,93.44062326514334,1,RPS19
ECM/Adh-NPCs,up_in_severe,GO:BP,GO_Biological_Process_2025,131,Regulation of Intrinsic Apoptotic Signaling Pathway in Response to DNA Damage (GO:1902229),0.03758743944760645,0.13265526918674303,28.478571428571428,93.44062326514334,1,CLU
ECM/Adh-NPCs,up_in_severe,GO:BP,GO_Biological_Process_2025,132,Regulation of Peptidase Activity (GO:0052547),0.03758743944760645,0.13265526918674303,28.478571428571428,93.44062326514334,1,CST3
ECM/Adh-NPCs,up_in_severe,GO:BP,GO_Biological_Process_2025,133,Regulation of Response to Endoplasmic Reticulum Stress (GO:1905897),0.03758743944760645,0.13265526918674303,28.478571428571428,93.44062326514334,1,CLU
ECM/Adh-NPCs,up_in_severe,GO:BP,GO_Biological_Process_2025,134,Positive Regulation of Alpha-Beta T Cell Proliferation (GO:0046641),0.03758743944760645,0.13265526918674303,28.478571428571428,93.44062326514334,1,CD81
ECM/Adh-NPCs,up_in_severe,GO:BP,GO_Biological_Process_2025,135,Regulation of Amyloid-Beta Clearance (GO:1900221),0.03758743944760645,0.13265526918674303,28.478571428571428,93.44062326514334,1,CLU
ECM/Adh-NPCs,up_in_severe,GO:BP,GO_Biological_Process_2025,136,Ribonucleoprotein Complex Biogenesis (GO:0022613),0.03760588200265304,0.13265526918674303,6.85956416464891,22.50345056023303,2,RPS14;RPS19
ECM/Adh-NPCs,up_in_severe,GO:BP,GO_Biological_Process_2025,137,Response to Cytokine (GO:0034097),0.03932841480476382,0.13265526918674303,6.688480350818013,21.64263821591796,2,COL3A1;IL1R1
ECM/Adh-NPCs,up_in_severe,GO:BP,GO_Biological_Process_2025,138,Golgi to Vacuole Transport (GO:0006896),0.04004342652313515,0.13265526918674303,26.578666666666667,85.52458776582635,1,LAMP1
ECM/Adh-NPCs,up_in_severe,GO:BP,GO_Biological_Process_2025,139,Negative Regulation of Release of Cytochrome C From Mitochondria (GO:0090201),0.04004342652313515,0.13265526918674303,26.578666666666667,85.52458776582635,1,CLU
ECM/Adh-NPCs,up_in_severe,GO:BP,GO_Biological_Process_2025,140,Negative Regulation of Synaptic Transmission (GO:0050805),0.04004342652313515,0.13265526918674303,26.578666666666667,85.52458776582635,1,ARF1
ECM/Adh-NPCs,up_in_severe,GO:BP,GO_Biological_Process_2025,141,Protein Localization to Vacuole (GO:0072665),0.04004342652313515,0.13265526918674303,26.578666666666667,85.52458776582635,1,CD81
ECM/Adh-NPCs,up_in_severe,GO:BP,GO_Biological_Process_2025,142,Regulation of B Cell Receptor Signaling Pathway (GO:0050855),0.04004342652313515,0.13265526918674303,26.578666666666667,85.52458776582635,1,CD81
ECM/Adh-NPCs,up_in_severe,GO:BP,GO_Biological_Process_2025,143,Reverse Cholesterol Transport (GO:0043691),0.04004342652313515,0.13265526918674303,26.578666666666667,85.52458776582635,1,CLU
ECM/Adh-NPCs,up_in_severe,GO:BP,GO_Biological_Process_2025,144,Regulation of Amyloid Fibril Formation (GO:1905906),0.04004342652313515,0.13265526918674303,26.578666666666667,85.52458776582635,1,CLU
ECM/Adh-NPCs,up_in_severe,GO:BP,GO_Biological_Process_2025,145,Negative Regulation of Amyloid-Beta Formation (GO:1902430),0.04004342652313515,0.13265526918674303,26.578666666666667,85.52458776582635,1,CLU
ECM/Adh-NPCs,up_in_severe,GO:BP,GO_Biological_Process_2025,146,Regulation of Protein-Containing Complex Assembly (GO:0043254),0.04108063310680018,0.13265526918674303,6.525674786043449,20.831379662678565,2,GSN;CLU
ECM/Adh-NPCs,up_in_severe,GO:BP,GO_Biological_Process_2025,147,Protein Localization to Nucleus (GO:0034504),0.04167121022878449,0.13265526918674303,6.473142857142857,20.57129062297526,2,COL1A1;LMNA
ECM/Adh-NPCs,up_in_severe,GO:BP,GO_Biological_Process_2025,148,Positive Regulation of Interleukin-4 Production (GO:0032753),0.04249326897973699,0.13265526918674303,24.91625,78.6957230101767,1,SLC7A5
ECM/Adh-NPCs,up_in_severe,GO:BP,GO_Biological_Process_2025,149,Regulation of Endothelial Cell Chemotaxis (GO:2001026),0.04249326897973699,0.13265526918674303,24.91625,78.6957230101767,1,HSPB1
ECM/Adh-NPCs,up_in_severe,GO:BP,GO_Biological_Process_2025,150,Eye Photoreceptor Cell Development (GO:0042462),0.04249326897973699,0.13265526918674303,24.91625,78.6957230101767,1,THY1
ECM/Adh-NPCs,up_in_severe,GO:BP,GO_Biological_Process_2025,151,Actin Filament Capping (GO:0051693),0.04249326897973699,0.13265526918674303,24.91625,78.6957230101767,1,GSN
ECM/Adh-NPCs,up_in_severe,GO:BP,GO_Biological_Process_2025,152,Neuron Projection Organization (GO:0106027),0.04249326897973699,0.13265526918674303,24.91625,78.6957230101767,1,ARF1
ECM/Adh-NPCs,up_in_severe,GO:BP,GO_Biological_Process_2025,153,Barbed-End Actin Filament Capping (GO:0051016),0.04249326897973699,0.13265526918674303,24.91625,78.6957230101767,1,GSN
ECM/Adh-NPCs,up_in_severe,GO:BP,GO_Biological_Process_2025,154,Release of Cytochrome C From Mitochondria (GO:0001836),0.04249326897973699,0.13265526918674303,24.91625,78.6957230101767,1,CLU
ECM/Adh-NPCs,up_in_severe,GO:BP,GO_Biological_Process_2025,155,Myoblast Fusion (GO:0007520),0.04249326897973699,0.13265526918674303,24.91625,78.6957230101767,1,CD81
ECM/Adh-NPCs,up_in_severe,GO:BP,GO_Biological_Process_2025,156,Negative Regulation of Amyloid Precursor Protein Catabolic Process (GO:1902992),0.04249326897973699,0.13265526918674303,24.91625,78.6957230101767,1,CLU
Hom/Reg-like NPCs,up_in_severe,GO:BP,GO_Biological_Process_2025,82,Positive Regulation of Cell Population Proliferation (GO:0008284),0.01258709733056676,0.13308552909269974,2.9686408106219426,12.988049976540145,7,RPS9;SERTAD1;CLEC11A;ZNF703;SCX;TIMP1;CRLF1
Eff-NPCs,up_in_severe,KEGG,KEGG_2021_Human,24,Human T-cell leukemia virus 1 infection,0.11409396937593141,0.13310963093858666,9.06926605504587,19.68695399920425,1,ZFP36
Hom-NPCs,up_in_severe,GO:BP,GO_Biological_Process_2025,67,Positive Regulation of Protein Modification Process (GO:0031401),0.011733039294865613,0.13323044096947176,6.726315789473684,29.900804658388946,3,NNMT;PLAUR;CIB1
Hom-NPCs,up_in_severe,GO:BP,GO_Biological_Process_2025,68,NADH Dehydrogenase Complex Assembly (GO:0010257),0.012239016886959346,0.13323044096947176,12.811734364925854,56.411684848762775,2,NDUFB2;NDUFAF3
Hom-NPCs,up_in_severe,GO:BP,GO_Biological_Process_2025,69,Platelet Aggregation (GO:0070527),0.012239016886959346,0.13323044096947176,12.811734364925854,56.411684848762775,2,HBB;HSPB1
Hom-NPCs,up_in_severe,GO:BP,GO_Biological_Process_2025,70,Mitochondrial Respiratory Chain Complex I Assembly (GO:0032981),0.012239016886959346,0.13323044096947176,12.811734364925854,56.411684848762775,2,NDUFB2;NDUFAF3
Hom/Reg-like NPCs,up_in_severe,REAC,Reactome_2022,113,Formation Of Annular Gap Junctions R-HSA-196025,0.0454152453059134,0.13428818224076117,24.373774509803923,75.3614545189536,1,AP2M1
Hom/Reg-like NPCs,up_in_severe,REAC,Reactome_2022,114,TRIF-mediated Programmed Cell Death R-HSA-2562578,0.0454152453059134,0.13428818224076117,24.373774509803923,75.3614545189536,1,NDUFA2
Hom/Reg-like NPCs,up_in_severe,REAC,Reactome_2022,115,Interleukin-23 Signaling R-HSA-9020933,0.0454152453059134,0.13428818224076117,24.373774509803923,75.3614545189536,1,P4HB
Hom/Reg-like NPCs,up_in_severe,REAC,Reactome_2022,116,Chylomicron Assembly R-HSA-8963888,0.0454152453059134,0.13428818224076117,24.373774509803923,75.3614545189536,1,P4HB
Hom-NPCs,up_in_severe,REAC,Reactome_2022,77,Formation Of RNA Pol II Elongation Complex R-HSA-112382,0.03167043280056455,0.13449651332187804,7.541033434650456,26.034450815027746,2,POLR2F;ELOB
Hom-NPCs,up_in_severe,GO:BP,GO_Biological_Process_2025,71,Cellular Response to Cytokine Stimulus (GO:0071345),0.012795451432313896,0.13485141211319904,3.795852035288655,16.544849415833795,5,MT2A;IFITM2;MT1X;CIB1;CRLF1
Hom-NPCs,up_in_severe,GO:BP,GO_Biological_Process_2025,72,Positive Regulation of Immune Effector Process (GO:0002699),0.012918836068587309,0.13485141211319904,12.434292866082604,54.07759605240032,2,RPS19;CD81
Hom-NPCs,up_in_severe,GO:BP,GO_Biological_Process_2025,73,Cellular Response to Vascular Endothelial Growth Factor Stimulus (GO:0035924),0.012918836068587309,0.13485141211319904,12.434292866082604,54.07759605240032,2,HSPB1;MT1G
Fibro-NPCs,up_in_severe,GO:BP,GO_Biological_Process_2025,170,Respiratory Tube Development (GO:0030323),0.05814702809836536,0.13486409984655195,17.714666666666666,50.394338453793885,1,RBP4
Fibro-NPCs,up_in_severe,GO:BP,GO_Biological_Process_2025,171,Positive Regulation of Rho Protein Signal Transduction (GO:0035025),0.05814702809836536,0.13486409984655195,17.714666666666666,50.394338453793885,1,COL3A1
Fibro-NPCs,up_in_severe,GO:BP,GO_Biological_Process_2025,172,Heart Development (GO:0007507),0.05888076097276323,0.13486409984655195,5.3214093598708985,15.071513130982696,2,COL3A1;RBP4
Fibro-NPCs,up_in_severe,GO:BP,GO_Biological_Process_2025,173,Gluconeogenesis (GO:0006094),0.06031610495649811,0.13486409984655195,17.032478632478632,47.829859287186046,1,RBP4
Fibro-NPCs,up_in_severe,GO:BP,GO_Biological_Process_2025,174,Negative Regulation of Neurogenesis (GO:0050768),0.06031610495649811,0.13486409984655195,17.032478632478632,47.829859287186046,1,THY1
Fibro-NPCs,up_in_severe,GO:BP,GO_Biological_Process_2025,175,Regulation of Keratinocyte Proliferation (GO:0010837),0.06031610495649811,0.13486409984655195,17.032478632478632,47.829859287186046,1,ZFP36L1
Fibro-NPCs,up_in_severe,GO:BP,GO_Biological_Process_2025,176,"Wound Healing, Spreading of Cells (GO:0044319)",0.06031610495649811,0.13486409984655195,17.032478632478632,47.829859287186046,1,COL5A1
Fibro-NPCs,up_in_severe,GO:BP,GO_Biological_Process_2025,177,Regulation of Protein Localization to Cell Periphery (GO:1904375),0.06031610495649811,0.13486409984655195,17.032478632478632,47.829859287186046,1,MMP14
Fibro-NPCs,up_in_severe,GO:BP,GO_Biological_Process_2025,178,Maturation of SSU-rRNA Frm Tricistronic rRNA Trnscpt (GO:0000462),0.06031610495649811,0.13486409984655195,17.032478632478632,47.829859287186046,1,RPS19
Hom/Reg-like NPCs,up_in_severe,GO:BP,GO_Biological_Process_2025,83,Regulation of Canonical NF-kappaB Signal Transduction (GO:0043122),0.012948351080895764,0.13525566731489913,3.7797458606083945,16.429749522364038,5,LGALS1;IL1R1;GSTP1;ZC3H12A;HSPB1
Hom-NPCs,up_in_severe,REAC,Reactome_2022,78,Synthesis Of 12-Eicosatetraenoic Acid Derivatives R-HSA-2142712,0.03312471412478204,0.1353972689850466,34.90877192982456,118.95078944635853,1,GPX1
Hom-NPCs,up_in_severe,REAC,Reactome_2022,79,Terminal Pathway Of Complement R-HSA-166665,0.03312471412478204,0.1353972689850466,34.90877192982456,118.95078944635853,1,CLU
Hom-NPCs,up_in_severe,REAC,Reactome_2022,80,Attachment Of GPI Anchor To uPAR R-HSA-162791,0.03312471412478204,0.1353972689850466,34.90877192982456,118.95078944635853,1,PLAUR
Hom-NPCs,up_in_severe,REAC,Reactome_2022,81,rRNA Modification In Nucleus And Cytosol R-HSA-6790901,0.03370423951940367,0.13584814198080203,7.2802641232575205,24.68105380840516,2,RPS14;RPS9
Hom-NPCs,up_in_severe,REAC,Reactome_2022,82,"Platelet Activation, Signaling And Aggregation R-HSA-76002",0.034065894930965644,0.13584814198080203,3.4180869565217393,11.551283168761346,4,TMSB4X;FN1;SERPING1;CLU
ECM/Adh-NPCs,up_in_severe,GO:BP,GO_Biological_Process_2025,157,Regulation of Tumor Necrosis Factor Production (GO:0032680),0.044065517866388126,0.1365172814022154,6.271159626641354,19.579047687257045,2,HSPB1;CLU
ECM/Adh-NPCs,up_in_severe,GO:BP,GO_Biological_Process_2025,158,Positive Regulation of Amyloid-Beta Formation (GO:1902004),0.044936981871191266,0.1365172814022154,23.449411764705882,72.75166337328601,1,CLU
ECM/Adh-NPCs,up_in_severe,GO:BP,GO_Biological_Process_2025,159,Positive Regulation of Antigen Receptor-Mediated Signaling Pathway (GO:0050857),0.044936981871191266,0.1365172814022154,23.449411764705882,72.75166337328601,1,CD81
ECM/Adh-NPCs,up_in_severe,GO:BP,GO_Biological_Process_2025,160,Positive Regulation of Focal Adhesion Assembly (GO:0051894),0.044936981871191266,0.1365172814022154,23.449411764705882,72.75166337328601,1,THY1
ECM/Adh-NPCs,up_in_severe,GO:BP,GO_Biological_Process_2025,161,Regulation of Insulin-Like Growth Factor Receptor Signaling Pathway (GO:0043567),0.04737458019912608,0.1365172814022154,22.145555555555557,67.53662482568532,1,CILP
ECM/Adh-NPCs,up_in_severe,GO:BP,GO_Biological_Process_2025,162,Host-Mediated Suppression of Symbiont Invasion (GO:0046597),0.04737458019912608,0.1365172814022154,22.145555555555557,67.53662482568532,1,GSN
ECM/Adh-NPCs,up_in_severe,GO:BP,GO_Biological_Process_2025,163,Immunoglobulin Mediated Immune Response (GO:0016064),0.04737458019912608,0.1365172814022154,22.145555555555557,67.53662482568532,1,CD81
ECM/Adh-NPCs,up_in_severe,GO:BP,GO_Biological_Process_2025,164,Nuclear Envelope Organization (GO:0006998),0.04737458019912608,0.1365172814022154,22.145555555555557,67.53662482568532,1,LMNA
ECM/Adh-NPCs,up_in_severe,GO:BP,GO_Biological_Process_2025,165,Nuclear Migration (GO:0007097),0.04737458019912608,0.1365172814022154,22.145555555555557,67.53662482568532,1,LMNA
ECM/Adh-NPCs,up_in_severe,GO:BP,GO_Biological_Process_2025,166,Cell Projection Organization (GO:0030030),0.04737458019912608,0.1365172814022154,22.145555555555557,67.53662482568532,1,GSN
ECM/Adh-NPCs,up_in_severe,GO:BP,GO_Biological_Process_2025,167,Regulation of Tissue Remodeling (GO:0034103),0.04737458019912608,0.1365172814022154,22.145555555555557,67.53662482568532,1,CST3
ECM/Adh-NPCs,up_in_severe,GO:BP,GO_Biological_Process_2025,168,Microglial Cell Activation (GO:0001774),0.04737458019912608,0.1365172814022154,22.145555555555557,67.53662482568532,1,CLU
ECM/Adh-NPCs,up_in_severe,GO:BP,GO_Biological_Process_2025,169,Negative Regulation of Actin Filament Polymerization (GO:0030837),0.04737458019912608,0.1365172814022154,22.145555555555557,67.53662482568532,1,GSN
Hom-NPCs,up_in_severe,REAC,Reactome_2022,83,TP53 Regulates Transcription Of DNA Repair Genes R-HSA-6796648,0.03578779561504825,0.13722128655314306,7.036879432624113,23.4338524197694,2,POLR2F;ELOB
Hom-NPCs,up_in_severe,REAC,Reactome_2022,84,Defective B4GALT1 Causes B4GALT1-CDG (CDG-2d) R-HSA-3656244,0.03776732657425956,0.13722128655314306,29.9203007518797,98.02820827717792,1,PRELP
Hom-NPCs,up_in_severe,REAC,Reactome_2022,85,"Defective CHST14 Causes EDS, Musculocontractural Type R-HSA-3595174",0.03776732657425956,0.13722128655314306,29.9203007518797,98.02820827717792,1,BGN
Hom-NPCs,up_in_severe,REAC,Reactome_2022,86,Defective CHST3 Causes SEDCJD R-HSA-3595172,0.03776732657425956,0.13722128655314306,29.9203007518797,98.02820827717792,1,BGN
Hom-NPCs,up_in_severe,REAC,Reactome_2022,87,Defective CHST6 Causes MCDC1 R-HSA-3656225,0.03776732657425956,0.13722128655314306,29.9203007518797,98.02820827717792,1,PRELP
Hom-NPCs,up_in_severe,REAC,Reactome_2022,88,Defective CHSY1 Causes TPBS R-HSA-3595177,0.03776732657425956,0.13722128655314306,29.9203007518797,98.02820827717792,1,BGN
Hom-NPCs,up_in_severe,REAC,Reactome_2022,89,"Metabolism Of Ingested SeMet, Sec, MeSec Into H2Se R-HSA-2408508",0.03776732657425956,0.13722128655314306,29.9203007518797,98.02820827717792,1,NNMT
Hom-NPCs,up_in_severe,REAC,Reactome_2022,90,Defective ST3GAL3 Causes MCT12 And EIEE15 R-HSA-3656243,0.03776732657425956,0.13722128655314306,29.9203007518797,98.02820827717792,1,PRELP
Fibro-NPCs,up_in_severe,GO:BP,GO_Biological_Process_2025,179,Positive Regulation of Leukocyte Migration (GO:0002687),0.06248029490822359,0.1373876097981933,16.40082304526749,45.47790870164399,1,THY1
Fibro-NPCs,up_in_severe,GO:BP,GO_Biological_Process_2025,180,Positive Regulation of Signal Transduction by P53 Class Mediator (GO:1901798),0.06248029490822359,0.1373876097981933,16.40082304526749,45.47790870164399,1,RPL37
Fibro-NPCs,up_in_severe,GO:BP,GO_Biological_Process_2025,181,Cellular Response to Epidermal Growth Factor Stimulus (GO:0071364),0.06248029490822359,0.1373876097981933,16.40082304526749,45.47790870164399,1,ZFP36L1
ECM/Adh-NPCs,up_in_severe,GO:BP,GO_Biological_Process_2025,170,protein-RNA Complex Assembly (GO:0022618),0.0483757782960733,0.13781568429740268,5.946278511404562,18.00982695071836,2,RPS14;RPS19
ECM/Adh-NPCs,up_in_severe,GO:BP,GO_Biological_Process_2025,171,Xenobiotic Transport (GO:0042908),0.04980607892472869,0.13781568429740268,20.978947368421053,62.92883309083605,1,SLC7A5
ECM/Adh-NPCs,up_in_severe,GO:BP,GO_Biological_Process_2025,172,Positive Regulation of Protein Processing (GO:0010954),0.04980607892472869,0.13781568429740268,20.978947368421053,62.92883309083605,1,GSN
ECM/Adh-NPCs,up_in_severe,GO:BP,GO_Biological_Process_2025,173,Hydrogen Peroxide Catabolic Process (GO:0042744),0.04980607892472869,0.13781568429740268,20.978947368421053,62.92883309083605,1,GPX3
ECM/Adh-NPCs,up_in_severe,GO:BP,GO_Biological_Process_2025,174,Interleukin-1-Mediated Signaling Pathway (GO:0070498),0.04980607892472869,0.13781568429740268,20.978947368421053,62.92883309083605,1,IL1R1
ECM/Adh-NPCs,up_in_severe,GO:BP,GO_Biological_Process_2025,175,Lysosomal Lumen Acidification (GO:0007042),0.04980607892472869,0.13781568429740268,20.978947368421053,62.92883309083605,1,LAMP1
ECM/Adh-NPCs,up_in_severe,GO:BP,GO_Biological_Process_2025,176,Regulation of Actin Nucleation (GO:0051125),0.04980607892472869,0.13781568429740268,20.978947368421053,62.92883309083605,1,GSN
Fibro-NPCs,up_in_severe,REAC,Reactome_2022,80,RUNX2 Regulates Bone Development R-HSA-8941326,0.06894365075528797,0.13788730151057593,14.75851851851852,39.471152501452366,1,COL1A1
ECM/Adh-NPCs,up_in_severe,REAC,Reactome_2022,94,Apoptosis R-HSA-109581,0.0756474909317969,0.13948250489447597,4.585575139146568,11.838446383004442,2,GSN;LMNA
ECM/Adh-NPCs,up_in_severe,REAC,Reactome_2022,95,RUNX2 Regulates Bone Development R-HSA-8941326,0.0761542411780185,0.13948250489447597,13.279333333333334,34.194210378566844,1,COL1A1
Eff-NPCs,up_in_severe,GO:BP,GO_Biological_Process_2025,180,Cellular Response to Lipid (GO:0071396),0.1214574995857652,0.13967612452362996,8.478969957081546,17.875287093283262,1,ZFP36
Hom-NPCs,up_in_severe,REAC,Reactome_2022,91,Mitochondrial Protein Import R-HSA-1268020,0.03900396903405053,0.14015711949598378,6.700776764606552,21.737935410853346,2,CHCHD2;COX17
Fibro-NPCs,up_in_severe,GO:BP,GO_Biological_Process_2025,182,Cell-Substrate Junction Assembly (GO:0007044),0.06463960869794699,0.14065626833718484,15.814285714285715,43.31418865156708,1,THY1
Fibro-NPCs,up_in_severe,GO:BP,GO_Biological_Process_2025,183,Negative Regulation of Mitotic Cell Cycle (GO:0045930),0.0667940570746933,0.14065626833718484,15.268199233716475,41.317902512852925,1,ZFP36L1
Fibro-NPCs,up_in_severe,GO:BP,GO_Biological_Process_2025,184,Regulation of Keratinocyte Differentiation (GO:0045616),0.0667940570746933,0.14065626833718484,15.268199233716475,41.317902512852925,1,ZFP36L1
Fibro-NPCs,up_in_severe,GO:BP,GO_Biological_Process_2025,185,Heterotypic Cell-Cell Adhesion (GO:0034113),0.0667940570746933,0.14065626833718484,15.268199233716475,41.317902512852925,1,THY1
Fibro-NPCs,up_in_severe,GO:BP,GO_Biological_Process_2025,186,Hexose Biosynthetic Process (GO:0019319),0.0667940570746933,0.14065626833718484,15.268199233716475,41.317902512852925,1,RBP4
Fibro-NPCs,up_in_severe,GO:BP,GO_Biological_Process_2025,187,Positive Regulation of B Cell Proliferation (GO:0030890),0.0667940570746933,0.14065626833718484,15.268199233716475,41.317902512852925,1,CD81
Fibro-NPCs,up_in_severe,GO:BP,GO_Biological_Process_2025,188,Negative Regulation of Notch Signaling Pathway (GO:0045746),0.0667940570746933,0.14065626833718484,15.268199233716475,41.317902512852925,1,MMP14
Fibro-NPCs,up_in_severe,GO:BP,GO_Biological_Process_2025,189,Negative Regulation of Antigen Receptor-Mediated Signaling Pathway (GO:0050858),0.0667940570746933,0.14065626833718484,15.268199233716475,41.317902512852925,1,THY1
ECM/Adh-NPCs,up_in_severe,GO:BP,GO_Biological_Process_2025,177,Protein Homooligomerization (GO:0051260),0.05154517502596088,0.1408198825315431,5.733970183818208,17.002922696796222,2,COMP;FUS
ECM/Adh-NPCs,up_in_severe,GO:BP,GO_Biological_Process_2025,178,Regulation of Oxidative Stress-Induced Intrinsic Apoptotic Signaling Pathway (GO:1902175),0.0522314930213008,0.1408198825315431,19.929,58.83179608335473,1,HSPB1
ECM/Adh-NPCs,up_in_severe,GO:BP,GO_Biological_Process_2025,179,Peptide Cross-Linking (GO:0018149),0.0522314930213008,0.1408198825315431,19.929,58.83179608335473,1,COL3A1
ECM/Adh-NPCs,up_in_severe,GO:BP,GO_Biological_Process_2025,180,Negative Regulation of Amide Metabolic Process (GO:0034249),0.0522314930213008,0.1408198825315431,19.929,58.83179608335473,1,CLU
ECM/Adh-NPCs,up_in_severe,GO:BP,GO_Biological_Process_2025,181,Negative Regulation of Protein Metabolic Process (GO:0051248),0.05348194950384249,0.1408198825315431,5.613662131519274,16.43911035422539,2,CST3;CLU
ECM/Adh-NPCs,up_in_severe,GO:BP,GO_Biological_Process_2025,182,Focal Adhesion Assembly (GO:0048041),0.05465083736850441,0.1408198825315431,18.97904761904762,55.16811991271338,1,THY1
ECM/Adh-NPCs,up_in_severe,GO:BP,GO_Biological_Process_2025,183,Positive Regulation of Natural Killer Cell Mediated Cytotoxicity (GO:0045954),0.05465083736850441,0.1408198825315431,18.97904761904762,55.16811991271338,1,LAMP1
ECM/Adh-NPCs,up_in_severe,GO:BP,GO_Biological_Process_2025,184,Regulation of Interleukin-4 Production (GO:0032673),0.05465083736850441,0.1408198825315431,18.97904761904762,55.16811991271338,1,SLC7A5
ECM/Adh-NPCs,up_in_severe,GO:BP,GO_Biological_Process_2025,185,Positive Regulation of p38MAPK Cascade (GO:1900745),0.05465083736850441,0.1408198825315431,18.97904761904762,55.16811991271338,1,GADD45B
ECM/Adh-NPCs,up_in_severe,GO:BP,GO_Biological_Process_2025,186,Renal Absorption (GO:0070293),0.05465083736850441,0.1408198825315431,18.97904761904762,55.16811991271338,1,GSN
ECM/Adh-NPCs,up_in_severe,GO:BP,GO_Biological_Process_2025,187,Chaperone-Mediated Protein Complex Assembly (GO:0051131),0.05465083736850441,0.1408198825315431,18.97904761904762,55.16811991271338,1,CLU
ECM/Adh-NPCs,up_in_severe,GO:BP,GO_Biological_Process_2025,188,Negative Regulation of SMAD Protein Signal Transduction (GO:0060392),0.05465083736850441,0.1408198825315431,18.97904761904762,55.16811991271338,1,CILP
ECM/Adh-NPCs,up_in_severe,GO:BP,GO_Biological_Process_2025,189,Negative Regulation of T Cell Receptor Signaling Pathway (GO:0050860),0.05465083736850441,0.1408198825315431,18.97904761904762,55.16811991271338,1,THY1
ECM/Adh-NPCs,up_in_severe,GO:BP,GO_Biological_Process_2025,190,Negative Regulation of Oxidative Stress-Induced Intrinsic Apoptotic Signaling Pathway (GO:1902176),0.05706412685544591,0.14251399886462646,18.115454545454547,51.87504627983149,1,HSPB1
ECM/Adh-NPCs,up_in_severe,GO:BP,GO_Biological_Process_2025,191,Negative Regulation of Peptidase Activity (GO:0010466),0.05706412685544591,0.14251399886462646,18.115454545454547,51.87504627983149,1,CST3
ECM/Adh-NPCs,up_in_severe,GO:BP,GO_Biological_Process_2025,192,Monocyte Chemotaxis (GO:0002548),0.05706412685544591,0.14251399886462646,18.115454545454547,51.87504627983149,1,RPS19
ECM/Adh-NPCs,up_in_severe,GO:BP,GO_Biological_Process_2025,193,Positive Regulation of Amide Metabolic Process (GO:0034250),0.05706412685544591,0.14251399886462646,18.115454545454547,51.87504627983149,1,CLU
ECM/Adh-NPCs,up_in_severe,GO:BP,GO_Biological_Process_2025,194,Positive Regulation of Amyloid Precursor Protein Catabolic Process (GO:1902993),0.05706412685544591,0.14251399886462646,18.115454545454547,51.87504627983149,1,CLU
ECM/Adh-NPCs,up_in_severe,GO:BP,GO_Biological_Process_2025,195,Positive Regulation of Cell-Substrate Junction Organization (GO:0150117),0.05706412685544591,0.14251399886462646,18.115454545454547,51.87504627983149,1,THY1
Hom-NPCs,up_in_severe,REAC,Reactome_2022,92,Integrin Cell Surface Interactions R-HSA-216083,0.04009970096668029,0.14252828495765713,6.595744680851064,21.21446350181075,2,COMP;FN1
Fibro-NPCs,up_in_severe,GO:BP,GO_Biological_Process_2025,190,Regulation of Immunoglobulin Production (GO:0002637),0.06894365075528797,0.14291444271148235,14.75851851851852,39.471152501452366,1,RBP4
Fibro-NPCs,up_in_severe,GO:BP,GO_Biological_Process_2025,191,Regulation of Neuron Migration (GO:2001222),0.06894365075528797,0.14291444271148235,14.75851851851852,39.471152501452366,1,COL3A1
Fibro-NPCs,up_in_severe,GO:BP,GO_Biological_Process_2025,192,Response to Epidermal Growth Factor (GO:0070849),0.06894365075528797,0.14291444271148235,14.75851851851852,39.471152501452366,1,ZFP36L1
Hom-NPCs,up_in_severe,REAC,Reactome_2022,93,Collagen Biosynthesis And Modifying Enzymes R-HSA-1650814,0.04120704388354081,0.14438371229971445,6.493944353518821,20.71013710858211,2,COL1A1;COL1A2
Hom-NPCs,up_in_severe,REAC,Reactome_2022,94,Synthesis Of 5-Eicosatetraenoic Acids R-HSA-2142688,0.04238787884028314,0.14438371229971445,26.178947368421053,82.74884713910977,1,GPX1
Hom-NPCs,up_in_severe,REAC,Reactome_2022,95,TRIF-mediated Programmed Cell Death R-HSA-2562578,0.04238787884028314,0.14438371229971445,26.178947368421053,82.74884713910977,1,NDUFA2
Hom-NPCs,up_in_severe,REAC,Reactome_2022,96,Type I Hemidesmosome Assembly R-HSA-446107,0.04238787884028314,0.14438371229971445,26.178947368421053,82.74884713910977,1,CD151
Hom/Reg-like NPCs,up_in_severe,GO:BP,GO_Biological_Process_2025,84,Regulation of p38MAPK Cascade (GO:1900744),0.013991891286114362,0.14441630648882323,11.91959195919592,50.88804350793295,2,GADD45B;ZC3H12A
Hom/Reg-like NPCs,up_in_severe,GO:BP,GO_Biological_Process_2025,85,Cellular Response to Transforming Growth Factor Beta Stimulus (GO:0071560),0.014171456872253213,0.14454886009698276,6.253263157894737,26.617173568984075,3,COL3A1;COL1A2;ID1
Fibro-reg NPCs,up_in_severe,GO:BP,GO_Biological_Process_2025,35,Cellular Component Disassembly (GO:0022411),0.01012557152761349,0.14551892795398816,14.10709219858156,64.78951848595281,2,MMP14;MMP2
Hom-NPCs,up_in_severe,GO:BP,GO_Biological_Process_2025,74,Glutathione Metabolic Process (GO:0006749),0.014326700730156074,0.1455592794183857,11.742316784869976,49.85353592007293,2,GPX1;GSTP1
Hom-NPCs,up_in_severe,GO:BP,GO_Biological_Process_2025,75,Maturation of SSU-rRNA (GO:0030490),0.014326700730156074,0.1455592794183857,11.742316784869976,49.85353592007293,2,RPS14;RPS19
Hom/Reg-like NPCs,up_in_severe,REAC,Reactome_2022,117,Gap Junction Degradation R-HSA-190873,0.050333557792203866,0.14630856205699935,21.664488017429193,64.75695871628933,1,AP2M1
Hom/Reg-like NPCs,up_in_severe,REAC,Reactome_2022,118,Constitutive Signaling By Overexpressed ERBB2 R-HSA-9634285,0.050333557792203866,0.14630856205699935,21.664488017429193,64.75695871628933,1,CDC37
Eff-NPCs,up_in_severe,GO:BP,GO_Biological_Process_2025,181,Positive Regulation of Programmed Cell Death (GO:0043068),0.12827988222450523,0.1464528950548359,7.992712550607288,16.41336150334412,1,CLU
Eff-NPCs,up_in_severe,GO:BP,GO_Biological_Process_2025,182,Positive Regulation of Cell Motility (GO:2000147),0.1287653473428992,0.1464528950548359,7.96008064516129,16.316283112788998,1,COL1A1
Hom-NPCs,up_in_severe,REAC,Reactome_2022,97,Transcription Of HIV Genome R-HSA-167172,0.043456027154603886,0.14649609154180898,6.29946014607812,19.755143064684585,2,POLR2F;ELOB
ECM/Adh-NPCs,up_in_severe,REAC,Reactome_2022,96,Amino Acid Transport Across Plasma Membrane R-HSA-352230,0.08086725188148412,0.14657189403518997,12.448125,31.30636633865138,1,SLC7A5
Fibro-reg NPCs,up_in_severe,REAC,Reactome_2022,69,MECP2 Regulates Neuronal Receptors And Channels R-HSA-9022699,0.05437596012922433,0.14657867513095252,19.210221793635487,55.93696029523851,1,FKBP5
Hom/Reg-like NPCs,up_in_severe,REAC,Reactome_2022,119,Toll-like Receptor Cascades R-HSA-168898,0.051307316088714035,0.14706746180310173,3.7241509433962263,11.060437531944636,3,S100A1;MAPKAPK2;NDUFA2
Hom/Reg-like NPCs,up_in_severe,REAC,Reactome_2022,120,"Plasma Lipoprotein Assembly, Remodeling, And Clearance R-HSA-174824",0.05188094133578808,0.14706746180310173,5.690342947338212,16.836608194854115,2,P4HB;AP2M1
Hom/Reg-like NPCs,up_in_severe,REAC,Reactome_2022,121,trans-Golgi Network Vesicle Budding R-HSA-199992,0.05188094133578808,0.14706746180310173,5.690342947338212,16.836608194854115,2,TPD52L1;FTL
Fibro-reg NPCs,up_in_severe,GO:BP,GO_Biological_Process_2025,36,Positive Regulation of Blood Vessel Endothelial Cell Migration (GO:0043536),0.010526589465425666,0.14707984725303083,13.8125,62.9000654557375,2,TMSB4X;HSPB1
Fibro-NPCs,up_in_severe,REAC,Reactome_2022,81,SARS-CoV-2-host Interactions R-HSA-9705683,0.07470082046550174,0.14755717622815157,4.629803186504217,12.010932675672949,2,RPS14;RPS19
ECM/Adh-NPCs,up_in_severe,GO:BP,GO_Biological_Process_2025,196,Protein Targeting to Lysosome (GO:0006622),0.059471376321145186,0.14776816463468218,17.32695652173913,48.901178953928365,1,CLU
Hom/Reg-like NPCs,up_in_severe,GO:BP,GO_Biological_Process_2025,86,Positive Regulation of Immune Effector Process (GO:0002699),0.014765707607644035,0.14885893599799277,11.568433313919627,48.76612722849258,2,RPS19;CD81
ECM/Adh-NPCs,up_in_severe,REAC,Reactome_2022,97,Detoxification Of Reactive Oxygen Species R-HSA-3299685,0.08321490968036731,0.1492721060245764,12.07030303030303,30.010741376905646,1,GPX3
Fibro-reg NPCs,up_in_severe,REAC,Reactome_2022,70,Translation R-HSA-72766,0.05663013428795472,0.14938314699921068,3.595902938666016,10.324606959160874,3,RPS14;RPS9;RPL39
Fibro-reg NPCs,up_in_severe,REAC,Reactome_2022,71,Initiation Of Nuclear Envelope (NE) Reformation R-HSA-2995383,0.05731002862727961,0.14938314699921068,18.14207650273224,51.8732701693752,1,LMNA
Fibro-reg NPCs,up_in_severe,REAC,Reactome_2022,72,Chondroitin Sulfate Biosynthesis R-HSA-2022870,0.06023513991903656,0.14938314699921068,17.186367558239862,48.28508895429952,1,BGN
Fibro-reg NPCs,up_in_severe,REAC,Reactome_2022,73,Defective B3GALT6 Causes EDSP2 And SEMDJL1 R-HSA-4420332,0.06023513991903656,0.14938314699921068,17.186367558239862,48.28508895429952,1,BGN
Fibro-reg NPCs,up_in_severe,REAC,Reactome_2022,74,Defective B3GAT3 Causes JDSSDHD R-HSA-3560801,0.06023513991903656,0.14938314699921068,17.186367558239862,48.28508895429952,1,BGN
Fibro-reg NPCs,up_in_severe,REAC,Reactome_2022,75,"Defective B4GALT7 Causes EDS, Progeroid Type R-HSA-3560783",0.06023513991903656,0.14938314699921068,17.186367558239862,48.28508895429952,1,BGN
ECM/Adh-NPCs,up_in_severe,GO:BP,GO_Biological_Process_2025,197,Positive Regulation of Interleukin-17 Production (GO:0032740),0.0618726005630431,0.14975323249807582,16.604166666666668,46.204046595553486,1,SLC7A5
ECM/Adh-NPCs,up_in_severe,GO:BP,GO_Biological_Process_2025,198,Negative Regulation of Intrinsic Apoptotic Signaling Pathway in Response to DNA Damage (GO:1902230),0.0618726005630431,0.14975323249807582,16.604166666666668,46.204046595553486,1,CLU
ECM/Adh-NPCs,up_in_severe,GO:BP,GO_Biological_Process_2025,199,Cellular Response to Low-Density Lipoprotein Particle Stimulus (GO:0071404),0.0618726005630431,0.14975323249807582,16.604166666666668,46.204046595553486,1,CD81
ECM/Adh-NPCs,up_in_severe,GO:BP,GO_Biological_Process_2025,200,Receptor Clustering (GO:0043113),0.0618726005630431,0.14975323249807582,16.604166666666668,46.204046595553486,1,THY1
ECM/Adh-NPCs,up_in_severe,GO:BP,GO_Biological_Process_2025,201,Negative Regulation of Axonogenesis (GO:0050771),0.0618726005630431,0.14975323249807582,16.604166666666668,46.204046595553486,1,THY1
ECM/Adh-NPCs,up_in_severe,GO:BP,GO_Biological_Process_2025,202,Ribosome Biogenesis (GO:0042254),0.06354235401412421,0.14975323249807582,5.080220767552304,14.00133534972825,2,RPS14;RPS19
ECM/Adh-NPCs,up_in_severe,GO:BP,GO_Biological_Process_2025,203,Positive Regulation of Natural Killer Cell Mediated Immunity (GO:0002717),0.06426781435749045,0.14975323249807582,15.9392,43.74826370127252,1,LAMP1
ECM/Adh-NPCs,up_in_severe,GO:BP,GO_Biological_Process_2025,204,Actin Filament Polymerization (GO:0030041),0.06426781435749045,0.14975323249807582,15.9392,43.74826370127252,1,GSN
ECM/Adh-NPCs,up_in_severe,GO:BP,GO_Biological_Process_2025,205,Limb Development (GO:0060173),0.06426781435749045,0.14975323249807582,15.9392,43.74826370127252,1,COMP
ECM/Adh-NPCs,up_in_severe,GO:BP,GO_Biological_Process_2025,206,Protein Depolymerization (GO:0051261),0.06426781435749045,0.14975323249807582,15.9392,43.74826370127252,1,GSN
ECM/Adh-NPCs,up_in_severe,GO:BP,GO_Biological_Process_2025,207,Regulation of Arp2/3 Complex-Mediated Actin Nucleation (GO:0034315),0.06426781435749045,0.14975323249807582,15.9392,43.74826370127252,1,ARF1
ECM/Adh-NPCs,up_in_severe,GO:BP,GO_Biological_Process_2025,208,Positive Regulation of Rho Protein Signal Transduction (GO:0035025),0.06426781435749045,0.14975323249807582,15.9392,43.74826370127252,1,COL3A1
ECM/Adh-NPCs,up_in_severe,GO:BP,GO_Biological_Process_2025,209,Dendritic Spine Organization (GO:0097061),0.06426781435749045,0.14975323249807582,15.9392,43.74826370127252,1,ARF1
Fibro-reg NPCs,up_in_severe,KEGG,KEGG_2021_Human,16,GnRH signaling pathway,0.03377277341414234,0.14991234857580887,7.26996336996337,24.63136523027086,2,MMP14;MMP2
Fibro-reg NPCs,up_in_severe,KEGG,KEGG_2021_Human,17,TGF-beta signaling pathway,0.03443932332146961,0.14991234857580887,7.190579710144927,24.22187220688137,2,ID3;NBL1
ECM/Adh-NPCs,up_in_severe,GO:BP,GO_Biological_Process_2025,210,Regulation of Cytokine Production Involved in Immune Response (GO:0002718),0.06665703244937396,0.15028692038354222,15.325384615384616,41.504125770986924,1,SLC7A5
ECM/Adh-NPCs,up_in_severe,GO:BP,GO_Biological_Process_2025,211,Negative Regulation of Neurogenesis (GO:0050768),0.06665703244937396,0.15028692038354222,15.325384615384616,41.504125770986924,1,THY1
ECM/Adh-NPCs,up_in_severe,GO:BP,GO_Biological_Process_2025,212,Regulation of Lysosomal Lumen pH (GO:0035751),0.06665703244937396,0.15028692038354222,15.325384615384616,41.504125770986924,1,LAMP1
ECM/Adh-NPCs,up_in_severe,GO:BP,GO_Biological_Process_2025,213,Cardiac Muscle Cell Contraction (GO:0086003),0.06665703244937396,0.15028692038354222,15.325384615384616,41.504125770986924,1,GSN
ECM/Adh-NPCs,up_in_severe,GO:BP,GO_Biological_Process_2025,214,Maturation of SSU-rRNA Frm Tricistronic rRNA Trnscpt (GO:0000462),0.06665703244937396,0.15028692038354222,15.325384615384616,41.504125770986924,1,RPS19
ECM/Adh-NPCs,up_in_severe,GO:BP,GO_Biological_Process_2025,215,"Phagocytosis, Engulfment (GO:0006911)",0.06665703244937396,0.15028692038354222,15.325384615384616,41.504125770986924,1,GSN
ECM/Adh-NPCs,up_in_severe,GO:BP,GO_Biological_Process_2025,216,Plasma Membrane Invagination (GO:0099024),0.06665703244937396,0.15028692038354222,15.325384615384616,41.504125770986924,1,GSN
Eff-NPCs,up_in_severe,GO:BP,GO_Biological_Process_2025,183,Lipid Metabolic Process (GO:0006629),0.13360649851899148,0.15112866225918709,7.647674418604651,15.393670226175125,1,CLU
Fibro-reg NPCs,up_in_severe,REAC,Reactome_2022,76,Intrinsic Pathway Of Fibrin Clot Formation R-HSA-140837,0.06315132089981415,0.15254734658916147,16.32622950819672,45.09666238257707,1,SERPING1
Fibro-reg NPCs,up_in_severe,REAC,Reactome_2022,77,Deregulated CDK5 Triggers Neurodegenerative Pathways In Alzheimers Disease Models R-HSA-8862803,0.06315132089981415,0.15254734658916147,16.32622950819672,45.09666238257707,1,LMNA
Hom/Reg-like NPCs,up_in_severe,REAC,Reactome_2022,122,"WNT5A-dependent Internalization Of FZD2, FZD5 And ROR2 R-HSA-5140745",0.055226775078966374,0.15276438590391506,19.49705882352941,56.46947550554387,1,AP2M1
Hom/Reg-like NPCs,up_in_severe,REAC,Reactome_2022,123,Interleukin-27 Signaling R-HSA-9020956,0.055226775078966374,0.15276438590391506,19.49705882352941,56.46947550554387,1,CRLF1
Hom/Reg-like NPCs,up_in_severe,REAC,Reactome_2022,124,Dermatan Sulfate Biosynthesis R-HSA-2022923,0.055226775078966374,0.15276438590391506,19.49705882352941,56.46947550554387,1,BGN
ECM/Adh-NPCs,up_in_severe,GO:BP,GO_Biological_Process_2025,217,Positive Regulation of Leukocyte Migration (GO:0002687),0.06904026952667622,0.1535279052944809,14.757037037037037,39.44652405205433,1,THY1
ECM/Adh-NPCs,up_in_severe,GO:BP,GO_Biological_Process_2025,218,Hydrogen Peroxide Metabolic Process (GO:0042743),0.06904026952667622,0.1535279052944809,14.757037037037037,39.44652405205433,1,GPX3
ECM/Adh-NPCs,up_in_severe,GO:BP,GO_Biological_Process_2025,219,Amino Acid Import Across Plasma Membrane (GO:0089718),0.06904026952667622,0.1535279052944809,14.757037037037037,39.44652405205433,1,SLC7A5
Fibro-NPCs,up_in_severe,GO:BP,GO_Biological_Process_2025,193,Lung Development (GO:0030324),0.07536341037599187,0.154212446946237,13.414814814814815,34.683110213712276,1,RBP4
Fibro-NPCs,up_in_severe,GO:BP,GO_Biological_Process_2025,194,Cellular Response to Osmotic Stress (GO:0071470),0.07536341037599187,0.154212446946237,13.414814814814815,34.683110213712276,1,ZFP36L1
Fibro-NPCs,up_in_severe,GO:BP,GO_Biological_Process_2025,195,Protein Localization to Membrane (GO:0072657),0.07668281267544108,0.154212446946237,4.558606368251039,11.706855269793019,2,CD81;THY1
Fibro-NPCs,up_in_severe,GO:BP,GO_Biological_Process_2025,196,Regulation of p38MAPK Cascade (GO:1900744),0.07749369193278241,0.154212446946237,13.019607843137255,33.298411835161396,1,GADD45B
Fibro-NPCs,up_in_severe,GO:BP,GO_Biological_Process_2025,197,Regulation of Protein Localization to Membrane (GO:1905475),0.07749369193278241,0.154212446946237,13.019607843137255,33.298411835161396,1,MMP14
Fibro-NPCs,up_in_severe,GO:BP,GO_Biological_Process_2025,198,Protein Localization to Lysosome (GO:0061462),0.07749369193278241,0.154212446946237,13.019607843137255,33.298411835161396,1,CD81
Fibro-NPCs,up_in_severe,GO:BP,GO_Biological_Process_2025,199,Cellular Response to cAMP (GO:0071320),0.07749369193278241,0.154212446946237,13.019607843137255,33.298411835161396,1,ZFP36L1
Fibro-NPCs,up_in_severe,GO:BP,GO_Biological_Process_2025,200,Response to Transforming Growth Factor Beta (GO:0071559),0.07749369193278241,0.154212446946237,13.019607843137255,33.298411835161396,1,ZFP36L1
Fibro-reg NPCs,up_in_severe,GO:BP,GO_Biological_Process_2025,37,Negative Regulation of Immune System Process (GO:0002683),0.011771181865745436,0.15498030739525995,12.998039215686275,57.73860233967175,2,COL3A1;TSC22D3
Fibro-reg NPCs,up_in_severe,GO:BP,GO_Biological_Process_2025,38,Positive Regulation of B Cell Activation (GO:0050871),0.011771181865745436,0.15498030739525995,12.998039215686275,57.73860233967175,2,MMP14;CD81
Fibro-reg NPCs,up_in_severe,GO:BP,GO_Biological_Process_2025,39,Negative Regulation of Response to Stimulus (GO:0048585),0.013525876056001874,0.15498030739525995,12.05030303030303,51.854269718341705,2,COL3A1;THY1
Fibro-reg NPCs,up_in_severe,GO:BP,GO_Biological_Process_2025,40,Regulation of Blood Vessel Endothelial Cell Migration (GO:0043535),0.013525876056001874,0.15498030739525995,12.05030303030303,51.854269718341705,2,TMSB4X;HSPB1
Fibro-reg NPCs,up_in_severe,GO:BP,GO_Biological_Process_2025,41,Negative Regulation of Protein Kinase Activity (GO:0006469),0.014911764329570263,0.15498030739525995,11.425287356321839,48.05024363553536,2,HSPB1;THY1
Fibro-reg NPCs,up_in_severe,GO:BP,GO_Biological_Process_2025,42,Negative Regulation of Neuron Migration (GO:2001223),0.015405597156586476,0.15498030739525995,81.69672131147541,340.92241011491575,1,COL3A1
Fibro-reg NPCs,up_in_severe,GO:BP,GO_Biological_Process_2025,43,Regulation of Keratinocyte Apoptotic Process (GO:1902172),0.015405597156586476,0.15498030739525995,81.69672131147541,340.92241011491575,1,SFRP4
Fibro-reg NPCs,up_in_severe,GO:BP,GO_Biological_Process_2025,44,Regulation of Protein Polyubiquitination (GO:1902914),0.015405597156586476,0.15498030739525995,81.69672131147541,340.92241011491575,1,TCF25
Fibro-reg NPCs,up_in_severe,GO:BP,GO_Biological_Process_2025,45,Regulation of Tooth Mineralization (GO:0070170),0.015405597156586476,0.15498030739525995,81.69672131147541,340.92241011491575,1,ASPN
Fibro-reg NPCs,up_in_severe,GO:BP,GO_Biological_Process_2025,46,Negative Regulation of T-helper 17 Cell Lineage Commitment (GO:2000329),0.015405597156586476,0.15498030739525995,81.69672131147541,340.92241011491575,1,LGALS1
Fibro-reg NPCs,up_in_severe,GO:BP,GO_Biological_Process_2025,47,Regulation of Blood Vessel Remodeling (GO:0060312),0.015405597156586476,0.15498030739525995,81.69672131147541,340.92241011491575,1,CST3
Fibro-reg NPCs,up_in_severe,GO:BP,GO_Biological_Process_2025,48,Negative Regulation of Cardiac Muscle Adaptation (GO:0010616),0.015405597156586476,0.15498030739525995,81.69672131147541,340.92241011491575,1,LMNA
Fibro-reg NPCs,up_in_severe,GO:BP,GO_Biological_Process_2025,49,Negative Regulation of Cardiac Muscle Hypertrophy in Response to Stress (GO:1903243),0.015405597156586476,0.15498030739525995,81.69672131147541,340.92241011491575,1,LMNA
Fibro-reg NPCs,up_in_severe,GO:BP,GO_Biological_Process_2025,50,Negative Regulation of Cell Fate Commitment (GO:0010454),0.015405597156586476,0.15498030739525995,81.69672131147541,340.92241011491575,1,LGALS1
Hom/Reg-like NPCs,up_in_severe,GO:BP,GO_Biological_Process_2025,87,Regulation of Release of Cytochrome C From Mitochondria (GO:0090199),0.015557606415802285,0.15503959497127104,11.237340876944838,46.783360483552,2,PLAUR;CLU
Eff-NPCs,up_in_severe,REAC,Reactome_2022,37,Cellular Response To Chemical Stress R-HSA-9711123,0.09569008743413483,0.15517311475805648,10.94364640883978,25.680804597127995,1,GPX3
Hom-NPCs,up_in_severe,REAC,Reactome_2022,98,SLBP Independent Processing Of Histone Pre-mRNAs R-HSA-111367,0.04698647446391648,0.15519774898687566,23.269005847953217,71.15418818005004,1,SNRPB
Hom-NPCs,up_in_severe,REAC,Reactome_2022,99,Neurotransmitter Clearance R-HSA-112311,0.04698647446391648,0.15519774898687566,23.269005847953217,71.15418818005004,1,COMT
Fibro-NPCs,up_in_severe,REAC,Reactome_2022,82,SMAD2/SMAD3:SMAD4 Heterotrimer Regulates Transcription R-HSA-2173796,0.07961917202056437,0.1553544819913451,12.646984126984126,32.00319789387239,1,COL1A2
ECM/Adh-NPCs,up_in_severe,REAC,Reactome_2022,98,SMAD2/SMAD3:SMAD4 Heterotrimer Regulates Transcription R-HSA-2173796,0.08789260252971193,0.15543310838918845,11.379428571428571,27.67066954509134,1,COL1A2
ECM/Adh-NPCs,up_in_severe,REAC,Reactome_2022,99,SARS-CoV-2-host Interactions R-HSA-9705683,0.08919238703959574,0.15543310838918845,4.15632232274353,10.045663097618796,2,RPS14;RPS19
ECM/Adh-NPCs,up_in_severe,REAC,Reactome_2022,100,Formation Of Fibrin Clot (Clotting Cascade) R-HSA-140877,0.09022266636383927,0.15543310838918845,11.062777777777777,26.611230877061317,1,SERPING1
ECM/Adh-NPCs,up_in_severe,REAC,Reactome_2022,101,NCAM1 Interactions R-HSA-419037,0.09022266636383927,0.15543310838918845,11.062777777777777,26.611230877061317,1,COL6A2
Fibro-NPCs,up_in_severe,KEGG,KEGG_2021_Human,15,Human papillomavirus infection,0.040424849477436894,0.1558907443681438,4.174560408394782,13.393286396185548,3,COL1A1;COL1A2;COL6A2
Fibro-NPCs,up_in_severe,KEGG,KEGG_2021_Human,16,Apoptosis,0.0422754560998356,0.1558907443681438,6.433116883116883,20.35147787948217,2,GADD45B;LMNA
ECM/Adh-NPCs,up_in_severe,GO:BP,GO_Biological_Process_2025,220,Vascular Endothelial Growth Factor Receptor Signaling Pathway (GO:0048010),0.07141754026053976,0.1573771136058048,14.229285714285714,37.55409844816487,1,HSPB1
ECM/Adh-NPCs,up_in_severe,GO:BP,GO_Biological_Process_2025,221,Cell-Substrate Junction Assembly (GO:0007044),0.07141754026053976,0.1573771136058048,14.229285714285714,37.55409844816487,1,THY1
ECM/Adh-NPCs,up_in_severe,KEGG,KEGG_2021_Human,16,NF-kappa B signaling pathway,0.028942967516667722,0.15737738587188074,7.941976790716287,28.133881139244046,2,GADD45B;IL1R1
Fibro-NPCs,up_in_severe,REAC,Reactome_2022,83,NCAM1 Interactions R-HSA-419037,0.08173986122317027,0.15757081681574991,12.295061728395062,30.789459546748624,1,COL6A2
Fibro-NPCs,up_in_severe,GO:BP,GO_Biological_Process_2025,201,Positive Regulation of Release of Sequestered Calcium Ion Into Cytosol (GO:0051281),0.07961917202056437,0.15765388290639115,12.646984126984126,32.00319789387239,1,THY1
ECM/Adh-NPCs,up_in_severe,GO:BP,GO_Biological_Process_2025,222,L-amino Acid Transport (GO:0015807),0.07378885927971658,0.1583047333445902,13.73793103448276,35.80857002720438,1,SLC7A5
ECM/Adh-NPCs,up_in_severe,GO:BP,GO_Biological_Process_2025,223,Positive Regulation of Nitric Oxide Biosynthetic Process (GO:0045429),0.07378885927971658,0.1583047333445902,13.73793103448276,35.80857002720438,1,CLU
ECM/Adh-NPCs,up_in_severe,GO:BP,GO_Biological_Process_2025,224,Heterotypic Cell-Cell Adhesion (GO:0034113),0.07378885927971658,0.1583047333445902,13.73793103448276,35.80857002720438,1,THY1
ECM/Adh-NPCs,up_in_severe,GO:BP,GO_Biological_Process_2025,225,Negative Regulation of Response to Endoplasmic Reticulum Stress (GO:1903573),0.07378885927971658,0.1583047333445902,13.73793103448276,35.80857002720438,1,CLU
ECM/Adh-NPCs,up_in_severe,GO:BP,GO_Biological_Process_2025,226,Positive Regulation of B Cell Proliferation (GO:0030890),0.07378885927971658,0.1583047333445902,13.73793103448276,35.80857002720438,1,CD81
ECM/Adh-NPCs,up_in_severe,GO:BP,GO_Biological_Process_2025,227,Negative Regulation of Antigen Receptor-Mediated Signaling Pathway (GO:0050858),0.07378885927971658,0.1583047333445902,13.73793103448276,35.80857002720438,1,THY1
Fibro-reg NPCs,up_in_severe,GO:BP,GO_Biological_Process_2025,51,Positive Regulation of Apoptotic Process (GO:0043065),0.016127633255128445,0.1590627358299923,4.380984265148979,18.08129081612969,4,SFRP4;LGALS1;GADD45B;CYP1B1
Fibro-reg NPCs,up_in_severe,GO:BP,GO_Biological_Process_2025,52,Proteolysis (GO:0006508),0.01752741342940222,0.1596116004417859,4.268682693353639,17.262506462672835,4,SRGN;MMP14;MMP2;PCOLCE
Fibro-reg NPCs,up_in_severe,GO:BP,GO_Biological_Process_2025,53,Actin Filament-Based Transport (GO:0099515),0.018458588977028522,0.1596116004417859,65.35409836065574,260.90829732586,1,SUN2
Fibro-reg NPCs,up_in_severe,GO:BP,GO_Biological_Process_2025,54,Positive Regulation of Protein Catabolic Process in the Vacuole (GO:1904352),0.018458588977028522,0.1596116004417859,65.35409836065574,260.90829732586,1,CD81
Fibro-reg NPCs,up_in_severe,GO:BP,GO_Biological_Process_2025,55,Humoral Immune Response Mediated by Circulating Immunoglobulin (GO:0002455),0.018458588977028522,0.1596116004417859,65.35409836065574,260.90829732586,1,CD81
Fibro-reg NPCs,up_in_severe,GO:BP,GO_Biological_Process_2025,56,Positive Regulation of Intracellular Protein Transport (GO:0090316),0.019416182956651432,0.1596116004417859,9.886069651741293,38.96741050267062,2,CD81;OAZ1
Fibro-reg NPCs,up_in_severe,GO:BP,GO_Biological_Process_2025,57,Negative Regulation of Cell Migration (GO:0030336),0.01948416560671698,0.1596116004417859,5.550238786403221,21.857690434564287,3,COL3A1;CYP1B1;THY1
Fibro-reg NPCs,up_in_severe,GO:BP,GO_Biological_Process_2025,58,Negative Regulation of Hematopoietic Progenitor Cell Differentiation (GO:1901533),0.021502267689373616,0.1596116004417859,54.459016393442624,209.10066918631128,1,TMSB4X
Fibro-reg NPCs,up_in_severe,GO:BP,GO_Biological_Process_2025,59,Positive Regulation of Leukocyte Differentiation (GO:1902107),0.021502267689373616,0.1596116004417859,54.459016393442624,209.10066918631128,1,LGALS1
Fibro-reg NPCs,up_in_severe,GO:BP,GO_Biological_Process_2025,60,Positive Regulation of Myotube Differentiation (GO:0010831),0.021502267689373616,0.1596116004417859,54.459016393442624,209.10066918631128,1,MMP14
Fibro-reg NPCs,up_in_severe,GO:BP,GO_Biological_Process_2025,61,Negative Regulation of Neuron Projection Regeneration (GO:0070571),0.021502267689373616,0.1596116004417859,54.459016393442624,209.10066918631128,1,THY1
Fibro-reg NPCs,up_in_severe,GO:BP,GO_Biological_Process_2025,62,Immunological Synapse Formation (GO:0001771),0.021502267689373616,0.1596116004417859,54.459016393442624,209.10066918631128,1,CD81
Fibro-reg NPCs,up_in_severe,GO:BP,GO_Biological_Process_2025,63,Neurotrophin TRK Receptor Signaling Pathway (GO:0048011),0.021502267689373616,0.1596116004417859,54.459016393442624,209.10066918631128,1,DDIT4
Fibro-reg NPCs,up_in_severe,GO:BP,GO_Biological_Process_2025,64,Positive Regulation of ATP Biosynthetic Process (GO:2001171),0.021502267689373616,0.1596116004417859,54.459016393442624,209.10066918631128,1,TMSB4X
Fibro-reg NPCs,up_in_severe,GO:BP,GO_Biological_Process_2025,65,Regulation of Cardiac Muscle Hypertrophy in Response to Stress (GO:1903242),0.021502267689373616,0.1596116004417859,54.459016393442624,209.10066918631128,1,LMNA
Fibro-reg NPCs,up_in_severe,GO:BP,GO_Biological_Process_2025,66,Positive Regulation of Epithelial Cell Apoptotic Process (GO:1904037),0.021502267689373616,0.1596116004417859,54.459016393442624,209.10066918631128,1,SFRP4
Fibro-reg NPCs,up_in_severe,GO:BP,GO_Biological_Process_2025,67,Regulation of Cellular Extravasation (GO:0002691),0.021502267689373616,0.1596116004417859,54.459016393442624,209.10066918631128,1,THY1
Fibro-reg NPCs,up_in_severe,GO:BP,GO_Biological_Process_2025,68,Regulation of Apoptotic Process (GO:0042981),0.021577711391732486,0.1596116004417859,2.953336062218584,11.329275861842593,6,COMP;SFRP4;LGALS1;GADD45B;HSPB1;CYP1B1
Fibro-NPCs,up_in_severe,REAC,Reactome_2022,84,Apoptotic Cleavage Of Cellular Proteins R-HSA-111465,0.08385577009174108,0.1597252763652211,11.962162162162162,29.650096722737764,1,LMNA
Fibro-NPCs,up_in_severe,REAC,Reactome_2022,85,Signaling By Interleukins R-HSA-449147,0.08583014889240327,0.15993843562778004,3.023875968992248,7.42477954044694,3,COL1A2;MMP2;TIMP1
Fibro-NPCs,up_in_severe,REAC,Reactome_2022,86,NGF-stimulated Transcription R-HSA-9031628,0.08596690914993177,0.15993843562778004,11.646783625730993,28.57879420114118,1,ID3
Fibro-reg NPCs,up_in_severe,GO:BP,GO_Biological_Process_2025,69,Positive Regulation of Cell Migration (GO:0030335),0.021967487915932928,0.1601398032132502,3.9752535496957404,15.178280270568393,4,COL1A1;SUN2;MMP14;SPARC
ECM/Adh-NPCs,up_in_severe,GO:BP,GO_Biological_Process_2025,228,Vacuolar Acidification (GO:0007035),0.0761542411780185,0.16055028334932905,13.279333333333334,34.194210378566844,1,LAMP1
ECM/Adh-NPCs,up_in_severe,GO:BP,GO_Biological_Process_2025,229,Positive Regulation of Nitric Oxide Metabolic Process (GO:1904407),0.0761542411780185,0.16055028334932905,13.279333333333334,34.194210378566844,1,CLU
ECM/Adh-NPCs,up_in_severe,GO:BP,GO_Biological_Process_2025,230,Regulation of Neuron Migration (GO:2001222),0.0761542411780185,0.16055028334932905,13.279333333333334,34.194210378566844,1,COL3A1
ECM/Adh-NPCs,up_in_severe,GO:BP,GO_Biological_Process_2025,231,Regulation of Protein Modification Process (GO:0031399),0.0761542411780185,0.16055028334932905,13.279333333333334,34.194210378566844,1,HSPB1
Hom/Reg-like NPCs,up_in_severe,REAC,Reactome_2022,125,SARS-CoV-2 Infection R-HSA-9694516,0.05861525879163243,0.1608402701242394,2.8410267550052497,8.059311703461065,4,RPS14;RPS9;RPS19;RPS11
Fibro-NPCs,up_in_severe,GO:BP,GO_Biological_Process_2025,202,Regulation of mRNA Processing (GO:0050684),0.08173986122317027,0.1610518057763454,12.295061728395062,30.789459546748624,1,ZFP36L1
Fibro-NPCs,up_in_severe,GO:BP,GO_Biological_Process_2025,203,Positive Regulation of Immunoglobulin Production (GO:0002639),0.08385577009174108,0.16122993476576306,11.962162162162162,29.650096722737764,1,RBP4
Fibro-NPCs,up_in_severe,GO:BP,GO_Biological_Process_2025,204,Regulation of Erythrocyte Differentiation (GO:0045646),0.08385577009174108,0.16122993476576306,11.962162162162162,29.650096722737764,1,ZFP36L1
Fibro-NPCs,up_in_severe,GO:BP,GO_Biological_Process_2025,205,Regulation of Vascular Associated Smooth Muscle Cell Proliferation (GO:1904705),0.08385577009174108,0.16122993476576306,11.962162162162162,29.650096722737764,1,MMP2
Fibro-NPCs,up_in_severe,GO:BP,GO_Biological_Process_2025,206,Regulation of Axonogenesis (GO:0050770),0.08385577009174108,0.16122993476576306,11.962162162162162,29.650096722737764,1,THY1
Fibro-NPCs,up_in_severe,GO:BP,GO_Biological_Process_2025,207,Striated Muscle Tissue Development (GO:0014706),0.08385577009174108,0.16122993476576306,11.962162162162162,29.650096722737764,1,RBP4
Hom/Reg-like NPCs,up_in_severe,GO:BP,GO_Biological_Process_2025,88,Maturation of SSU-rRNA (GO:0030490),0.016367384736889912,0.16125593826004037,10.924642464246425,44.92720605590462,2,RPS14;RPS19
Fibro-reg NPCs,up_in_severe,REAC,Reactome_2022,78,Signaling By Receptor Tyrosine Kinases R-HSA-9006934,0.06775130186764616,0.16156079676131008,2.7258200168208577,7.337666532736958,4,SPARC;COL6A2;HSPB1;ID3
Hom-NPCs,up_in_severe,GO:BP,GO_Biological_Process_2025,76,Positive Regulation of Cellular Component Organization (GO:0051130),0.016366870778996526,0.1616595485566921,5.9127837514934285,24.316299891734495,3,GPX1;CD151;CLU
Hom-NPCs,up_in_severe,GO:BP,GO_Biological_Process_2025,77,Negative Regulation of Kinase Activity (GO:0033673),0.01655657429850472,0.1616595485566921,10.837424986361157,44.44397661035724,2,GSTP1;HSPB1
Hom-NPCs,up_in_severe,GO:BP,GO_Biological_Process_2025,78,Odontogenesis (GO:0042476),0.01655657429850472,0.1616595485566921,10.837424986361157,44.44397661035724,2,COL1A1;COL1A2
Hom-NPCs,up_in_severe,GO:BP,GO_Biological_Process_2025,79,Cellular Response to Metal Ion (GO:0071248),0.01675997944354157,0.1616595485566921,5.858242083456644,23.952954163899737,3,MT2A;MT1G;MT1X
Fibro-reg NPCs,up_in_severe,GO:BP,GO_Biological_Process_2025,70,Transforming Growth Factor Beta Receptor Signaling Pathway (GO:0007179),0.023264145508351257,0.16190088512249573,8.947747747747748,33.651064846097036,2,COL3A1;COL1A2
Fibro-reg NPCs,up_in_severe,GO:BP,GO_Biological_Process_2025,71,Positive Regulation of Lymphocyte Proliferation (GO:0050671),0.02383752226362359,0.16190088512249573,8.828,32.9857723343894,2,CD81;CD276
Fibro-reg NPCs,up_in_severe,GO:BP,GO_Biological_Process_2025,72,C21-steroid Hormone Biosynthetic Process (GO:0006700),0.024536660972781548,0.16190088512249573,46.676814988290396,173.05834842078664,1,TSPO
Fibro-reg NPCs,up_in_severe,GO:BP,GO_Biological_Process_2025,73,"Regulation of CD4-positive, Alpha-Beta T Cell Proliferation (GO:2000561)",0.024536660972781548,0.16190088512249573,46.676814988290396,173.05834842078664,1,CD81
Fibro-reg NPCs,up_in_severe,GO:BP,GO_Biological_Process_2025,74,Positive Regulation of Adaptive Immune Response (GO:0002821),0.024536660972781548,0.16190088512249573,46.676814988290396,173.05834842078664,1,CD81
Fibro-reg NPCs,up_in_severe,GO:BP,GO_Biological_Process_2025,75,Negative Regulation of T Cell Apoptotic Process (GO:0070233),0.024536660972781548,0.16190088512249573,46.676814988290396,173.05834842078664,1,TSC22D3
Fibro-reg NPCs,up_in_severe,GO:BP,GO_Biological_Process_2025,76,Negative Regulation of Blood Vessel Morphogenesis (GO:2000181),0.0267905294604894,0.16190088512249573,8.274166666666666,29.950057614575666,2,SPARC;SERPINF1
Fibro-reg NPCs,up_in_severe,GO:BP,GO_Biological_Process_2025,77,Negative Regulation of Protein Phosphorylation (GO:0001933),0.02739807682930696,0.16190088512249573,8.171604938271605,29.39557108804136,2,HSPB1;THY1
Fibro-reg NPCs,up_in_severe,GO:BP,GO_Biological_Process_2025,78,Regulation of Protein Kinase Activity (GO:0045859),0.02739807682930696,0.16190088512249573,8.171604938271605,29.39557108804136,2,HSPB1;THY1
Fibro-reg NPCs,up_in_severe,GO:BP,GO_Biological_Process_2025,79,Tooth Mineralization (GO:0034505),0.027561796520828474,0.16190088512249573,40.84016393442623,146.670287413221,1,COL1A1
Fibro-reg NPCs,up_in_severe,GO:BP,GO_Biological_Process_2025,80,Positive Regulation of Protein Exit From Endoplasmic Reticulum (GO:0070863),0.027561796520828474,0.16190088512249573,40.84016393442623,146.670287413221,1,CD81
Fibro-reg NPCs,up_in_severe,GO:BP,GO_Biological_Process_2025,81,Positive Regulation of Purine Nucleotide Biosynthetic Process (GO:1900373),0.027561796520828474,0.16190088512249573,40.84016393442623,146.670287413221,1,TMSB4X
Fibro-reg NPCs,up_in_severe,GO:BP,GO_Biological_Process_2025,82,Regulation of Protein Exit From Endoplasmic Reticulum (GO:0070861),0.027561796520828474,0.16190088512249573,40.84016393442623,146.670287413221,1,CD81
Fibro-reg NPCs,up_in_severe,GO:BP,GO_Biological_Process_2025,83,Negative Regulation of Cell Adhesion Mediated by Integrin (GO:0033629),0.027561796520828474,0.16190088512249573,40.84016393442623,146.670287413221,1,CYP1B1
Fibro-reg NPCs,up_in_severe,GO:BP,GO_Biological_Process_2025,84,Positive Regulation of Epidermis Development (GO:0045684),0.027561796520828474,0.16190088512249573,40.84016393442623,146.670287413221,1,SFRP4
Fibro-reg NPCs,up_in_severe,GO:BP,GO_Biological_Process_2025,85,Ribosomal Small Subunit Biogenesis (GO:0042274),0.028629802246296947,0.16190088512249573,7.973895582329317,28.333699525134016,2,RPS14;RPS9
Fibro-reg NPCs,up_in_severe,GO:BP,GO_Biological_Process_2025,86,Integrin-Mediated Signaling Pathway (GO:0007229),0.029253902302986367,0.16190088512249573,7.878571428571429,27.82508399467758,2,COL3A1;THY1
Fibro-reg NPCs,up_in_severe,GO:BP,GO_Biological_Process_2025,87,Gene Expression (GO:0010467),0.0304482743037778,0.16190088512249573,3.5783408030732646,12.494585474182715,4,RPS14;RPS9;RPS18;RPL39
Fibro-reg NPCs,up_in_severe,GO:BP,GO_Biological_Process_2025,88,T Cell Receptor Signaling Pathway (GO:0050852),0.030518383504934975,0.16190088512249573,7.694573643410853,26.849645630902344,2,THY1;CD276
Fibro-reg NPCs,up_in_severe,GO:BP,GO_Biological_Process_2025,89,Regulation of Macrophage Migration (GO:1905521),0.030577701961505156,0.16190088512249573,36.30054644808743,126.59758326788086,1,CD81
Fibro-reg NPCs,up_in_severe,GO:BP,GO_Biological_Process_2025,90,Regulation of Mononuclear Cell Migration (GO:0071675),0.030577701961505156,0.16190088512249573,36.30054644808743,126.59758326788086,1,CD81
Fibro-reg NPCs,up_in_severe,GO:BP,GO_Biological_Process_2025,91,Biomineral Tissue Development (GO:0031214),0.030577701961505156,0.16190088512249573,36.30054644808743,126.59758326788086,1,COL1A1
Fibro-reg NPCs,up_in_severe,GO:BP,GO_Biological_Process_2025,92,Oxygen Transport (GO:0015671),0.030577701961505156,0.16190088512249573,36.30054644808743,126.59758326788086,1,HBB
Fibro-reg NPCs,up_in_severe,GO:BP,GO_Biological_Process_2025,93,Protein Localization to Nuclear Envelope (GO:0090435),0.030577701961505156,0.16190088512249573,36.30054644808743,126.59758326788086,1,LMNA
Fibro-reg NPCs,up_in_severe,GO:BP,GO_Biological_Process_2025,94,Cellular Response to UV-A (GO:0071492),0.030577701961505156,0.16190088512249573,36.30054644808743,126.59758326788086,1,MMP2
Fibro-reg NPCs,up_in_severe,GO:BP,GO_Biological_Process_2025,95,Negative Regulation of T-helper 17 Cell Differentiation (GO:2000320),0.030577701961505156,0.16190088512249573,36.30054644808743,126.59758326788086,1,LGALS1
Fibro-NPCs,up_in_severe,REAC,Reactome_2022,87,Diseases Associated With Glycosaminoglycan Metabolism R-HSA-3560782,0.08807328892912575,0.16197386469724276,11.347578347578347,27.569917287159008,1,BGN
Hom/Reg-like NPCs,up_in_severe,REAC,Reactome_2022,126,Pregnenolone Biosynthesis R-HSA-196108,0.060095023859690136,0.16230388333758833,17.723707664884135,49.836021703830525,1,TSPO
Hom/Reg-like NPCs,up_in_severe,REAC,Reactome_2022,127,p38MAPK Events R-HSA-171007,0.060095023859690136,0.16230388333758833,17.723707664884135,49.836021703830525,1,MAPKAPK2
Fibro-reg NPCs,up_in_severe,GO:BP,GO_Biological_Process_2025,96,Positive Regulation of Canonical Wnt Signaling Pathway (GO:0090263),0.03115868774143609,0.16314645596697697,7.605747126436782,26.38176735052036,2,COL1A1;SFRP4
Fibro-reg NPCs,up_in_severe,GO:BP,GO_Biological_Process_2025,97,Regulation of Dendritic Cell Differentiation (GO:2001198),0.03358440490598319,0.16314645596697697,32.66885245901639,110.86807091829407,1,LGALS1
Fibro-reg NPCs,up_in_severe,GO:BP,GO_Biological_Process_2025,98,Negative Regulation of Extracellular Matrix Organization (GO:1903054),0.03358440490598319,0.16314645596697697,32.66885245901639,110.86807091829407,1,CST3
Fibro-reg NPCs,up_in_severe,GO:BP,GO_Biological_Process_2025,99,Omega-Hydroxylase P450 Pathway (GO:0097267),0.03358440490598319,0.16314645596697697,32.66885245901639,110.86807091829407,1,CYP1B1
Fibro-reg NPCs,up_in_severe,GO:BP,GO_Biological_Process_2025,100,Carbon Dioxide Transport (GO:0015670),0.03358440490598319,0.16314645596697697,32.66885245901639,110.86807091829407,1,HBB
Fibro-reg NPCs,up_in_severe,GO:BP,GO_Biological_Process_2025,101,Positive Regulation of B Cell Differentiation (GO:0045579),0.03358440490598319,0.16314645596697697,32.66885245901639,110.86807091829407,1,MMP14
Fibro-reg NPCs,up_in_severe,GO:BP,GO_Biological_Process_2025,102,Negative Regulation of Angiogenesis (GO:0016525),0.03377277341414234,0.16314645596697697,7.26996336996337,24.63136523027086,2,SPARC;SERPINF1
Fibro-reg NPCs,up_in_severe,GO:BP,GO_Biological_Process_2025,103,Regulation of Immune Response (GO:0050776),0.03443932332146961,0.16314645596697697,7.190579710144927,24.22187220688137,2,COL3A1;CD276
Fibro-reg NPCs,up_in_severe,GO:BP,GO_Biological_Process_2025,104,Negative Regulation of Complement Activation (GO:0045916),0.03658193288429582,0.16314645596697697,29.69746646795827,98.24518225287433,1,SERPING1
Fibro-reg NPCs,up_in_severe,GO:BP,GO_Biological_Process_2025,105,Phosphate Ion Homeostasis (GO:0055062),0.03658193288429582,0.16314645596697697,29.69746646795827,98.24518225287433,1,SFRP4
Fibro-reg NPCs,up_in_severe,GO:BP,GO_Biological_Process_2025,106,Regulation of ATP Biosynthetic Process (GO:2001169),0.03658193288429582,0.16314645596697697,29.69746646795827,98.24518225287433,1,TMSB4X
Fibro-reg NPCs,up_in_severe,GO:BP,GO_Biological_Process_2025,107,"Positive Regulation of CD4-positive, Alpha-Beta T Cell Activation (GO:2000516)",0.03658193288429582,0.16314645596697697,29.69746646795827,98.24518225287433,1,CD81
Fibro-reg NPCs,up_in_severe,GO:BP,GO_Biological_Process_2025,108,Positive Regulation of Cellular Extravasation (GO:0002693),0.03658193288429582,0.16314645596697697,29.69746646795827,98.24518225287433,1,THY1
Fibro-reg NPCs,up_in_severe,GO:BP,GO_Biological_Process_2025,109,Negative Regulation of Cell Cycle Phase Transition (GO:1901988),0.03658193288429582,0.16314645596697697,29.69746646795827,98.24518225287433,1,TMSB4X
Fibro-reg NPCs,up_in_severe,GO:BP,GO_Biological_Process_2025,110,Cellular Response to Transforming Growth Factor Beta Stimulus (GO:0071560),0.037156517932519735,0.16314645596697697,6.889583333333333,22.684752827524797,2,COL3A1;COL1A2
Fibro-reg NPCs,up_in_severe,GO:BP,GO_Biological_Process_2025,111,Positive Regulation of Protein Catabolic Process (GO:0045732),0.037848381018999164,0.16314645596697697,6.818213058419244,22.323968696801245,2,CD81;OAZ1
Fibro-reg NPCs,up_in_severe,GO:BP,GO_Biological_Process_2025,112,Regulation of Hematopoietic Stem Cell Differentiation (GO:1902036),0.03957031337568825,0.16314645596697697,27.221311475409838,87.91601919409594,1,TMSB4X
Fibro-reg NPCs,up_in_severe,GO:BP,GO_Biological_Process_2025,113,Negative Regulation of Stem Cell Differentiation (GO:2000737),0.03957031337568825,0.16314645596697697,27.221311475409838,87.91601919409594,1,TMSB4X
Fibro-reg NPCs,up_in_severe,GO:BP,GO_Biological_Process_2025,114,Positive Regulation of Type 2 Immune Response (GO:0002830),0.03957031337568825,0.16314645596697697,27.221311475409838,87.91601919409594,1,CD81
Fibro-reg NPCs,up_in_severe,GO:BP,GO_Biological_Process_2025,115,Intrinsic Apoptotic Signaling Pathway in Response to Oxidative Stress (GO:0008631),0.03957031337568825,0.16314645596697697,27.221311475409838,87.91601919409594,1,CYP1B1
Fibro-reg NPCs,up_in_severe,GO:BP,GO_Biological_Process_2025,116,Positive Regulation of Viral Entry Into Host Cell (GO:0046598),0.03957031337568825,0.16314645596697697,27.221311475409838,87.91601919409594,1,LGALS1
Fibro-reg NPCs,up_in_severe,GO:BP,GO_Biological_Process_2025,117,Removal of Superoxide Radicals (GO:0019430),0.03957031337568825,0.16314645596697697,27.221311475409838,87.91601919409594,1,SOD3
Fibro-reg NPCs,up_in_severe,GO:BP,GO_Biological_Process_2025,118,Positive Regulation by Symbiont of Entry Into Host (GO:0075294),0.03957031337568825,0.16314645596697697,27.221311475409838,87.91601919409594,1,LGALS1
Fibro-reg NPCs,up_in_severe,GO:BP,GO_Biological_Process_2025,119,Response to UV-A (GO:0070141),0.03957031337568825,0.16314645596697697,27.221311475409838,87.91601919409594,1,MMP2
Fibro-reg NPCs,up_in_severe,GO:BP,GO_Biological_Process_2025,120,Regulation of T-helper 17 Cell Lineage Commitment (GO:2000328),0.03957031337568825,0.16314645596697697,27.221311475409838,87.91601919409594,1,LGALS1
Fibro-reg NPCs,up_in_severe,GO:BP,GO_Biological_Process_2025,121,Negative Regulation of Bone Mineralization (GO:0030502),0.03957031337568825,0.16314645596697697,27.221311475409838,87.91601919409594,1,SRGN
Fibro-reg NPCs,up_in_severe,GO:BP,GO_Biological_Process_2025,122,Negative Regulation of Cardiac Muscle Hypertrophy (GO:0010614),0.03957031337568825,0.16314645596697697,27.221311475409838,87.91601919409594,1,LMNA
Fibro-NPCs,up_in_severe,GO:BP,GO_Biological_Process_2025,208,Positive Regulation of Lymphocyte Differentiation (GO:0045621),0.08596690914993177,0.1637073198166165,11.646783625730993,28.57879420114118,1,MMP14
Fibro-NPCs,up_in_severe,GO:BP,GO_Biological_Process_2025,209,Phosphatidylinositol 3-Kinase/Protein Kinase B Signal Transduction (GO:0043491),0.08596690914993177,0.1637073198166165,11.646783625730993,28.57879420114118,1,ZFP36L1
Fibro-NPCs,up_in_severe,KEGG,KEGG_2021_Human,17,PI3K-Akt signaling pathway,0.04772365005249184,0.1640178227838481,3.896442059232757,11.854255539839048,3,COL1A1;COL1A2;COL6A2
Fibro-NPCs,up_in_severe,KEGG,KEGG_2021_Human,18,Cellular senescence,0.05003933576456383,0.1640178227838481,5.8441558441558445,17.5029303948369,2,GADD45B;ZFP36L1
Fibro-reg NPCs,up_in_severe,GO:BP,GO_Biological_Process_2025,123,Positive Regulation of Cell Motility (GO:2000147),0.042144161279425774,0.16474312840772853,4.07027697395618,12.889179727217337,3,COL1A1;SUN2;MMP14
Fibro-reg NPCs,up_in_severe,GO:BP,GO_Biological_Process_2025,124,Regulation of Extracellular Matrix Disassembly (GO:0010715),0.04254957378370724,0.16474312840772853,25.12610340479193,79.32525524448647,1,CST3
Fibro-reg NPCs,up_in_severe,GO:BP,GO_Biological_Process_2025,125,Bone Morphogenesis (GO:0060349),0.04254957378370724,0.16474312840772853,25.12610340479193,79.32525524448647,1,SFRP4
Fibro-reg NPCs,up_in_severe,GO:BP,GO_Biological_Process_2025,126,Cellular Response to Superoxide (GO:0071451),0.04254957378370724,0.16474312840772853,25.12610340479193,79.32525524448647,1,SOD3
Fibro-reg NPCs,up_in_severe,GO:BP,GO_Biological_Process_2025,127,Positive Regulation of T Cell Receptor Signaling Pathway (GO:0050862),0.04254957378370724,0.16474312840772853,25.12610340479193,79.32525524448647,1,CD81
Fibro-reg NPCs,up_in_severe,GO:BP,GO_Biological_Process_2025,128,Steroid Metabolic Process (GO:0008202),0.04282807832504376,0.16474312840772853,6.357051282051282,20.028280106449948,2,TSPO;CYP1B1
Fibro-reg NPCs,up_in_severe,GO:BP,GO_Biological_Process_2025,129,Cell-Matrix Adhesion (GO:0007160),0.043558556895213485,0.16474312840772853,6.296190476190477,19.730051685841488,2,COL3A1;THY1
Fibro-reg NPCs,up_in_severe,GO:BP,GO_Biological_Process_2025,130,Positive Regulation of Vasculature Development (GO:1904018),0.045033481089757944,0.16474312840772853,6.177881619937695,19.15358935976254,2,HSPB1;CYP1B1
Fibro-reg NPCs,up_in_severe,GO:BP,GO_Biological_Process_2025,131,Gas Transport (GO:0015669),0.04551974143734416,0.16474312840772853,23.330210772833723,72.08123312729496,1,HBB
Fibro-reg NPCs,up_in_severe,GO:BP,GO_Biological_Process_2025,132,Regulation of Peptidase Activity (GO:0052547),0.04551974143734416,0.16474312840772853,23.330210772833723,72.08123312729496,1,CST3
Fibro-reg NPCs,up_in_severe,GO:BP,GO_Biological_Process_2025,133,Nitric Oxide Biosynthetic Process (GO:0006809),0.04551974143734416,0.16474312840772853,23.330210772833723,72.08123312729496,1,CYP1B1
Fibro-reg NPCs,up_in_severe,GO:BP,GO_Biological_Process_2025,134,rRNA Catabolic Process (GO:0016075),0.04551974143734416,0.16474312840772853,23.330210772833723,72.08123312729496,1,TRIR
Fibro-reg NPCs,up_in_severe,GO:BP,GO_Biological_Process_2025,135,Positive Regulation of Alpha-Beta T Cell Proliferation (GO:0046641),0.04551974143734416,0.16474312840772853,23.330210772833723,72.08123312729496,1,CD81
Fibro-reg NPCs,up_in_severe,GO:BP,GO_Biological_Process_2025,136,Retinal Metabolic Process (GO:0042574),0.04551974143734416,0.16474312840772853,23.330210772833723,72.08123312729496,1,CYP1B1
Fibro-reg NPCs,up_in_severe,GO:BP,GO_Biological_Process_2025,137,Negative Regulation of Developmental Process (GO:0051093),0.04652679610636599,0.16474312840772853,6.063914373088685,18.602433071898542,2,CST3;THY1
Fibro-reg NPCs,up_in_severe,GO:BP,GO_Biological_Process_2025,138,C21-steroid Hormone Metabolic Process (GO:0008207),0.048480843602201,0.16474312840772853,21.77377049180328,65.90020061578312,1,TSPO
Fibro-reg NPCs,up_in_severe,GO:BP,GO_Biological_Process_2025,139,Epoxygenase P450 Pathway (GO:0019373),0.048480843602201,0.16474312840772853,21.77377049180328,65.90020061578312,1,CYP1B1
Fibro-reg NPCs,up_in_severe,GO:BP,GO_Biological_Process_2025,140,Regulation of Non-Canonical Wnt Signaling Pathway (GO:2000050),0.048480843602201,0.16474312840772853,21.77377049180328,65.90020061578312,1,SFRP4
Fibro-reg NPCs,up_in_severe,GO:BP,GO_Biological_Process_2025,141,Neurotrophin Signaling Pathway (GO:0038179),0.048480843602201,0.16474312840772853,21.77377049180328,65.90020061578312,1,DDIT4
Fibro-reg NPCs,up_in_severe,GO:BP,GO_Biological_Process_2025,142,One-Carbon Compound Transport (GO:0019755),0.048480843602201,0.16474312840772853,21.77377049180328,65.90020061578312,1,HBB
Fibro-reg NPCs,up_in_severe,GO:BP,GO_Biological_Process_2025,143,Protein Localization to Vacuole (GO:0072665),0.048480843602201,0.16474312840772853,21.77377049180328,65.90020061578312,1,CD81
Fibro-reg NPCs,up_in_severe,GO:BP,GO_Biological_Process_2025,144,Membrane Lipid Metabolic Process (GO:0006643),0.048480843602201,0.16474312840772853,21.77377049180328,65.90020061578312,1,CYP1B1
Fibro-reg NPCs,up_in_severe,GO:BP,GO_Biological_Process_2025,145,Regulation of B Cell Receptor Signaling Pathway (GO:0050855),0.048480843602201,0.16474312840772853,21.77377049180328,65.90020061578312,1,CD81
Fibro-reg NPCs,up_in_severe,GO:BP,GO_Biological_Process_2025,146,Ribosomal Small Subunit Assembly (GO:0000028),0.048480843602201,0.16474312840772853,21.77377049180328,65.90020061578312,1,RPS14
Fibro-reg NPCs,up_in_severe,GO:BP,GO_Biological_Process_2025,147,Transforming Growth Factor Beta Receptor Superfamily Signaling Pathway (GO:0141091),0.048800648375251596,0.16474312840772853,5.900595238095238,17.819866537015734,2,COL3A1;COL1A2
Fibro-reg NPCs,up_in_severe,GO:BP,GO_Biological_Process_2025,148,Antigen Receptor-Mediated Signaling Pathway (GO:0050851),0.048800648375251596,0.16474312840772853,5.900595238095238,17.819866537015734,2,THY1;CD276
Fibro-reg NPCs,up_in_severe,GO:BP,GO_Biological_Process_2025,149,Positive Regulation of Wnt Signaling Pathway (GO:0030177),0.048800648375251596,0.16474312840772853,5.900595238095238,17.819866537015734,2,COL1A1;SFRP4
ECM/Adh-NPCs,up_in_severe,GO:BP,GO_Biological_Process_2025,232,Apoptotic Mitochondrial Changes (GO:0008637),0.07851370053791566,0.16481108690502122,12.85032258064516,32.69741630324718,1,CLU
Hom-NPCs,up_in_severe,GO:BP,GO_Biological_Process_2025,80,Response to Hydrogen Peroxide (GO:0042542),0.017330697144383612,0.16504964720028104,10.565957446808511,42.847873106487704,2,GPX1;HBB
Hom-NPCs,up_in_severe,GO:BP,GO_Biological_Process_2025,81,Positive Regulation of Inflammatory Response (GO:0050729),0.017970982710331956,0.16504964720028104,5.700460829493087,22.91013436536435,3,LGALS1;RPS19;CD81
Hom-NPCs,up_in_severe,GO:BP,GO_Biological_Process_2025,82,Negative Regulation of Growth (GO:0045926),0.017970982710331956,0.16504964720028104,5.700460829493087,22.91013436536435,3,MT2A;MT1G;MT1X
Hom-NPCs,up_in_severe,GO:BP,GO_Biological_Process_2025,83,Import Into the Mitochondrion (GO:0170036),0.01811996617216934,0.16504964720028104,10.307732226258432,41.3416426617247,2,SMDT1;ROMO1
Hom-NPCs,up_in_severe,GO:BP,GO_Biological_Process_2025,84,Negative Regulation of Organelle Organization (GO:0010639),0.018924221341637907,0.16504964720028104,10.061803444782168,39.918319836112516,2,GPX1;CLU
Hom-NPCs,up_in_severe,GO:BP,GO_Biological_Process_2025,85,Endothelial Cell Migration (GO:0043542),0.019743303775455433,0.16504964720028104,9.827313211281544,38.57162350571695,2,ID1;FN1
Hom-NPCs,up_in_severe,GO:BP,GO_Biological_Process_2025,86,Establishment of Protein Localization to Mitochondrion (GO:0072655),0.019743303775455433,0.16504964720028104,9.827313211281544,38.57162350571695,2,TSPO;ROMO1
Hom-NPCs,up_in_severe,GO:BP,GO_Biological_Process_2025,87,Regulation of Nitric Oxide Biosynthetic Process (GO:0045428),0.019743303775455433,0.16504964720028104,9.827313211281544,38.57162350571695,2,HBB;CLU
Hom-NPCs,up_in_severe,GO:BP,GO_Biological_Process_2025,88,Collagen Fibril Organization (GO:0030199),0.019743303775455433,0.16504964720028104,9.827313211281544,38.57162350571695,2,COL1A1;COL1A2
Hom-NPCs,up_in_severe,GO:BP,GO_Biological_Process_2025,89,Ribonucleoprotein Complex Biogenesis (GO:0022613),0.020095201945805007,0.16504964720028104,5.455472842569617,21.31602829517405,3,RPS14;RPS9;RPS19
Hom-NPCs,up_in_severe,GO:BP,GO_Biological_Process_2025,90,Negative Regulation of Inflammatory Response (GO:0050728),0.020535961021525537,0.16504964720028104,5.408966648441772,21.016960370272212,3,RPS19;TMSB4X;GSTP1
Hom-NPCs,up_in_severe,GO:BP,GO_Biological_Process_2025,91,Cellular Response to Oxidative Stress (GO:0034599),0.020535961021525537,0.16504964720028104,5.408966648441772,21.016960370272212,3,CHCHD2;GPX1;ROMO1
Hom-NPCs,up_in_severe,GO:BP,GO_Biological_Process_2025,92,Regulation of Fibroblast Proliferation (GO:0048145),0.02057705575331588,0.16504964720028104,9.60348162475822,37.29587593759746,2,GSTP1;FN1
Hom-NPCs,up_in_severe,GO:BP,GO_Biological_Process_2025,93,Regulation of Intrinsic Apoptotic Signaling Pathway (GO:2001242),0.02057705575331588,0.16504964720028104,9.60348162475822,37.29587593759746,2,PLAUR;CLU
Hom-NPCs,up_in_severe,GO:BP,GO_Biological_Process_2025,94,Homotypic Cell-Cell Adhesion (GO:0034109),0.02057705575331588,0.16504964720028104,9.60348162475822,37.29587593759746,2,HBB;HSPB1
Hom-NPCs,up_in_severe,GO:BP,GO_Biological_Process_2025,95,Positive Regulation of Chemotaxis (GO:0050921),0.02057705575331588,0.16504964720028104,9.60348162475822,37.29587593759746,2,TMSB4X;HSPB1
Hom-NPCs,up_in_severe,REAC,Reactome_2022,100,Interleukin-27 Signaling R-HSA-9020956,0.051563216555611455,0.165063442648491,20.94105263157895,62.08910527455818,1,CRLF1
Hom-NPCs,up_in_severe,REAC,Reactome_2022,101,SLBP Dependent Processing Of Replication-Dependent Histone Pre-mRNAs R-HSA-77588,0.051563216555611455,0.165063442648491,20.94105263157895,62.08910527455818,1,SNRPB
Hom-NPCs,up_in_severe,REAC,Reactome_2022,102,Dermatan Sulfate Biosynthesis R-HSA-2022923,0.051563216555611455,0.165063442648491,20.94105263157895,62.08910527455818,1,BGN
Hom-NPCs,up_in_severe,REAC,Reactome_2022,103,Cytokine Signaling In Immune System R-HSA-1280215,0.05199246052842377,0.165063442648491,2.173842049955541,6.427304359036925,7,MT2A;IFITM2;COL1A2;RPLP0;FN1;ELOB;CRLF1
Fibro-reg NPCs,up_in_severe,GO:BP,GO_Biological_Process_2025,150,Positive Regulation of Inflammatory Response (GO:0050729),0.04956749719020301,0.16511557011041134,5.848082595870206,17.570096070795003,2,LGALS1;CD81
Fibro-reg NPCs,up_in_severe,GO:BP,GO_Biological_Process_2025,151,Protein Processing (GO:0016485),0.04956749719020301,0.16511557011041134,5.848082595870206,17.570096070795003,2,SRGN;MMP14
Fibro-reg NPCs,up_in_severe,GO:BP,GO_Biological_Process_2025,152,Protein Complex Oligomerization (GO:0051259),0.050338738626661106,0.1658381567559688,5.796491228070176,17.325598360332574,2,COMP;BASP1
Fibro-reg NPCs,up_in_severe,GO:BP,GO_Biological_Process_2025,153,Regulation of Canonical NF-kappaB Signal Transduction (GO:0043122),0.051411729995941034,0.1658381567559688,3.7461435916968195,11.118138067963296,3,LGALS1;TMSB4X;HSPB1
Fibro-reg NPCs,up_in_severe,GO:BP,GO_Biological_Process_2025,154,Eye Photoreceptor Cell Development (GO:0042462),0.05143290746308376,0.1658381567559688,20.41188524590164,60.57180179742927,1,THY1
Fibro-reg NPCs,up_in_severe,GO:BP,GO_Biological_Process_2025,155,Membrane Lipid Catabolic Process (GO:0046466),0.05143290746308376,0.1658381567559688,20.41188524590164,60.57180179742927,1,CYP1B1
Fibro-reg NPCs,up_in_severe,GO:BP,GO_Biological_Process_2025,156,Myoblast Fusion (GO:0007520),0.05143290746308376,0.1658381567559688,20.41188524590164,60.57180179742927,1,CD81
Eff-NPCs,up_in_severe,GO:BP,GO_Biological_Process_2025,184,Cellular Response to Cytokine Stimulus (GO:0071345),0.1479835926195893,0.16648154169703797,6.840625,13.070066643437114,1,ZFP36
Fibro-NPCs,up_in_severe,GO:BP,GO_Biological_Process_2025,210,Negative Regulation of Proteolysis (GO:0045861),0.08807328892912575,0.1669198523513907,11.347578347578347,27.569917287159008,1,TIMP1
Fibro-reg NPCs,up_in_severe,REAC,Reactome_2022,79,Defective Intrinsic Pathway For Apoptosis R-HSA-9734009,0.0718465495096426,0.16704322760991905,14.194583036350677,37.377498142539395,1,LMNA
Fibro-reg NPCs,up_in_severe,REAC,Reactome_2022,80,RUNX2 Regulates Osteoblast Differentiation R-HSA-8940973,0.0718465495096426,0.16704322760991905,14.194583036350677,37.377498142539395,1,COL1A1
Hom/Reg-like NPCs,up_in_severe,GO:BP,GO_Biological_Process_2025,89,Regulation of Cytokine-Mediated Signaling Pathway (GO:0001959),0.018039775887824815,0.16728776762042674,10.348619072433559,41.55152887308566,2,CDC37;MAPKAPK2
Hom/Reg-like NPCs,up_in_severe,GO:BP,GO_Biological_Process_2025,90,Negative Regulation of Proteolysis (GO:0045861),0.018039775887824815,0.16728776762042674,10.348619072433559,41.55152887308566,2,CST3;TIMP1
Hom/Reg-like NPCs,up_in_severe,GO:BP,GO_Biological_Process_2025,91,Negative Regulation of Intracellular Signal Transduction (GO:1902532),0.018788753258253698,0.16728776762042674,3.4255311713726586,13.6147627443544,5,CILP;GSTP1;ZC3H12A;DDIT4;PLAUR
Hom/Reg-like NPCs,up_in_severe,GO:BP,GO_Biological_Process_2025,92,Negative Regulation of Kinase Activity (GO:0033673),0.01890199060656357,0.16728776762042674,10.082762122366082,40.01332088636245,2,GSTP1;HSPB1
Hom/Reg-like NPCs,up_in_severe,GO:BP,GO_Biological_Process_2025,93,Odontogenesis (GO:0042476),0.01890199060656357,0.16728776762042674,10.082762122366082,40.01332088636245,2,COL1A1;COL1A2
Hom/Reg-like NPCs,up_in_severe,GO:BP,GO_Biological_Process_2025,94,Negative Regulation of DNA Metabolic Process (GO:0051053),0.01890199060656357,0.16728776762042674,10.082762122366082,40.01332088636245,2,TSPYL2;S100A11
Hom/Reg-like NPCs,up_in_severe,GO:BP,GO_Biological_Process_2025,95,Defense Response to Virus (GO:0051607),0.01927458056615627,0.16728776762042674,4.103509320004165,16.204627485969155,4,IFITM3;IFITM2;DDIT4;GBP2
Hom/Reg-like NPCs,up_in_severe,GO:BP,GO_Biological_Process_2025,96,Ribosome Assembly (GO:0042255),0.01978128859197819,0.16728776762042674,9.83019801980198,38.56405172495132,2,RPS14;RPS19
Hom/Reg-like NPCs,up_in_severe,GO:BP,GO_Biological_Process_2025,97,Type I Interferon-Mediated Signaling Pathway (GO:0060337),0.01978128859197819,0.16728776762042674,9.83019801980198,38.56405172495132,2,IFITM3;IFITM2
Hom/Reg-like NPCs,up_in_severe,GO:BP,GO_Biological_Process_2025,98,Cellular Response to Metal Ion (GO:0071248),0.020172211297929506,0.16728776762042674,5.446238532110092,21.259115985849554,3,MT2A;MT1G;MT1X
Hom/Reg-like NPCs,up_in_severe,GO:BP,GO_Biological_Process_2025,99,Cellular Response to Type I Interferon (GO:0071357),0.020677474640462906,0.16728776762042674,9.589954117362955,37.19665431818472,2,IFITM3;IFITM2
Hom/Reg-like NPCs,up_in_severe,GO:BP,GO_Biological_Process_2025,100,Protein Complex Oligomerization (GO:0051259),0.022106284245259,0.16728776762042674,5.252389380530974,20.021548182196113,3,COMP;FUS;ZC3H12A
Hom/Reg-like NPCs,up_in_severe,GO:BP,GO_Biological_Process_2025,101,Regulation of Nitric Oxide Biosynthetic Process (GO:0045428),0.02251973772740635,0.16728776762042674,9.142988717476399,34.682676225609036,2,ZC3H12A;CLU
Hom/Reg-like NPCs,up_in_severe,GO:BP,GO_Biological_Process_2025,102,Regulation of Cyclin-Dependent Protein Serine/Threonine Kinase Activity (GO:0000079),0.023465431936928148,0.16728776762042674,8.934743474347435,33.52518500734916,2,SERTAD1;CDC37
Hom/Reg-like NPCs,up_in_severe,GO:BP,GO_Biological_Process_2025,103,Regulation of mRNA Catabolic Process (GO:0061013),0.024427248528943426,0.16728776762042674,8.735753575357537,32.42760670793292,2,ZC3H12A;MAPKAPK2
Hom/Reg-like NPCs,up_in_severe,GO:BP,GO_Biological_Process_2025,104,Positive Regulation of mRNA Catabolic Process (GO:0061014),0.024427248528943426,0.16728776762042674,8.735753575357537,32.42760670793292,2,ALKBH5;ZC3H12A
Hom/Reg-like NPCs,up_in_severe,GO:BP,GO_Biological_Process_2025,105,Negative Regulation of DNA-binding Transcription Factor Activity (GO:0043433),0.02519104358538111,0.16728776762042674,4.986050420168067,18.354981680023716,3,SIVA1;ZC3H12A;ID1
Hom/Reg-like NPCs,up_in_severe,GO:BP,GO_Biological_Process_2025,106,Negative Regulation of Tumor Necrosis Factor Production (GO:0032720),0.02540499980992111,0.16728776762042674,8.545415411106328,31.385681035487067,2,GSTP1;ZC3H12A
Hom/Reg-like NPCs,up_in_severe,GO:BP,GO_Biological_Process_2025,107,Negative Regulation of Viral Genome Replication (GO:0045071),0.02540499980992111,0.16728776762042674,8.545415411106328,31.385681035487067,2,IFITM3;IFITM2
Hom/Reg-like NPCs,up_in_severe,GO:BP,GO_Biological_Process_2025,108,Blood Circulation (GO:0008015),0.02540499980992111,0.16728776762042674,8.545415411106328,31.385681035487067,2,CYB5R3;SERPING1
Hom/Reg-like NPCs,up_in_severe,GO:BP,GO_Biological_Process_2025,109,Erythrocyte Differentiation (GO:0030218),0.02540499980992111,0.16728776762042674,8.545415411106328,31.385681035487067,2,RPS14;RPS19
Hom/Reg-like NPCs,up_in_severe,GO:BP,GO_Biological_Process_2025,110,4-Hydroxyproline Metabolic Process (GO:0019471),0.025488488708855967,0.16728776762042674,48.75735294117647,178.91648898231432,1,P4HB
Hom/Reg-like NPCs,up_in_severe,GO:BP,GO_Biological_Process_2025,111,Negative Regulation of Insulin-Like Growth Factor Receptor Signaling Pathway (GO:0043569),0.025488488708855967,0.16728776762042674,48.75735294117647,178.91648898231432,1,CILP
Hom/Reg-like NPCs,up_in_severe,GO:BP,GO_Biological_Process_2025,112,Negative Regulation of Neuron Migration (GO:2001223),0.025488488708855967,0.16728776762042674,48.75735294117647,178.91648898231432,1,COL3A1
Hom/Reg-like NPCs,up_in_severe,GO:BP,GO_Biological_Process_2025,113,Regulation of miRNA Catabolic Process (GO:2000625),0.025488488708855967,0.16728776762042674,48.75735294117647,178.91648898231432,1,ZC3H12A
Hom/Reg-like NPCs,up_in_severe,GO:BP,GO_Biological_Process_2025,114,Negative Regulation of Trophoblast Cell Migration (GO:1901164),0.025488488708855967,0.16728776762042674,48.75735294117647,178.91648898231432,1,TIMP1
Hom/Reg-like NPCs,up_in_severe,GO:BP,GO_Biological_Process_2025,115,Regulation of Protein Polyubiquitination (GO:1902914),0.025488488708855967,0.16728776762042674,48.75735294117647,178.91648898231432,1,TCF25
Hom/Reg-like NPCs,up_in_severe,GO:BP,GO_Biological_Process_2025,116,Regulation of Respiratory Burst Involved in Inflammatory Response (GO:0060264),0.025488488708855967,0.16728776762042674,48.75735294117647,178.91648898231432,1,RPS19
Hom/Reg-like NPCs,up_in_severe,GO:BP,GO_Biological_Process_2025,117,Positive Regulation of T-helper 1 Cell Cytokine Production (GO:2000556),0.025488488708855967,0.16728776762042674,48.75735294117647,178.91648898231432,1,IL1R1
Hom/Reg-like NPCs,up_in_severe,GO:BP,GO_Biological_Process_2025,118,Positive Regulation of Platelet-Derived Growth Factor Receptor Signaling Pathway (GO:0010641),0.025488488708855967,0.16728776762042674,48.75735294117647,178.91648898231432,1,IL1R1
Hom/Reg-like NPCs,up_in_severe,GO:BP,GO_Biological_Process_2025,119,Insulin Processing (GO:0030070),0.025488488708855967,0.16728776762042674,48.75735294117647,178.91648898231432,1,P4HB
Hom/Reg-like NPCs,up_in_severe,GO:BP,GO_Biological_Process_2025,120,Interleukin-23-Mediated Signaling Pathway (GO:0038155),0.025488488708855967,0.16728776762042674,48.75735294117647,178.91648898231432,1,P4HB
Hom/Reg-like NPCs,up_in_severe,GO:BP,GO_Biological_Process_2025,121,Protein Import (GO:0017038),0.025488488708855967,0.16728776762042674,48.75735294117647,178.91648898231432,1,CLU
Hom/Reg-like NPCs,up_in_severe,GO:BP,GO_Biological_Process_2025,122,Regulation of T-helper 1 Cell Cytokine Production (GO:2000554),0.025488488708855967,0.16728776762042674,48.75735294117647,178.91648898231432,1,IL1R1
Hom/Reg-like NPCs,up_in_severe,GO:BP,GO_Biological_Process_2025,123,Negative Regulation of T-helper 17 Cell Lineage Commitment (GO:2000329),0.025488488708855967,0.16728776762042674,48.75735294117647,178.91648898231432,1,LGALS1
Hom/Reg-like NPCs,up_in_severe,GO:BP,GO_Biological_Process_2025,124,Negative Regulation of T-helper 17 Type Immune Response (GO:2000317),0.025488488708855967,0.16728776762042674,48.75735294117647,178.91648898231432,1,ZC3H12A
Hom/Reg-like NPCs,up_in_severe,GO:BP,GO_Biological_Process_2025,125,Regulation of Blood Vessel Remodeling (GO:0060312),0.025488488708855967,0.16728776762042674,48.75735294117647,178.91648898231432,1,CST3
Hom/Reg-like NPCs,up_in_severe,GO:BP,GO_Biological_Process_2025,126,Negative Regulation of Acute Inflammatory Response (GO:0002674),0.025488488708855967,0.16728776762042674,48.75735294117647,178.91648898231432,1,GSTP1
Hom/Reg-like NPCs,up_in_severe,GO:BP,GO_Biological_Process_2025,127,Negative Regulation of Cardiac Muscle Adaptation (GO:0010616),0.025488488708855967,0.16728776762042674,48.75735294117647,178.91648898231432,1,LMNA
Hom/Reg-like NPCs,up_in_severe,GO:BP,GO_Biological_Process_2025,128,Negative Regulation of Cardiac Muscle Hypertrophy in Response to Stress (GO:1903243),0.025488488708855967,0.16728776762042674,48.75735294117647,178.91648898231432,1,LMNA
Hom/Reg-like NPCs,up_in_severe,GO:BP,GO_Biological_Process_2025,129,Negative Regulation of Cell Fate Commitment (GO:0010454),0.025488488708855967,0.16728776762042674,48.75735294117647,178.91648898231432,1,LGALS1
Hom/Reg-like NPCs,up_in_severe,GO:BP,GO_Biological_Process_2025,130,Positive Regulation of Epithelial to Mesenchymal Transition (GO:0010718),0.026398499575123593,0.16728776762042674,8.363176743206235,30.39553186378944,2,COL1A1;ZNF703
Hom/Reg-like NPCs,up_in_severe,GO:BP,GO_Biological_Process_2025,131,Positive Regulation of Angiogenesis (GO:0045766),0.027369882990489543,0.16728776762042674,4.822926829268293,17.354395634579504,3,S100A1;ZC3H12A;HSPB1
Hom/Reg-like NPCs,up_in_severe,GO:BP,GO_Biological_Process_2025,132,Negative Regulation of Tumor Necrosis Factor Superfamily Cytokine Production (GO:1903556),0.02740756305932927,0.16728776762042674,8.188531353135314,29.45362550083794,2,GSTP1;ZC3H12A
Hom/Reg-like NPCs,up_in_severe,GO:BP,GO_Biological_Process_2025,133,Regulation of Tumor Necrosis Factor-Mediated Signaling Pathway (GO:0010803),0.02740756305932927,0.16728776762042674,8.188531353135314,29.45362550083794,2,GSTP1;MAPKAPK2
Hom/Reg-like NPCs,up_in_severe,GO:BP,GO_Biological_Process_2025,134,Protein Localization to Nucleus (GO:0034504),0.027929857059769858,0.16728776762042674,4.7837903225806455,17.11668409838579,3,COL1A1;LMNA;GBP2
Hom/Reg-like NPCs,up_in_severe,GO:BP,GO_Biological_Process_2025,135,Regulation of Substrate Adhesion-Dependent Cell Spreading (GO:1900024),0.029471649437231802,0.16728776762042674,7.86019801980198,27.701904284541715,2,MELTF;P4HB
Hom/Reg-like NPCs,up_in_severe,GO:BP,GO_Biological_Process_2025,136,Positive Regulation of Reactive Oxygen Species Metabolic Process (GO:2000379),0.029471649437231802,0.16728776762042674,7.86019801980198,27.701904284541715,2,GSTP1;ZC3H12A
Hom/Reg-like NPCs,up_in_severe,GO:BP,GO_Biological_Process_2025,137,Regulation of Collagen Fibril Organization (GO:1904026),0.030508460755968123,0.16728776762042674,39.003921568627455,136.11398334704754,1,EFEMP2
Hom/Reg-like NPCs,up_in_severe,GO:BP,GO_Biological_Process_2025,138,Negative Regulation of Dendritic Spine Development (GO:0061000),0.030508460755968123,0.16728776762042674,39.003921568627455,136.11398334704754,1,NGEF
Hom/Reg-like NPCs,up_in_severe,GO:BP,GO_Biological_Process_2025,139,Negative Regulation of Membrane Protein Ectodomain Proteolysis (GO:0051045),0.030508460755968123,0.16728776762042674,39.003921568627455,136.11398334704754,1,TIMP1
Hom/Reg-like NPCs,up_in_severe,GO:BP,GO_Biological_Process_2025,140,Actin Filament-Based Transport (GO:0099515),0.030508460755968123,0.16728776762042674,39.003921568627455,136.11398334704754,1,SUN2
Hom/Reg-like NPCs,up_in_severe,GO:BP,GO_Biological_Process_2025,141,Negative Regulation of Stress-Activated MAPK Cascade (GO:0032873),0.030508460755968123,0.16728776762042674,39.003921568627455,136.11398334704754,1,GSTP1
Hom/Reg-like NPCs,up_in_severe,GO:BP,GO_Biological_Process_2025,142,Regulation of Protein Deubiquitination (GO:0090085),0.030508460755968123,0.16728776762042674,39.003921568627455,136.11398334704754,1,ZC3H12A
Hom/Reg-like NPCs,up_in_severe,GO:BP,GO_Biological_Process_2025,143,Cellular Response to Bacterial Lipopeptide (GO:0071221),0.030508460755968123,0.16728776762042674,39.003921568627455,136.11398334704754,1,NDUFA2
Hom/Reg-like NPCs,up_in_severe,GO:BP,GO_Biological_Process_2025,144,Regulation of Triglyceride Storage (GO:0010889),0.030508460755968123,0.16728776762042674,39.003921568627455,136.11398334704754,1,PNPLA2
Hom/Reg-like NPCs,up_in_severe,GO:BP,GO_Biological_Process_2025,145,Cellular Response to Lipoteichoic Acid (GO:0071223),0.030508460755968123,0.16728776762042674,39.003921568627455,136.11398334704754,1,NDUFA2
Hom/Reg-like NPCs,up_in_severe,GO:BP,GO_Biological_Process_2025,146,Response to Lipoteichoic Acid (GO:0070391),0.030508460755968123,0.16728776762042674,39.003921568627455,136.11398334704754,1,NDUFA2
Hom/Reg-like NPCs,up_in_severe,GO:BP,GO_Biological_Process_2025,147,Diacylglycerol Biosynthetic Process (GO:0006651),0.030508460755968123,0.16728776762042674,39.003921568627455,136.11398334704754,1,PNPLA2
Hom/Reg-like NPCs,up_in_severe,GO:BP,GO_Biological_Process_2025,148,Positive Regulation of Gastrulation (GO:2000543),0.030508460755968123,0.16728776762042674,39.003921568627455,136.11398334704754,1,SCX
Hom/Reg-like NPCs,up_in_severe,GO:BP,GO_Biological_Process_2025,149,Positive Regulation of Protein Catabolic Process in the Vacuole (GO:1904352),0.030508460755968123,0.16728776762042674,39.003921568627455,136.11398334704754,1,CD81
Hom/Reg-like NPCs,up_in_severe,GO:BP,GO_Biological_Process_2025,150,Positive Regulation of Pyroptotic Inflammatory Response (GO:0140639),0.030508460755968123,0.16728776762042674,39.003921568627455,136.11398334704754,1,GBP2
Hom/Reg-like NPCs,up_in_severe,GO:BP,GO_Biological_Process_2025,151,Humoral Immune Response Mediated by Circulating Immunoglobulin (GO:0002455),0.030508460755968123,0.16728776762042674,39.003921568627455,136.11398334704754,1,CD81
Hom/Reg-like NPCs,up_in_severe,GO:BP,GO_Biological_Process_2025,152,Positive Regulation of Respiratory Burst (GO:0060267),0.030508460755968123,0.16728776762042674,39.003921568627455,136.11398334704754,1,RPS19
Hom/Reg-like NPCs,up_in_severe,GO:BP,GO_Biological_Process_2025,153,Positive Regulation of Triglyceride Catabolic Process (GO:0010898),0.030508460755968123,0.16728776762042674,39.003921568627455,136.11398334704754,1,PNPLA2
Hom/Reg-like NPCs,up_in_severe,GO:BP,GO_Biological_Process_2025,154,Lipid Droplet Disassembly (GO:1905691),0.030508460755968123,0.16728776762042674,39.003921568627455,136.11398334704754,1,PNPLA2
Hom/Reg-like NPCs,up_in_severe,GO:BP,GO_Biological_Process_2025,155,Negative Regulation of Protein Catabolic Process (GO:0042177),0.030526310040346012,0.16728776762042674,7.705688215880412,26.886427972051816,2,CST3;TIMP1
Hom/Reg-like NPCs,up_in_severe,GO:BP,GO_Biological_Process_2025,156,Regulation of Proteolysis (GO:0030162),0.030526310040346012,0.16728776762042674,7.705688215880412,26.886427972051816,2,CST3;PLAUR
Hom/Reg-like NPCs,up_in_severe,GO:BP,GO_Biological_Process_2025,157,mRNA Destabilization (GO:0061157),0.03159580977714601,0.16728776762042674,7.557121096725057,26.107818779205395,2,ALKBH5;ZC3H12A
Hom/Reg-like NPCs,up_in_severe,GO:BP,GO_Biological_Process_2025,158,Positive Regulation of Cell Migration (GO:0030335),0.032650194470640805,0.16728776762042674,2.9435313948588284,10.072483228986018,5,COL1A1;SUN2;ZC3H12A;ZNF703;S100A11
Hom/Reg-like NPCs,up_in_severe,GO:BP,GO_Biological_Process_2025,159,Nucleus Organization (GO:0006997),0.03267997105715796,0.16728776762042674,7.414160283952923,25.36378965108506,2,RPS19;LMNA
Hom/Reg-like NPCs,up_in_severe,GO:BP,GO_Biological_Process_2025,160,Interferon-Mediated Signaling Pathway (GO:0140888),0.03267997105715796,0.16728776762042674,7.414160283952923,25.36378965108506,2,IFITM3;IFITM2
Hom/Reg-like NPCs,up_in_severe,GO:BP,GO_Biological_Process_2025,161,Receptor-Mediated Endocytosis (GO:0006898),0.03324324836153448,0.16728776762042674,4.458045112781955,15.17475576063776,3,CD81;AP2M1;PDLIM7
Hom/Reg-like NPCs,up_in_severe,GO:BP,GO_Biological_Process_2025,162,Receptor Internalization (GO:0031623),0.03377861769051291,0.16728776762042674,7.276494316098277,24.652233664554966,2,CD81;AP2M1
Hom/Reg-like NPCs,up_in_severe,GO:BP,GO_Biological_Process_2025,163,Negative Regulation of Innate Immune Response (GO:0045824),0.034891574897095566,0.16728776762042674,7.143834383438344,23.971206896696234,2,RPS19;SERPING1
Hom/Reg-like NPCs,up_in_severe,GO:BP,GO_Biological_Process_2025,164,Negative Regulation of Response to Stimulus (GO:0048585),0.034891574897095566,0.16728776762042674,7.143834383438344,23.971206896696234,2,COL3A1;CLU
Hom/Reg-like NPCs,up_in_severe,GO:BP,GO_Biological_Process_2025,165,mRNA Stabilization (GO:0048255),0.034891574897095566,0.16728776762042674,7.143834383438344,23.971206896696234,2,FUS;MAPKAPK2
Hom/Reg-like NPCs,up_in_severe,GO:BP,GO_Biological_Process_2025,166,Myeloid Cell Differentiation (GO:0030099),0.034891574897095566,0.16728776762042674,7.143834383438344,23.971206896696234,2,RPS14;RPS19
Hom/Reg-like NPCs,up_in_severe,GO:BP,GO_Biological_Process_2025,167,Regulation of Leukocyte Proliferation (GO:0070663),0.03550282496212055,0.16728776762042674,32.501633986928105,108.49510228328505,1,GSTP1
Hom/Reg-like NPCs,up_in_severe,GO:BP,GO_Biological_Process_2025,168,Regulation of mRNA Export From Nucleus (GO:0010793),0.03550282496212055,0.16728776762042674,32.501633986928105,108.49510228328505,1,ALKBH5
Hom/Reg-like NPCs,up_in_severe,GO:BP,GO_Biological_Process_2025,169,Regulation of Mammary Gland Epithelial Cell Proliferation (GO:0033599),0.03550282496212055,0.16728776762042674,32.501633986928105,108.49510228328505,1,ZNF703
Hom/Reg-like NPCs,up_in_severe,GO:BP,GO_Biological_Process_2025,170,Negative Regulation of Stress-Activated Protein Kinase Signaling Cascade (GO:0070303),0.03550282496212055,0.16728776762042674,32.501633986928105,108.49510228328505,1,GSTP1
Hom/Reg-like NPCs,up_in_severe,GO:BP,GO_Biological_Process_2025,171,Neurotrophin TRK Receptor Signaling Pathway (GO:0048011),0.03550282496212055,0.16728776762042674,32.501633986928105,108.49510228328505,1,DDIT4
Hom/Reg-like NPCs,up_in_severe,GO:BP,GO_Biological_Process_2025,172,Regulation of Ribonucleoprotein Complex Localization (GO:2000197),0.03550282496212055,0.16728776762042674,32.501633986928105,108.49510228328505,1,ALKBH5
Hom/Reg-like NPCs,up_in_severe,GO:BP,GO_Biological_Process_2025,173,Response to Hydroperoxide (GO:0033194),0.03550282496212055,0.16728776762042674,32.501633986928105,108.49510228328505,1,GPX3
Hom/Reg-like NPCs,up_in_severe,GO:BP,GO_Biological_Process_2025,174,Elastic Fiber Assembly (GO:0048251),0.03550282496212055,0.16728776762042674,32.501633986928105,108.49510228328505,1,EFEMP2
Hom/Reg-like NPCs,up_in_severe,GO:BP,GO_Biological_Process_2025,175,Positive Regulation of Extracellular Matrix Disassembly (GO:0090091),0.03550282496212055,0.16728776762042674,32.501633986928105,108.49510228328505,1,MELTF
Hom/Reg-like NPCs,up_in_severe,GO:BP,GO_Biological_Process_2025,176,Positive Regulation of Leukocyte Differentiation (GO:1902107),0.03550282496212055,0.16728776762042674,32.501633986928105,108.49510228328505,1,LGALS1
Hom/Reg-like NPCs,up_in_severe,GO:BP,GO_Biological_Process_2025,177,+ Reg of Mt Outer Membrane Permeabilization Inv in Apoptotic Sgnlng Pway (GO:1901030),0.03550282496212055,0.16728776762042674,32.501633986928105,108.49510228328505,1,SIVA1
Hom/Reg-like NPCs,up_in_severe,GO:BP,GO_Biological_Process_2025,178,Positive Regulation of Plasminogen Activation (GO:0010756),0.03550282496212055,0.16728776762042674,32.501633986928105,108.49510228328505,1,MELTF
Hom/Reg-like NPCs,up_in_severe,GO:BP,GO_Biological_Process_2025,179,Hepoxilin Biosynthetic Process (GO:0051122),0.03550282496212055,0.16728776762042674,32.501633986928105,108.49510228328505,1,GSTP1
Hom/Reg-like NPCs,up_in_severe,GO:BP,GO_Biological_Process_2025,180,Hepoxilin Metabolic Process (GO:0051121),0.03550282496212055,0.16728776762042674,32.501633986928105,108.49510228328505,1,GSTP1
Hom/Reg-like NPCs,up_in_severe,GO:BP,GO_Biological_Process_2025,181,Immunological Synapse Formation (GO:0001771),0.03550282496212055,0.16728776762042674,32.501633986928105,108.49510228328505,1,CD81
Hom/Reg-like NPCs,up_in_severe,GO:BP,GO_Biological_Process_2025,182,Macropinocytosis (GO:0044351),0.03550282496212055,0.16728776762042674,32.501633986928105,108.49510228328505,1,MAPKAPK2
Hom/Reg-like NPCs,up_in_severe,GO:BP,GO_Biological_Process_2025,183,Mammary Gland Epithelial Cell Differentiation (GO:0060644),0.03550282496212055,0.16728776762042674,32.501633986928105,108.49510228328505,1,ZNF703
Hom/Reg-like NPCs,up_in_severe,GO:BP,GO_Biological_Process_2025,184,Regulation of Cardiac Muscle Hypertrophy in Response to Stress (GO:1903242),0.03550282496212055,0.16728776762042674,32.501633986928105,108.49510228328505,1,LMNA
ECM/Adh-NPCs,up_in_severe,GO:BP,GO_Biological_Process_2025,233,Negative Regulation of Cell Migration (GO:0030336),0.08008368668373994,0.1673852163733105,4.433056739179188,11.192063464108328,2,COL3A1;THY1
Fibro-NPCs,up_in_severe,REAC,Reactome_2022,88,RHOF GTPase Cycle R-HSA-9035034,0.09227181253348396,0.16776693187906175,10.792953929539296,25.71978809417909,1,BASP1
Hom/Reg-like NPCs,up_in_severe,GO:BP,GO_Biological_Process_2025,185,Positive Regulation of Type II Interferon Production (GO:0032729),0.0360186692589081,0.1678934744487813,7.015912305516266,23.318913205383588,2,IL1R1;NDUFA2
Hom/Reg-like NPCs,up_in_severe,GO:BP,GO_Biological_Process_2025,186,Muscle Organ Development (GO:0007517),0.0360186692589081,0.1678934744487813,7.015912305516266,23.318913205383588,2,LMNA;ITGA11
Hom/Reg-like NPCs,up_in_severe,REAC,Reactome_2022,128,Amyloid Fiber Formation R-HSA-977225,0.06266046173763204,0.16791045606256086,5.097081136685097,14.119040261934838,2,CST3;MFGE8
ECM/Adh-NPCs,up_in_severe,REAC,Reactome_2022,102,Programmed Cell Death R-HSA-5357801,0.09859428891668423,0.16819025756375544,3.9118288091935804,9.062697867443731,2,GSN;LMNA
ECM/Adh-NPCs,up_in_severe,GO:BP,GO_Biological_Process_2025,234,Regulation of Amyloid-Beta Formation (GO:1902003),0.08086725188148412,0.16830064814650758,12.448125,31.30636633865138,1,CLU
Fibro-NPCs,up_in_severe,GO:BP,GO_Biological_Process_2025,211,Positive Regulation of Insulin Secretion (GO:0032024),0.09017491989219245,0.16849585970466008,11.063333333333333,26.618423595643765,1,RBP4
Fibro-NPCs,up_in_severe,GO:BP,GO_Biological_Process_2025,212,Negative Regulation of Kinase Activity (GO:0033673),0.09017491989219245,0.16849585970466008,11.063333333333333,26.618423595643765,1,THY1
Fibro-NPCs,up_in_severe,GO:BP,GO_Biological_Process_2025,213,Visual System Development (GO:0150063),0.09017491989219245,0.16849585970466008,11.063333333333333,26.618423595643765,1,RBP4
Fibro-NPCs,up_in_severe,REAC,Reactome_2022,89,Retinoid Metabolism And Transport R-HSA-975634,0.09436397729271122,0.16964310524532353,10.535449735449735,24.869939188170132,1,RBP4
Fibro-reg NPCs,up_in_severe,GO:BP,GO_Biological_Process_2025,157,Ribonucleoprotein Complex Biogenesis (GO:0022613),0.05346696079258787,0.16988265804347724,5.598870056497175,16.3973624225118,2,RPS14;RPS9
Fibro-reg NPCs,up_in_severe,GO:BP,GO_Biological_Process_2025,158,Regulation of Epidermal Cell Differentiation (GO:0045604),0.05437596012922433,0.16988265804347724,19.210221793635487,55.93696029523851,1,SFRP4
Fibro-reg NPCs,up_in_severe,GO:BP,GO_Biological_Process_2025,159,Regulation of Viral Entry Into Host Cell (GO:0046596),0.05437596012922433,0.16988265804347724,19.210221793635487,55.93696029523851,1,LGALS1
Fibro-reg NPCs,up_in_severe,GO:BP,GO_Biological_Process_2025,160,Positive Regulation of Antigen Receptor-Mediated Signaling Pathway (GO:0050857),0.05437596012922433,0.16988265804347724,19.210221793635487,55.93696029523851,1,CD81
Fibro-reg NPCs,up_in_severe,GO:BP,GO_Biological_Process_2025,161,Positive Regulation of Focal Adhesion Assembly (GO:0051894),0.05437596012922433,0.16988265804347724,19.210221793635487,55.93696029523851,1,THY1
Hom/Reg-like NPCs,up_in_severe,KEGG,KEGG_2021_Human,14,Diabetic cardiomyopathy,0.02090539735566854,0.17022966418187238,3.999390893863256,15.468635757689073,4,COL1A1;COL3A1;COL1A2;NDUFA2
Eff-NPCs,up_in_severe,REAC,Reactome_2022,38,Innate Immune System R-HSA-168249,0.10797268822397613,0.1704831919325939,4.077874583198882,9.076847123958549,2,CST3;CLU
Fibro-NPCs,up_in_severe,GO:BP,GO_Biological_Process_2025,214,Response to cAMP (GO:0051591),0.09227181253348396,0.17071301346590484,10.792953929539296,25.71978809417909,1,ZFP36L1
Fibro-NPCs,up_in_severe,GO:BP,GO_Biological_Process_2025,215,Regulation of Chromosome Organization (GO:0033044),0.09227181253348396,0.17071301346590484,10.792953929539296,25.71978809417909,1,LMNA
Fibro-NPCs,up_in_severe,GO:BP,GO_Biological_Process_2025,216,Ephrin Receptor Signaling Pathway (GO:0048013),0.09436397729271122,0.17071301346590484,10.535449735449735,24.869939188170132,1,MMP2
Fibro-NPCs,up_in_severe,GO:BP,GO_Biological_Process_2025,217,Negative Regulation of Mitotic Cell Cycle Phase Transition (GO:1901991),0.09436397729271122,0.17071301346590484,10.535449735449735,24.869939188170132,1,ZFP36L1
Fibro-NPCs,up_in_severe,GO:BP,GO_Biological_Process_2025,218,Positive Regulation of Myeloid Leukocyte Differentiation (GO:0002763),0.09436397729271122,0.17071301346590484,10.535449735449735,24.869939188170132,1,ZFP36L1
Fibro-NPCs,up_in_severe,GO:BP,GO_Biological_Process_2025,219,RNA Transport (GO:0050658),0.09436397729271122,0.17071301346590484,10.535449735449735,24.869939188170132,1,ZFP36L1
Fibro-NPCs,up_in_severe,GO:BP,GO_Biological_Process_2025,220,Positive Regulation of Production of Molecular Mediator of Immune Response (GO:0002702),0.09436397729271122,0.17071301346590484,10.535449735449735,24.869939188170132,1,RBP4
Hom-NPCs,up_in_severe,GO:BP,GO_Biological_Process_2025,96,Erythrocyte Differentiation (GO:0030218),0.022287943139890805,0.17089569833053878,9.185013876040703,34.93712373976337,2,RPS14;RPS19
Hom-NPCs,up_in_severe,GO:BP,GO_Biological_Process_2025,97,Blood Circulation (GO:0008015),0.022287943139890805,0.17089569833053878,9.185013876040703,34.93712373976337,2,GPX1;SERPING1
Hom-NPCs,up_in_severe,GO:BP,GO_Biological_Process_2025,98,Positive Regulation of Transport (GO:0051050),0.023164768799963525,0.17089569833053878,8.989135355364418,33.845197946063955,2,CD151;SIVA1
Hom-NPCs,up_in_severe,GO:BP,GO_Biological_Process_2025,99,Positive Regulation of Epithelial to Mesenchymal Transition (GO:0010718),0.023164768799963525,0.17089569833053878,8.989135355364418,33.845197946063955,2,COL1A1;RGCC
Hom-NPCs,up_in_severe,GO:BP,GO_Biological_Process_2025,100,Supramolecular Fiber Organization (GO:0097435),0.023736507698007347,0.17089569833053878,3.2193854050141475,12.042887001409145,5,CST3;COL1A1;COL1A2;BASP1;CIB1
Hom-NPCs,up_in_severe,GO:BP,GO_Biological_Process_2025,101,Regulation of Respiratory Burst Involved in Inflammatory Response (GO:0060264),0.02377289241868387,0.17089569833053878,52.36842105263158,195.81648814874995,1,RPS19
Hom-NPCs,up_in_severe,GO:BP,GO_Biological_Process_2025,102,Protein Import (GO:0017038),0.02377289241868387,0.17089569833053878,52.36842105263158,195.81648814874995,1,CLU
Hom-NPCs,up_in_severe,GO:BP,GO_Biological_Process_2025,103,Negative Regulation of T-helper 17 Cell Lineage Commitment (GO:2000329),0.02377289241868387,0.17089569833053878,52.36842105263158,195.81648814874995,1,LGALS1
Hom-NPCs,up_in_severe,GO:BP,GO_Biological_Process_2025,104,Regulation of Blood Vessel Remodeling (GO:0060312),0.02377289241868387,0.17089569833053878,52.36842105263158,195.81648814874995,1,CST3
Hom-NPCs,up_in_severe,GO:BP,GO_Biological_Process_2025,105,Negative Regulation of Acute Inflammatory Response (GO:0002674),0.02377289241868387,0.17089569833053878,52.36842105263158,195.81648814874995,1,GSTP1
Hom-NPCs,up_in_severe,GO:BP,GO_Biological_Process_2025,106,Negative Regulation of Cell Fate Commitment (GO:0010454),0.02377289241868387,0.17089569833053878,52.36842105263158,195.81648814874995,1,LGALS1
Hom/Reg-like NPCs,up_in_severe,GO:BP,GO_Biological_Process_2025,187,Negative Regulation of Protein Kinase Activity (GO:0006469),0.03831458272019545,0.17116572122684123,6.773301468077842,22.093999395762715,2,GSTP1;HSPB1
Hom/Reg-like NPCs,up_in_severe,GO:BP,GO_Biological_Process_2025,188,Positive Regulation of Programmed Cell Death (GO:0043068),0.03938682490431618,0.17116572122684123,3.254346746150025,10.525611498659714,4,LGALS1;GADD45B;TNFRSF12A;CLU
Hom/Reg-like NPCs,up_in_severe,GO:BP,GO_Biological_Process_2025,189,Negative Regulation of Canonical NF-kappaB Signal Transduction (GO:0043124),0.0394830618375028,0.17116572122684123,6.658164121496895,21.518410852995643,2,GSTP1;ZC3H12A
Hom/Reg-like NPCs,up_in_severe,GO:BP,GO_Biological_Process_2025,190,C21-steroid Hormone Biosynthetic Process (GO:0006700),0.04047171032468564,0.17116572122684123,27.857142857142858,89.34209308449353,1,TSPO
Hom/Reg-like NPCs,up_in_severe,GO:BP,GO_Biological_Process_2025,191,Negative Regulation of Leukocyte Proliferation (GO:0070664),0.04047171032468564,0.17116572122684123,27.857142857142858,89.34209308449353,1,GSTP1
Hom/Reg-like NPCs,up_in_severe,GO:BP,GO_Biological_Process_2025,192,Negative Regulation of Nitric Oxide Biosynthetic Process (GO:0045019),0.04047171032468564,0.17116572122684123,27.857142857142858,89.34209308449353,1,ZC3H12A
Hom/Reg-like NPCs,up_in_severe,GO:BP,GO_Biological_Process_2025,193,Negative Regulation of Nitric Oxide Metabolic Process (GO:1904406),0.04047171032468564,0.17116572122684123,27.857142857142858,89.34209308449353,1,ZC3H12A
Hom/Reg-like NPCs,up_in_severe,GO:BP,GO_Biological_Process_2025,194,T Cell Apoptotic Process (GO:0070231),0.04047171032468564,0.17116572122684123,27.857142857142858,89.34209308449353,1,SIVA1
Hom/Reg-like NPCs,up_in_severe,GO:BP,GO_Biological_Process_2025,195,Regulation of Response to Wounding (GO:1903034),0.04047171032468564,0.17116572122684123,27.857142857142858,89.34209308449353,1,TNFRSF12A
Hom/Reg-like NPCs,up_in_severe,GO:BP,GO_Biological_Process_2025,196,Regulation of Tumor Necrosis Factor Superfamily Cytokine Production (GO:1903555),0.04047171032468564,0.17116572122684123,27.857142857142858,89.34209308449353,1,MAPKAPK2
Hom/Reg-like NPCs,up_in_severe,GO:BP,GO_Biological_Process_2025,197,Positive Regulation of Adaptive Immune Response (GO:0002821),0.04047171032468564,0.17116572122684123,27.857142857142858,89.34209308449353,1,CD81
Hom/Reg-like NPCs,up_in_severe,GO:BP,GO_Biological_Process_2025,198,Collagen-Activated Signaling Pathway (GO:0038065),0.04047171032468564,0.17116572122684123,27.857142857142858,89.34209308449353,1,ITGA11
Hom/Reg-like NPCs,up_in_severe,GO:BP,GO_Biological_Process_2025,199,Endochondral Ossification (GO:0001958),0.04047171032468564,0.17116572122684123,27.857142857142858,89.34209308449353,1,SCX
Hom/Reg-like NPCs,up_in_severe,GO:BP,GO_Biological_Process_2025,200,Positive Regulation of Intracellular Estrogen Receptor Signaling Pathway (GO:0033148),0.04047171032468564,0.17116572122684123,27.857142857142858,89.34209308449353,1,WBP2
Hom/Reg-like NPCs,up_in_severe,GO:BP,GO_Biological_Process_2025,201,Establishment of Protein Localization to Chromatin (GO:0071169),0.04047171032468564,0.17116572122684123,27.857142857142858,89.34209308449353,1,WBP2
Hom/Reg-like NPCs,up_in_severe,GO:BP,GO_Biological_Process_2025,202,Interleukin-12-Mediated Signaling Pathway (GO:0035722),0.04047171032468564,0.17116572122684123,27.857142857142858,89.34209308449353,1,P4HB
Hom/Reg-like NPCs,up_in_severe,GO:BP,GO_Biological_Process_2025,203,Intracellular Triglyceride Homeostasis (GO:0035356),0.04047171032468564,0.17116572122684123,27.857142857142858,89.34209308449353,1,PNPLA2
Hom/Reg-like NPCs,up_in_severe,GO:BP,GO_Biological_Process_2025,204,"Regulation of CD4-positive, Alpha-Beta T Cell Proliferation (GO:2000561)",0.04047171032468564,0.17116572122684123,27.857142857142858,89.34209308449353,1,CD81
Hom/Reg-like NPCs,up_in_severe,GO:BP,GO_Biological_Process_2025,205,Monocyte Activation (GO:0042117),0.04047171032468564,0.17116572122684123,27.857142857142858,89.34209308449353,1,MT1G
Hom/Reg-like NPCs,up_in_severe,REAC,Reactome_2022,129,FGFRL1 Modulation Of FGFR1 Signaling R-HSA-5658623,0.0649384302010941,0.17133755045365598,16.24591503267974,44.42146030184692,1,FGFRL1
Hom/Reg-like NPCs,up_in_severe,REAC,Reactome_2022,130,Dissolution Of Fibrin Clot R-HSA-75205,0.0649384302010941,0.17133755045365598,16.24591503267974,44.42146030184692,1,PLAUR
Hom-NPCs,up_in_severe,REAC,Reactome_2022,104,Amyloid Fiber Formation R-HSA-977225,0.05535297546238326,0.17137043972911448,5.478585244542692,15.855161917511559,2,CST3;MFGE8
Hom-NPCs,up_in_severe,REAC,Reactome_2022,105,ALK Mutants Bind TKIs R-HSA-9700645,0.056118207771823705,0.17137043972911448,19.036363636363635,54.83034223662069,1,FN1
Hom-NPCs,up_in_severe,REAC,Reactome_2022,106,Pregnenolone Biosynthesis R-HSA-196108,0.056118207771823705,0.17137043972911448,19.036363636363635,54.83034223662069,1,TSPO
Hom-NPCs,up_in_severe,REAC,Reactome_2022,107,Keratan Sulfate Degradation R-HSA-2022857,0.056118207771823705,0.17137043972911448,19.036363636363635,54.83034223662069,1,PRELP
Hom-NPCs,up_in_severe,REAC,Reactome_2022,108,RNA Polymerase II Pre-transcription Events R-HSA-674695,0.056599411286680015,0.17137043972911448,5.408074195308238,15.530673278095657,2,POLR2F;ELOB
ECM/Adh-NPCs,up_in_severe,GO:BP,GO_Biological_Process_2025,235,Cardiac Muscle Contraction (GO:0060048),0.08321490968036731,0.1721739969526214,12.07030303030303,30.010741376905646,1,GSN
ECM/Adh-NPCs,up_in_severe,GO:BP,GO_Biological_Process_2025,236,Regulation of Interleukin-17 Production (GO:0032660),0.08555668842409522,0.1721739969526214,11.714705882352941,28.801495903666925,1,SLC7A5
ECM/Adh-NPCs,up_in_severe,GO:BP,GO_Biological_Process_2025,237,Regulation of p38MAPK Cascade (GO:1900744),0.08555668842409522,0.1721739969526214,11.714705882352941,28.801495903666925,1,GADD45B
ECM/Adh-NPCs,up_in_severe,GO:BP,GO_Biological_Process_2025,238,Regulation of Protein Localization to Membrane (GO:1905475),0.08555668842409522,0.1721739969526214,11.714705882352941,28.801495903666925,1,GSN
ECM/Adh-NPCs,up_in_severe,GO:BP,GO_Biological_Process_2025,239,Macrophage Activation (GO:0042116),0.08555668842409522,0.1721739969526214,11.714705882352941,28.801495903666925,1,CLU
ECM/Adh-NPCs,up_in_severe,GO:BP,GO_Biological_Process_2025,240,Protein Localization to Lysosome (GO:0061462),0.08555668842409522,0.1721739969526214,11.714705882352941,28.801495903666925,1,CD81
ECM/Adh-NPCs,up_in_severe,GO:BP,GO_Biological_Process_2025,241,Platelet Aggregation (GO:0070527),0.08555668842409522,0.1721739969526214,11.714705882352941,28.801495903666925,1,HSPB1
ECM/Adh-NPCs,up_in_severe,GO:BP,GO_Biological_Process_2025,242,Positive Regulation of Cytokine Production Involved in Immune Response (GO:0002720),0.08555668842409522,0.1721739969526214,11.714705882352941,28.801495903666925,1,SLC7A5
ECM/Adh-NPCs,up_in_severe,GO:BP,GO_Biological_Process_2025,243,Negative Regulation of Hydrolase Activity (GO:0051346),0.08789260252971193,0.17259555416116817,11.379428571428571,27.67066954509134,1,CST3
ECM/Adh-NPCs,up_in_severe,GO:BP,GO_Biological_Process_2025,244,Positive Regulation of Release of Sequestered Calcium Ion Into Cytosol (GO:0051281),0.08789260252971193,0.17259555416116817,11.379428571428571,27.67066954509134,1,THY1
ECM/Adh-NPCs,up_in_severe,GO:BP,GO_Biological_Process_2025,245,Negative Regulation of Smooth Muscle Cell Proliferation (GO:0048662),0.08789260252971193,0.17259555416116817,11.379428571428571,27.67066954509134,1,OGN
ECM/Adh-NPCs,up_in_severe,GO:BP,GO_Biological_Process_2025,246,Regulation of Natural Killer Cell Mediated Cytotoxicity (GO:0042269),0.08789260252971193,0.17259555416116817,11.379428571428571,27.67066954509134,1,LAMP1
ECM/Adh-NPCs,up_in_severe,GO:BP,GO_Biological_Process_2025,247,Neutral Amino Acid Transport (GO:0015804),0.08789260252971193,0.17259555416116817,11.379428571428571,27.67066954509134,1,SLC7A5
ECM/Adh-NPCs,up_in_severe,GO:BP,GO_Biological_Process_2025,248,Cellular Response to Vascular Endothelial Growth Factor Stimulus (GO:0035924),0.08789260252971193,0.17259555416116817,11.379428571428571,27.67066954509134,1,HSPB1
Fibro-reg NPCs,up_in_severe,GO:BP,GO_Biological_Process_2025,162,Heme Biosynthetic Process (GO:0006783),0.05731002862727961,0.17261643353006972,18.14207650273224,51.8732701693752,1,TSPO
Fibro-reg NPCs,up_in_severe,GO:BP,GO_Biological_Process_2025,163,Immunoglobulin Mediated Immune Response (GO:0016064),0.05731002862727961,0.17261643353006972,18.14207650273224,51.8732701693752,1,CD81
Fibro-reg NPCs,up_in_severe,GO:BP,GO_Biological_Process_2025,164,Nuclear Envelope Organization (GO:0006998),0.05731002862727961,0.17261643353006972,18.14207650273224,51.8732701693752,1,LMNA
Fibro-reg NPCs,up_in_severe,GO:BP,GO_Biological_Process_2025,165,Regulation of Tissue Remodeling (GO:0034103),0.05731002862727961,0.17261643353006972,18.14207650273224,51.8732701693752,1,CST3
Fibro-reg NPCs,up_in_severe,GO:BP,GO_Biological_Process_2025,166,Regulation of B Cell Differentiation (GO:0045577),0.05731002862727961,0.17261643353006972,18.14207650273224,51.8732701693752,1,MMP14
Fibro-reg NPCs,up_in_severe,GO:BP,GO_Biological_Process_2025,167,Negative Regulation of Actin Filament Polymerization (GO:0030837),0.05731002862727961,0.17261643353006972,18.14207650273224,51.8732701693752,1,TMSB4X
Fibro-NPCs,up_in_severe,GO:BP,GO_Biological_Process_2025,221,Embryonic Organ Morphogenesis (GO:0048562),0.09645142457009452,0.17291741882386313,10.289922480620156,24.065203974439605,1,RBP4
Fibro-NPCs,up_in_severe,GO:BP,GO_Biological_Process_2025,222,Substantia Nigra Development (GO:0021762),0.09645142457009452,0.17291741882386313,10.289922480620156,24.065203974439605,1,BASP1
Fibro-reg NPCs,up_in_severe,GO:BP,GO_Biological_Process_2025,168,Positive Regulation of Angiogenesis (GO:0045766),0.05828543196879305,0.17347675905504678,5.326344086021505,15.139616927487275,2,HSPB1;CYP1B1
Fibro-reg NPCs,up_in_severe,GO:BP,GO_Biological_Process_2025,169,Regulation of Cell Motility (GO:2000145),0.05828543196879305,0.17347675905504678,5.326344086021505,15.139616927487275,2,TMSB4X;LMNA
Fibro-NPCs,up_in_severe,GO:BP,GO_Biological_Process_2025,223,Regulation of B Cell Proliferation (GO:0030888),0.09853416477511664,0.17352476805529393,10.055555555555555,23.30226117880883,1,CD81
Fibro-NPCs,up_in_severe,GO:BP,GO_Biological_Process_2025,224,Response to Amyloid-Beta (GO:1904645),0.09853416477511664,0.17352476805529393,10.055555555555555,23.30226117880883,1,MMP2
Fibro-NPCs,up_in_severe,GO:BP,GO_Biological_Process_2025,225,Positive Regulation of Calcium Ion Transmembrane Transport (GO:1904427),0.09853416477511664,0.17352476805529393,10.055555555555555,23.30226117880883,1,THY1
Fibro-NPCs,up_in_severe,GO:BP,GO_Biological_Process_2025,226,Positive Regulation of Cell-Matrix Adhesion (GO:0001954),0.09853416477511664,0.17352476805529393,10.055555555555555,23.30226117880883,1,THY1
Eff-NPCs,up_in_severe,KEGG,KEGG_2021_Human,25,Huntington disease,0.15603400278578727,0.17475808312008176,6.4537704918032786,11.98904894368231,1,GPX3
Fibro-NPCs,up_in_severe,GO:BP,GO_Biological_Process_2025,227,T Cell Differentiation (GO:0030217),0.1006122083000428,0.1748631393162316,9.831604938271605,22.57810056486298,1,ZFP36L1
Fibro-NPCs,up_in_severe,GO:BP,GO_Biological_Process_2025,228,Macromolecule Catabolic Process (GO:0009057),0.1006122083000428,0.1748631393162316,9.831604938271605,22.57810056486298,1,MMP14
Fibro-NPCs,up_in_severe,GO:BP,GO_Biological_Process_2025,229,Regulation of Cell-Substrate Adhesion (GO:0010810),0.1006122083000428,0.1748631393162316,9.831604938271605,22.57810056486298,1,THY1
Fibro-reg NPCs,up_in_severe,GO:BP,GO_Biological_Process_2025,170,Protein Localization to Nucleus (GO:0034504),0.05910280898835828,0.17487478188908362,5.2834666666666665,14.944163029119755,2,COL1A1;LMNA
ECM/Adh-NPCs,up_in_severe,GO:BP,GO_Biological_Process_2025,249,Anterograde Axonal Transport (GO:0008089),0.09022266636383927,0.17505353991709055,11.062777777777777,26.611230877061317,1,HSPB1
ECM/Adh-NPCs,up_in_severe,GO:BP,GO_Biological_Process_2025,250,Regulation of Receptor Internalization (GO:0002090),0.09022266636383927,0.17505353991709055,11.062777777777777,26.611230877061317,1,ARF1
ECM/Adh-NPCs,up_in_severe,GO:BP,GO_Biological_Process_2025,251,Regulation of Release of Cytochrome C From Mitochondria (GO:0090199),0.09022266636383927,0.17505353991709055,11.062777777777777,26.611230877061317,1,CLU
Fibro-NPCs,up_in_severe,REAC,Reactome_2022,90,Interleukin-10 Signaling R-HSA-6783783,0.09853416477511664,0.17517184848909625,10.055555555555555,23.30226117880883,1,TIMP1
Eff-NPCs,up_in_severe,GO:BP,GO_Biological_Process_2025,185,Protein Transport (GO:0015031),0.15697654933803734,0.17564403088093905,6.411074918566775,11.871123624208877,1,CLU
Fibro-reg NPCs,up_in_severe,GO:BP,GO_Biological_Process_2025,171,Hydrogen Peroxide Catabolic Process (GO:0042744),0.06023513991903656,0.17615276383299644,17.186367558239862,48.28508895429952,1,HBB
Fibro-reg NPCs,up_in_severe,GO:BP,GO_Biological_Process_2025,172,Maintenance of Protein Location in Nucleus (GO:0051457),0.06023513991903656,0.17615276383299644,17.186367558239862,48.28508895429952,1,SUN2
Hom/Reg-like NPCs,up_in_severe,GO:BP,GO_Biological_Process_2025,206,Cellular Response to Growth Factor Stimulus (GO:0071363),0.04247663126942454,0.17620227925208337,4.030612244897959,12.731902823166145,3,MAPKAPK2;MT1G;HSPB1
Hom/Reg-like NPCs,up_in_severe,GO:BP,GO_Biological_Process_2025,207,Regulation of Extrinsic Apoptotic Signaling Pathway (GO:2001236),0.04428989077550596,0.17620227925208337,6.234166273770234,19.431888963730557,2,TNFRSF12A;GSTP1
Hom/Reg-like NPCs,up_in_severe,GO:BP,GO_Biological_Process_2025,208,Pattern Recognition Receptor Signaling Pathway (GO:0002221),0.04428989077550596,0.17620227925208337,6.234166273770234,19.431888963730557,2,MAPKAPK2;NDUFA2
Hom/Reg-like NPCs,up_in_severe,GO:BP,GO_Biological_Process_2025,209,Negative Regulation of NF-kappaB Transcription Factor Activity (GO:0032088),0.04428989077550596,0.17620227925208337,6.234166273770234,19.431888963730557,2,SIVA1;ZC3H12A
Hom/Reg-like NPCs,up_in_severe,GO:BP,GO_Biological_Process_2025,210,NAD Biosynthesis via Nicotinamide Riboside Salvage Pathway (GO:0034356),0.0454152453059134,0.17620227925208337,24.373774509803923,75.3614545189536,1,NNMT
Hom/Reg-like NPCs,up_in_severe,GO:BP,GO_Biological_Process_2025,211,Regulation of Protein Exit From Endoplasmic Reticulum (GO:0070861),0.0454152453059134,0.17620227925208337,24.373774509803923,75.3614545189536,1,CD81
Hom/Reg-like NPCs,up_in_severe,GO:BP,GO_Biological_Process_2025,212,Regulation of Stress-Activated Protein Kinase Signaling Cascade (GO:0070302),0.0454152453059134,0.17620227925208337,24.373774509803923,75.3614545189536,1,GSTP1
Hom/Reg-like NPCs,up_in_severe,GO:BP,GO_Biological_Process_2025,213,Collagen Biosynthetic Process (GO:0032964),0.0454152453059134,0.17620227925208337,24.373774509803923,75.3614545189536,1,COL1A1
Hom/Reg-like NPCs,up_in_severe,GO:BP,GO_Biological_Process_2025,214,Smooth Muscle Tissue Development (GO:0048745),0.0454152453059134,0.17620227925208337,24.373774509803923,75.3614545189536,1,EFEMP2
Hom/Reg-like NPCs,up_in_severe,GO:BP,GO_Biological_Process_2025,215,Positive Regulation of Intracellular Steroid Hormone Receptor Signaling Pathway (GO:0033145),0.0454152453059134,0.17620227925208337,24.373774509803923,75.3614545189536,1,WBP2
Hom/Reg-like NPCs,up_in_severe,GO:BP,GO_Biological_Process_2025,216,Tooth Mineralization (GO:0034505),0.0454152453059134,0.17620227925208337,24.373774509803923,75.3614545189536,1,COL1A1
Hom/Reg-like NPCs,up_in_severe,GO:BP,GO_Biological_Process_2025,217,Positive Regulation of Mitochondrial Membrane Permeability (GO:0035794),0.0454152453059134,0.17620227925208337,24.373774509803923,75.3614545189536,1,SIVA1
Hom/Reg-like NPCs,up_in_severe,GO:BP,GO_Biological_Process_2025,218,Vascular Associated Smooth Muscle Cell Differentiation (GO:0035886),0.0454152453059134,0.17620227925208337,24.373774509803923,75.3614545189536,1,EFEMP2
Hom/Reg-like NPCs,up_in_severe,GO:BP,GO_Biological_Process_2025,219,Positive Regulation of Protein Exit From Endoplasmic Reticulum (GO:0070863),0.0454152453059134,0.17620227925208337,24.373774509803923,75.3614545189536,1,CD81
Hom/Reg-like NPCs,up_in_severe,GO:BP,GO_Biological_Process_2025,220,Insulin Metabolic Process (GO:1901142),0.0454152453059134,0.17620227925208337,24.373774509803923,75.3614545189536,1,P4HB
Hom/Reg-like NPCs,up_in_severe,GO:BP,GO_Biological_Process_2025,221,Myelin Maintenance (GO:0043217),0.0454152453059134,0.17620227925208337,24.373774509803923,75.3614545189536,1,CLU
Hom/Reg-like NPCs,up_in_severe,GO:BP,GO_Biological_Process_2025,222,Negative Regulation of T-helper Cell Differentiation (GO:0045623),0.0454152453059134,0.17620227925208337,24.373774509803923,75.3614545189536,1,ZC3H12A
Hom/Reg-like NPCs,up_in_severe,GO:BP,GO_Biological_Process_2025,223,Negative Regulation of Viral Process (GO:0048525),0.045524002944021535,0.17620227925208337,6.13644801980198,18.958651608969564,2,IFITM3;IFITM2
Hom/Reg-like NPCs,up_in_severe,GO:BP,GO_Biological_Process_2025,224,Regulation of Viral Genome Replication (GO:0045069),0.045524002944021535,0.17620227925208337,6.13644801980198,18.958651608969564,2,IFITM3;IFITM2
Hom/Reg-like NPCs,up_in_severe,GO:BP,GO_Biological_Process_2025,225,Regulation of Protein Serine/Threonine Kinase Activity (GO:0071900),0.04677075242421583,0.17667690123822166,6.0417364813404415,18.50280117578531,2,SERTAD1;CDC37
Hom/Reg-like NPCs,up_in_severe,GO:BP,GO_Biological_Process_2025,226,Response to Molecule of Bacterial Origin (GO:0002237),0.04677075242421583,0.17667690123822166,6.0417364813404415,18.50280117578531,2,MAPKAPK2;NDUFA2
Hom/Reg-like NPCs,up_in_severe,GO:BP,GO_Biological_Process_2025,227,Negative Regulation of Programmed Cell Death (GO:0043069),0.04758842580148867,0.17667690123822166,2.641693282087371,8.044393779778385,5,COMP;GSTP1;PLAUR;SCX;HSPB1
Hom/Reg-like NPCs,up_in_severe,GO:BP,GO_Biological_Process_2025,228,Cellular Response to Oxygen-Containing Compound (GO:1901701),0.04847065860962457,0.17667690123822166,2.627483711162565,7.952858871839538,5,GSTP1;ZC3H12A;ZNF703;NDUFA2;GBP2
Hom/Reg-like NPCs,up_in_severe,GO:BP,GO_Biological_Process_2025,229,Golgi to Lysosome Transport (GO:0090160),0.050333557792203866,0.17667690123822166,21.664488017429193,64.75695871628933,1,LAMP1
Hom/Reg-like NPCs,up_in_severe,GO:BP,GO_Biological_Process_2025,230,NAD Biosynthetic Process via the Salvage Pathway (GO:0034355),0.050333557792203866,0.17667690123822166,21.664488017429193,64.75695871628933,1,NNMT
Hom/Reg-like NPCs,up_in_severe,GO:BP,GO_Biological_Process_2025,231,Regulation of Macrophage Migration (GO:1905521),0.050333557792203866,0.17667690123822166,21.664488017429193,64.75695871628933,1,CD81
Hom/Reg-like NPCs,up_in_severe,GO:BP,GO_Biological_Process_2025,232,Regulation of Monocyte Chemotactic Protein-1 Production (GO:0071637),0.050333557792203866,0.17667690123822166,21.664488017429193,64.75695871628933,1,GSTP1
Hom/Reg-like NPCs,up_in_severe,GO:BP,GO_Biological_Process_2025,233,Regulation of Mononuclear Cell Migration (GO:0071675),0.050333557792203866,0.17667690123822166,21.664488017429193,64.75695871628933,1,CD81
Hom/Reg-like NPCs,up_in_severe,GO:BP,GO_Biological_Process_2025,234,Biomineral Tissue Development (GO:0031214),0.050333557792203866,0.17667690123822166,21.664488017429193,64.75695871628933,1,COL1A1
Hom/Reg-like NPCs,up_in_severe,GO:BP,GO_Biological_Process_2025,235,Cell Surface Pattern Recognition Receptor Signaling Pathway (GO:0002752),0.050333557792203866,0.17667690123822166,21.664488017429193,64.75695871628933,1,NDUFA2
Hom/Reg-like NPCs,up_in_severe,GO:BP,GO_Biological_Process_2025,236,Cellular Response to UV-A (GO:0071492),0.050333557792203866,0.17667690123822166,21.664488017429193,64.75695871628933,1,TIMP1
Hom/Reg-like NPCs,up_in_severe,GO:BP,GO_Biological_Process_2025,237,Regulation of Triglyceride Catabolic Process (GO:0010896),0.050333557792203866,0.17667690123822166,21.664488017429193,64.75695871628933,1,PNPLA2
Hom/Reg-like NPCs,up_in_severe,GO:BP,GO_Biological_Process_2025,238,Pinocytosis (GO:0006907),0.050333557792203866,0.17667690123822166,21.664488017429193,64.75695871628933,1,MAPKAPK2
Hom/Reg-like NPCs,up_in_severe,GO:BP,GO_Biological_Process_2025,239,Cellular Response to Interleukin-12 (GO:0071349),0.050333557792203866,0.17667690123822166,21.664488017429193,64.75695871628933,1,P4HB
Hom/Reg-like NPCs,up_in_severe,GO:BP,GO_Biological_Process_2025,240,Positive Regulation of Gluconeogenesis (GO:0045722),0.050333557792203866,0.17667690123822166,21.664488017429193,64.75695871628933,1,NNMT
Hom/Reg-like NPCs,up_in_severe,GO:BP,GO_Biological_Process_2025,241,Positive Regulation of Lipid Localization (GO:1905954),0.050333557792203866,0.17667690123822166,21.664488017429193,64.75695871628933,1,ZC3H12A
Hom/Reg-like NPCs,up_in_severe,GO:BP,GO_Biological_Process_2025,242,Positive Regulation of Nitric-Oxide Synthase Activity (GO:0051000),0.050333557792203866,0.17667690123822166,21.664488017429193,64.75695871628933,1,S100A1
Hom/Reg-like NPCs,up_in_severe,GO:BP,GO_Biological_Process_2025,243,Protein Localization to Nuclear Envelope (GO:0090435),0.050333557792203866,0.17667690123822166,21.664488017429193,64.75695871628933,1,LMNA
Hom/Reg-like NPCs,up_in_severe,GO:BP,GO_Biological_Process_2025,244,miRNA Catabolic Process (GO:0010587),0.050333557792203866,0.17667690123822166,21.664488017429193,64.75695871628933,1,ZC3H12A
Hom/Reg-like NPCs,up_in_severe,GO:BP,GO_Biological_Process_2025,245,Regulation of T-helper 17 Cell Differentiation (GO:2000319),0.050333557792203866,0.17667690123822166,21.664488017429193,64.75695871628933,1,ZC3H12A
Hom/Reg-like NPCs,up_in_severe,GO:BP,GO_Biological_Process_2025,246,Negative Regulation by Host of Viral Genome Replication (GO:0044828),0.050333557792203866,0.17667690123822166,21.664488017429193,64.75695871628933,1,ZC3H12A
Hom/Reg-like NPCs,up_in_severe,GO:BP,GO_Biological_Process_2025,247,Negative Regulation of JUN Kinase Activity (GO:0043508),0.050333557792203866,0.17667690123822166,21.664488017429193,64.75695871628933,1,GSTP1
ECM/Adh-NPCs,up_in_severe,GO:BP,GO_Biological_Process_2025,252,Protein Localization to Membrane (GO:0072657),0.09151637880612955,0.17685903364517894,4.092406505749508,9.785915162597869,2,CD81;THY1
Fibro-NPCs,up_in_severe,REAC,Reactome_2022,91,XBP1(S) Activates Chaperone Genes R-HSA-381038,0.1006122083000428,0.17690058602205327,9.831604938271605,22.57810056486298,1,LMNA
Fibro-NPCs,up_in_severe,GO:BP,GO_Biological_Process_2025,230,Positive Regulation of mRNA Catabolic Process (GO:0061014),0.10268556547660973,0.17692145047485142,9.617391304347827,21.889987798811458,1,ZFP36L1
Fibro-NPCs,up_in_severe,GO:BP,GO_Biological_Process_2025,231,Regulation of mRNA Catabolic Process (GO:0061013),0.10268556547660973,0.17692145047485142,9.617391304347827,21.889987798811458,1,ZFP36L1
Eff-NPCs,up_in_severe,GO:BP,GO_Biological_Process_2025,186,Positive Regulation of Apoptotic Process (GO:0043065),0.15932873056805336,0.17731745821283357,6.306730769230769,11.584113037142155,1,CLU
Fibro-NPCs,up_in_severe,GO:BP,GO_Biological_Process_2025,232,Positive Regulation of Innate Immune Response (GO:0045089),0.10475424665272434,0.1774135751820608,9.412293144208038,21.235433925545344,1,RPS19
Fibro-NPCs,up_in_severe,GO:BP,GO_Biological_Process_2025,233,Positive Regulation of Leukocyte Cell-Cell Adhesion (GO:1903039),0.10475424665272434,0.1774135751820608,9.412293144208038,21.235433925545344,1,THY1
Fibro-NPCs,up_in_severe,GO:BP,GO_Biological_Process_2025,234,Positive Regulation of Peptide Hormone Secretion (GO:0090277),0.10475424665272434,0.1774135751820608,9.412293144208038,21.235433925545344,1,RBP4
Fibro-NPCs,up_in_severe,GO:BP,GO_Biological_Process_2025,235,Primary Alcohol Metabolic Process (GO:0034308),0.10475424665272434,0.1774135751820608,9.412293144208038,21.235433925545344,1,RBP4
ECM/Adh-NPCs,up_in_severe,GO:BP,GO_Biological_Process_2025,253,L-alpha-amino Acid Transmembrane Transport (GO:1902475),0.09254689432531574,0.17744227376546756,10.763243243243243,25.616947266383345,1,SLC7A5
ECM/Adh-NPCs,up_in_severe,GO:BP,GO_Biological_Process_2025,254,Regulation of Axonogenesis (GO:0050770),0.09254689432531574,0.17744227376546756,10.763243243243243,25.616947266383345,1,THY1
Fibro-reg NPCs,up_in_severe,GO:BP,GO_Biological_Process_2025,173,Innate Immune Response in Mucosa (GO:0002227),0.06315132089981415,0.17745873973523194,16.32622950819672,45.09666238257707,1,RPL39
Fibro-reg NPCs,up_in_severe,GO:BP,GO_Biological_Process_2025,174,Regulation of Oxidative Stress-Induced Intrinsic Apoptotic Signaling Pathway (GO:1902175),0.06315132089981415,0.17745873973523194,16.32622950819672,45.09666238257707,1,HSPB1
Fibro-reg NPCs,up_in_severe,GO:BP,GO_Biological_Process_2025,175,Positive Regulation of Vascular Associated Smooth Muscle Cell Proliferation (GO:1904707),0.06315132089981415,0.17745873973523194,16.32622950819672,45.09666238257707,1,MMP2
Fibro-reg NPCs,up_in_severe,GO:BP,GO_Biological_Process_2025,176,Intrinsic Apoptotic Signaling Pathway in Response to DNA Damage by P53 Class Mediator (GO:0042771),0.06315132089981415,0.17745873973523194,16.32622950819672,45.09666238257707,1,DDIT4
Fibro-reg NPCs,up_in_severe,GO:BP,GO_Biological_Process_2025,177,Peptide Cross-Linking (GO:0018149),0.06315132089981415,0.17745873973523194,16.32622950819672,45.09666238257707,1,COL3A1
Fibro-reg NPCs,up_in_severe,GO:BP,GO_Biological_Process_2025,178,Porphyrin-Containing Compound Biosynthetic Process (GO:0006779),0.06315132089981415,0.17745873973523194,16.32622950819672,45.09666238257707,1,TSPO
Fibro-reg NPCs,up_in_severe,GO:BP,GO_Biological_Process_2025,179,Positive Regulation of Epidermal Cell Differentiation (GO:0045606),0.06315132089981415,0.17745873973523194,16.32622950819672,45.09666238257707,1,SFRP4
Fibro-reg NPCs,up_in_severe,GO:BP,GO_Biological_Process_2025,180,Cell Surface Receptor Protein Tyrosine Kinase Signaling Pathway (GO:0007169),0.06413757012690194,0.17768703191086455,3.409209232371146,9.364160124227174,3,MMP2;DDIT4;HSPB1
Fibro-reg NPCs,up_in_severe,GO:BP,GO_Biological_Process_2025,181,Focal Adhesion Assembly (GO:0048041),0.06605859834459576,0.17768703191086455,15.548009367681498,42.247254377649796,1,THY1
Fibro-reg NPCs,up_in_severe,GO:BP,GO_Biological_Process_2025,182,Positive Regulation of p38MAPK Cascade (GO:1900745),0.06605859834459576,0.17768703191086455,15.548009367681498,42.247254377649796,1,GADD45B
Fibro-reg NPCs,up_in_severe,GO:BP,GO_Biological_Process_2025,183,Nitric Oxide Metabolic Process (GO:0046209),0.06605859834459576,0.17768703191086455,15.548009367681498,42.247254377649796,1,CYP1B1
Fibro-reg NPCs,up_in_severe,GO:BP,GO_Biological_Process_2025,184,Renal Absorption (GO:0070293),0.06605859834459576,0.17768703191086455,15.548009367681498,42.247254377649796,1,HBB
Fibro-reg NPCs,up_in_severe,GO:BP,GO_Biological_Process_2025,185,Negative Regulation of T Cell Receptor Signaling Pathway (GO:0050860),0.06605859834459576,0.17768703191086455,15.548009367681498,42.247254377649796,1,THY1
Fibro-reg NPCs,up_in_severe,GO:BP,GO_Biological_Process_2025,186,Steroid Hormone Biosynthetic Process (GO:0120178),0.06605859834459576,0.17768703191086455,15.548009367681498,42.247254377649796,1,TSPO
Fibro-reg NPCs,up_in_severe,GO:BP,GO_Biological_Process_2025,187,Positive Regulation of Epithelial Cell Differentiation (GO:0030858),0.06605859834459576,0.17768703191086455,15.548009367681498,42.247254377649796,1,SFRP4
Hom-NPCs,up_in_severe,GO:BP,GO_Biological_Process_2025,107,Positive Regulation of Cell Migration (GO:0030335),0.025083220280668655,0.17775797042283178,3.1710914454277286,11.687235645864234,5,COL1A1;CD151;FN1;CIB1;S100A11
Hom-NPCs,up_in_severe,GO:BP,GO_Biological_Process_2025,108,Positive Regulation of Reactive Oxygen Species Metabolic Process (GO:2000379),0.025878938677238186,0.17775797042283178,8.448510638297872,30.87361056244907,2,GSTP1;ROMO1
Hom-NPCs,up_in_severe,GO:BP,GO_Biological_Process_2025,109,Unsaturated Fatty Acid Metabolic Process (GO:0033559),0.02681105638291084,0.17775797042283178,8.282436378806842,29.973647969477504,2,GPX1;GSTP1
Hom-NPCs,up_in_severe,GO:BP,GO_Biological_Process_2025,110,Regulation of Proteolysis (GO:0030162),0.02681105638291084,0.17775797042283178,8.282436378806842,29.973647969477504,2,CST3;PLAUR
Hom-NPCs,up_in_severe,GO:BP,GO_Biological_Process_2025,111,7-Methylguanosine Cap Hypermethylation (GO:0036261),0.02845993752176572,0.17775797042283178,41.892631578947366,149.10667912928483,1,SNRPB
Hom-NPCs,up_in_severe,GO:BP,GO_Biological_Process_2025,112,Negative Regulation of miRNA-mediated Gene Silencing (GO:0060965),0.02845993752176572,0.17775797042283178,41.892631578947366,149.10667912928483,1,ELOB
Hom-NPCs,up_in_severe,GO:BP,GO_Biological_Process_2025,113,RNA Capping (GO:0036260),0.02845993752176572,0.17775797042283178,41.892631578947366,149.10667912928483,1,SNRPB
Hom-NPCs,up_in_severe,GO:BP,GO_Biological_Process_2025,114,Positive Regulation of Protein Catabolic Process in the Vacuole (GO:1904352),0.02845993752176572,0.17775797042283178,41.892631578947366,149.10667912928483,1,CD81
Hom-NPCs,up_in_severe,GO:BP,GO_Biological_Process_2025,115,Humoral Immune Response Mediated by Circulating Immunoglobulin (GO:0002455),0.02845993752176572,0.17775797042283178,41.892631578947366,149.10667912928483,1,CD81
Hom-NPCs,up_in_severe,GO:BP,GO_Biological_Process_2025,116,Positive Regulation of Respiratory Burst (GO:0060267),0.02845993752176572,0.17775797042283178,41.892631578947366,149.10667912928483,1,RPS19
Hom-NPCs,up_in_severe,GO:BP,GO_Biological_Process_2025,117,Negative Regulation of Stress-Activated MAPK Cascade (GO:0032873),0.02845993752176572,0.17775797042283178,41.892631578947366,149.10667912928483,1,GSTP1
Hom-NPCs,up_in_severe,GO:BP,GO_Biological_Process_2025,118,Cellular Response to Bacterial Lipopeptide (GO:0071221),0.02845993752176572,0.17775797042283178,41.892631578947366,149.10667912928483,1,NDUFA2
Hom-NPCs,up_in_severe,GO:BP,GO_Biological_Process_2025,119,Cellular Response to Lipoteichoic Acid (GO:0071223),0.02845993752176572,0.17775797042283178,41.892631578947366,149.10667912928483,1,NDUFA2
Hom-NPCs,up_in_severe,GO:BP,GO_Biological_Process_2025,120,Response to Lipoteichoic Acid (GO:0070391),0.02845993752176572,0.17775797042283178,41.892631578947366,149.10667912928483,1,NDUFA2
Hom-NPCs,up_in_severe,GO:BP,GO_Biological_Process_2025,121,Positive Regulation of Cyclin-Dependent Protein Serine/Threonine Kinase Activity (GO:0045737),0.02845993752176572,0.17775797042283178,41.892631578947366,149.10667912928483,1,RGCC
Hom-NPCs,up_in_severe,GO:BP,GO_Biological_Process_2025,122,Regulation of Cellular Response to Hypoxia (GO:1900037),0.02845993752176572,0.17775797042283178,41.892631578947366,149.10667912928483,1,CHCHD2
Fibro-reg NPCs,up_in_severe,REAC,Reactome_2022,81,GAG Synthesis Requires Tetrasaccharide Linker Sequence R-HSA-1971475,0.07759920628090147,0.17819076997836633,13.057704918032787,33.378080243086835,1,BGN
Hom/Reg-like NPCs,up_in_severe,REAC,Reactome_2022,131,CS/DS Degradation R-HSA-2024101,0.06975711956609541,0.17855740306843826,14.995475113122172,39.92898828462372,1,BGN
Hom/Reg-like NPCs,up_in_severe,REAC,Reactome_2022,132,Constitutive Signaling By EGFRvIII R-HSA-5637810,0.06975711956609541,0.17855740306843826,14.995475113122172,39.92898828462372,1,CDC37
Hom/Reg-like NPCs,up_in_severe,REAC,Reactome_2022,133,Retrograde Neurotrophin Signaling R-HSA-177504,0.06975711956609541,0.17855740306843826,14.995475113122172,39.92898828462372,1,AP2M1
Hom/Reg-like NPCs,up_in_severe,REAC,Reactome_2022,134,Methylation R-HSA-156581,0.06975711956609541,0.17855740306843826,14.995475113122172,39.92898828462372,1,NNMT
Fibro-NPCs,up_in_severe,REAC,Reactome_2022,92,Metabolism Of Fat-Soluble Vitamins R-HSA-6806667,0.10268556547660973,0.1785835921332343,9.617391304347827,21.889987798811458,1,RBP4
ECM/Adh-NPCs,up_in_severe,GO:BP,GO_Biological_Process_2025,255,Negative Regulation of Macromolecule Biosynthetic Process (GO:0010558),0.09385828924772466,0.1792509288770271,4.030408163265306,9.535821559256307,2,SLC7A5;CILP
Fibro-NPCs,up_in_severe,GO:BP,GO_Biological_Process_2025,236,Positive Regulation of Smooth Muscle Cell Proliferation (GO:0048661),0.10681826213767642,0.17938256679660428,9.21574074074074,20.612168790008823,1,MMP2
Fibro-NPCs,up_in_severe,GO:BP,GO_Biological_Process_2025,237,Positive Regulation of Epithelial to Mesenchymal Transition (GO:0010718),0.10681826213767642,0.17938256679660428,9.21574074074074,20.612168790008823,1,COL1A1
Fibro-reg NPCs,up_in_severe,GO:BP,GO_Biological_Process_2025,188,Negative Regulation of Oxidative Stress-Induced Intrinsic Apoptotic Signaling Pathway (GO:1902176),0.06895699900429587,0.17945781906161248,14.84053651266766,39.68763380584956,1,HSPB1
Fibro-reg NPCs,up_in_severe,GO:BP,GO_Biological_Process_2025,189,Negative Regulation of Peptidase Activity (GO:0010466),0.06895699900429587,0.17945781906161248,14.84053651266766,39.68763380584956,1,CST3
Fibro-reg NPCs,up_in_severe,GO:BP,GO_Biological_Process_2025,190,Positive Regulation of Viral Life Cycle (GO:1903902),0.06895699900429587,0.17945781906161248,14.84053651266766,39.68763380584956,1,LGALS1
Fibro-reg NPCs,up_in_severe,GO:BP,GO_Biological_Process_2025,191,Positive Regulation of T Cell Cytokine Production (GO:0002726),0.06895699900429587,0.17945781906161248,14.84053651266766,39.68763380584956,1,CD81
Fibro-reg NPCs,up_in_severe,GO:BP,GO_Biological_Process_2025,192,Retinol Metabolic Process (GO:0042572),0.06895699900429587,0.17945781906161248,14.84053651266766,39.68763380584956,1,CYP1B1
Fibro-reg NPCs,up_in_severe,GO:BP,GO_Biological_Process_2025,193,Positive Regulation of Cell-Substrate Junction Organization (GO:0150117),0.06895699900429587,0.17945781906161248,14.84053651266766,39.68763380584956,1,THY1
Fibro-reg NPCs,up_in_severe,GO:BP,GO_Biological_Process_2025,194,Negative Regulation of Cell Motility (GO:2000146),0.06921434770964775,0.17945781906161248,4.817761557177616,12.866059159855007,2,CYP1B1;THY1
Hom-NPCs,up_in_severe,GO:BP,GO_Biological_Process_2025,123,Positive Regulation of Cell Population Proliferation (GO:0008284),0.02909791958637996,0.17959881478171744,2.7093444909344493,9.58319151029072,6,RPS9;CLEC11A;COX17;FN1;CIB1;CRLF1
Hom-NPCs,up_in_severe,GO:BP,GO_Biological_Process_2025,124,Negative Regulation of Innate Immune Response (GO:0045824),0.030672539338536867,0.17959881478171744,7.678529980657641,26.754973950283674,2,RPS19;SERPING1
Hom-NPCs,up_in_severe,GO:BP,GO_Biological_Process_2025,125,Myeloid Cell Differentiation (GO:0030099),0.030672539338536867,0.17959881478171744,7.678529980657641,26.754973950283674,2,RPS14;RPS19
Hom-NPCs,up_in_severe,GO:BP,GO_Biological_Process_2025,126,Negative Regulation of Protein-Containing Complex Assembly (GO:0031333),0.03268104697602202,0.17959881478171744,7.40836132885405,25.34370756629708,2,CLU;CRYAB
Hom-NPCs,up_in_severe,GO:BP,GO_Biological_Process_2025,127,Negative Regulation of Hematopoietic Progenitor Cell Differentiation (GO:1901533),0.03312471412478204,0.17959881478171744,34.90877192982456,118.95078944635853,1,TMSB4X
Hom-NPCs,up_in_severe,GO:BP,GO_Biological_Process_2025,128,Positive Regulation of Leukocyte Differentiation (GO:1902107),0.03312471412478204,0.17959881478171744,34.90877192982456,118.95078944635853,1,LGALS1
Hom-NPCs,up_in_severe,GO:BP,GO_Biological_Process_2025,129,Regulation of Extracellular Matrix Constituent Secretion (GO:0003330),0.03312471412478204,0.17959881478171744,34.90877192982456,118.95078944635853,1,RGCC
Hom-NPCs,up_in_severe,GO:BP,GO_Biological_Process_2025,130,+ Reg of Mt Outer Membrane Permeabilization Inv in Apoptotic Sgnlng Pway (GO:1901030),0.03312471412478204,0.17959881478171744,34.90877192982456,118.95078944635853,1,SIVA1
Hom-NPCs,up_in_severe,GO:BP,GO_Biological_Process_2025,131,Regulation of Leukocyte Proliferation (GO:0070663),0.03312471412478204,0.17959881478171744,34.90877192982456,118.95078944635853,1,GSTP1
Hom-NPCs,up_in_severe,GO:BP,GO_Biological_Process_2025,132,UV Protection (GO:0009650),0.03312471412478204,0.17959881478171744,34.90877192982456,118.95078944635853,1,GPX1
Hom-NPCs,up_in_severe,GO:BP,GO_Biological_Process_2025,133,Regulation of Mammary Gland Epithelial Cell Proliferation (GO:0033599),0.03312471412478204,0.17959881478171744,34.90877192982456,118.95078944635853,1,GPX1
Hom-NPCs,up_in_severe,GO:BP,GO_Biological_Process_2025,134,Hepoxilin Biosynthetic Process (GO:0051122),0.03312471412478204,0.17959881478171744,34.90877192982456,118.95078944635853,1,GSTP1
Hom-NPCs,up_in_severe,GO:BP,GO_Biological_Process_2025,135,Hepoxilin Metabolic Process (GO:0051121),0.03312471412478204,0.17959881478171744,34.90877192982456,118.95078944635853,1,GSTP1
Hom-NPCs,up_in_severe,GO:BP,GO_Biological_Process_2025,136,Immunological Synapse Formation (GO:0001771),0.03312471412478204,0.17959881478171744,34.90877192982456,118.95078944635853,1,CD81
Hom-NPCs,up_in_severe,GO:BP,GO_Biological_Process_2025,137,Negative Regulation of Stress-Activated Protein Kinase Signaling Cascade (GO:0070303),0.03312471412478204,0.17959881478171744,34.90877192982456,118.95078944635853,1,GSTP1
Hom-NPCs,up_in_severe,GO:BP,GO_Biological_Process_2025,138,Positive Regulation of ATP Biosynthetic Process (GO:2001171),0.03312471412478204,0.17959881478171744,34.90877192982456,118.95078944635853,1,TMSB4X
Hom-NPCs,up_in_severe,GO:BP,GO_Biological_Process_2025,139,Response to Hydroperoxide (GO:0033194),0.03312471412478204,0.17959881478171744,34.90877192982456,118.95078944635853,1,GPX3
Hom-NPCs,up_in_severe,GO:BP,GO_Biological_Process_2025,140,Positive Regulation of Cyclin-Dependent Protein Kinase Activity (GO:1904031),0.03312471412478204,0.17959881478171744,34.90877192982456,118.95078944635853,1,RGCC
Hom-NPCs,up_in_severe,GO:BP,GO_Biological_Process_2025,141,Negative Regulation of Protein Metabolic Process (GO:0051248),0.033279487973778554,0.17959881478171744,4.457703586735845,15.168736389219909,3,CST3;CLU;CRYAB
Hom-NPCs,up_in_severe,GO:BP,GO_Biological_Process_2025,142,Negative Regulation of Protein Kinase Activity (GO:0006469),0.03370423951940367,0.17959881478171744,7.2802641232575205,24.68105380840516,2,GSTP1;HSPB1
Hom-NPCs,up_in_severe,GO:BP,GO_Biological_Process_2025,143,Protein Targeting to Mitochondrion (GO:0006626),0.03370423951940367,0.17959881478171744,7.2802641232575205,24.68105380840516,2,TSPO;ROMO1
Fibro-NPCs,up_in_severe,GO:BP,GO_Biological_Process_2025,238,Negative Regulation of Multicellular Organismal Process (GO:0051241),0.10752354395819208,0.1798082793922708,3.7180309317238778,8.29137793187308,2,RPS19;TIMP1
Fibro-NPCs,up_in_severe,REAC,Reactome_2022,93,IRE1alpha Activates Chaperones R-HSA-381070,0.10475424665272434,0.18022235983264404,9.412293144208038,21.235433925545344,1,LMNA
ECM/Adh-NPCs,up_in_severe,GO:BP,GO_Biological_Process_2025,256,Positive Regulation of Intrinsic Apoptotic Signaling Pathway (GO:2001244),0.09486530070027095,0.18046641187903106,10.479473684210527,24.6822758736909,1,CLU
Fibro-NPCs,up_in_severe,GO:BP,GO_Biological_Process_2025,239,Positive Regulation of Lymphocyte Activation (GO:0051251),0.10887762220856746,0.18055539016254105,9.02721088435374,20.018117808730278,1,THY1
Fibro-NPCs,up_in_severe,GO:BP,GO_Biological_Process_2025,240,Positive Regulation of Fat Cell Differentiation (GO:0045600),0.10887762220856746,0.18055539016254105,9.02721088435374,20.018117808730278,1,ZFP36L1
Hom-NPCs,up_in_severe,KEGG,KEGG_2021_Human,23,Arachidonic acid metabolism,0.03473986915051696,0.1812514912200885,7.156509195816805,24.044921119772024,2,GPX1;GPX3
Eff-NPCs,up_in_severe,GO:BP,GO_Biological_Process_2025,187,Protein-Containing Complex Assembly (GO:0065003),0.1640152030795641,0.1815569360292501,6.1077639751552795,11.041592222297407,1,CLU
Fibro-reg NPCs,up_in_severe,GO:BP,GO_Biological_Process_2025,195,Positive Regulation of Receptor Internalization (GO:0002092),0.0718465495096426,0.1816020824288956,14.194583036350677,37.377498142539395,1,SFRP4
Fibro-reg NPCs,up_in_severe,GO:BP,GO_Biological_Process_2025,196,Regulation of Myotube Differentiation (GO:0010830),0.0718465495096426,0.1816020824288956,14.194583036350677,37.377498142539395,1,MMP14
Fibro-reg NPCs,up_in_severe,GO:BP,GO_Biological_Process_2025,197,Positive Regulation of Striated Muscle Cell Differentiation (GO:0051155),0.0718465495096426,0.1816020824288956,14.194583036350677,37.377498142539395,1,MMP14
Fibro-reg NPCs,up_in_severe,GO:BP,GO_Biological_Process_2025,198,Regulation of Cellular Response to Growth Factor Stimulus (GO:0090287),0.0718465495096426,0.1816020824288956,14.194583036350677,37.377498142539395,1,SFRP4
Fibro-reg NPCs,up_in_severe,GO:BP,GO_Biological_Process_2025,199,Regulation of Cholesterol Transport (GO:0032374),0.0718465495096426,0.1816020824288956,14.194583036350677,37.377498142539395,1,TSPO
Fibro-NPCs,up_in_severe,REAC,Reactome_2022,94,EPH-ephrin Mediated Repulsion Of Cells R-HSA-3928665,0.10681826213767642,0.1818183185322152,9.21574074074074,20.612168790008823,1,MMP2
Hom-NPCs,up_in_severe,REAC,Reactome_2022,109,Dissolution Of Fibrin Clot R-HSA-75205,0.060651550331219745,0.18195465099365923,17.449122807017545,48.903087500760165,1,PLAUR
Fibro-NPCs,up_in_severe,GO:BP,GO_Biological_Process_2025,241,Organic Hydroxy Compound Transport (GO:0015850),0.11093233713692385,0.1821549298545071,8.846222222222222,19.451381614691524,1,RBP4
Fibro-NPCs,up_in_severe,GO:BP,GO_Biological_Process_2025,242,Cardiac Muscle Tissue Development (GO:0048738),0.11093233713692385,0.1821549298545071,8.846222222222222,19.451381614691524,1,RBP4
Fibro-NPCs,up_in_severe,GO:BP,GO_Biological_Process_2025,243,Positive Regulation of Programmed Cell Death (GO:0043068),0.11121519586594276,0.1821549298545071,3.641537324464154,7.99786564869522,2,LGALS1;GADD45B
Hom/Reg-like NPCs,up_in_severe,REAC,Reactome_2022,135,IRAK2 Mediated Activation Of TAK1 Complex Upon TLR7/8 Or 9 Stimulation R-HSA-975163,0.074551216817689,0.18234778598066712,13.923669467787114,36.14959023219432,1,NDUFA2
Hom/Reg-like NPCs,up_in_severe,REAC,Reactome_2022,136,WNT5A-dependent Internalization Of FZD4 R-HSA-5099900,0.074551216817689,0.18234778598066712,13.923669467787114,36.14959023219432,1,AP2M1
Hom/Reg-like NPCs,up_in_severe,REAC,Reactome_2022,137,Defects Of Contact Activation System (CAS) And Kallikrein/Kinin System (KKS) R-HSA-9651496,0.074551216817689,0.18234778598066712,13.923669467787114,36.14959023219432,1,SERPING1
Hom/Reg-like NPCs,up_in_severe,REAC,Reactome_2022,138,Depolymerisation Of Nuclear Lamina R-HSA-4419969,0.074551216817689,0.18234778598066712,13.923669467787114,36.14959023219432,1,LMNA
Hom/Reg-like NPCs,up_in_severe,REAC,Reactome_2022,139,Signaling By ERBB2 ECD Mutants R-HSA-9665348,0.074551216817689,0.18234778598066712,13.923669467787114,36.14959023219432,1,CDC37
Hom/Reg-like NPCs,up_in_severe,REAC,Reactome_2022,140,EPHA-mediated Growth Cone Collapse R-HSA-3928663,0.074551216817689,0.18234778598066712,13.923669467787114,36.14959023219432,1,NGEF
Hom/Reg-like NPCs,up_in_severe,REAC,Reactome_2022,141,Regulation Of mRNA Stability By Proteins That Bind AU-rich Elements R-HSA-450531,0.07559932490462344,0.18234778598066712,4.56159336863919,11.779438709518615,2,MAPKAPK2;HSPB1
Hom/Reg-like NPCs,up_in_severe,REAC,Reactome_2022,142,Meiosis R-HSA-1500620,0.07559932490462344,0.18234778598066712,4.56159336863919,11.779438709518615,2,SUN2;LMNA
Hom/Reg-like NPCs,up_in_severe,REAC,Reactome_2022,143,Unfolded Protein Response (UPR) R-HSA-381119,0.07708579873818289,0.18234778598066712,4.508933651985888,11.55565842340448,2,TSPYL2;LMNA
Hom/Reg-like NPCs,up_in_severe,REAC,Reactome_2022,144,Interferon Gamma Signaling R-HSA-877300,0.07708579873818289,0.18234778598066712,4.508933651985888,11.55565842340448,2,MT2A;GBP2
Hom/Reg-like NPCs,up_in_severe,REAC,Reactome_2022,145,ER-Phagosome Pathway R-HSA-1236974,0.07708579873818289,0.18234778598066712,4.508933651985888,11.55565842340448,2,S100A1;NDUFA2
Fibro-NPCs,up_in_severe,GO:BP,GO_Biological_Process_2025,244,Positive Regulation of Cell Motility (GO:2000147),0.11195759374839856,0.18239479390287558,3.6266102318733897,7.940953081776723,2,COL1A1;MMP14
Fibro-NPCs,up_in_severe,GO:BP,GO_Biological_Process_2025,245,Regulation of Telomere Maintenance (GO:0032204),0.11298241718058168,0.18239479390287558,8.672331154684096,18.910218175570737,1,LMNA
Fibro-NPCs,up_in_severe,GO:BP,GO_Biological_Process_2025,246,Regulation of Cell Development (GO:0060284),0.11298241718058168,0.18239479390287558,8.672331154684096,18.910218175570737,1,RPS19
Fibro-NPCs,up_in_severe,GO:BP,GO_Biological_Process_2025,247,Negative Regulation of Immune System Process (GO:0002683),0.11502787253673812,0.18239479390287558,8.505128205128205,18.393027043859387,1,COL3A1
Fibro-NPCs,up_in_severe,GO:BP,GO_Biological_Process_2025,248,Regulation of Focal Adhesion Assembly (GO:0051893),0.11502787253673812,0.18239479390287558,8.505128205128205,18.393027043859387,1,THY1
Fibro-NPCs,up_in_severe,GO:BP,GO_Biological_Process_2025,249,Negative Regulation of Protein Catabolic Process (GO:0042177),0.11502787253673812,0.18239479390287558,8.505128205128205,18.393027043859387,1,TIMP1
Fibro-NPCs,up_in_severe,GO:BP,GO_Biological_Process_2025,250,Positive Regulation of Small GTPase Mediated Signal Transduction (GO:0051057),0.11502787253673812,0.18239479390287558,8.505128205128205,18.393027043859387,1,COL3A1
Fibro-NPCs,up_in_severe,GO:BP,GO_Biological_Process_2025,251,Regulation of Release of Sequestered Calcium Ion Into Cytosol (GO:0051279),0.11502787253673812,0.18239479390287558,8.505128205128205,18.393027043859387,1,THY1
Hom/Reg-like NPCs,up_in_severe,REAC,Reactome_2022,146,Plasma Lipoprotein Assembly R-HSA-8963898,0.07932084617088071,0.1824979938349046,12.994771241830065,32.93205499555994,1,P4HB
Hom/Reg-like NPCs,up_in_severe,REAC,Reactome_2022,147,TRAF6-mediated Induction Of TAK1 Complex Within TLR4 Complex R-HSA-937072,0.07932084617088071,0.1824979938349046,12.994771241830065,32.93205499555994,1,NDUFA2
Hom/Reg-like NPCs,up_in_severe,REAC,Reactome_2022,148,VLDLR Internalisation And Degradation R-HSA-8866427,0.07932084617088071,0.1824979938349046,12.994771241830065,32.93205499555994,1,AP2M1
Hom/Reg-like NPCs,up_in_severe,REAC,Reactome_2022,149,Caspase Activation Via Death Receptors In Presence Of Ligand R-HSA-140534,0.07932084617088071,0.1824979938349046,12.994771241830065,32.93205499555994,1,NDUFA2
Hom/Reg-like NPCs,up_in_severe,REAC,Reactome_2022,150,EPH-Ephrin Signaling R-HSA-2682334,0.08008641134159702,0.1824979938349046,4.407164311936811,11.12654334965472,2,AP2M1;NGEF
Hom/Reg-like NPCs,up_in_severe,REAC,Reactome_2022,151,Post-translational Modification: Synthesis Of GPI-anchored Proteins R-HSA-163125,0.0816002859316651,0.1824979938349046,4.357975797579758,10.920749662062436,2,PLAUR;MELTF
Hom/Reg-like NPCs,up_in_severe,REAC,Reactome_2022,152,VEGFA-VEGFR2 Pathway R-HSA-4420097,0.08312303174047345,0.1824979938349046,4.30986834947231,10.720510734623705,2,MAPKAPK2;HSPB1
Hom/Reg-like NPCs,up_in_severe,REAC,Reactome_2022,153,Activation Of IRF3/IRF7 Mediated By TBK1/IKK Epsilon R-HSA-936964,0.084066131270889,0.1824979938349046,12.181985294117647,30.16444131547811,1,NDUFA2
Hom/Reg-like NPCs,up_in_severe,REAC,Reactome_2022,154,TNF Receptor Superfamily (TNFSF) Members Mediating Non-Canonical NF-kB Pathway R-HSA-5676594,0.084066131270889,0.1824979938349046,12.181985294117647,30.16444131547811,1,TNFRSF12A
Hom/Reg-like NPCs,up_in_severe,REAC,Reactome_2022,155,Trafficking Of GluR2-containing AMPA Receptors R-HSA-416993,0.084066131270889,0.1824979938349046,12.181985294117647,30.16444131547811,1,AP2M1
Hom/Reg-like NPCs,up_in_severe,REAC,Reactome_2022,156,Butyrate Response Factor 1 Binds And Destabilizes mRNA R-HSA-450385,0.084066131270889,0.1824979938349046,12.181985294117647,30.16444131547811,1,MAPKAPK2
Hom/Reg-like NPCs,up_in_severe,REAC,Reactome_2022,157,IL-6-type Cytokine Receptor Ligand Interactions R-HSA-6788467,0.084066131270889,0.1824979938349046,12.181985294117647,30.16444131547811,1,CRLF1
Hom/Reg-like NPCs,up_in_severe,REAC,Reactome_2022,158,"Tristetraprolin (TTP, ZFP36) Binds And Destabilizes mRNA R-HSA-450513",0.084066131270889,0.1824979938349046,12.181985294117647,30.16444131547811,1,MAPKAPK2
Fibro-reg NPCs,up_in_severe,REAC,Reactome_2022,82,Endogenous Sterols R-HSA-211976,0.08046236546006223,0.18251219482404357,12.554854981084489,31.637804092649077,1,CYP1B1
Fibro-NPCs,up_in_severe,GO:BP,GO_Biological_Process_2025,252,Negative Regulation of Neuron Projection Development (GO:0010977),0.11706871342498994,0.182719011541749,8.344234800838574,17.89833543767599,1,THY1
Fibro-NPCs,up_in_severe,GO:BP,GO_Biological_Process_2025,253,Gonad Development (GO:0008406),0.11706871342498994,0.182719011541749,8.344234800838574,17.89833543767599,1,BASP1
Fibro-NPCs,up_in_severe,GO:BP,GO_Biological_Process_2025,254,mRNA Destabilization (GO:0061157),0.11706871342498994,0.182719011541749,8.344234800838574,17.89833543767599,1,ZFP36L1
Fibro-NPCs,up_in_severe,GO:BP,GO_Biological_Process_2025,255,Regulation of Signal Transduction by P53 Class Mediator (GO:1901796),0.11706871342498994,0.182719011541749,8.344234800838574,17.89833543767599,1,RPL37
ECM/Adh-NPCs,up_in_severe,GO:BP,GO_Biological_Process_2025,257,Negative Regulation of Proteolysis (GO:0045861),0.09717789979173756,0.18272446794817063,10.21025641025641,23.802271876283825,1,CST3
ECM/Adh-NPCs,up_in_severe,GO:BP,GO_Biological_Process_2025,258,Positive Regulation of Proteolysis Involved in Protein Catabolic Process (GO:1903052),0.09717789979173756,0.18272446794817063,10.21025641025641,23.802271876283825,1,CLU
ECM/Adh-NPCs,up_in_severe,GO:BP,GO_Biological_Process_2025,259,Embryonic Skeletal System Development (GO:0048706),0.09717789979173756,0.18272446794817063,10.21025641025641,23.802271876283825,1,COL1A1
Fibro-reg NPCs,up_in_severe,GO:BP,GO_Biological_Process_2025,200,Protein Homooligomerization (GO:0051260),0.07270359133083963,0.18284953219706168,4.680141843971631,12.268357667617673,2,COMP;BASP1
Fibro-NPCs,up_in_severe,REAC,Reactome_2022,95,Chondroitin Sulfate/Dermatan Sulfate Metabolism R-HSA-1793185,0.10887762220856746,0.18327031233452956,9.02721088435374,20.018117808730278,1,BGN
Fibro-NPCs,up_in_severe,REAC,Reactome_2022,96,Transcriptional Activity Of SMAD2/SMAD3:SMAD4 Heterotrimer R-HSA-2173793,0.11093233713692385,0.18327031233452956,8.846222222222222,19.451381614691524,1,COL1A2
Fibro-NPCs,up_in_severe,REAC,Reactome_2022,97,Apoptotic Execution Phase R-HSA-75153,0.11298241718058168,0.18327031233452956,8.672331154684096,18.910218175570737,1,LMNA
Fibro-NPCs,up_in_severe,REAC,Reactome_2022,98,Signaling By PDGF R-HSA-186797,0.11298241718058168,0.18327031233452956,8.672331154684096,18.910218175570737,1,COL6A2
Fibro-NPCs,up_in_severe,REAC,Reactome_2022,99,Heparan Sulfate/Heparin (HS-GAG) Metabolism R-HSA-1638091,0.11502787253673812,0.18327031233452956,8.505128205128205,18.393027043859387,1,BGN
Fibro-NPCs,up_in_severe,REAC,Reactome_2022,100,Nuclear Envelope Breakdown R-HSA-2980766,0.11502787253673812,0.18327031233452956,8.505128205128205,18.393027043859387,1,LMNA
Fibro-NPCs,up_in_severe,REAC,Reactome_2022,101,"Platelet Activation, Signaling And Aggregation R-HSA-76002",0.11568938466117178,0.18327031233452956,3.553751803751804,7.664896776649743,2,TAGLN2;TIMP1
Hom-NPCs,up_in_severe,GO:BP,GO_Biological_Process_2025,144,Negative Regulation of Canonical NF-kappaB Signal Transduction (GO:0043124),0.03473986915051696,0.1833038398062789,7.156509195816805,24.044921119772024,2,TMSB4X;GSTP1
Hom-NPCs,up_in_severe,GO:BP,GO_Biological_Process_2025,145,Cellular Response to Growth Factor Stimulus (GO:0071363),0.03562435177410853,0.1833038398062789,4.335527759490893,14.457796433888214,3,HSPB1;MT1G;CIB1
Hom-NPCs,up_in_severe,GO:BP,GO_Biological_Process_2025,146,C21-steroid Hormone Biosynthetic Process (GO:0006700),0.03776732657425956,0.1833038398062789,29.9203007518797,98.02820827717792,1,TSPO
Hom-NPCs,up_in_severe,GO:BP,GO_Biological_Process_2025,147,Positive Regulation of Intracellular Estrogen Receptor Signaling Pathway (GO:0033148),0.03776732657425956,0.1833038398062789,29.9203007518797,98.02820827717792,1,WBP2
Hom-NPCs,up_in_severe,GO:BP,GO_Biological_Process_2025,148,Establishment of Protein Localization to Chromatin (GO:0071169),0.03776732657425956,0.1833038398062789,29.9203007518797,98.02820827717792,1,WBP2
Hom-NPCs,up_in_severe,GO:BP,GO_Biological_Process_2025,149,Negative Regulation of Leukocyte Proliferation (GO:0070664),0.03776732657425956,0.1833038398062789,29.9203007518797,98.02820827717792,1,GSTP1
Hom-NPCs,up_in_severe,GO:BP,GO_Biological_Process_2025,150,Vitamin K Metabolic Process (GO:0042373),0.03776732657425956,0.1833038398062789,29.9203007518797,98.02820827717792,1,VKORC1
Hom-NPCs,up_in_severe,GO:BP,GO_Biological_Process_2025,151,T Cell Apoptotic Process (GO:0070231),0.03776732657425956,0.1833038398062789,29.9203007518797,98.02820827717792,1,SIVA1
Hom-NPCs,up_in_severe,GO:BP,GO_Biological_Process_2025,152,Negative Regulation of Transforming Growth Factor Beta Production (GO:0071635),0.03776732657425956,0.1833038398062789,29.9203007518797,98.02820827717792,1,FN1
Hom-NPCs,up_in_severe,GO:BP,GO_Biological_Process_2025,153,Integrin Activation (GO:0033622),0.03776732657425956,0.1833038398062789,29.9203007518797,98.02820827717792,1,FN1
Hom-NPCs,up_in_severe,GO:BP,GO_Biological_Process_2025,154,Biogenic Amine Catabolic Process (GO:0042402),0.03776732657425956,0.1833038398062789,29.9203007518797,98.02820827717792,1,COMT
Hom-NPCs,up_in_severe,GO:BP,GO_Biological_Process_2025,155,"Regulation of CD4-positive, Alpha-Beta T Cell Proliferation (GO:2000561)",0.03776732657425956,0.1833038398062789,29.9203007518797,98.02820827717792,1,CD81
Hom-NPCs,up_in_severe,GO:BP,GO_Biological_Process_2025,156,Monocyte Activation (GO:0042117),0.03776732657425956,0.1833038398062789,29.9203007518797,98.02820827717792,1,MT1G
Hom-NPCs,up_in_severe,GO:BP,GO_Biological_Process_2025,157,Positive Regulation of Adaptive Immune Response (GO:0002821),0.03776732657425956,0.1833038398062789,29.9203007518797,98.02820827717792,1,CD81
Hom/Reg-like NPCs,up_in_severe,GO:BP,GO_Biological_Process_2025,248,Regulation of DNA Replication (GO:0006275),0.054507758604145376,0.1834544597450722,5.529493794449867,16.087576858762947,2,TSPYL2;S100A11
Hom/Reg-like NPCs,up_in_severe,GO:BP,GO_Biological_Process_2025,249,Regulation of MAP Kinase Activity (GO:0043405),0.054507758604145376,0.1834544597450722,5.529493794449867,16.087576858762947,2,GSTP1;TPD52L1
Hom/Reg-like NPCs,up_in_severe,GO:BP,GO_Biological_Process_2025,250,Regulation of Dendritic Cell Differentiation (GO:2001198),0.055226775078966374,0.1834544597450722,19.49705882352941,56.46947550554387,1,LGALS1
Hom/Reg-like NPCs,up_in_severe,GO:BP,GO_Biological_Process_2025,251,Negative Regulation of Extracellular Matrix Organization (GO:1903054),0.055226775078966374,0.1834544597450722,19.49705882352941,56.46947550554387,1,CST3
Hom/Reg-like NPCs,up_in_severe,GO:BP,GO_Biological_Process_2025,252,Negative Regulation of Heart Contraction (GO:0045822),0.055226775078966374,0.1834544597450722,19.49705882352941,56.46947550554387,1,ZC3H12A
Hom/Reg-like NPCs,up_in_severe,GO:BP,GO_Biological_Process_2025,253,Negative Regulation of Homotypic Cell-Cell Adhesion (GO:0034111),0.055226775078966374,0.1834544597450722,19.49705882352941,56.46947550554387,1,ZNF703
Hom/Reg-like NPCs,up_in_severe,GO:BP,GO_Biological_Process_2025,254,Adherens Junction Assembly (GO:0034333),0.055226775078966374,0.1834544597450722,19.49705882352941,56.46947550554387,1,ZNF703
Hom/Reg-like NPCs,up_in_severe,GO:BP,GO_Biological_Process_2025,255,Nicotinamide Riboside Metabolic Process (GO:0046495),0.055226775078966374,0.1834544597450722,19.49705882352941,56.46947550554387,1,NNMT
Hom/Reg-like NPCs,up_in_severe,GO:BP,GO_Biological_Process_2025,256,Central Nervous System Myelination (GO:0022010),0.055226775078966374,0.1834544597450722,19.49705882352941,56.46947550554387,1,CLU
Hom/Reg-like NPCs,up_in_severe,GO:BP,GO_Biological_Process_2025,257,Positive Regulation of Execution Phase of Apoptosis (GO:1900119),0.055226775078966374,0.1834544597450722,19.49705882352941,56.46947550554387,1,ZC3H12A
Hom/Reg-like NPCs,up_in_severe,GO:BP,GO_Biological_Process_2025,258,Positive Regulation of mRNA Metabolic Process (GO:1903313),0.055226775078966374,0.1834544597450722,19.49705882352941,56.46947550554387,1,ZC3H12A
Hom/Reg-like NPCs,up_in_severe,GO:BP,GO_Biological_Process_2025,259,Positive Regulation of Toll-Like Receptor 4 Signaling Pathway (GO:0034145),0.055226775078966374,0.1834544597450722,19.49705882352941,56.46947550554387,1,NDUFA2
Hom/Reg-like NPCs,up_in_severe,GO:BP,GO_Biological_Process_2025,260,Progesterone Receptor Signaling Pathway (GO:0050847),0.055226775078966374,0.1834544597450722,19.49705882352941,56.46947550554387,1,WBP2
Hom/Reg-like NPCs,up_in_severe,GO:BP,GO_Biological_Process_2025,261,Monocyte Differentiation (GO:0030224),0.055226775078966374,0.1834544597450722,19.49705882352941,56.46947550554387,1,MT1G
ECM/Adh-NPCs,up_in_severe,REAC,Reactome_2022,103,Interleukin-10 Signaling R-HSA-6783783,0.10865428362703972,0.18355189661266902,9.047727272727272,20.08219202209419,1,IL1R1
Fibro-reg NPCs,up_in_severe,GO:BP,GO_Biological_Process_2025,201,Pigment Biosynthetic Process (GO:0046148),0.07472727643781603,0.18425401984422288,13.602459016393443,35.28355592362645,1,TSPO
Fibro-reg NPCs,up_in_severe,GO:BP,GO_Biological_Process_2025,202,Cellular Response to Low-Density Lipoprotein Particle Stimulus (GO:0071404),0.07472727643781603,0.18425401984422288,13.602459016393443,35.28355592362645,1,CD81
Fibro-reg NPCs,up_in_severe,GO:BP,GO_Biological_Process_2025,203,Receptor Clustering (GO:0043113),0.07472727643781603,0.18425401984422288,13.602459016393443,35.28355592362645,1,THY1
Fibro-reg NPCs,up_in_severe,GO:BP,GO_Biological_Process_2025,204,Negative Regulation of Axonogenesis (GO:0050771),0.07472727643781603,0.18425401984422288,13.602459016393443,35.28355592362645,1,THY1
Fibro-NPCs,up_in_severe,GO:BP,GO_Biological_Process_2025,256,Rho Protein Signal Transduction (GO:0007266),0.11910495002095219,0.1851709769856991,8.189300411522634,17.42478592911776,1,COL1A2
Hom-NPCs,up_in_severe,GO:BP,GO_Biological_Process_2025,158,Regulation of Phosphorylation (GO:0042325),0.03900396903405053,0.1855113655000226,6.700776764606552,21.737935410853346,2,FN1;HSPB1
Hom-NPCs,up_in_severe,GO:BP,GO_Biological_Process_2025,159,Regulation of Canonical NF-kappaB Signal Transduction (GO:0043122),0.04114413867361896,0.1855113655000226,3.2098725073553447,10.241656110782014,4,LGALS1;TMSB4X;GSTP1;HSPB1
Hom-NPCs,up_in_severe,GO:BP,GO_Biological_Process_2025,160,Extrinsic Apoptotic Signaling Pathway (GO:0097191),0.04232586366012822,0.1855113655000226,6.395228884590587,20.223996482743463,2,SIVA1;CIB1
Hom-NPCs,up_in_severe,GO:BP,GO_Biological_Process_2025,161,Positive Regulation of Intracellular Steroid Hormone Receptor Signaling Pathway (GO:0033145),0.04238787884028314,0.1855113655000226,26.178947368421053,82.74884713910977,1,WBP2
Hom-NPCs,up_in_severe,GO:BP,GO_Biological_Process_2025,162,Tooth Mineralization (GO:0034505),0.04238787884028314,0.1855113655000226,26.178947368421053,82.74884713910977,1,COL1A1
Hom-NPCs,up_in_severe,GO:BP,GO_Biological_Process_2025,163,Positive Regulation of Mitochondrial Membrane Permeability (GO:0035794),0.04238787884028314,0.1855113655000226,26.178947368421053,82.74884713910977,1,SIVA1
Hom-NPCs,up_in_severe,GO:BP,GO_Biological_Process_2025,164,NAD Biosynthesis via Nicotinamide Riboside Salvage Pathway (GO:0034356),0.04238787884028314,0.1855113655000226,26.178947368421053,82.74884713910977,1,NNMT
Hom-NPCs,up_in_severe,GO:BP,GO_Biological_Process_2025,165,Positive Regulation of Protein Exit From Endoplasmic Reticulum (GO:0070863),0.04238787884028314,0.1855113655000226,26.178947368421053,82.74884713910977,1,CD81
Hom-NPCs,up_in_severe,GO:BP,GO_Biological_Process_2025,166,Positive Regulation of Purine Nucleotide Biosynthetic Process (GO:1900373),0.04238787884028314,0.1855113655000226,26.178947368421053,82.74884713910977,1,TMSB4X
Hom-NPCs,up_in_severe,GO:BP,GO_Biological_Process_2025,167,Regulation of Protein Exit From Endoplasmic Reticulum (GO:0070861),0.04238787884028314,0.1855113655000226,26.178947368421053,82.74884713910977,1,CD81
Hom-NPCs,up_in_severe,GO:BP,GO_Biological_Process_2025,168,Lipoxygenase Pathway (GO:0019372),0.04238787884028314,0.1855113655000226,26.178947368421053,82.74884713910977,1,GPX1
Hom-NPCs,up_in_severe,GO:BP,GO_Biological_Process_2025,169,Regulation of Stress-Activated Protein Kinase Signaling Cascade (GO:0070302),0.04238787884028314,0.1855113655000226,26.178947368421053,82.74884713910977,1,GSTP1
Hom-NPCs,up_in_severe,GO:BP,GO_Biological_Process_2025,170,Modification-Dependent Macromolecule Catabolic Process (GO:0043632),0.04238787884028314,0.1855113655000226,26.178947368421053,82.74884713910977,1,FAU
Hom-NPCs,up_in_severe,GO:BP,GO_Biological_Process_2025,171,Myelin Maintenance (GO:0043217),0.04238787884028314,0.1855113655000226,26.178947368421053,82.74884713910977,1,CLU
Hom-NPCs,up_in_severe,GO:BP,GO_Biological_Process_2025,172,Collagen Biosynthetic Process (GO:0032964),0.04238787884028314,0.1855113655000226,26.178947368421053,82.74884713910977,1,COL1A1
Hom-NPCs,up_in_severe,GO:BP,GO_Biological_Process_2025,173,Ribosome Biogenesis (GO:0042254),0.042500487335576535,0.1855113655000226,4.031441404654961,12.732258439141711,3,RPS14;RPS9;RPS19
Hom-NPCs,up_in_severe,GO:BP,GO_Biological_Process_2025,174,Positive Regulation of Intracellular Protein Transport (GO:0090316),0.043456027154603886,0.1855113655000226,6.29946014607812,19.755143064684585,2,CD81;OAZ1
Hom-NPCs,up_in_severe,GO:BP,GO_Biological_Process_2025,175,Skin Development (GO:0043588),0.043456027154603886,0.1855113655000226,6.29946014607812,19.755143064684585,2,COL1A1;COL1A2
Hom-NPCs,up_in_severe,GO:BP,GO_Biological_Process_2025,176,Positive Regulation of Proteasomal Ubiquitin-Dependent Protein Catabolic Process (GO:0032436),0.045749857664554264,0.1855113655000226,6.116250385445575,18.86598164653557,2,ELOB;CLU
Hom-NPCs,up_in_severe,GO:BP,GO_Biological_Process_2025,177,Negative Regulation of Extrinsic Apoptotic Signaling Pathway (GO:2001237),0.04691326332688028,0.1855113655000226,6.0285714285714285,18.444142055706433,2,GPX1;GSTP1
Hom-NPCs,up_in_severe,GO:BP,GO_Biological_Process_2025,178,Positive Regulation of Gluconeogenesis (GO:0045722),0.04698647446391648,0.1855113655000226,23.269005847953217,71.15418818005004,1,NNMT
Hom-NPCs,up_in_severe,GO:BP,GO_Biological_Process_2025,179,tRNA Transcription by RNA Polymerase III (GO:0042797),0.04698647446391648,0.1855113655000226,23.269005847953217,71.15418818005004,1,POLR2F
Hom-NPCs,up_in_severe,GO:BP,GO_Biological_Process_2025,180,Regulation of Extracellular Matrix Assembly (GO:1901201),0.04698647446391648,0.1855113655000226,23.269005847953217,71.15418818005004,1,RGCC
Hom-NPCs,up_in_severe,GO:BP,GO_Biological_Process_2025,181,NAD Biosynthetic Process via the Salvage Pathway (GO:0034355),0.04698647446391648,0.1855113655000226,23.269005847953217,71.15418818005004,1,NNMT
Hom-NPCs,up_in_severe,GO:BP,GO_Biological_Process_2025,182,Regulation of Macrophage Migration (GO:1905521),0.04698647446391648,0.1855113655000226,23.269005847953217,71.15418818005004,1,CD81
Hom-NPCs,up_in_severe,GO:BP,GO_Biological_Process_2025,183,Regulation of Monocyte Chemotactic Protein-1 Production (GO:0071637),0.04698647446391648,0.1855113655000226,23.269005847953217,71.15418818005004,1,GSTP1
Hom-NPCs,up_in_severe,GO:BP,GO_Biological_Process_2025,184,Regulation of Mononuclear Cell Migration (GO:0071675),0.04698647446391648,0.1855113655000226,23.269005847953217,71.15418818005004,1,CD81
Hom-NPCs,up_in_severe,GO:BP,GO_Biological_Process_2025,185,Biomineral Tissue Development (GO:0031214),0.04698647446391648,0.1855113655000226,23.269005847953217,71.15418818005004,1,COL1A1
Hom-NPCs,up_in_severe,GO:BP,GO_Biological_Process_2025,186,Oxygen Transport (GO:0015671),0.04698647446391648,0.1855113655000226,23.269005847953217,71.15418818005004,1,HBB
Hom-NPCs,up_in_severe,GO:BP,GO_Biological_Process_2025,187,Cell Surface Pattern Recognition Receptor Signaling Pathway (GO:0002752),0.04698647446391648,0.1855113655000226,23.269005847953217,71.15418818005004,1,NDUFA2
Hom-NPCs,up_in_severe,GO:BP,GO_Biological_Process_2025,188,miRNA Catabolic Process (GO:0010587),0.04698647446391648,0.1855113655000226,23.269005847953217,71.15418818005004,1,ELOB
Hom-NPCs,up_in_severe,GO:BP,GO_Biological_Process_2025,189,Copper Ion Transport (GO:0006825),0.04698647446391648,0.1855113655000226,23.269005847953217,71.15418818005004,1,COX17
Hom-NPCs,up_in_severe,GO:BP,GO_Biological_Process_2025,190,Cytolysis by Host of Symbiont Cells (GO:0051838),0.04698647446391648,0.1855113655000226,23.269005847953217,71.15418818005004,1,ROMO1
Hom-NPCs,up_in_severe,GO:BP,GO_Biological_Process_2025,191,Negative Regulation of JUN Kinase Activity (GO:0043508),0.04698647446391648,0.1855113655000226,23.269005847953217,71.15418818005004,1,GSTP1
Hom-NPCs,up_in_severe,GO:BP,GO_Biological_Process_2025,192,Negative Regulation of T-helper 17 Cell Differentiation (GO:2000320),0.04698647446391648,0.1855113655000226,23.269005847953217,71.15418818005004,1,LGALS1
Hom-NPCs,up_in_severe,GO:BP,GO_Biological_Process_2025,193,Negative Regulation of Cell-Cell Adhesion Mediated by Cadherin (GO:2000048),0.04698647446391648,0.1855113655000226,23.269005847953217,71.15418818005004,1,RGCC
ECM/Adh-NPCs,up_in_severe,REAC,Reactome_2022,104,XBP1(S) Activates Chaperone Genes R-HSA-381038,0.11093233713692385,0.18559833328677644,8.846222222222222,19.451381614691524,1,LMNA
Fibro-NPCs,up_in_severe,GO:BP,GO_Biological_Process_2025,257,Cellular Response to Fibroblast Growth Factor Stimulus (GO:0044344),0.12113659247839492,0.18614812280463777,8.04,16.971125513183228,1,ZFP36L1
Fibro-NPCs,up_in_severe,GO:BP,GO_Biological_Process_2025,258,Receptor Internalization (GO:0031623),0.12113659247839492,0.18614812280463777,8.04,16.971125513183228,1,CD81
Fibro-NPCs,up_in_severe,GO:BP,GO_Biological_Process_2025,259,Response to Peptide Hormone (GO:0043434),0.12113659247839492,0.18614812280463777,8.04,16.971125513183228,1,ZFP36L1
ECM/Adh-NPCs,up_in_severe,GO:BP,GO_Biological_Process_2025,260,RNA Stabilization (GO:0043489),0.09948470584346449,0.18634250671448924,9.9545,22.97251088074931,1,FUS
Hom-NPCs,up_in_severe,GO:BP,GO_Biological_Process_2025,194,Positive Regulation of Cell-Substrate Adhesion (GO:0010811),0.048087489985818556,0.18661350456314146,5.943362301468385,18.036519009727165,2,FN1;CIB1
Hom-NPCs,up_in_severe,GO:BP,GO_Biological_Process_2025,195,Positive Regulation of Protein Serine/Threonine Kinase Activity (GO:0071902),0.05046789423177553,0.18661350456314146,5.779947537161178,17.26133880145489,2,RGCC;CIB1
Hom-NPCs,up_in_severe,GO:BP,GO_Biological_Process_2025,196,Positive Regulation of DNA-binding Transcription Factor Activity (GO:0051091),0.0514203112739487,0.18661350456314146,3.722505187700434,11.047360628521652,3,RGCC;CIB1;CLU
Hom-NPCs,up_in_severe,GO:BP,GO_Biological_Process_2025,197,Regulation of Dendritic Cell Differentiation (GO:2001198),0.051563216555611455,0.18661350456314146,20.94105263157895,62.08910527455818,1,LGALS1
Hom-NPCs,up_in_severe,GO:BP,GO_Biological_Process_2025,198,tRNA Transcription (GO:0009304),0.051563216555611455,0.18661350456314146,20.94105263157895,62.08910527455818,1,POLR2F
Hom-NPCs,up_in_severe,GO:BP,GO_Biological_Process_2025,199,Negative Regulation of Extracellular Matrix Organization (GO:1903054),0.051563216555611455,0.18661350456314146,20.94105263157895,62.08910527455818,1,CST3
Hom-NPCs,up_in_severe,GO:BP,GO_Biological_Process_2025,200,Negative Regulation of Intracellular Transport (GO:0032387),0.051563216555611455,0.18661350456314146,20.94105263157895,62.08910527455818,1,CRYAB
Hom-NPCs,up_in_severe,GO:BP,GO_Biological_Process_2025,201,Positive Regulation of Oxidoreductase Activity (GO:0051353),0.051563216555611455,0.18661350456314146,20.94105263157895,62.08910527455818,1,COX17
Hom-NPCs,up_in_severe,GO:BP,GO_Biological_Process_2025,202,Positive Regulation of Toll-Like Receptor 4 Signaling Pathway (GO:0034145),0.051563216555611455,0.18661350456314146,20.94105263157895,62.08910527455818,1,NDUFA2
Hom-NPCs,up_in_severe,GO:BP,GO_Biological_Process_2025,203,Nicotinamide Riboside Metabolic Process (GO:0046495),0.051563216555611455,0.18661350456314146,20.94105263157895,62.08910527455818,1,NNMT
Hom-NPCs,up_in_severe,GO:BP,GO_Biological_Process_2025,204,Progesterone Receptor Signaling Pathway (GO:0050847),0.051563216555611455,0.18661350456314146,20.94105263157895,62.08910527455818,1,WBP2
Hom-NPCs,up_in_severe,GO:BP,GO_Biological_Process_2025,205,Carbon Dioxide Transport (GO:0015670),0.051563216555611455,0.18661350456314146,20.94105263157895,62.08910527455818,1,HBB
Hom-NPCs,up_in_severe,GO:BP,GO_Biological_Process_2025,206,"Mitochondrial Electron Transport, Ubiquinol to Cytochrome C (GO:0006122)",0.051563216555611455,0.18661350456314146,20.94105263157895,62.08910527455818,1,UQCRQ
Hom-NPCs,up_in_severe,GO:BP,GO_Biological_Process_2025,207,Central Nervous System Myelination (GO:0022010),0.051563216555611455,0.18661350456314146,20.94105263157895,62.08910527455818,1,CLU
Hom-NPCs,up_in_severe,GO:BP,GO_Biological_Process_2025,208,Monocyte Differentiation (GO:0030224),0.051563216555611455,0.18661350456314146,20.94105263157895,62.08910527455818,1,MT1G
Hom-NPCs,up_in_severe,GO:BP,GO_Biological_Process_2025,209,Positive Regulation of Extracellular Matrix Assembly (GO:1901203),0.051563216555611455,0.18661350456314146,20.94105263157895,62.08910527455818,1,RGCC
Hom-NPCs,up_in_severe,GO:BP,GO_Biological_Process_2025,210,Transforming Growth Factor Beta Receptor Signaling Pathway (GO:0007179),0.0516738181926809,0.18661350456314146,5.701552616446233,16.89258314724502,2,COL1A2;ID1
Hom-NPCs,up_in_severe,GO:BP,GO_Biological_Process_2025,211,Positive Regulation of Protein Localization to Membrane (GO:1905477),0.0516738181926809,0.18661350456314146,5.701552616446233,16.89258314724502,2,CD81;CIB1
Fibro-reg NPCs,up_in_severe,GO:BP,GO_Biological_Process_2025,205,Hormone Biosynthetic Process (GO:0042446),0.07759920628090147,0.18765577288121846,13.057704918032787,33.378080243086835,1,TSPO
Fibro-reg NPCs,up_in_severe,GO:BP,GO_Biological_Process_2025,206,Limb Development (GO:0060173),0.07759920628090147,0.18765577288121846,13.057704918032787,33.378080243086835,1,COMP
Fibro-reg NPCs,up_in_severe,GO:BP,GO_Biological_Process_2025,207,Positive Regulation of Rho Protein Signal Transduction (GO:0035025),0.07759920628090147,0.18765577288121846,13.057704918032787,33.378080243086835,1,COL3A1
Fibro-reg NPCs,up_in_severe,GO:BP,GO_Biological_Process_2025,208,Secretory Granule Organization (GO:0033363),0.07759920628090147,0.18765577288121846,13.057704918032787,33.378080243086835,1,SRGN
ECM/Adh-NPCs,up_in_severe,GO:BP,GO_Biological_Process_2025,261,Protein Destabilization (GO:0031648),0.10178573309710841,0.18776991080182595,9.711219512195122,22.189023010321883,1,GSN
ECM/Adh-NPCs,up_in_severe,GO:BP,GO_Biological_Process_2025,262,Positive Regulation of Double-Strand Break Repair via Homologous Recombination (GO:1905168),0.10178573309710841,0.18776991080182595,9.711219512195122,22.189023010321883,1,FUS
ECM/Adh-NPCs,up_in_severe,GO:BP,GO_Biological_Process_2025,263,Regulation of Chromosome Organization (GO:0033044),0.10178573309710841,0.18776991080182595,9.711219512195122,22.189023010321883,1,LMNA
ECM/Adh-NPCs,up_in_severe,GO:BP,GO_Biological_Process_2025,264,Protein Stabilization (GO:0050821),0.10178902762152371,0.18776991080182595,3.8365403304178813,8.765930546816445,2,LAMP1;CLU
Fibro-NPCs,up_in_severe,GO:BP,GO_Biological_Process_2025,260,Negative Regulation of Innate Immune Response (GO:0045824),0.12316365091495214,0.18781277036073163,7.896031746031746,16.536195888856938,1,RPS19
Fibro-NPCs,up_in_severe,GO:BP,GO_Biological_Process_2025,261,Glucose Metabolic Process (GO:0006006),0.12316365091495214,0.18781277036073163,7.896031746031746,16.536195888856938,1,RBP4
Hom/Reg-like NPCs,up_in_severe,REAC,Reactome_2022,159,LDL Clearance R-HSA-8964038,0.08878719509547235,0.1890737869282843,11.46482122260669,27.76221178459644,1,AP2M1
Hom/Reg-like NPCs,up_in_severe,REAC,Reactome_2022,160,Constitutive Signaling By Ligand-Responsive EGFR Cancer Variants R-HSA-1236382,0.08878719509547235,0.1890737869282843,11.46482122260669,27.76221178459644,1,CDC37
Hom/Reg-like NPCs,up_in_severe,REAC,Reactome_2022,161,MECP2 Regulates Neuronal Receptors And Channels R-HSA-9022699,0.08878719509547235,0.1890737869282843,11.46482122260669,27.76221178459644,1,FKBP5
Hom/Reg-like NPCs,up_in_severe,REAC,Reactome_2022,162,Potential Therapeutics For SARS R-HSA-9679191,0.08930015592531211,0.1890737869282843,4.127566440854612,9.971177070438424,2,IL1R1;AP2M1
ECM/Adh-NPCs,up_in_severe,GO:BP,GO_Biological_Process_2025,265,Negative Regulation of mRNA Catabolic Process (GO:1902373),0.10408099571109564,0.18932684475735898,9.47952380952381,21.44823670194943,1,FUS
ECM/Adh-NPCs,up_in_severe,GO:BP,GO_Biological_Process_2025,266,Positive Regulation of Production of Molecular Mediator of Immune Response (GO:0002702),0.10408099571109564,0.18932684475735898,9.47952380952381,21.44823670194943,1,SLC7A5
ECM/Adh-NPCs,up_in_severe,GO:BP,GO_Biological_Process_2025,267,Positive Regulation of Receptor-Mediated Endocytosis (GO:0048260),0.10408099571109564,0.18932684475735898,9.47952380952381,21.44823670194943,1,CLU
ECM/Adh-NPCs,up_in_severe,GO:BP,GO_Biological_Process_2025,268,Regulation of Apoptotic Process (GO:0042981),0.10418807883977865,0.18932684475735898,2.340303951367781,5.292732100316357,4,COMP;GADD45B;HSPB1;CLU
Fibro-NPCs,up_in_severe,GO:BP,GO_Biological_Process_2025,262,Regulation of Myoblast Differentiation (GO:0045661),0.12518613547672552,0.18944517840204092,7.757115009746589,16.11892479212372,1,ZFP36L1
Fibro-NPCs,up_in_severe,GO:BP,GO_Biological_Process_2025,263,Muscle Organ Development (GO:0007517),0.12518613547672552,0.18944517840204092,7.757115009746589,16.11892479212372,1,LMNA
Fibro-reg NPCs,up_in_severe,GO:BP,GO_Biological_Process_2025,209,Protein Localization to Organelle (GO:0033365),0.07984870479146688,0.19001206491272912,4.427069351230425,11.189956227424364,2,COL1A1;LMNA
Fibro-reg NPCs,up_in_severe,GO:BP,GO_Biological_Process_2025,210,Negative Regulation of Neurogenesis (GO:0050768),0.08046236546006223,0.19001206491272912,12.554854981084489,31.637804092649077,1,THY1
Fibro-reg NPCs,up_in_severe,GO:BP,GO_Biological_Process_2025,211,Zymogen Activation (GO:0031638),0.08046236546006223,0.19001206491272912,12.554854981084489,31.637804092649077,1,MMP14
Fibro-reg NPCs,up_in_severe,GO:BP,GO_Biological_Process_2025,212,Positive Regulation of Vascular Endothelial Growth Factor Production (GO:0010575),0.08046236546006223,0.19001206491272912,12.554854981084489,31.637804092649077,1,CYP1B1
Fibro-reg NPCs,up_in_severe,GO:BP,GO_Biological_Process_2025,213,Regulation of Protein Localization to Cell Periphery (GO:1904375),0.08046236546006223,0.19001206491272912,12.554854981084489,31.637804092649077,1,MMP14
Fibro-reg NPCs,up_in_severe,KEGG,KEGG_2021_Human,18,TNF signaling pathway,0.047280263815131215,0.19006568314571676,6.008484848484849,18.33586684878509,2,MMP14;JUNB
Fibro-reg NPCs,up_in_severe,KEGG,KEGG_2021_Human,19,Leukocyte transendothelial migration,0.048800648375251596,0.19006568314571676,5.900595238095238,17.819866537015734,2,MMP2;THY1
ECM/Adh-NPCs,up_in_severe,GO:BP,GO_Biological_Process_2025,269,Negative Regulation of Organelle Organization (GO:0010639),0.10637050785386946,0.190450137223656,9.258604651162791,20.746930565453034,1,CLU
ECM/Adh-NPCs,up_in_severe,GO:BP,GO_Biological_Process_2025,270,Amino Acid Transport (GO:0006865),0.10637050785386946,0.190450137223656,9.258604651162791,20.746930565453034,1,SLC7A5
ECM/Adh-NPCs,up_in_severe,GO:BP,GO_Biological_Process_2025,271,Bone Development (GO:0060348),0.10637050785386946,0.190450137223656,9.258604651162791,20.746930565453034,1,OGN
ECM/Adh-NPCs,up_in_severe,GO:BP,GO_Biological_Process_2025,272,Response to Unfolded Protein (GO:0006986),0.10637050785386946,0.190450137223656,9.258604651162791,20.746930565453034,1,HSPB1
Fibro-reg NPCs,up_in_severe,GO:BP,GO_Biological_Process_2025,214,Positive Regulation of Leukocyte Migration (GO:0002687),0.0833167803042863,0.1904924567866182,12.089253187613844,30.043067240513263,1,THY1
Fibro-reg NPCs,up_in_severe,GO:BP,GO_Biological_Process_2025,215,Negative Regulation of Protein Polymerization (GO:0032272),0.0833167803042863,0.1904924567866182,12.089253187613844,30.043067240513263,1,TMSB4X
Fibro-reg NPCs,up_in_severe,GO:BP,GO_Biological_Process_2025,216,Hydrogen Peroxide Metabolic Process (GO:0042743),0.0833167803042863,0.1904924567866182,12.089253187613844,30.043067240513263,1,HBB
Fibro-reg NPCs,up_in_severe,GO:BP,GO_Biological_Process_2025,217,Inner Ear Morphogenesis (GO:0042472),0.0833167803042863,0.1904924567866182,12.089253187613844,30.043067240513263,1,SPARC
Fibro-reg NPCs,up_in_severe,GO:BP,GO_Biological_Process_2025,218,Regulation of Transmembrane Receptor Protein Serine/Threonine Kinase Signaling Pathway (GO:0090092),0.0833167803042863,0.1904924567866182,12.089253187613844,30.043067240513263,1,SFRP4
Fibro-reg NPCs,up_in_severe,GO:BP,GO_Biological_Process_2025,219,Positive Regulation of ATP Metabolic Process (GO:1903580),0.0833167803042863,0.1904924567866182,12.089253187613844,30.043067240513263,1,TMSB4X
Fibro-reg NPCs,up_in_severe,GO:BP,GO_Biological_Process_2025,220,Mucosal Immune Response (GO:0002385),0.0833167803042863,0.1904924567866182,12.089253187613844,30.043067240513263,1,RPL39
Fibro-reg NPCs,up_in_severe,GO:BP,GO_Biological_Process_2025,221,Negative Regulation of Cytoskeleton Organization (GO:0051494),0.08616247709572028,0.19065542576069056,11.656908665105387,28.577150519464418,1,TMSB4X
Fibro-reg NPCs,up_in_severe,GO:BP,GO_Biological_Process_2025,222,Vascular Endothelial Growth Factor Receptor Signaling Pathway (GO:0048010),0.08616247709572028,0.19065542576069056,11.656908665105387,28.577150519464418,1,HSPB1
Fibro-reg NPCs,up_in_severe,GO:BP,GO_Biological_Process_2025,223,Camera-Type Eye Development (GO:0043010),0.08616247709572028,0.19065542576069056,11.656908665105387,28.577150519464418,1,CYP1B1
Fibro-reg NPCs,up_in_severe,GO:BP,GO_Biological_Process_2025,224,Cell-Substrate Junction Assembly (GO:0007044),0.08616247709572028,0.19065542576069056,11.656908665105387,28.577150519464418,1,THY1
Fibro-reg NPCs,up_in_severe,GO:BP,GO_Biological_Process_2025,225,Regulation of Vascular Endothelial Growth Factor Production (GO:0010574),0.08616247709572028,0.19065542576069056,11.656908665105387,28.577150519464418,1,CYP1B1
Fibro-reg NPCs,up_in_severe,GO:BP,GO_Biological_Process_2025,226,Protein Maturation (GO:0051604),0.08627336395212229,0.19065542576069056,4.226923076923077,10.35695221659319,2,SRGN;MMP14
Fibro-reg NPCs,up_in_severe,GO:BP,GO_Biological_Process_2025,227,Positive Regulation of Nitric Oxide Biosynthetic Process (GO:0045429),0.08899948198804453,0.19065542576069056,11.254381006218203,27.22575140877544,1,HBB
Fibro-reg NPCs,up_in_severe,GO:BP,GO_Biological_Process_2025,228,Negative Regulation of Ossification (GO:0030279),0.08899948198804453,0.19065542576069056,11.254381006218203,27.22575140877544,1,SRGN
Fibro-reg NPCs,up_in_severe,GO:BP,GO_Biological_Process_2025,229,Heterotypic Cell-Cell Adhesion (GO:0034113),0.08899948198804453,0.19065542576069056,11.254381006218203,27.22575140877544,1,THY1
Fibro-reg NPCs,up_in_severe,GO:BP,GO_Biological_Process_2025,230,Positive Regulation of B Cell Proliferation (GO:0030890),0.08899948198804453,0.19065542576069056,11.254381006218203,27.22575140877544,1,CD81
Fibro-reg NPCs,up_in_severe,GO:BP,GO_Biological_Process_2025,231,Positive Regulation of Cation Channel Activity (GO:2001259),0.08899948198804453,0.19065542576069056,11.254381006218203,27.22575140877544,1,TMSB4X
Fibro-reg NPCs,up_in_severe,GO:BP,GO_Biological_Process_2025,232,Negative Regulation of Notch Signaling Pathway (GO:0045746),0.08899948198804453,0.19065542576069056,11.254381006218203,27.22575140877544,1,MMP14
Fibro-reg NPCs,up_in_severe,GO:BP,GO_Biological_Process_2025,233,Negative Regulation of Antigen Receptor-Mediated Signaling Pathway (GO:0050858),0.08899948198804453,0.19065542576069056,11.254381006218203,27.22575140877544,1,THY1
Fibro-reg NPCs,up_in_severe,GO:BP,GO_Biological_Process_2025,234,Regulation of Cell Morphogenesis (GO:0022604),0.08899948198804453,0.19065542576069056,11.254381006218203,27.22575140877544,1,SPARC
Fibro-reg NPCs,up_in_severe,GO:BP,GO_Biological_Process_2025,235,Ribosome Biogenesis (GO:0042254),0.08907360845678386,0.19065542576069056,4.146540880503145,10.027547425860236,2,RPS14;RPS9
Hom/Reg-like NPCs,up_in_severe,GO:BP,GO_Biological_Process_2025,262,Positive Regulation of Multicellular Organismal Process (GO:0051240),0.05931413486224673,0.1908512296203346,2.474235963041933,6.989488073812838,5,COL1A1;RPS19;ZNF703;NDUFA2;SCX
Hom/Reg-like NPCs,up_in_severe,GO:BP,GO_Biological_Process_2025,263,Cellular Response to Hypoxia (GO:0071456),0.05989871420185812,0.1908512296203346,5.233531353135313,14.732915367402535,2,LMNA;P4HB
Hom/Reg-like NPCs,up_in_severe,GO:BP,GO_Biological_Process_2025,264,Negative Regulation of Complement Activation (GO:0045916),0.060095023859690136,0.1908512296203346,17.723707664884135,49.836021703830525,1,SERPING1
Hom/Reg-like NPCs,up_in_severe,GO:BP,GO_Biological_Process_2025,265,Negative Regulation of Substrate Adhesion-Dependent Cell Spreading (GO:1900025),0.060095023859690136,0.1908512296203346,17.723707664884135,49.836021703830525,1,MELTF
Hom/Reg-like NPCs,up_in_severe,GO:BP,GO_Biological_Process_2025,266,"Positive Regulation of CD4-positive, Alpha-Beta T Cell Activation (GO:2000516)",0.060095023859690136,0.1908512296203346,17.723707664884135,49.836021703830525,1,CD81
Hom/Reg-like NPCs,up_in_severe,GO:BP,GO_Biological_Process_2025,267,Positive Regulation of T-helper 1 Type Immune Response (GO:0002827),0.060095023859690136,0.1908512296203346,17.723707664884135,49.836021703830525,1,IL1R1
Hom/Reg-like NPCs,up_in_severe,GO:BP,GO_Biological_Process_2025,268,Response to Misfolded Protein (GO:0051788),0.060095023859690136,0.1908512296203346,17.723707664884135,49.836021703830525,1,CLU
Hom/Reg-like NPCs,up_in_severe,GO:BP,GO_Biological_Process_2025,269,Endochondral Bone Morphogenesis (GO:0060350),0.060095023859690136,0.1908512296203346,17.723707664884135,49.836021703830525,1,SCX
Hom/Reg-like NPCs,up_in_severe,GO:BP,GO_Biological_Process_2025,270,Positive Regulation of Leukocyte Degranulation (GO:0043302),0.060095023859690136,0.1908512296203346,17.723707664884135,49.836021703830525,1,LAMP1
Hom/Reg-like NPCs,up_in_severe,GO:BP,GO_Biological_Process_2025,271,Intracellular Copper Ion Homeostasis (GO:0006878),0.060095023859690136,0.1908512296203346,17.723707664884135,49.836021703830525,1,MT2A
Hom/Reg-like NPCs,up_in_severe,GO:BP,GO_Biological_Process_2025,272,Mesoderm Morphogenesis (GO:0048332),0.060095023859690136,0.1908512296203346,17.723707664884135,49.836021703830525,1,SCX
Hom/Reg-like NPCs,up_in_severe,GO:BP,GO_Biological_Process_2025,273,Negative Regulation of Amyloid Fibril Formation (GO:1905907),0.060095023859690136,0.1908512296203346,17.723707664884135,49.836021703830525,1,CLU
Fibro-reg NPCs,up_in_severe,GO:BP,GO_Biological_Process_2025,236,Regulation of Cell Population Proliferation (GO:0042127),0.0895847339670093,0.1909369541754478,2.2014788279599524,5.311222553863953,5,SFRP4;RPS9;LMNA;TSPO;CYP1B1
ECM/Adh-NPCs,up_in_severe,GO:BP,GO_Biological_Process_2025,273,Extracellular Matrix Disassembly (GO:0022617),0.10865428362703972,0.191027567243207,9.047727272727272,20.08219202209419,1,GSN
ECM/Adh-NPCs,up_in_severe,GO:BP,GO_Biological_Process_2025,274,Regulation of Nitric Oxide Biosynthetic Process (GO:0045428),0.10865428362703972,0.191027567243207,9.047727272727272,20.08219202209419,1,CLU
ECM/Adh-NPCs,up_in_severe,GO:BP,GO_Biological_Process_2025,275,Regulation of B Cell Proliferation (GO:0030888),0.10865428362703972,0.191027567243207,9.047727272727272,20.08219202209419,1,CD81
ECM/Adh-NPCs,up_in_severe,GO:BP,GO_Biological_Process_2025,276,Positive Regulation of Calcium Ion Transmembrane Transport (GO:1904427),0.10865428362703972,0.191027567243207,9.047727272727272,20.08219202209419,1,THY1
ECM/Adh-NPCs,up_in_severe,GO:BP,GO_Biological_Process_2025,277,Positive Regulation of Cell-Matrix Adhesion (GO:0001954),0.10865428362703972,0.191027567243207,9.047727272727272,20.08219202209419,1,THY1
Fibro-NPCs,up_in_severe,GO:BP,GO_Biological_Process_2025,264,mRNA Transport (GO:0051028),0.12720405622576708,0.1910460919919068,7.622988505747126,15.718318266429916,1,ZFP36L1
Fibro-NPCs,up_in_severe,GO:BP,GO_Biological_Process_2025,265,Renal System Development (GO:0072001),0.12720405622576708,0.1910460919919068,7.622988505747126,15.718318266429916,1,RBP4
Eff-NPCs,up_in_severe,GO:BP,GO_Biological_Process_2025,188,Positive Regulation of Cell Migration (GO:0030335),0.17377957773230082,0.19134240739673547,5.727696793002916,10.02328368134644,1,COL1A1
ECM/Adh-NPCs,up_in_severe,REAC,Reactome_2022,105,IRE1alpha Activates Chaperones R-HSA-381070,0.11547133350102946,0.1913524955159917,8.468936170212766,18.28217177060722,1,LMNA
ECM/Adh-NPCs,up_in_severe,REAC,Reactome_2022,106,Neutrophil Degranulation R-HSA-6798695,0.11676894363090959,0.19167732256394593,2.618817204301075,5.624062197760932,3,CST3;GSN;LAMP1
Hom-NPCs,up_in_severe,GO:BP,GO_Biological_Process_2025,212,Negative Regulation of Intracellular Signal Transduction (GO:1902532),0.054846778578569975,0.19176963216759105,2.9100756788841076,8.44856612392319,4,TMSB4X;GSTP1;PLAUR;CIB1
Hom-NPCs,up_in_severe,GO:BP,GO_Biological_Process_2025,213,Negative Regulation of Complement Activation (GO:0045916),0.056118207771823705,0.19176963216759105,19.036363636363635,54.83034223662069,1,SERPING1
Hom-NPCs,up_in_severe,GO:BP,GO_Biological_Process_2025,214,Intracellular Copper Ion Homeostasis (GO:0006878),0.056118207771823705,0.19176963216759105,19.036363636363635,54.83034223662069,1,MT2A
Hom-NPCs,up_in_severe,GO:BP,GO_Biological_Process_2025,215,Calcium Import Into the Mitochondrion (GO:0036444),0.056118207771823705,0.19176963216759105,19.036363636363635,54.83034223662069,1,SMDT1
Hom-NPCs,up_in_severe,GO:BP,GO_Biological_Process_2025,216,Protein Insertion Into Mitochondrial Inner Membrane (GO:0045039),0.056118207771823705,0.19176963216759105,19.036363636363635,54.83034223662069,1,ROMO1
Hom-NPCs,up_in_severe,GO:BP,GO_Biological_Process_2025,217,Catecholamine Metabolic Process (GO:0006584),0.056118207771823705,0.19176963216759105,19.036363636363635,54.83034223662069,1,COMT
Hom-NPCs,up_in_severe,GO:BP,GO_Biological_Process_2025,218,Regulation of Transforming Growth Factor Beta Production (GO:0071634),0.056118207771823705,0.19176963216759105,19.036363636363635,54.83034223662069,1,FN1
Hom-NPCs,up_in_severe,GO:BP,GO_Biological_Process_2025,219,Regulation of ATP Biosynthetic Process (GO:2001169),0.056118207771823705,0.19176963216759105,19.036363636363635,54.83034223662069,1,TMSB4X
Hom-NPCs,up_in_severe,GO:BP,GO_Biological_Process_2025,220,"Positive Regulation of CD4-positive, Alpha-Beta T Cell Activation (GO:2000516)",0.056118207771823705,0.19176963216759105,19.036363636363635,54.83034223662069,1,CD81
Hom-NPCs,up_in_severe,GO:BP,GO_Biological_Process_2025,221,Response to Misfolded Protein (GO:0051788),0.056118207771823705,0.19176963216759105,19.036363636363635,54.83034223662069,1,CLU
Hom-NPCs,up_in_severe,GO:BP,GO_Biological_Process_2025,222,Negative Regulation of Cellular Component Organization (GO:0051129),0.056599411286680015,0.19176963216759105,5.408074195308238,15.530673278095657,2,CLU;CRYAB
Hom-NPCs,up_in_severe,GO:BP,GO_Biological_Process_2025,223,Extracellular Matrix Organization (GO:0030198),0.057325259667708094,0.19176963216759105,3.5546945395566767,10.162921171725353,3,COL1A1;COL1A2;MIA
Hom-NPCs,up_in_severe,GO:BP,GO_Biological_Process_2025,224,Negative Regulation of Neuron Apoptotic Process (GO:0043524),0.057855668597900374,0.19176963216759105,5.3393482359278215,15.216095118015389,2,CLU;CRLF1
Hom-NPCs,up_in_severe,GO:BP,GO_Biological_Process_2025,225,Positive Regulation of Organelle Organization (GO:0010638),0.057855668597900374,0.19176963216759105,5.3393482359278215,15.216095118015389,2,SIVA1;PLAUR
Hom-NPCs,up_in_severe,GO:BP,GO_Biological_Process_2025,226,Positive Regulation of Gene Expression (GO:0010628),0.058889986109477176,0.19176963216759105,2.4824711251625406,7.030567294960416,5,RGCC;NDUFA2;FN1;RPS27L;CLU
Hom-NPCs,up_in_severe,GO:BP,GO_Biological_Process_2025,227,Regulation of Interleukin-1 Beta Production (GO:0032651),0.05912162664437373,0.19176963216759105,5.272340425531915,14.911014328404649,2,GSTP1;HSPB1
Hom-NPCs,up_in_severe,GO:BP,GO_Biological_Process_2025,228,Regulation of Protein Kinase Activity (GO:0045859),0.0603971655867505,0.19176963216759105,5.206987128972944,14.61503969822391,2,GSTP1;HSPB1
Hom-NPCs,up_in_severe,GO:BP,GO_Biological_Process_2025,229,Regulation of Hematopoietic Stem Cell Differentiation (GO:1902036),0.060651550331219745,0.19176963216759105,17.449122807017545,48.903087500760165,1,TMSB4X
Hom-NPCs,up_in_severe,GO:BP,GO_Biological_Process_2025,230,Regulation of Homotypic Cell-Cell Adhesion (GO:0034110),0.060651550331219745,0.19176963216759105,17.449122807017545,48.903087500760165,1,PLAUR
Hom-NPCs,up_in_severe,GO:BP,GO_Biological_Process_2025,231,Negative Regulation of Stem Cell Differentiation (GO:2000737),0.060651550331219745,0.19176963216759105,17.449122807017545,48.903087500760165,1,TMSB4X
Hom-NPCs,up_in_severe,GO:BP,GO_Biological_Process_2025,232,Positive Regulation of Type 2 Immune Response (GO:0002830),0.060651550331219745,0.19176963216759105,17.449122807017545,48.903087500760165,1,CD81
Hom-NPCs,up_in_severe,GO:BP,GO_Biological_Process_2025,233,Positive Regulation of Viral Entry Into Host Cell (GO:0046598),0.060651550331219745,0.19176963216759105,17.449122807017545,48.903087500760165,1,LGALS1
Hom-NPCs,up_in_severe,GO:BP,GO_Biological_Process_2025,234,Removal of Superoxide Radicals (GO:0019430),0.060651550331219745,0.19176963216759105,17.449122807017545,48.903087500760165,1,SOD3
Hom-NPCs,up_in_severe,GO:BP,GO_Biological_Process_2025,235,Positive Regulation by Symbiont of Entry Into Host (GO:0075294),0.060651550331219745,0.19176963216759105,17.449122807017545,48.903087500760165,1,LGALS1
Hom-NPCs,up_in_severe,GO:BP,GO_Biological_Process_2025,236,Mitotic G1 DNA Damage Checkpoint Signaling (GO:0031571),0.060651550331219745,0.19176963216759105,17.449122807017545,48.903087500760165,1,RPS27L
Hom-NPCs,up_in_severe,GO:BP,GO_Biological_Process_2025,237,Response to Nerve Growth Factor (GO:1990089),0.060651550331219745,0.19176963216759105,17.449122807017545,48.903087500760165,1,CIB1
Hom-NPCs,up_in_severe,GO:BP,GO_Biological_Process_2025,238,Response to Progesterone (GO:0032570),0.060651550331219745,0.19176963216759105,17.449122807017545,48.903087500760165,1,WBP2
Hom-NPCs,up_in_severe,GO:BP,GO_Biological_Process_2025,239,Muscle Filament Sliding (GO:0030049),0.060651550331219745,0.19176963216759105,17.449122807017545,48.903087500760165,1,MYL6
Hom-NPCs,up_in_severe,GO:BP,GO_Biological_Process_2025,240,Regulation of T-helper 17 Cell Lineage Commitment (GO:2000328),0.060651550331219745,0.19176963216759105,17.449122807017545,48.903087500760165,1,LGALS1
Hom-NPCs,up_in_severe,GO:BP,GO_Biological_Process_2025,241,Negative Regulation of DNA Replication (GO:0008156),0.060651550331219745,0.19176963216759105,17.449122807017545,48.903087500760165,1,S100A11
Hom/Reg-like NPCs,up_in_severe,REAC,Reactome_2022,163,Programmed Cell Death R-HSA-5357801,0.09241764037387437,0.19200638864834976,2.8817560975609755,6.862721764025773,3,CDC37;LMNA;NDUFA2
Hom/Reg-like NPCs,up_in_severe,REAC,Reactome_2022,164,Signaling To RAS R-HSA-167044,0.09348416007077089,0.19200638864834976,10.827342047930284,25.660402944175114,1,MAPKAPK2
Hom/Reg-like NPCs,up_in_severe,REAC,Reactome_2022,165,Initiation Of Nuclear Envelope (NE) Reformation R-HSA-2995383,0.09348416007077089,0.19200638864834976,10.827342047930284,25.660402944175114,1,LMNA
Hom/Reg-like NPCs,up_in_severe,REAC,Reactome_2022,166,Activated TAK1 Mediates P38 MAPK Activation R-HSA-450302,0.09348416007077089,0.19200638864834976,10.827342047930284,25.660402944175114,1,MAPKAPK2
Hom/Reg-like NPCs,up_in_severe,REAC,Reactome_2022,167,Nicotinamide Salvaging R-HSA-197264,0.09348416007077089,0.19200638864834976,10.827342047930284,25.660402944175114,1,NNMT
Eff-NPCs,up_in_severe,KEGG,KEGG_2021_Human,26,Amyotrophic lateral sclerosis,0.18298247255923147,0.1921303869931816,5.406611570247934,9.182399368003196,1,GPX3
Eff-NPCs,up_in_severe,KEGG,KEGG_2021_Human,27,Alzheimer disease,0.18526858745771085,0.1921303869931816,5.331793478260869,8.98913019102634,1,LRP1
Hom/Reg-like NPCs,up_in_severe,REAC,Reactome_2022,168,TRAF6 Mediated Induction Of NFkB And MAP Kinases Upon TLR7/8 Or 9 Activation R-HSA-975138,0.09560906151066682,0.19238801002254782,3.95999599959996,9.296041812961505,2,MAPKAPK2;NDUFA2
Hom/Reg-like NPCs,up_in_severe,REAC,Reactome_2022,169,MyD88 Dependent Cascade Initiated On Endosome R-HSA-975155,0.09720595396627248,0.19238801002254782,3.92019801980198,9.137680962184412,2,MAPKAPK2;NDUFA2
Hom/Reg-like NPCs,up_in_severe,REAC,Reactome_2022,170,Signaling By VEGF R-HSA-194138,0.09720595396627248,0.19238801002254782,3.92019801980198,9.137680962184412,2,MAPKAPK2;HSPB1
Hom/Reg-like NPCs,up_in_severe,REAC,Reactome_2022,171,Chondroitin Sulfate Biosynthesis R-HSA-2022870,0.09815714797068767,0.19238801002254782,10.256965944272446,23.808320971600697,1,BGN
Hom/Reg-like NPCs,up_in_severe,REAC,Reactome_2022,172,Defective B3GALT6 Causes EDSP2 And SEMDJL1 R-HSA-4420332,0.09815714797068767,0.19238801002254782,10.256965944272446,23.808320971600697,1,BGN
Hom/Reg-like NPCs,up_in_severe,REAC,Reactome_2022,173,Defective B3GAT3 Causes JDSSDHD R-HSA-3560801,0.09815714797068767,0.19238801002254782,10.256965944272446,23.808320971600697,1,BGN
Hom/Reg-like NPCs,up_in_severe,REAC,Reactome_2022,174,"Defective B4GALT7 Causes EDS, Progeroid Type R-HSA-3560783",0.09815714797068767,0.19238801002254782,10.256965944272446,23.808320971600697,1,BGN
Hom/Reg-like NPCs,up_in_severe,REAC,Reactome_2022,175,Nef-mediated Downmodulation Of Cell Surface Receptors By Recruitment To Clathrin Adapters R-HSA-164938,0.09815714797068767,0.19238801002254782,10.256965944272446,23.808320971600697,1,AP2M1
Fibro-reg NPCs,up_in_severe,GO:BP,GO_Biological_Process_2025,237,Estrogen Metabolic Process (GO:0008210),0.09182782112653406,0.19245580844436097,10.878688524590164,25.97656722459872,1,CYP1B1
Fibro-reg NPCs,up_in_severe,GO:BP,GO_Biological_Process_2025,238,Positive Regulation of Nitric Oxide Metabolic Process (GO:1904407),0.09182782112653406,0.19245580844436097,10.878688524590164,25.97656722459872,1,HBB
Fibro-reg NPCs,up_in_severe,GO:BP,GO_Biological_Process_2025,239,Regulation of Neuron Migration (GO:2001222),0.09182782112653406,0.19245580844436097,10.878688524590164,25.97656722459872,1,COL3A1
Fibro-reg NPCs,up_in_severe,GO:BP,GO_Biological_Process_2025,240,Regulation of Protein Modification Process (GO:0031399),0.09182782112653406,0.19245580844436097,10.878688524590164,25.97656722459872,1,HSPB1
Hom/Reg-like NPCs,up_in_severe,REAC,Reactome_2022,176,Toll Like Receptor 7/8 (TLR7/8) Cascade R-HSA-168181,0.09881047137286379,0.19256813455052432,3.881188118811881,8.983210536250708,2,MAPKAPK2;NDUFA2
Fibro-NPCs,up_in_severe,GO:BP,GO_Biological_Process_2025,266,Negative Regulation of Protein Kinase Activity (GO:0006469),0.1292174232451343,0.19261623390098673,7.493408662900189,15.333453732333883,1,THY1
Fibro-NPCs,up_in_severe,GO:BP,GO_Biological_Process_2025,267,Response to Retinoic Acid (GO:0032526),0.1292174232451343,0.19261623390098673,7.493408662900189,15.333453732333883,1,RBP4
ECM/Adh-NPCs,up_in_severe,GO:BP,GO_Biological_Process_2025,278,Regulation of Intrinsic Apoptotic Signaling Pathway (GO:2001242),0.11093233713692385,0.1929430292345783,8.846222222222222,19.451381614691524,1,CLU
ECM/Adh-NPCs,up_in_severe,GO:BP,GO_Biological_Process_2025,279,Homotypic Cell-Cell Adhesion (GO:0034109),0.11093233713692385,0.1929430292345783,8.846222222222222,19.451381614691524,1,HSPB1
ECM/Adh-NPCs,up_in_severe,GO:BP,GO_Biological_Process_2025,280,Positive Regulation of Chemotaxis (GO:0050921),0.11093233713692385,0.1929430292345783,8.846222222222222,19.451381614691524,1,HSPB1
Fibro-NPCs,up_in_severe,REAC,Reactome_2022,102,NCAM Signaling For Neurite Out-Growth R-HSA-375165,0.12316365091495214,0.19319788378816022,7.896031746031746,16.536195888856938,1,COL6A2
ECM/Adh-NPCs,up_in_severe,KEGG,KEGG_2021_Human,17,MAPK signaling pathway,0.039021892636826615,0.19352924152797918,4.222079037800687,13.69487253415931,3,GADD45B;IL1R1;HSPB1
ECM/Adh-NPCs,up_in_severe,KEGG,KEGG_2021_Human,18,Osteoclast differentiation,0.04167121022878449,0.19352924152797918,6.473142857142857,20.57129062297526,2,IL1R1;JUNB
ECM/Adh-NPCs,up_in_severe,KEGG,KEGG_2021_Human,19,Lysosome,0.04226500677047822,0.19352924152797918,6.421444768383544,20.316139977934544,2,LAMP1;PSAP
Hom-NPCs,up_in_severe,REAC,Reactome_2022,110,CS/DS Degradation R-HSA-2024101,0.0651633459609098,0.19371285572015912,16.106072874493925,43.98340031976613,1,BGN
Hom/Reg-like NPCs,up_in_severe,REAC,Reactome_2022,177,Antigen processing-Cross Presentation R-HSA-1236975,0.10042249475303347,0.1937502968655899,3.842943117841196,8.832501505645107,2,S100A1;NDUFA2
Hom/Reg-like NPCs,up_in_severe,REAC,Reactome_2022,178,Biological Oxidations R-HSA-211859,0.10273555409580935,0.1937502968655899,2.746325581395349,6.249530331579111,3,NNMT;CYB5R3;GSTP1
Hom/Reg-like NPCs,up_in_severe,REAC,Reactome_2022,179,Synthesis Of Leukotrienes (LT) And Eoxins (EX) R-HSA-2142691,0.10280627996949668,0.1937502968655899,9.743627450980393,22.165864208548346,1,MAPKAPK2
Hom/Reg-like NPCs,up_in_severe,REAC,Reactome_2022,180,Intrinsic Pathway Of Fibrin Clot Formation R-HSA-140837,0.10280627996949668,0.1937502968655899,9.743627450980393,22.165864208548346,1,SERPING1
Hom/Reg-like NPCs,up_in_severe,REAC,Reactome_2022,181,Deregulated CDK5 Triggers Neurodegenerative Pathways In Alzheimers Disease Models R-HSA-8862803,0.10280627996949668,0.1937502968655899,9.743627450980393,22.165864208548346,1,LMNA
Hom/Reg-like NPCs,up_in_severe,REAC,Reactome_2022,182,Signaling By ERBB2 TMD/JMD Mutants R-HSA-9665686,0.10280627996949668,0.1937502968655899,9.743627450980393,22.165864208548346,1,CDC37
Hom/Reg-like NPCs,up_in_severe,GO:BP,GO_Biological_Process_2025,274,Cellular Response to Decreased Oxygen Levels (GO:0036294),0.06127418824327643,0.19388584382087834,5.16440854611777,14.421076851863239,2,LMNA;P4HB
Hom/Reg-like NPCs,up_in_severe,REAC,Reactome_2022,183,Toll Like Receptor 9 (TLR9) Cascade R-HSA-168138,0.10366858862487792,0.19418673211042278,3.7686595582635185,8.541878370350245,2,MAPKAPK2;NDUFA2
Hom/Reg-like NPCs,up_in_severe,REAC,Reactome_2022,184,Phase II - Conjugation Of Compounds R-HSA-156580,0.10530242615900477,0.19418673211042278,3.7325789721829326,8.40173225435839,2,NNMT;GSTP1
Hom/Reg-like NPCs,up_in_severe,REAC,Reactome_2022,185,Interleukin-4 And Interleukin-13 Signaling R-HSA-6785807,0.10530242615900477,0.19418673211042278,3.7325789721829326,8.40173225435839,2,COL1A2;TIMP1
Hom/Reg-like NPCs,up_in_severe,REAC,Reactome_2022,186,MyD88-independent TLR4 Cascade R-HSA-166166,0.10530242615900477,0.19418673211042278,3.7325789721829326,8.40173225435839,2,MAPKAPK2;NDUFA2
Hom/Reg-like NPCs,up_in_severe,GO:BP,GO_Biological_Process_2025,275,Central Nervous System Development (GO:0007417),0.06170805676203292,0.1945486735006638,2.7902973395931143,7.771928959878716,4,ACAN;GSTP1;DDIT4;ATN1
Eff-NPCs,up_in_severe,GO:BP,GO_Biological_Process_2025,189,Intracellular Signaling Cassette (GO:0141124),0.178392738967805,0.1948553805905448,5.562606232294618,9.588641287683966,1,ZFP36
Eff-NPCs,up_in_severe,GO:BP,GO_Biological_Process_2025,190,Positive Regulation of Macromolecule Biosynthetic Process (GO:0010557),0.17885276479325368,0.1948553805905448,5.546610169491525,9.54678301806362,1,CLU
Hom/Reg-like NPCs,up_in_severe,KEGG,KEGG_2021_Human,15,Platelet activation,0.026268243948455512,0.1949271931707615,4.903140495867769,17.844462670035135,3,COL1A1;COL3A1;COL1A2
Hom/Reg-like NPCs,up_in_severe,KEGG,KEGG_2021_Human,16,Cholesterol metabolism,0.02740756305932927,0.1949271931707615,8.188531353135314,29.45362550083794,2,LRP1;TSPO
Hom/Reg-like NPCs,up_in_severe,KEGG,KEGG_2021_Human,17,Relaxin signaling pathway,0.02906809020967496,0.1949271931707615,4.7073809523809524,16.655251688198295,3,COL1A1;COL3A1;COL1A2
ECM/Adh-NPCs,up_in_severe,REAC,Reactome_2022,107,Chondroitin Sulfate/Dermatan Sulfate Metabolism R-HSA-1793185,0.11998760892209076,0.19512003693872704,8.122448979591837,17.22257115519733,1,BGN
ECM/Adh-NPCs,up_in_severe,REAC,Reactome_2022,108,Transcriptional Activity Of SMAD2/SMAD3:SMAD4 Heterotrimer R-HSA-2173793,0.12223726113805758,0.19512585426462709,7.9596,16.729418504490184,1,COL1A2
ECM/Adh-NPCs,up_in_severe,REAC,Reactome_2022,109,Signaling By PDGF R-HSA-186797,0.12448127486089838,0.19512585426462709,7.80313725490196,16.25861660572103,1,COL6A2
ECM/Adh-NPCs,up_in_severe,REAC,Reactome_2022,110,Heparan Sulfate/Heparin (HS-GAG) Metabolism R-HSA-1638091,0.12671966397645323,0.19512585426462709,7.652692307692308,15.808763430053926,1,BGN
ECM/Adh-NPCs,up_in_severe,REAC,Reactome_2022,111,Sensory Processing Of Sound By Outer Hair Cells Of Cochlea R-HSA-9662361,0.12671966397645323,0.19512585426462709,7.652692307692308,15.808763430053926,1,GSN
ECM/Adh-NPCs,up_in_severe,REAC,Reactome_2022,112,Nuclear Envelope Breakdown R-HSA-2980766,0.12671966397645323,0.19512585426462709,7.652692307692308,15.808763430053926,1,LMNA
ECM/Adh-NPCs,up_in_severe,REAC,Reactome_2022,113,Signaling By Type 1 Insulin-like Growth Factor 1 Receptor (IGF1R) R-HSA-2404192,0.12671966397645323,0.19512585426462709,7.652692307692308,15.808763430053926,1,CILP
Hom-NPCs,up_in_severe,REAC,Reactome_2022,111,Antimicrobial Peptides R-HSA-6803157,0.06824500054570774,0.1963513670708689,4.846417216923453,13.010939310910365,2,DEFB1;CLU
Hom-NPCs,up_in_severe,REAC,Reactome_2022,112,GRB2:SOS Provides Linkage To MAPK Signaling For Integrins R-HSA-354194,0.06965369596397795,0.1963513670708689,14.954887218045112,39.84310237624529,1,FN1
Hom-NPCs,up_in_severe,REAC,Reactome_2022,113,IRAK2 Mediated Activation Of TAK1 Complex Upon TLR7/8 Or 9 Stimulation R-HSA-975163,0.06965369596397795,0.1963513670708689,14.954887218045112,39.84310237624529,1,NDUFA2
Hom-NPCs,up_in_severe,REAC,Reactome_2022,114,p130Cas Linkage To MAPK Signaling For Integrins R-HSA-372708,0.06965369596397795,0.1963513670708689,14.954887218045112,39.84310237624529,1,FN1
Hom-NPCs,up_in_severe,REAC,Reactome_2022,115,Defects Of Contact Activation System (CAS) And Kallikrein/Kinin System (KKS) R-HSA-9651496,0.06965369596397795,0.1963513670708689,14.954887218045112,39.84310237624529,1,SERPING1
Hom-NPCs,up_in_severe,REAC,Reactome_2022,116,EPHA-mediated Growth Cone Collapse R-HSA-3928663,0.06965369596397795,0.1963513670708689,14.954887218045112,39.84310237624529,1,MYL6
Eff-NPCs,up_in_severe,REAC,Reactome_2022,39,Diseases Of Metabolism R-HSA-5668914,0.1277941711931483,0.19660641722022815,8.02560975609756,16.511362606004123,1,PRELP
Eff-NPCs,up_in_severe,REAC,Reactome_2022,40,"Platelet Activation, Signaling And Aggregation R-HSA-76002",0.13118898832686987,0.1967834824903048,7.800790513833992,15.844313049715986,1,CLU
ECM/Adh-NPCs,up_in_severe,REAC,Reactome_2022,114,AUF1 (hnRNP D0) Binds And Destabilizes mRNA R-HSA-450408,0.1289524422762036,0.1968221487373634,7.507924528301887,15.378568956697888,1,HSPB1
Hom/Reg-like NPCs,up_in_severe,GO:BP,GO_Biological_Process_2025,276,Response to Tumor Necrosis Factor (GO:0034612),0.06405738945933581,0.19707640744734478,5.031480071084031,13.826385911888108,2,ZC3H12A;GBP2
Hom/Reg-like NPCs,up_in_severe,GO:BP,GO_Biological_Process_2025,277,Regulation of Gastrulation (GO:0010470),0.0649384302010941,0.19707640744734478,16.24591503267974,44.42146030184692,1,SCX
Hom/Reg-like NPCs,up_in_severe,GO:BP,GO_Biological_Process_2025,278,Cellular Response to Arsenic-Containing Substance (GO:0071243),0.0649384302010941,0.19707640744734478,16.24591503267974,44.42146030184692,1,ZC3H12A
Hom/Reg-like NPCs,up_in_severe,GO:BP,GO_Biological_Process_2025,279,Removal of Superoxide Radicals (GO:0019430),0.0649384302010941,0.19707640744734478,16.24591503267974,44.42146030184692,1,SOD3
Hom/Reg-like NPCs,up_in_severe,GO:BP,GO_Biological_Process_2025,280,Response to UV-A (GO:0070141),0.0649384302010941,0.19707640744734478,16.24591503267974,44.42146030184692,1,TIMP1
Hom/Reg-like NPCs,up_in_severe,GO:BP,GO_Biological_Process_2025,281,Response to Progesterone (GO:0032570),0.0649384302010941,0.19707640744734478,16.24591503267974,44.42146030184692,1,WBP2
Hom/Reg-like NPCs,up_in_severe,GO:BP,GO_Biological_Process_2025,282,Substrate-Dependent Cell Migration (GO:0006929),0.0649384302010941,0.19707640744734478,16.24591503267974,44.42146030184692,1,ITGA11
Hom/Reg-like NPCs,up_in_severe,GO:BP,GO_Biological_Process_2025,283,Positive Regulation of Type 2 Immune Response (GO:0002830),0.0649384302010941,0.19707640744734478,16.24591503267974,44.42146030184692,1,CD81
Hom/Reg-like NPCs,up_in_severe,GO:BP,GO_Biological_Process_2025,284,Regulation of T-helper 17 Cell Lineage Commitment (GO:2000328),0.0649384302010941,0.19707640744734478,16.24591503267974,44.42146030184692,1,LGALS1
Hom/Reg-like NPCs,up_in_severe,GO:BP,GO_Biological_Process_2025,285,Negative Regulation of Cardiac Muscle Hypertrophy (GO:0010614),0.0649384302010941,0.19707640744734478,16.24591503267974,44.42146030184692,1,LMNA
Hom/Reg-like NPCs,up_in_severe,GO:BP,GO_Biological_Process_2025,286,Negative Regulation of Neuron Apoptotic Process (GO:0043524),0.06546482738735329,0.19707640744734478,4.967539791953879,13.542716943940384,2,CLU;CRLF1
Hom/Reg-like NPCs,up_in_severe,GO:BP,GO_Biological_Process_2025,287,Positive Regulation of JNK Cascade (GO:0046330),0.06546482738735329,0.19707640744734478,4.967539791953879,13.542716943940384,2,GADD45B;TPD52L1
Hom/Reg-like NPCs,up_in_severe,GO:BP,GO_Biological_Process_2025,288,Positive Regulation of Organelle Organization (GO:0010638),0.06546482738735329,0.19707640744734478,4.967539791953879,13.542716943940384,2,SIVA1;PLAUR
Hom-NPCs,up_in_severe,GO:BP,GO_Biological_Process_2025,242,Long-Chain Fatty Acid Metabolic Process (GO:0001676),0.06297651134285526,0.1974818997664844,5.081004870546014,14.048945226815194,2,GPX1;GSTP1
Hom-NPCs,up_in_severe,GO:BP,GO_Biological_Process_2025,243,Positive Regulation of Endocytosis (GO:0045807),0.06297651134285526,0.1974818997664844,5.081004870546014,14.048945226815194,2,CD151;CLU
Fibro-reg NPCs,up_in_severe,GO:BP,GO_Biological_Process_2025,241,Respiratory System Development (GO:0060541),0.09464752052454455,0.19754233536865523,10.527234267583289,24.818961167569938,1,BASP1
Hom/Reg-like NPCs,up_in_severe,GO:BP,GO_Biological_Process_2025,289,Cell Surface Receptor Protein Tyrosine Kinase Signaling Pathway (GO:0007169),0.06683354753806098,0.197645172103937,2.712743877127439,7.33946451103485,4,DDIT4;MAPKAPK2;HSPB1;NGEF
Hom/Reg-like NPCs,up_in_severe,GO:BP,GO_Biological_Process_2025,290,Positive Regulation of Catabolic Process (GO:0009896),0.06870701135737747,0.197645172103937,3.2861666666666665,8.800038951234994,3,ZC3H12A;CLU;OAZ1
Hom/Reg-like NPCs,up_in_severe,GO:BP,GO_Biological_Process_2025,291,Macromolecule Modification (GO:0043412),0.06974877968260447,0.197645172103937,4.785076068582468,12.74196542863508,2,UBL5;FBXO2
Hom/Reg-like NPCs,up_in_severe,GO:BP,GO_Biological_Process_2025,292,L-amino Acid Metabolic Process (GO:0170033),0.06975711956609541,0.197645172103937,14.995475113122172,39.92898828462372,1,P4HB
Hom/Reg-like NPCs,up_in_severe,GO:BP,GO_Biological_Process_2025,293,Negative Regulation of Muscle Cell Apoptotic Process (GO:0010656),0.06975711956609541,0.197645172103937,14.995475113122172,39.92898828462372,1,ZC3H12A
Hom/Reg-like NPCs,up_in_severe,GO:BP,GO_Biological_Process_2025,294,Regulation of Microtubule-Based Movement (GO:0060632),0.06975711956609541,0.197645172103937,14.995475113122172,39.92898828462372,1,LAMP1
Hom/Reg-like NPCs,up_in_severe,GO:BP,GO_Biological_Process_2025,295,Negative Regulation of Viral Transcription (GO:0032897),0.06975711956609541,0.197645172103937,14.995475113122172,39.92898828462372,1,IFITM3
Hom/Reg-like NPCs,up_in_severe,GO:BP,GO_Biological_Process_2025,296,Regulation of Platelet-Derived Growth Factor Receptor Signaling Pathway (GO:0010640),0.06975711956609541,0.197645172103937,14.995475113122172,39.92898828462372,1,IL1R1
Hom/Reg-like NPCs,up_in_severe,GO:BP,GO_Biological_Process_2025,297,Regulation of Trophoblast Cell Migration (GO:1901163),0.06975711956609541,0.197645172103937,14.995475113122172,39.92898828462372,1,TIMP1
Hom/Reg-like NPCs,up_in_severe,GO:BP,GO_Biological_Process_2025,298,Cellular Response to Estrogen Stimulus (GO:0071391),0.06975711956609541,0.197645172103937,14.995475113122172,39.92898828462372,1,WBP2
Hom/Reg-like NPCs,up_in_severe,GO:BP,GO_Biological_Process_2025,299,Cellular Response to Superoxide (GO:0071451),0.06975711956609541,0.197645172103937,14.995475113122172,39.92898828462372,1,SOD3
Hom/Reg-like NPCs,up_in_severe,GO:BP,GO_Biological_Process_2025,300,Response to Chemokine (GO:1990868),0.06975711956609541,0.197645172103937,14.995475113122172,39.92898828462372,1,ZC3H12A
Hom/Reg-like NPCs,up_in_severe,GO:BP,GO_Biological_Process_2025,301,Positive Regulation of T Cell Receptor Signaling Pathway (GO:0050862),0.06975711956609541,0.197645172103937,14.995475113122172,39.92898828462372,1,CD81
Hom/Reg-like NPCs,up_in_severe,GO:BP,GO_Biological_Process_2025,302,Positive Regulation of Endothelial Cell Chemotaxis (GO:2001028),0.06975711956609541,0.197645172103937,14.995475113122172,39.92898828462372,1,HSPB1
Hom/Reg-like NPCs,up_in_severe,GO:BP,GO_Biological_Process_2025,303,Establishment of Protein Localization to Chromosome (GO:0070199),0.06975711956609541,0.197645172103937,14.995475113122172,39.92898828462372,1,WBP2
Hom/Reg-like NPCs,up_in_severe,GO:BP,GO_Biological_Process_2025,304,miRNA Metabolic Process (GO:0010586),0.06975711956609541,0.197645172103937,14.995475113122172,39.92898828462372,1,ZC3H12A
Hom/Reg-like NPCs,up_in_severe,GO:BP,GO_Biological_Process_2025,305,Regulation of RNA Export From Nucleus (GO:0046831),0.06975711956609541,0.197645172103937,14.995475113122172,39.92898828462372,1,ALKBH5
Hom/Reg-like NPCs,up_in_severe,GO:BP,GO_Biological_Process_2025,306,Negative Regulation by Host of Viral Process (GO:0044793),0.06975711956609541,0.197645172103937,14.995475113122172,39.92898828462372,1,ZC3H12A
Hom-NPCs,up_in_severe,GO:BP,GO_Biological_Process_2025,244,Positive Regulation of Apoptotic Process (GO:0043065),0.06400055593222567,0.19782657220005284,2.757140847052202,7.57900386423942,4,LGALS1;RGCC;GADD45B;CLU
Hom-NPCs,up_in_severe,GO:BP,GO_Biological_Process_2025,245,Epiboly Involved in Wound Healing (GO:0090505),0.0651633459609098,0.19782657220005284,16.106072874493925,43.98340031976613,1,CD151
Hom-NPCs,up_in_severe,GO:BP,GO_Biological_Process_2025,246,Establishment of Protein Localization to Chromosome (GO:0070199),0.0651633459609098,0.19782657220005284,16.106072874493925,43.98340031976613,1,WBP2
Hom-NPCs,up_in_severe,GO:BP,GO_Biological_Process_2025,247,Regulation of Extracellular Matrix Disassembly (GO:0010715),0.0651633459609098,0.19782657220005284,16.106072874493925,43.98340031976613,1,CST3
Hom-NPCs,up_in_severe,GO:BP,GO_Biological_Process_2025,248,Cellular Response to Estrogen Stimulus (GO:0071391),0.0651633459609098,0.19782657220005284,16.106072874493925,43.98340031976613,1,WBP2
Hom-NPCs,up_in_severe,GO:BP,GO_Biological_Process_2025,249,Mitotic G1/S Transition Checkpoint Signaling (GO:0044819),0.0651633459609098,0.19782657220005284,16.106072874493925,43.98340031976613,1,RPS27L
Hom-NPCs,up_in_severe,GO:BP,GO_Biological_Process_2025,250,Cellular Response to Superoxide (GO:0071451),0.0651633459609098,0.19782657220005284,16.106072874493925,43.98340031976613,1,SOD3
Hom-NPCs,up_in_severe,GO:BP,GO_Biological_Process_2025,251,Positive Regulation of T Cell Receptor Signaling Pathway (GO:0050862),0.0651633459609098,0.19782657220005284,16.106072874493925,43.98340031976613,1,CD81
Hom-NPCs,up_in_severe,GO:BP,GO_Biological_Process_2025,252,Cellular Response to Tumor Necrosis Factor (GO:0071356),0.06559276516161128,0.1981806956652691,4.9609511889862326,13.515069100897891,2,TMSB4X;CIB1
Hom-NPCs,up_in_severe,GO:BP,GO_Biological_Process_2025,253,Positive Regulation of Ubiquitin-Dependent Protein Catabolic Process (GO:2000060),0.06691444251359338,0.1981806956652691,4.9030183077684315,13.259430751648063,2,ELOB;CLU
Hom-NPCs,up_in_severe,GO:BP,GO_Biological_Process_2025,254,Positive Regulation of Endothelial Cell Migration (GO:0010595),0.06691444251359338,0.1981806956652691,4.9030183077684315,13.259430751648063,2,TMSB4X;HSPB1
Hom-NPCs,up_in_severe,GO:BP,GO_Biological_Process_2025,255,Regulation of Programmed Cell Death (GO:0043067),0.06757311310732209,0.1981806956652691,3.3118279569892475,8.923869827162076,3,LGALS1;CLU;CRYAB
Hom-NPCs,up_in_severe,GO:BP,GO_Biological_Process_2025,256,Negative Regulation of Immune Effector Process (GO:0002698),0.06965369596397795,0.1981806956652691,14.954887218045112,39.84310237624529,1,RPS19
Hom-NPCs,up_in_severe,GO:BP,GO_Biological_Process_2025,257,Regulation of Exit From Mitosis (GO:0007096),0.06965369596397795,0.1981806956652691,14.954887218045112,39.84310237624529,1,RGCC
Hom-NPCs,up_in_severe,GO:BP,GO_Biological_Process_2025,258,Gas Transport (GO:0015669),0.06965369596397795,0.1981806956652691,14.954887218045112,39.84310237624529,1,HBB
Hom-NPCs,up_in_severe,GO:BP,GO_Biological_Process_2025,259,Regulation of Intrinsic Apoptotic Signaling Pathway in Response to DNA Damage (GO:1902229),0.06965369596397795,0.1981806956652691,14.954887218045112,39.84310237624529,1,CLU
Hom-NPCs,up_in_severe,GO:BP,GO_Biological_Process_2025,260,Actin-Myosin Filament Sliding (GO:0033275),0.06965369596397795,0.1981806956652691,14.954887218045112,39.84310237624529,1,MYL6
Hom-NPCs,up_in_severe,GO:BP,GO_Biological_Process_2025,261,Regulation of Peptidase Activity (GO:0052547),0.06965369596397795,0.1981806956652691,14.954887218045112,39.84310237624529,1,CST3
Hom-NPCs,up_in_severe,GO:BP,GO_Biological_Process_2025,262,Regulation of Response to Endoplasmic Reticulum Stress (GO:1905897),0.06965369596397795,0.1981806956652691,14.954887218045112,39.84310237624529,1,CLU
Hom-NPCs,up_in_severe,GO:BP,GO_Biological_Process_2025,263,Peptidyl-Glutamic Acid Modification (GO:0018200),0.06965369596397795,0.1981806956652691,14.954887218045112,39.84310237624529,1,VKORC1
Hom-NPCs,up_in_severe,GO:BP,GO_Biological_Process_2025,264,Positive Regulation of Alpha-Beta T Cell Proliferation (GO:0046641),0.06965369596397795,0.1981806956652691,14.954887218045112,39.84310237624529,1,CD81
Hom-NPCs,up_in_severe,GO:BP,GO_Biological_Process_2025,265,Copper Ion Homeostasis (GO:0055070),0.06965369596397795,0.1981806956652691,14.954887218045112,39.84310237624529,1,MT2A
Hom-NPCs,up_in_severe,GO:BP,GO_Biological_Process_2025,266,Regulation of Amyloid-Beta Clearance (GO:1900221),0.06965369596397795,0.1981806956652691,14.954887218045112,39.84310237624529,1,CLU
Hom-NPCs,up_in_severe,GO:BP,GO_Biological_Process_2025,267,Regulation of Epithelial to Mesenchymal Transition (GO:0010717),0.07093230503513093,0.1981806956652691,4.737030839110686,12.53432242832187,2,COL1A1;RGCC
Hom-NPCs,up_in_severe,GO:BP,GO_Biological_Process_2025,268,Positive Regulation of Protein Metabolic Process (GO:0051247),0.07341463504383024,0.1981806956652691,3.1941967904036312,8.342066474555825,3,RPS27L;CLU;OAZ1
Hom-NPCs,up_in_severe,GO:BP,GO_Biological_Process_2025,269,Positive Regulation of Cellular Component Biogenesis (GO:0044089),0.07365378001180735,0.1981806956652691,4.632452653729249,12.083195988524615,2,RGCC;CLU
Hom-NPCs,up_in_severe,GO:BP,GO_Biological_Process_2025,270,C21-steroid Hormone Metabolic Process (GO:0008207),0.0741227011346479,0.1981806956652691,13.95719298245614,36.31708280615695,1,TSPO
Hom-NPCs,up_in_severe,GO:BP,GO_Biological_Process_2025,271,Regulation of Fibrinolysis (GO:0051917),0.0741227011346479,0.1981806956652691,13.95719298245614,36.31708280615695,1,PLAUR
Hom-NPCs,up_in_severe,GO:BP,GO_Biological_Process_2025,272,T Cell Homeostasis (GO:0043029),0.0741227011346479,0.1981806956652691,13.95719298245614,36.31708280615695,1,SIVA1
Hom-NPCs,up_in_severe,GO:BP,GO_Biological_Process_2025,273,Heart Process (GO:0003015),0.0741227011346479,0.1981806956652691,13.95719298245614,36.31708280615695,1,GPX1
Hom-NPCs,up_in_severe,GO:BP,GO_Biological_Process_2025,274,Positive Regulation of Superoxide Anion Generation (GO:0032930),0.0741227011346479,0.1981806956652691,13.95719298245614,36.31708280615695,1,GSTP1
Hom-NPCs,up_in_severe,GO:BP,GO_Biological_Process_2025,275,Regulation of Plasminogen Activation (GO:0010755),0.0741227011346479,0.1981806956652691,13.95719298245614,36.31708280615695,1,PLAUR
Hom-NPCs,up_in_severe,GO:BP,GO_Biological_Process_2025,276,Autonomic Nervous System Development (GO:0048483),0.0741227011346479,0.1981806956652691,13.95719298245614,36.31708280615695,1,FN1
Hom-NPCs,up_in_severe,GO:BP,GO_Biological_Process_2025,277,Protein Alkylation (GO:0008213),0.0741227011346479,0.1981806956652691,13.95719298245614,36.31708280615695,1,SNRPB
Hom-NPCs,up_in_severe,GO:BP,GO_Biological_Process_2025,278,One-Carbon Compound Transport (GO:0019755),0.0741227011346479,0.1981806956652691,13.95719298245614,36.31708280615695,1,HBB
Hom-NPCs,up_in_severe,GO:BP,GO_Biological_Process_2025,279,Regulation of Superoxide Anion Generation (GO:0032928),0.0741227011346479,0.1981806956652691,13.95719298245614,36.31708280615695,1,GSTP1
Hom-NPCs,up_in_severe,GO:BP,GO_Biological_Process_2025,280,Protein Localization to Vacuole (GO:0072665),0.0741227011346479,0.1981806956652691,13.95719298245614,36.31708280615695,1,CD81
Hom-NPCs,up_in_severe,GO:BP,GO_Biological_Process_2025,281,Cellular Response to Gamma Radiation (GO:0071480),0.0741227011346479,0.1981806956652691,13.95719298245614,36.31708280615695,1,CRYAB
Hom-NPCs,up_in_severe,GO:BP,GO_Biological_Process_2025,282,Regulation of B Cell Receptor Signaling Pathway (GO:0050855),0.0741227011346479,0.1981806956652691,13.95719298245614,36.31708280615695,1,CD81
Hom-NPCs,up_in_severe,GO:BP,GO_Biological_Process_2025,283,Reverse Cholesterol Transport (GO:0043691),0.0741227011346479,0.1981806956652691,13.95719298245614,36.31708280615695,1,CLU
Hom-NPCs,up_in_severe,GO:BP,GO_Biological_Process_2025,284,Negative Regulation of Amyloid-Beta Formation (GO:1902430),0.0741227011346479,0.1981806956652691,13.95719298245614,36.31708280615695,1,CLU
Hom-NPCs,up_in_severe,GO:BP,GO_Biological_Process_2025,285,Positive Regulation of Collagen Biosynthetic Process (GO:0032967),0.0741227011346479,0.1981806956652691,13.95719298245614,36.31708280615695,1,RGCC
Eff-NPCs,up_in_severe,GO:BP,GO_Biological_Process_2025,191,Negative Regulation of Gene Expression (GO:0010629),0.18298247255923147,0.19831084722387915,5.406611570247934,9.182399368003196,1,ZFP36
ECM/Adh-NPCs,up_in_severe,REAC,Reactome_2022,115,Signaling By ALK Fusions And Activated Point Mutants R-HSA-9725370,0.1311796235333056,0.1984804738677841,7.368518518518519,14.966844351283973,1,RRBP1
ECM/Adh-NPCs,up_in_severe,GO:BP,GO_Biological_Process_2025,281,Positive Regulation of Innate Immune Response (GO:0045089),0.11547133350102946,0.19870861984099417,8.468936170212766,18.28217177060722,1,RPS19
ECM/Adh-NPCs,up_in_severe,GO:BP,GO_Biological_Process_2025,282,Positive Regulation of Leukocyte Cell-Cell Adhesion (GO:1903039),0.11547133350102946,0.19870861984099417,8.468936170212766,18.28217177060722,1,THY1
ECM/Adh-NPCs,up_in_severe,GO:BP,GO_Biological_Process_2025,283,Blood Circulation (GO:0008015),0.11547133350102946,0.19870861984099417,8.468936170212766,18.28217177060722,1,SERPING1
ECM/Adh-NPCs,up_in_severe,REAC,Reactome_2022,116,Signaling By Receptor Tyrosine Kinases R-HSA-9006934,0.13252654930149618,0.19878982395224426,2.4665314401622718,4.984791672117113,3,CILP;COL6A2;HSPB1
Fibro-NPCs,up_in_severe,REAC,Reactome_2022,103,rRNA Modification In Nucleus And Cytosol R-HSA-6790901,0.1292174232451343,0.1987960357617451,7.493408662900189,15.333453732333883,1,RPS14
Fibro-NPCs,up_in_severe,REAC,Reactome_2022,104,Meiotic Synapsis R-HSA-1221632,0.1292174232451343,0.1987960357617451,7.493408662900189,15.333453732333883,1,LMNA
Hom/Reg-like NPCs,up_in_severe,GO:BP,GO_Biological_Process_2025,307,Integrin-Mediated Signaling Pathway (GO:0007229),0.07265471088543778,0.19949353389177893,4.670674210278171,12.246680816138321,2,COL3A1;ITGA11
Hom/Reg-like NPCs,up_in_severe,GO:BP,GO_Biological_Process_2025,308,Cellular Response to Tumor Necrosis Factor (GO:0071356),0.07412225066507515,0.19949353389177893,4.615492137449039,12.009692913001073,2,ZC3H12A;GBP2
Hom/Reg-like NPCs,up_in_severe,GO:BP,GO_Biological_Process_2025,309,Negative Regulation of Immune Effector Process (GO:0002698),0.074551216817689,0.19949353389177893,13.923669467787114,36.14959023219432,1,RPS19
Hom/Reg-like NPCs,up_in_severe,GO:BP,GO_Biological_Process_2025,310,Regulation of Execution Phase of Apoptosis (GO:1900117),0.074551216817689,0.19949353389177893,13.923669467787114,36.14959023219432,1,ZC3H12A
Hom/Reg-like NPCs,up_in_severe,GO:BP,GO_Biological_Process_2025,311,Negative Regulation of Macrophage Activation (GO:0043031),0.074551216817689,0.19949353389177893,13.923669467787114,36.14959023219432,1,ZC3H12A
Hom/Reg-like NPCs,up_in_severe,GO:BP,GO_Biological_Process_2025,312,Regulation of Intrinsic Apoptotic Signaling Pathway in Response to DNA Damage (GO:1902229),0.074551216817689,0.19949353389177893,13.923669467787114,36.14959023219432,1,CLU
Hom/Reg-like NPCs,up_in_severe,GO:BP,GO_Biological_Process_2025,313,Regulation of Nitric-Oxide Synthase Activity (GO:0050999),0.074551216817689,0.19949353389177893,13.923669467787114,36.14959023219432,1,S100A1
Hom/Reg-like NPCs,up_in_severe,GO:BP,GO_Biological_Process_2025,314,Aorta Development (GO:0035904),0.074551216817689,0.19949353389177893,13.923669467787114,36.14959023219432,1,EFEMP2
Hom/Reg-like NPCs,up_in_severe,GO:BP,GO_Biological_Process_2025,315,Regulation of Peptidase Activity (GO:0052547),0.074551216817689,0.19949353389177893,13.923669467787114,36.14959023219432,1,CST3
Hom/Reg-like NPCs,up_in_severe,GO:BP,GO_Biological_Process_2025,316,Nitric Oxide Biosynthetic Process (GO:0006809),0.074551216817689,0.19949353389177893,13.923669467787114,36.14959023219432,1,CYB5R3
Hom/Reg-like NPCs,up_in_severe,GO:BP,GO_Biological_Process_2025,317,Regulation of Response to Endoplasmic Reticulum Stress (GO:1905897),0.074551216817689,0.19949353389177893,13.923669467787114,36.14959023219432,1,CLU
Hom/Reg-like NPCs,up_in_severe,GO:BP,GO_Biological_Process_2025,318,Regulation of Vesicle Size (GO:0097494),0.074551216817689,0.19949353389177893,13.923669467787114,36.14959023219432,1,AP2M1
Hom/Reg-like NPCs,up_in_severe,GO:BP,GO_Biological_Process_2025,319,Positive Regulation of Alpha-Beta T Cell Proliferation (GO:0046641),0.074551216817689,0.19949353389177893,13.923669467787114,36.14959023219432,1,CD81
Hom/Reg-like NPCs,up_in_severe,GO:BP,GO_Biological_Process_2025,320,Copper Ion Homeostasis (GO:0055070),0.074551216817689,0.19949353389177893,13.923669467787114,36.14959023219432,1,MT2A
Hom/Reg-like NPCs,up_in_severe,GO:BP,GO_Biological_Process_2025,321,Defense Response to Protozoan (GO:0042832),0.074551216817689,0.19949353389177893,13.923669467787114,36.14959023219432,1,GBP2
Hom/Reg-like NPCs,up_in_severe,GO:BP,GO_Biological_Process_2025,322,Mammary Gland Epithelium Development (GO:0061180),0.074551216817689,0.19949353389177893,13.923669467787114,36.14959023219432,1,ZNF703
Hom/Reg-like NPCs,up_in_severe,GO:BP,GO_Biological_Process_2025,323,Regulation of Amyloid-Beta Clearance (GO:1900221),0.074551216817689,0.19949353389177893,13.923669467787114,36.14959023219432,1,CLU
Hom/Reg-like NPCs,up_in_severe,GO:BP,GO_Biological_Process_2025,324,Regulation of Cellular Response to Heat (GO:1900034),0.074551216817689,0.19949353389177893,13.923669467787114,36.14959023219432,1,MAPKAPK2
ECM/Adh-NPCs,up_in_severe,GO:BP,GO_Biological_Process_2025,284,Actin Polymerization or Depolymerization (GO:0008154),0.117732304342972,0.19977572200357965,8.292083333333334,17.739600807203995,1,GSN
ECM/Adh-NPCs,up_in_severe,GO:BP,GO_Biological_Process_2025,285,Carboxylic Acid Transport (GO:0046942),0.117732304342972,0.19977572200357965,8.292083333333334,17.739600807203995,1,SLC7A5
ECM/Adh-NPCs,up_in_severe,GO:BP,GO_Biological_Process_2025,286,Cellular Component Disassembly (GO:0022411),0.117732304342972,0.19977572200357965,8.292083333333334,17.739600807203995,1,GSN
ECM/Adh-NPCs,up_in_severe,GO:BP,GO_Biological_Process_2025,287,Positive Regulation of Epithelial to Mesenchymal Transition (GO:0010718),0.117732304342972,0.19977572200357965,8.292083333333334,17.739600807203995,1,COL1A1
Hom-NPCs,up_in_severe,GO:BP,GO_Biological_Process_2025,286,Positive Regulation of Phosphorylation (GO:0042327),0.07502705436859675,0.1998972567443032,4.581868640148011,11.86661139881763,2,PLAUR;CIB1
Fibro-NPCs,up_in_severe,REAC,Reactome_2022,105,Nuclear Events (Kinase And Transcription Factor Activation) R-HSA-198725,0.13122624658182752,0.19996380431516575,7.368148148148149,14.96347378325842,1,ID3
Fibro-reg NPCs,up_in_severe,GO:BP,GO_Biological_Process_2025,242,Heme Metabolic Process (GO:0042168),0.09745860611907067,0.20008848521588798,10.197745901639344,23.74369266696314,1,TSPO
Fibro-reg NPCs,up_in_severe,GO:BP,GO_Biological_Process_2025,243,Rescue of Stalled Ribosome (GO:0072344),0.09745860611907067,0.20008848521588798,10.197745901639344,23.74369266696314,1,TCF25
Fibro-reg NPCs,up_in_severe,GO:BP,GO_Biological_Process_2025,244,Positive Regulation of Cell Development (GO:0010720),0.09745860611907067,0.20008848521588798,10.197745901639344,23.74369266696314,1,SERPINF1
Fibro-reg NPCs,up_in_severe,GO:BP,GO_Biological_Process_2025,245,Regulation of Cell Adhesion Mediated by Integrin (GO:0033628),0.09745860611907067,0.20008848521588798,10.197745901639344,23.74369266696314,1,CYP1B1
Fibro-NPCs,up_in_severe,REAC,Reactome_2022,106,Signaling By BRAF And RAF1 Fusions R-HSA-6802952,0.13323053626030973,0.20110269624197696,7.246994535519126,14.607580608109659,1,LMNA
Hom-NPCs,up_in_severe,GO:BP,GO_Biological_Process_2025,287,Negative Regulation of Fibroblast Proliferation (GO:0048147),0.07857046186584668,0.20141329129334215,13.08421052631579,33.28308421675135,1,GSTP1
Hom-NPCs,up_in_severe,GO:BP,GO_Biological_Process_2025,288,Transcription by RNA Polymerase I (GO:0006360),0.07857046186584668,0.20141329129334215,13.08421052631579,33.28308421675135,1,POLR2F
Hom-NPCs,up_in_severe,GO:BP,GO_Biological_Process_2025,289,Positive Regulation of Smooth Muscle Cell Migration (GO:0014911),0.07857046186584668,0.20141329129334215,13.08421052631579,33.28308421675135,1,S100A11
Hom-NPCs,up_in_severe,GO:BP,GO_Biological_Process_2025,290,Killing by Host of Symbiont Cells (GO:0051873),0.07857046186584668,0.20141329129334215,13.08421052631579,33.28308421675135,1,ROMO1
Hom-NPCs,up_in_severe,GO:BP,GO_Biological_Process_2025,291,Release of Cytochrome C From Mitochondria (GO:0001836),0.07857046186584668,0.20141329129334215,13.08421052631579,33.28308421675135,1,CLU
Hom-NPCs,up_in_severe,GO:BP,GO_Biological_Process_2025,292,Myoblast Fusion (GO:0007520),0.07857046186584668,0.20141329129334215,13.08421052631579,33.28308421675135,1,CD81
Hom-NPCs,up_in_severe,GO:BP,GO_Biological_Process_2025,293,Positive Regulation of Cell Adhesion Mediated by Integrin (GO:0033630),0.07857046186584668,0.20141329129334215,13.08421052631579,33.28308421675135,1,CIB1
Hom-NPCs,up_in_severe,GO:BP,GO_Biological_Process_2025,294,Positive Regulation of Cell Migration Involved in Sprouting Angiogenesis (GO:0090050),0.07857046186584668,0.20141329129334215,13.08421052631579,33.28308421675135,1,CIB1
Hom-NPCs,up_in_severe,GO:BP,GO_Biological_Process_2025,295,Negative Regulation of Amyloid Precursor Protein Catabolic Process (GO:1902992),0.07857046186584668,0.20141329129334215,13.08421052631579,33.28308421675135,1,CLU
Hom-NPCs,up_in_severe,GO:BP,GO_Biological_Process_2025,296,Positive Regulation of Collagen Metabolic Process (GO:0010714),0.07857046186584668,0.20141329129334215,13.08421052631579,33.28308421675135,1,RGCC
Hom-NPCs,up_in_severe,GO:BP,GO_Biological_Process_2025,297,Negative Regulation of Chemokine Production (GO:0032682),0.07857046186584668,0.20141329129334215,13.08421052631579,33.28308421675135,1,GSTP1
Hom-NPCs,up_in_severe,GO:BP,GO_Biological_Process_2025,298,Positive Regulation of Cellular Process (GO:0048522),0.07880207481439641,0.20141329129334215,2.0874458874458877,5.30381581045443,6,RPS9;CLEC11A;COX17;FN1;CIB1;CRLF1
Hom-NPCs,up_in_severe,GO:BP,GO_Biological_Process_2025,299,Muscle Contraction (GO:0006936),0.07919571518340873,0.20141329129334215,4.436506159014558,11.250239090274126,2,MYL6;CRYAB
Hom-NPCs,up_in_severe,GO:BP,GO_Biological_Process_2025,300,Intracellular Monoatomic Cation Homeostasis (GO:0030003),0.0803576593918343,0.20141329129334215,3.0695028829671185,7.739038983395607,3,MT2A;MT1G;MT1X
Hom-NPCs,up_in_severe,GO:BP,GO_Biological_Process_2025,301,Positive Regulation of Proteasomal Protein Catabolic Process (GO:1901800),0.08060118912196337,0.20141329129334215,4.390070921985815,11.055260435250839,2,ELOB;CLU
Hom-NPCs,up_in_severe,GO:BP,GO_Biological_Process_2025,302,Positive Regulation of Supramolecular Fiber Organization (GO:1902905),0.08060118912196337,0.20141329129334215,4.390070921985815,11.055260435250839,2,GPX1;CLU
Hom-NPCs,up_in_severe,GO:BP,GO_Biological_Process_2025,303,Cellular Response to Transforming Growth Factor Beta Stimulus (GO:0071560),0.08060118912196337,0.20141329129334215,4.390070921985815,11.055260435250839,2,COL1A2;ID1
Hom-NPCs,up_in_severe,GO:BP,GO_Biological_Process_2025,304,Regulation of Cell Migration (GO:0030334),0.08075962506582914,0.20141329129334215,2.2522835813975055,5.667371914196515,5,COL1A1;CD151;TMSB4X;CIB1;TMSB10
Hom-NPCs,up_in_severe,GO:BP,GO_Biological_Process_2025,305,Positive Regulation of Protein Catabolic Process (GO:0045732),0.08201444581874723,0.20141329129334215,4.344593112524676,10.865218604443312,2,CD81;OAZ1
Hom-NPCs,up_in_severe,GO:BP,GO_Biological_Process_2025,306,Positive Regulation of Glucose Metabolic Process (GO:0010907),0.08299707803951369,0.20141329129334215,12.313931888544891,30.64875924889407,1,NNMT
Hom-NPCs,up_in_severe,GO:BP,GO_Biological_Process_2025,307,Positive Regulation of Homotypic Cell-Cell Adhesion (GO:0034112),0.08299707803951369,0.20141329129334215,12.313931888544891,30.64875924889407,1,PLAUR
Hom-NPCs,up_in_severe,GO:BP,GO_Biological_Process_2025,308,Linoleic Acid Metabolic Process (GO:0043651),0.08299707803951369,0.20141329129334215,12.313931888544891,30.64875924889407,1,GSTP1
Hom-NPCs,up_in_severe,GO:BP,GO_Biological_Process_2025,309,Protein Import Into Mitochondrial Matrix (GO:0030150),0.08299707803951369,0.20141329129334215,12.313931888544891,30.64875924889407,1,ROMO1
Hom-NPCs,up_in_severe,GO:BP,GO_Biological_Process_2025,310,Regulation of Viral Entry Into Host Cell (GO:0046596),0.08299707803951369,0.20141329129334215,12.313931888544891,30.64875924889407,1,LGALS1
Hom-NPCs,up_in_severe,GO:BP,GO_Biological_Process_2025,311,Mitochondrial Calcium Ion Transmembrane Transport (GO:0006851),0.08299707803951369,0.20141329129334215,12.313931888544891,30.64875924889407,1,SMDT1
Hom-NPCs,up_in_severe,GO:BP,GO_Biological_Process_2025,312,Positive Regulation of Amyloid-Beta Formation (GO:1902004),0.08299707803951369,0.20141329129334215,12.313931888544891,30.64875924889407,1,CLU
Hom-NPCs,up_in_severe,GO:BP,GO_Biological_Process_2025,313,Positive Regulation of Antigen Receptor-Mediated Signaling Pathway (GO:0050857),0.08299707803951369,0.20141329129334215,12.313931888544891,30.64875924889407,1,CD81
Hom-NPCs,up_in_severe,GO:BP,GO_Biological_Process_2025,314,Regulation of Acute Inflammatory Response (GO:0002673),0.08299707803951369,0.20141329129334215,12.313931888544891,30.64875924889407,1,GSTP1
Hom/Reg-like NPCs,up_in_severe,GO:BP,GO_Biological_Process_2025,325,Positive Regulation of Endothelial Cell Migration (GO:0010595),0.07559932490462344,0.20167499598285507,4.56159336863919,11.779438709518615,2,ZC3H12A;HSPB1
Hom/Reg-like NPCs,up_in_severe,GO:BP,GO_Biological_Process_2025,326,C21-steroid Hormone Metabolic Process (GO:0008207),0.07932084617088071,0.20167499598285507,12.994771241830065,32.93205499555994,1,TSPO
Hom/Reg-like NPCs,up_in_severe,GO:BP,GO_Biological_Process_2025,327,Regulation of Fibrinolysis (GO:0051917),0.07932084617088071,0.20167499598285507,12.994771241830065,32.93205499555994,1,PLAUR
Hom/Reg-like NPCs,up_in_severe,GO:BP,GO_Biological_Process_2025,328,Golgi to Vacuole Transport (GO:0006896),0.07932084617088071,0.20167499598285507,12.994771241830065,32.93205499555994,1,LAMP1
Hom/Reg-like NPCs,up_in_severe,GO:BP,GO_Biological_Process_2025,329,T Cell Homeostasis (GO:0043029),0.07932084617088071,0.20167499598285507,12.994771241830065,32.93205499555994,1,SIVA1
Hom/Reg-like NPCs,up_in_severe,GO:BP,GO_Biological_Process_2025,330,Negative Regulation of Release of Cytochrome C From Mitochondria (GO:0090201),0.07932084617088071,0.20167499598285507,12.994771241830065,32.93205499555994,1,CLU
Hom/Reg-like NPCs,up_in_severe,GO:BP,GO_Biological_Process_2025,331,Neurotrophin Signaling Pathway (GO:0038179),0.07932084617088071,0.20167499598285507,12.994771241830065,32.93205499555994,1,DDIT4
Hom/Reg-like NPCs,up_in_severe,GO:BP,GO_Biological_Process_2025,332,Regulation of Superoxide Anion Generation (GO:0032928),0.07932084617088071,0.20167499598285507,12.994771241830065,32.93205499555994,1,GSTP1
Hom/Reg-like NPCs,up_in_severe,GO:BP,GO_Biological_Process_2025,333,Reverse Cholesterol Transport (GO:0043691),0.07932084617088071,0.20167499598285507,12.994771241830065,32.93205499555994,1,CLU
Hom/Reg-like NPCs,up_in_severe,GO:BP,GO_Biological_Process_2025,334,Positive Regulation of Collagen Biosynthetic Process (GO:0032967),0.07932084617088071,0.20167499598285507,12.994771241830065,32.93205499555994,1,SCX
Hom/Reg-like NPCs,up_in_severe,GO:BP,GO_Biological_Process_2025,335,Positive Regulation of Lipid Storage (GO:0010884),0.07932084617088071,0.20167499598285507,12.994771241830065,32.93205499555994,1,ZC3H12A
Hom/Reg-like NPCs,up_in_severe,GO:BP,GO_Biological_Process_2025,336,Triglyceride Catabolic Process (GO:0019433),0.07932084617088071,0.20167499598285507,12.994771241830065,32.93205499555994,1,PNPLA2
Hom/Reg-like NPCs,up_in_severe,GO:BP,GO_Biological_Process_2025,337,Positive Regulation of Superoxide Anion Generation (GO:0032930),0.07932084617088071,0.20167499598285507,12.994771241830065,32.93205499555994,1,GSTP1
Hom/Reg-like NPCs,up_in_severe,GO:BP,GO_Biological_Process_2025,338,Protein Localization to Vacuole (GO:0072665),0.07932084617088071,0.20167499598285507,12.994771241830065,32.93205499555994,1,CD81
Hom/Reg-like NPCs,up_in_severe,GO:BP,GO_Biological_Process_2025,339,Regulation of B Cell Receptor Signaling Pathway (GO:0050855),0.07932084617088071,0.20167499598285507,12.994771241830065,32.93205499555994,1,CD81
Hom/Reg-like NPCs,up_in_severe,GO:BP,GO_Biological_Process_2025,340,Regulation of Amyloid Fibril Formation (GO:1905906),0.07932084617088071,0.20167499598285507,12.994771241830065,32.93205499555994,1,CLU
Hom/Reg-like NPCs,up_in_severe,GO:BP,GO_Biological_Process_2025,341,Negative Regulation of Amyloid-Beta Formation (GO:1902430),0.07932084617088071,0.20167499598285507,12.994771241830065,32.93205499555994,1,CLU
ECM/Adh-NPCs,up_in_severe,REAC,Reactome_2022,117,NCAM Signaling For Neurite Out-Growth R-HSA-375165,0.13561724993503824,0.2016871922110825,7.104642857142857,14.19449881866513,1,COL6A2
Hom-NPCs,up_in_severe,GO:BP,GO_Biological_Process_2025,315,Cellular Response to Chemical Stress (GO:0062197),0.08343538007458758,0.2018341575137642,4.300043421623969,10.679944049183515,2,CHCHD2;GPX1
ECM/Adh-NPCs,up_in_severe,REAC,Reactome_2022,118,"Platelet Activation, Signaling And Aggregation R-HSA-76002",0.13691287958351475,0.20188848345365734,3.190314220926466,6.343654202296483,2,SERPING1;CLU
ECM/Adh-NPCs,up_in_severe,GO:BP,GO_Biological_Process_2025,288,Positive Regulation of Lymphocyte Activation (GO:0051251),0.11998760892209076,0.2021936524050457,8.122448979591837,17.22257115519733,1,THY1
ECM/Adh-NPCs,up_in_severe,GO:BP,GO_Biological_Process_2025,289,Positive Regulation of Blood Vessel Endothelial Cell Migration (GO:0043536),0.11998760892209076,0.2021936524050457,8.122448979591837,17.22257115519733,1,HSPB1
ECM/Adh-NPCs,up_in_severe,GO:BP,GO_Biological_Process_2025,290,Negative Regulation of Apoptotic Process (GO:0043066),0.1206376246477003,0.2025880110463105,2.579051906779661,5.4546021033389875,3,COMP;HSPB1;CLU
ECM/Adh-NPCs,up_in_severe,GO:BP,GO_Biological_Process_2025,291,Positive Regulation of Leukocyte Mediated Cytotoxicity (GO:0001912),0.12223726113805758,0.2030015669622787,7.9596,16.729418504490184,1,LAMP1
ECM/Adh-NPCs,up_in_severe,GO:BP,GO_Biological_Process_2025,292,Regulation of Intracellular Transport (GO:0032386),0.12223726113805758,0.2030015669622787,7.9596,16.729418504490184,1,LAMP1
ECM/Adh-NPCs,up_in_severe,GO:BP,GO_Biological_Process_2025,293,Regulation of Ubiquitin-Dependent Protein Catabolic Process (GO:2000058),0.12223726113805758,0.2030015669622787,7.9596,16.729418504490184,1,CLU
ECM/Adh-NPCs,up_in_severe,GO:BP,GO_Biological_Process_2025,294,Regulation of Cell Migration (GO:0030334),0.1228698804436038,0.2030015669622787,2.556853991596639,5.3607751637003895,3,COL1A1;LMNA;THY1
ECM/Adh-NPCs,up_in_severe,GO:BP,GO_Biological_Process_2025,295,Regulation of Telomere Maintenance (GO:0032204),0.12448127486089838,0.2030015669622787,7.80313725490196,16.25861660572103,1,LMNA
ECM/Adh-NPCs,up_in_severe,GO:BP,GO_Biological_Process_2025,296,Cholesterol Transport (GO:0030301),0.12448127486089838,0.2030015669622787,7.80313725490196,16.25861660572103,1,CLU
ECM/Adh-NPCs,up_in_severe,GO:BP,GO_Biological_Process_2025,297,Regulation of Cell Development (GO:0060284),0.12448127486089838,0.2030015669622787,7.80313725490196,16.25861660572103,1,RPS19
ECM/Adh-NPCs,up_in_severe,GO:BP,GO_Biological_Process_2025,298,Negative Regulation of Immune System Process (GO:0002683),0.12671966397645323,0.2030015669622787,7.652692307692308,15.808763430053926,1,COL3A1
ECM/Adh-NPCs,up_in_severe,GO:BP,GO_Biological_Process_2025,299,Regulation of Focal Adhesion Assembly (GO:0051893),0.12671966397645323,0.2030015669622787,7.652692307692308,15.808763430053926,1,THY1
ECM/Adh-NPCs,up_in_severe,GO:BP,GO_Biological_Process_2025,300,Negative Regulation of Protein Catabolic Process (GO:0042177),0.12671966397645323,0.2030015669622787,7.652692307692308,15.808763430053926,1,CST3
ECM/Adh-NPCs,up_in_severe,GO:BP,GO_Biological_Process_2025,301,Positive Regulation of Small GTPase Mediated Signal Transduction (GO:0051057),0.12671966397645323,0.2030015669622787,7.652692307692308,15.808763430053926,1,COL3A1
ECM/Adh-NPCs,up_in_severe,GO:BP,GO_Biological_Process_2025,302,Regulation of Proteolysis (GO:0030162),0.12671966397645323,0.2030015669622787,7.652692307692308,15.808763430053926,1,CST3
ECM/Adh-NPCs,up_in_severe,GO:BP,GO_Biological_Process_2025,303,Regulation of Release of Sequestered Calcium Ion Into Cytosol (GO:0051279),0.12671966397645323,0.2030015669622787,7.652692307692308,15.808763430053926,1,THY1
ECM/Adh-NPCs,up_in_severe,GO:BP,GO_Biological_Process_2025,304,Positive Regulation of B Cell Activation (GO:0050871),0.12671966397645323,0.2030015669622787,7.652692307692308,15.808763430053926,1,CD81
Hom/Reg-like NPCs,up_in_severe,GO:BP,GO_Biological_Process_2025,342,Regulation of Epithelial to Mesenchymal Transition (GO:0010717),0.08008641134159702,0.20302607787475035,4.407164311936811,11.12654334965472,2,COL1A1;ZNF703
Hom-NPCs,up_in_severe,GO:BP,GO_Biological_Process_2025,316,Heme Biosynthetic Process (GO:0006783),0.08740264907884675,0.20305127621366226,11.629239766081872,28.343128394593275,1,TSPO
Hom-NPCs,up_in_severe,GO:BP,GO_Biological_Process_2025,317,Host-Mediated Suppression of Symbiont Invasion (GO:0046597),0.08740264907884675,0.20305127621366226,11.629239766081872,28.343128394593275,1,IFITM2
Hom-NPCs,up_in_severe,GO:BP,GO_Biological_Process_2025,318,Immunoglobulin Mediated Immune Response (GO:0016064),0.08740264907884675,0.20305127621366226,11.629239766081872,28.343128394593275,1,CD81
Hom-NPCs,up_in_severe,GO:BP,GO_Biological_Process_2025,319,Regulation of Smooth Muscle Cell Migration (GO:0014910),0.08740264907884675,0.20305127621366226,11.629239766081872,28.343128394593275,1,S100A11
Hom-NPCs,up_in_severe,GO:BP,GO_Biological_Process_2025,320,Regulation of Tissue Remodeling (GO:0034103),0.08740264907884675,0.20305127621366226,11.629239766081872,28.343128394593275,1,CST3
Hom-NPCs,up_in_severe,GO:BP,GO_Biological_Process_2025,321,Microglial Cell Activation (GO:0001774),0.08740264907884675,0.20305127621366226,11.629239766081872,28.343128394593275,1,CLU
Hom-NPCs,up_in_severe,GO:BP,GO_Biological_Process_2025,322,Mitochondrial Calcium Ion Homeostasis (GO:0051560),0.08740264907884675,0.20305127621366226,11.629239766081872,28.343128394593275,1,SMDT1
Hom-NPCs,up_in_severe,GO:BP,GO_Biological_Process_2025,323,Response to Interferon-Alpha (GO:0035455),0.08740264907884675,0.20305127621366226,11.629239766081872,28.343128394593275,1,IFITM2
Hom-NPCs,up_in_severe,GO:BP,GO_Biological_Process_2025,324,Positive Regulation of calcineurin-NFAT Signaling Cascade (GO:0070886),0.08740264907884675,0.20305127621366226,11.629239766081872,28.343128394593275,1,CIB1
Hom-NPCs,up_in_severe,GO:BP,GO_Biological_Process_2025,325,Positive Regulation of Calcineurin-Mediated Signaling (GO:0106058),0.08740264907884675,0.20305127621366226,11.629239766081872,28.343128394593275,1,CIB1
Hom-NPCs,up_in_severe,GO:BP,GO_Biological_Process_2025,326,Negative Regulation of Actin Filament Polymerization (GO:0030837),0.08740264907884675,0.20305127621366226,11.629239766081872,28.343128394593275,1,TMSB4X
Hom-NPCs,up_in_severe,GO:BP,GO_Biological_Process_2025,327,Dopamine Metabolic Process (GO:0042417),0.08740264907884675,0.20305127621366226,11.629239766081872,28.343128394593275,1,COMT
Hom-NPCs,up_in_severe,GO:BP,GO_Biological_Process_2025,328,Positive Regulation of Endothelial Cell Apoptotic Process (GO:2000353),0.08740264907884675,0.20305127621366226,11.629239766081872,28.343128394593275,1,RGCC
Hom/Reg-like NPCs,up_in_severe,REAC,Reactome_2022,187,Vesicle-mediated Transport R-HSA-5653656,0.1109233559832652,0.20331997936377924,1.8886075122126553,4.1528889038963825,6,COL1A1;COL3A1;COL1A2;TPD52L1;AP2M1;FTL
Hom/Reg-like NPCs,up_in_severe,REAC,Reactome_2022,188,IKK Complex Recruitment Mediated By RIP1 R-HSA-937041,0.11203345801677632,0.20331997936377924,8.856951871657754,19.387493175186865,1,NDUFA2
Hom/Reg-like NPCs,up_in_severe,REAC,Reactome_2022,189,RHOBTB2 GTPase Cycle R-HSA-9013418,0.11203345801677632,0.20331997936377924,8.856951871657754,19.387493175186865,1,CDC37
Fibro-reg NPCs,up_in_severe,GO:BP,GO_Biological_Process_2025,246,Regulation of Cytokine Production (GO:0001817),0.09956695138803474,0.20335215814499707,3.876078431372549,8.941822168730097,2,SRGN;CD276
Fibro-reg NPCs,up_in_severe,GO:BP,GO_Biological_Process_2025,247,Tumor Necrosis Factor-Mediated Signaling Pathway (GO:0033209),0.10026110381701644,0.20335215814499707,9.88822652757079,22.742698109668584,1,TMSB4X
Fibro-reg NPCs,up_in_severe,GO:BP,GO_Biological_Process_2025,248,Integrated Stress Response Signaling (GO:0140467),0.10026110381701644,0.20335215814499707,9.88822652757079,22.742698109668584,1,CEBPD
Hom-NPCs,up_in_severe,REAC,Reactome_2022,117,TRAF6-mediated Induction Of TAK1 Complex Within TLR4 Complex R-HSA-937072,0.0741227011346479,0.20368170815991482,13.95719298245614,36.31708280615695,1,NDUFA2
Hom-NPCs,up_in_severe,REAC,Reactome_2022,118,Processing Of SMDT1 R-HSA-8949664,0.0741227011346479,0.20368170815991482,13.95719298245614,36.31708280615695,1,SMDT1
Hom-NPCs,up_in_severe,REAC,Reactome_2022,119,Caspase Activation Via Death Receptors In Presence Of Ligand R-HSA-140534,0.0741227011346479,0.20368170815991482,13.95719298245614,36.31708280615695,1,NDUFA2
Fibro-NPCs,up_in_severe,GO:BP,GO_Biological_Process_2025,268,Retinoid Metabolic Process (GO:0001523),0.13722555462281913,0.20379018932791795,7.016225749559083,13.935131696937612,1,RBP4
Hom-NPCs,up_in_severe,REAC,Reactome_2022,120,Neutrophil Degranulation R-HSA-6798695,0.07479789517201574,0.2038242643437429,2.307098948567631,5.982228056723266,5,CST3;GSTP1;NDUFA2;PLAUR;S100A11
Hom/Reg-like NPCs,up_in_severe,GO:BP,GO_Biological_Process_2025,343,Regulation of Protein Metabolic Process (GO:0051246),0.08312303174047345,0.2041606045150161,4.30986834947231,10.720510734623705,2,ALKBH5;PLAUR
Hom/Reg-like NPCs,up_in_severe,GO:BP,GO_Biological_Process_2025,344,3'-UTR-mediated mRNA Destabilization (GO:0061158),0.084066131270889,0.2041606045150161,12.181985294117647,30.16444131547811,1,ZC3H12A
Hom/Reg-like NPCs,up_in_severe,GO:BP,GO_Biological_Process_2025,345,Regulation of Endothelial Cell Chemotaxis (GO:2001026),0.084066131270889,0.2041606045150161,12.181985294117647,30.16444131547811,1,HSPB1
Hom/Reg-like NPCs,up_in_severe,GO:BP,GO_Biological_Process_2025,346,Negative Regulation of Fibroblast Proliferation (GO:0048147),0.084066131270889,0.2041606045150161,12.181985294117647,30.16444131547811,1,GSTP1
Hom/Reg-like NPCs,up_in_severe,GO:BP,GO_Biological_Process_2025,347,Negative Regulation of Vascular Associated Smooth Muscle Cell Proliferation (GO:1904706),0.084066131270889,0.2041606045150161,12.181985294117647,30.16444131547811,1,EFEMP2
Hom/Reg-like NPCs,up_in_severe,GO:BP,GO_Biological_Process_2025,348,Release of Cytochrome C From Mitochondria (GO:0001836),0.084066131270889,0.2041606045150161,12.181985294117647,30.16444131547811,1,CLU
Hom/Reg-like NPCs,up_in_severe,GO:BP,GO_Biological_Process_2025,349,Positive Regulation of Cartilage Development (GO:0061036),0.084066131270889,0.2041606045150161,12.181985294117647,30.16444131547811,1,SCX
Hom/Reg-like NPCs,up_in_severe,GO:BP,GO_Biological_Process_2025,350,Positive Regulation of Collagen Metabolic Process (GO:0010714),0.084066131270889,0.2041606045150161,12.181985294117647,30.16444131547811,1,SCX
Hom/Reg-like NPCs,up_in_severe,GO:BP,GO_Biological_Process_2025,351,Positive Regulation of Smooth Muscle Cell Migration (GO:0014911),0.084066131270889,0.2041606045150161,12.181985294117647,30.16444131547811,1,S100A11
Hom/Reg-like NPCs,up_in_severe,GO:BP,GO_Biological_Process_2025,352,Muscle Cell Development (GO:0055001),0.084066131270889,0.2041606045150161,12.181985294117647,30.16444131547811,1,EFEMP2
Hom/Reg-like NPCs,up_in_severe,GO:BP,GO_Biological_Process_2025,353,Muscle Tissue Morphogenesis (GO:0060415),0.084066131270889,0.2041606045150161,12.181985294117647,30.16444131547811,1,EFEMP2
Hom/Reg-like NPCs,up_in_severe,GO:BP,GO_Biological_Process_2025,354,Myoblast Fusion (GO:0007520),0.084066131270889,0.2041606045150161,12.181985294117647,30.16444131547811,1,CD81
Hom/Reg-like NPCs,up_in_severe,GO:BP,GO_Biological_Process_2025,355,Negative Regulation of Amyloid Precursor Protein Catabolic Process (GO:1902992),0.084066131270889,0.2041606045150161,12.181985294117647,30.16444131547811,1,CLU
Hom/Reg-like NPCs,up_in_severe,GO:BP,GO_Biological_Process_2025,356,Regulation of Cartilage Development (GO:0061035),0.084066131270889,0.2041606045150161,12.181985294117647,30.16444131547811,1,SCX
Hom/Reg-like NPCs,up_in_severe,GO:BP,GO_Biological_Process_2025,357,Negative Regulation of Chemokine Production (GO:0032682),0.084066131270889,0.2041606045150161,12.181985294117647,30.16444131547811,1,GSTP1
Fibro-NPCs,up_in_severe,GO:BP,GO_Biological_Process_2025,269,Anterior/Posterior Pattern Specification (GO:0009952),0.13921630325203724,0.20445789186092556,6.90625,13.617235566553108,1,BASP1
Fibro-NPCs,up_in_severe,GO:BP,GO_Biological_Process_2025,270,Positive Regulation of Cell Junction Assembly (GO:1901890),0.13921630325203724,0.20445789186092556,6.90625,13.617235566553108,1,THY1
Fibro-NPCs,up_in_severe,GO:BP,GO_Biological_Process_2025,271,Regulation of Cell-Matrix Adhesion (GO:0001952),0.13921630325203724,0.20445789186092556,6.90625,13.617235566553108,1,THY1
Fibro-reg NPCs,up_in_severe,GO:BP,GO_Biological_Process_2025,249,Regulation of p38MAPK Cascade (GO:1900744),0.10305503940498763,0.20488808229529162,9.596914175506267,21.808911363364537,1,GADD45B
Fibro-reg NPCs,up_in_severe,GO:BP,GO_Biological_Process_2025,250,Regulation of Protein Localization to Membrane (GO:1905475),0.10305503940498763,0.20488808229529162,9.596914175506267,21.808911363364537,1,MMP14
Fibro-reg NPCs,up_in_severe,GO:BP,GO_Biological_Process_2025,251,Protein Localization to Lysosome (GO:0061462),0.10305503940498763,0.20488808229529162,9.596914175506267,21.808911363364537,1,CD81
Fibro-reg NPCs,up_in_severe,GO:BP,GO_Biological_Process_2025,252,Cellular Response to Hydrogen Peroxide (GO:0070301),0.10305503940498763,0.20488808229529162,9.596914175506267,21.808911363364537,1,CYP1B1
Fibro-reg NPCs,up_in_severe,GO:BP,GO_Biological_Process_2025,253,Response to Transforming Growth Factor Beta (GO:0071559),0.10305503940498763,0.20488808229529162,9.596914175506267,21.808911363364537,1,MXRA5
Hom/Reg-like NPCs,up_in_severe,REAC,Reactome_2022,190,Reproduction R-HSA-1474165,0.1152493357499096,0.20511706664894094,3.52974756935153,7.626575067062628,2,SUN2;LMNA
Hom/Reg-like NPCs,up_in_severe,REAC,Reactome_2022,191,RUNX2 Regulates Osteoblast Differentiation R-HSA-8940973,0.11661174343015593,0.20511706664894094,8.471440750213128,18.20432388113094,1,COL1A1
Hom/Reg-like NPCs,up_in_severe,REAC,Reactome_2022,192,Interleukin-6 Family Signaling R-HSA-6783589,0.11661174343015593,0.20511706664894094,8.471440750213128,18.20432388113094,1,CRLF1
Hom/Reg-like NPCs,up_in_severe,REAC,Reactome_2022,193,Defective Intrinsic Pathway For Apoptosis R-HSA-9734009,0.11661174343015593,0.20511706664894094,8.471440750213128,18.20432388113094,1,LMNA
Hom/Reg-like NPCs,up_in_severe,REAC,Reactome_2022,194,Signaling By EGFR In Cancer R-HSA-1643713,0.11661174343015593,0.20511706664894094,8.471440750213128,18.20432388113094,1,CDC37
Hom/Reg-like NPCs,up_in_severe,REAC,Reactome_2022,195,Signaling By ERBB2 KD Mutants R-HSA-9664565,0.11661174343015593,0.20511706664894094,8.471440750213128,18.20432388113094,1,CDC37
ECM/Adh-NPCs,up_in_severe,GO:BP,GO_Biological_Process_2025,305,Negative Regulation of Neuron Projection Development (GO:0010977),0.1289524422762036,0.20522823329578804,7.507924528301887,15.378568956697888,1,THY1
ECM/Adh-NPCs,up_in_severe,GO:BP,GO_Biological_Process_2025,306,Regulation of Smooth Muscle Cell Proliferation (GO:0048660),0.1289524422762036,0.20522823329578804,7.507924528301887,15.378568956697888,1,OGN
Fibro-reg NPCs,up_in_severe,REAC,Reactome_2022,83,RUNX2 Regulates Bone Development R-HSA-8941326,0.09182782112653406,0.2057828280666908,10.878688524590164,25.97656722459872,1,COL1A1
Eff-NPCs,up_in_severe,GO:BP,GO_Biological_Process_2025,192,Negative Regulation of Programmed Cell Death (GO:0043069),0.1911852969766757,0.2060262257000879,5.146456692913386,8.514875282160894,1,COMP
Eff-NPCs,up_in_severe,GO:BP,GO_Biological_Process_2025,193,Cellular Response to Oxygen-Containing Compound (GO:1901701),0.19209208483148293,0.2060262257000879,5.1190600522193215,8.445325009335896,1,ZFP36
ECM/Adh-NPCs,up_in_severe,REAC,Reactome_2022,119,rRNA Modification In Nucleus And Cytosol R-HSA-6790901,0.14223205444789616,0.20623647894944944,6.742372881355932,13.14961860629303,1,RPS14
ECM/Adh-NPCs,up_in_severe,REAC,Reactome_2022,120,Meiotic Synapsis R-HSA-1221632,0.14223205444789616,0.20623647894944944,6.742372881355932,13.14961860629303,1,LMNA
Fibro-NPCs,up_in_severe,REAC,Reactome_2022,107,SARS-CoV-2 Infection R-HSA-9694516,0.13793056570612797,0.206251313205425,3.1823034616628925,6.304158647425617,2,RPS14;RPS19
Fibro-reg NPCs,up_in_severe,GO:BP,GO_Biological_Process_2025,254,Positive Regulation of Immune Effector Process (GO:0002699),0.10584043864033445,0.20634783192282258,9.322248243559718,20.936115926277918,1,CD81
Fibro-reg NPCs,up_in_severe,GO:BP,GO_Biological_Process_2025,255,Negative Regulation of Hydrolase Activity (GO:0051346),0.10584043864033445,0.20634783192282258,9.322248243559718,20.936115926277918,1,CST3
Fibro-reg NPCs,up_in_severe,GO:BP,GO_Biological_Process_2025,256,Positive Regulation of Release of Sequestered Calcium Ion Into Cytosol (GO:0051281),0.10584043864033445,0.20634783192282258,9.322248243559718,20.936115926277918,1,THY1
Fibro-reg NPCs,up_in_severe,GO:BP,GO_Biological_Process_2025,257,Cellular Response to Vascular Endothelial Growth Factor Stimulus (GO:0035924),0.10584043864033445,0.20634783192282258,9.322248243559718,20.936115926277918,1,HSPB1
Fibro-reg NPCs,up_in_severe,GO:BP,GO_Biological_Process_2025,258,Negative Regulation of Cell Cycle G1/S Phase Transition (GO:1902807),0.10584043864033445,0.20634783192282258,9.322248243559718,20.936115926277918,1,TMSB4X
Fibro-reg NPCs,up_in_severe,GO:BP,GO_Biological_Process_2025,259,Neuron Differentiation (GO:0030182),0.10839835551701127,0.20674178017653344,3.67951582867784,8.175672086233607,2,DDIT4;ID3
Fibro-reg NPCs,up_in_severe,GO:BP,GO_Biological_Process_2025,260,Anterograde Axonal Transport (GO:0008089),0.10861732713979637,0.20674178017653344,9.062841530054644,20.11882244883129,1,HSPB1
Fibro-reg NPCs,up_in_severe,GO:BP,GO_Biological_Process_2025,261,Intrinsic Apoptotic Signaling Pathway by P53 Class Mediator (GO:0072332),0.10861732713979637,0.20674178017653344,9.062841530054644,20.11882244883129,1,DDIT4
Fibro-reg NPCs,up_in_severe,GO:BP,GO_Biological_Process_2025,262,Regulation of Receptor Internalization (GO:0002090),0.10861732713979637,0.20674178017653344,9.062841530054644,20.11882244883129,1,SFRP4
Fibro-reg NPCs,up_in_severe,GO:BP,GO_Biological_Process_2025,263,Superoxide Metabolic Process (GO:0006801),0.10861732713979637,0.20674178017653344,9.062841530054644,20.11882244883129,1,SOD3
Fibro-reg NPCs,up_in_severe,GO:BP,GO_Biological_Process_2025,264,Negative Regulation of Endothelial Cell Proliferation (GO:0001937),0.11138573047284406,0.20674178017653344,8.817456801063358,19.352166680882007,1,SPARC
Fibro-reg NPCs,up_in_severe,GO:BP,GO_Biological_Process_2025,265,Regulation of Intracellular Protein Transport (GO:0033157),0.11138573047284406,0.20674178017653344,8.817456801063358,19.352166680882007,1,OAZ1
Fibro-reg NPCs,up_in_severe,GO:BP,GO_Biological_Process_2025,266,Positive Regulation of Receptor Signaling Pathway via JAK-STAT (GO:0046427),0.11138573047284406,0.20674178017653344,8.817456801063358,19.352166680882007,1,CYP1B1
Fibro-reg NPCs,up_in_severe,GO:BP,GO_Biological_Process_2025,267,Negative Regulation of Transport (GO:0051051),0.11138573047284406,0.20674178017653344,8.817456801063358,19.352166680882007,1,SFRP4
Fibro-reg NPCs,up_in_severe,GO:BP,GO_Biological_Process_2025,268,Regulation of Synapse Organization (GO:0050807),0.11138573047284406,0.20674178017653344,8.817456801063358,19.352166680882007,1,SPARC
Fibro-reg NPCs,up_in_severe,GO:BP,GO_Biological_Process_2025,269,Maturation of SSU-rRNA (GO:0030490),0.11138573047284406,0.20674178017653344,8.817456801063358,19.352166680882007,1,RPS14
Fibro-reg NPCs,up_in_severe,GO:BP,GO_Biological_Process_2025,270,Regulation of Vascular Associated Smooth Muscle Cell Proliferation (GO:1904705),0.11138573047284406,0.20674178017653344,8.817456801063358,19.352166680882007,1,MMP2
Fibro-reg NPCs,up_in_severe,GO:BP,GO_Biological_Process_2025,271,Regulation of Axonogenesis (GO:0050770),0.11138573047284406,0.20674178017653344,8.817456801063358,19.352166680882007,1,THY1
Hom-NPCs,up_in_severe,REAC,Reactome_2022,121,Activation Of IRF3/IRF7 Mediated By TBK1/IKK Epsilon R-HSA-936964,0.07857046186584668,0.20719791153332148,13.08421052631579,33.28308421675135,1,NDUFA2
Hom-NPCs,up_in_severe,REAC,Reactome_2022,122,IL-6-type Cytokine Receptor Ligand Interactions R-HSA-6788467,0.07857046186584668,0.20719791153332148,13.08421052631579,33.28308421675135,1,CRLF1
Hom-NPCs,up_in_severe,REAC,Reactome_2022,123,RNA Polymerase III Chain Elongation R-HSA-73780,0.07857046186584668,0.20719791153332148,13.08421052631579,33.28308421675135,1,POLR2F
Hom-NPCs,up_in_severe,REAC,Reactome_2022,124,MyD88 Deficiency (TLR2/4) R-HSA-5602498,0.07857046186584668,0.20719791153332148,13.08421052631579,33.28308421675135,1,NDUFA2
Hom/Reg-like NPCs,up_in_severe,GO:BP,GO_Biological_Process_2025,358,Regulation of Integrin-Mediated Signaling Pathway (GO:2001044),0.08878719509547235,0.2074892133363195,11.46482122260669,27.76221178459644,1,TIMP1
Hom/Reg-like NPCs,up_in_severe,GO:BP,GO_Biological_Process_2025,359,Negative Regulation of Reproductive Process (GO:2000242),0.08878719509547235,0.2074892133363195,11.46482122260669,27.76221178459644,1,TIMP1
Hom/Reg-like NPCs,up_in_severe,GO:BP,GO_Biological_Process_2025,360,Aorta Morphogenesis (GO:0035909),0.08878719509547235,0.2074892133363195,11.46482122260669,27.76221178459644,1,EFEMP2
Hom/Reg-like NPCs,up_in_severe,GO:BP,GO_Biological_Process_2025,361,Regulation of Viral Transcription (GO:0046782),0.08878719509547235,0.2074892133363195,11.46482122260669,27.76221178459644,1,IFITM3
Hom/Reg-like NPCs,up_in_severe,GO:BP,GO_Biological_Process_2025,362,Positive Regulation of Amyloid-Beta Formation (GO:1902004),0.08878719509547235,0.2074892133363195,11.46482122260669,27.76221178459644,1,CLU
Hom/Reg-like NPCs,up_in_severe,GO:BP,GO_Biological_Process_2025,363,Positive Regulation of Antigen Receptor-Mediated Signaling Pathway (GO:0050857),0.08878719509547235,0.2074892133363195,11.46482122260669,27.76221178459644,1,CD81
Hom/Reg-like NPCs,up_in_severe,GO:BP,GO_Biological_Process_2025,364,Positive Regulation of Glucose Metabolic Process (GO:0010907),0.08878719509547235,0.2074892133363195,11.46482122260669,27.76221178459644,1,NNMT
Hom/Reg-like NPCs,up_in_severe,GO:BP,GO_Biological_Process_2025,365,Positive Regulation of Homotypic Cell-Cell Adhesion (GO:0034112),0.08878719509547235,0.2074892133363195,11.46482122260669,27.76221178459644,1,PLAUR
Hom/Reg-like NPCs,up_in_severe,GO:BP,GO_Biological_Process_2025,366,Extracellular Matrix Assembly (GO:0085029),0.08878719509547235,0.2074892133363195,11.46482122260669,27.76221178459644,1,EFEMP2
Hom/Reg-like NPCs,up_in_severe,GO:BP,GO_Biological_Process_2025,367,Positive Regulation of Lymphocyte Migration (GO:2000403),0.08878719509547235,0.2074892133363195,11.46482122260669,27.76221178459644,1,P4HB
Hom/Reg-like NPCs,up_in_severe,GO:BP,GO_Biological_Process_2025,368,Positive Regulation of Sprouting Angiogenesis (GO:1903672),0.08878719509547235,0.2074892133363195,11.46482122260669,27.76221178459644,1,S100A1
Hom/Reg-like NPCs,up_in_severe,GO:BP,GO_Biological_Process_2025,369,Positive Regulation of Triglyceride Metabolic Process (GO:0090208),0.08878719509547235,0.2074892133363195,11.46482122260669,27.76221178459644,1,PNPLA2
Hom/Reg-like NPCs,up_in_severe,GO:BP,GO_Biological_Process_2025,370,Linoleic Acid Metabolic Process (GO:0043651),0.08878719509547235,0.2074892133363195,11.46482122260669,27.76221178459644,1,GSTP1
Hom/Reg-like NPCs,up_in_severe,GO:BP,GO_Biological_Process_2025,371,Regulation of Acute Inflammatory Response (GO:0002673),0.08878719509547235,0.2074892133363195,11.46482122260669,27.76221178459644,1,GSTP1
ECM/Adh-NPCs,up_in_severe,GO:BP,GO_Biological_Process_2025,307,Rho Protein Signal Transduction (GO:0007266),0.1311796235333056,0.20809275785250758,7.368518518518519,14.966844351283973,1,COL1A2
ECM/Adh-NPCs,up_in_severe,GO:BP,GO_Biological_Process_2025,308,Positive Regulation of Programmed Cell Death (GO:0043068),0.13173730965380423,0.20829892792663202,3.2691222830595654,6.626332431264532,2,GADD45B;CLU
Hom-NPCs,up_in_severe,GO:BP,GO_Biological_Process_2025,329,Positive Regulation of NF-kappaB Transcription Factor Activity (GO:0051092),0.09065158882364822,0.2087817993839036,4.09027060524685,9.81964277365948,2,CIB1;CLU
Hom-NPCs,up_in_severe,GO:BP,GO_Biological_Process_2025,330,Regulation of Collagen Biosynthetic Process (GO:0032965),0.09178727400735918,0.2087817993839036,11.016620498614959,26.310792233027552,1,RGCC
Hom-NPCs,up_in_severe,GO:BP,GO_Biological_Process_2025,331,Positive Regulation of Ion Transmembrane Transporter Activity (GO:0032414),0.09178727400735918,0.2087817993839036,11.016620498614959,26.310792233027552,1,COX17
Hom-NPCs,up_in_severe,GO:BP,GO_Biological_Process_2025,332,Positive Regulation of Protein Targeting to Membrane (GO:0090314),0.09178727400735918,0.2087817993839036,11.016620498614959,26.310792233027552,1,CIB1
Hom-NPCs,up_in_severe,GO:BP,GO_Biological_Process_2025,333,Reg of Mt Outer Membrane Permeabilization Inv in Apoptotic Sgnlng Pway (GO:1901028),0.09178727400735918,0.2087817993839036,11.016620498614959,26.310792233027552,1,SIVA1
Hom-NPCs,up_in_severe,GO:BP,GO_Biological_Process_2025,334,Positive Regulation of Release of Cytochrome C From Mitochondria (GO:0090200),0.09178727400735918,0.2087817993839036,11.016620498614959,26.310792233027552,1,PLAUR
Hom-NPCs,up_in_severe,GO:BP,GO_Biological_Process_2025,335,Regulation of Cell-Cell Adhesion Mediated by Cadherin (GO:2000047),0.09178727400735918,0.2087817993839036,11.016620498614959,26.310792233027552,1,RGCC
ECM/Adh-NPCs,up_in_severe,GO:BP,GO_Biological_Process_2025,309,Positive Regulation of Interleukin-1 Beta Production (GO:0032731),0.1334012215016236,0.20889516035784786,7.234181818181818,14.572492368856361,1,HSPB1
ECM/Adh-NPCs,up_in_severe,GO:BP,GO_Biological_Process_2025,310,Receptor Internalization (GO:0031623),0.1334012215016236,0.20889516035784786,7.234181818181818,14.572492368856361,1,CD81
ECM/Adh-NPCs,up_in_severe,GO:BP,GO_Biological_Process_2025,311,Positive Regulation of DNA Recombination (GO:0045911),0.1334012215016236,0.20889516035784786,7.234181818181818,14.572492368856361,1,FUS
Hom-NPCs,up_in_severe,GO:BP,GO_Biological_Process_2025,336,Regulation of ERK1 and ERK2 Cascade (GO:0070372),0.0922225899536203,0.20914765935910318,2.886217008797654,6.879443036454536,3,GSTP1;FN1;CIB1
Fibro-reg NPCs,up_in_severe,GO:BP,GO_Biological_Process_2025,272,Negative Regulation of Cell Population Proliferation (GO:0008285),0.11313755124008024,0.20922128041823662,2.645420122610891,5.764769728174052,3,SFRP4;LMNA;CYP1B1
Fibro-NPCs,up_in_severe,GO:BP,GO_Biological_Process_2025,272,Regulation of Protein Serine/Threonine Kinase Activity (GO:0071900),0.14318432912272544,0.20951236393692912,6.696296296296296,13.015071906709133,1,THY1
Fibro-reg NPCs,up_in_severe,REAC,Reactome_2022,84,Nuclear Signaling By ERBB4 R-HSA-1251985,0.09464752052454455,0.20957665259006295,10.527234267583289,24.818961167569938,1,SPARC
Hom/Reg-like NPCs,up_in_severe,GO:BP,GO_Biological_Process_2025,372,Defense Response to Gram-positive Bacterium (GO:0050830),0.09086533866851741,0.20961144652853744,4.084364686468647,9.795844948410533,2,GBP2;RPL39
Hom/Reg-like NPCs,up_in_severe,GO:BP,GO_Biological_Process_2025,373,Positive Regulation of Protein Modification Process (GO:0031401),0.09086533866851741,0.20961144652853744,4.084364686468647,9.795844948410533,2,NNMT;PLAUR
Hom/Reg-like NPCs,up_in_severe,GO:BP,GO_Biological_Process_2025,374,Positive Regulation of Supramolecular Fiber Organization (GO:1902905),0.09086533866851741,0.20961144652853744,4.084364686468647,9.795844948410533,2,EFEMP2;CLU
Hom/Reg-like NPCs,up_in_severe,GO:BP,GO_Biological_Process_2025,375,Positive Regulation of Protein Catabolic Process (GO:0045732),0.09243863237071004,0.20961144652853744,4.042053689905073,9.62497983292392,2,CD81;OAZ1
Hom/Reg-like NPCs,up_in_severe,GO:BP,GO_Biological_Process_2025,376,Negative Regulation of Endopeptidase Activity (GO:0010951),0.09348416007077089,0.20961144652853744,10.827342047930284,25.660402944175114,1,TIMP1
Hom/Reg-like NPCs,up_in_severe,GO:BP,GO_Biological_Process_2025,377,Negative Regulation of Lipid Storage (GO:0010888),0.09348416007077089,0.20961144652853744,10.827342047930284,25.660402944175114,1,PNPLA2
Hom/Reg-like NPCs,up_in_severe,GO:BP,GO_Biological_Process_2025,378,Regulation of Insulin-Like Growth Factor Receptor Signaling Pathway (GO:0043567),0.09348416007077089,0.20961144652853744,10.827342047930284,25.660402944175114,1,CILP
Hom/Reg-like NPCs,up_in_severe,GO:BP,GO_Biological_Process_2025,379,Nuclear Envelope Organization (GO:0006998),0.09348416007077089,0.20961144652853744,10.827342047930284,25.660402944175114,1,LMNA
Hom/Reg-like NPCs,up_in_severe,GO:BP,GO_Biological_Process_2025,380,Regulation of Smooth Muscle Cell Migration (GO:0014910),0.09348416007077089,0.20961144652853744,10.827342047930284,25.660402944175114,1,S100A11
Hom/Reg-like NPCs,up_in_severe,GO:BP,GO_Biological_Process_2025,381,Regulation of Tissue Remodeling (GO:0034103),0.09348416007077089,0.20961144652853744,10.827342047930284,25.660402944175114,1,CST3
Hom/Reg-like NPCs,up_in_severe,GO:BP,GO_Biological_Process_2025,382,Positive Regulation of Embryonic Development (GO:0040019),0.09348416007077089,0.20961144652853744,10.827342047930284,25.660402944175114,1,SCX
Hom/Reg-like NPCs,up_in_severe,GO:BP,GO_Biological_Process_2025,383,Glycoprotein Catabolic Process (GO:0006516),0.09348416007077089,0.20961144652853744,10.827342047930284,25.660402944175114,1,FBXO2
Hom/Reg-like NPCs,up_in_severe,GO:BP,GO_Biological_Process_2025,384,Heme Biosynthetic Process (GO:0006783),0.09348416007077089,0.20961144652853744,10.827342047930284,25.660402944175114,1,TSPO
Hom/Reg-like NPCs,up_in_severe,GO:BP,GO_Biological_Process_2025,385,Immunoglobulin Mediated Immune Response (GO:0016064),0.09348416007077089,0.20961144652853744,10.827342047930284,25.660402944175114,1,CD81
Hom/Reg-like NPCs,up_in_severe,GO:BP,GO_Biological_Process_2025,386,Microglial Cell Activation (GO:0001774),0.09348416007077089,0.20961144652853744,10.827342047930284,25.660402944175114,1,CLU
Hom/Reg-like NPCs,up_in_severe,GO:BP,GO_Biological_Process_2025,387,Intracellular Monoatomic Cation Homeostasis (GO:0030003),0.0944449593313464,0.20961144652853744,2.853623188405797,6.733803232611758,3,MT2A;MT1G;MT1X
Hom/Reg-like NPCs,up_in_severe,GO:BP,GO_Biological_Process_2025,388,Regulation of Signal Transduction (GO:0009966),0.09546551063717433,0.20961144652853744,2.839759615384615,6.6705676258362825,3,TSPYL2;TIMP1;CLU
Hom/Reg-like NPCs,up_in_severe,GO:BP,GO_Biological_Process_2025,389,Protein Stabilization (GO:0050821),0.09649062147485916,0.20961144652853744,2.8260287081339714,6.608129668534841,3,LAMP1;CDC37;CLU
Hom/Reg-like NPCs,up_in_severe,GO:BP,GO_Biological_Process_2025,390,3'-UTR-mediated mRNA Stabilization (GO:0070935),0.09815714797068767,0.20961144652853744,10.256965944272446,23.808320971600697,1,MAPKAPK2
Hom/Reg-like NPCs,up_in_severe,GO:BP,GO_Biological_Process_2025,391,Regulation of Collagen Biosynthetic Process (GO:0032965),0.09815714797068767,0.20961144652853744,10.256965944272446,23.808320971600697,1,SCX
Hom/Reg-like NPCs,up_in_severe,GO:BP,GO_Biological_Process_2025,392,Regulation of Endopeptidase Activity (GO:0052548),0.09815714797068767,0.20961144652853744,10.256965944272446,23.808320971600697,1,TIMP1
Hom/Reg-like NPCs,up_in_severe,GO:BP,GO_Biological_Process_2025,393,Reg of Mt Outer Membrane Permeabilization Inv in Apoptotic Sgnlng Pway (GO:1901028),0.09815714797068767,0.20961144652853744,10.256965944272446,23.808320971600697,1,SIVA1
Hom/Reg-like NPCs,up_in_severe,GO:BP,GO_Biological_Process_2025,394,Cellular Response to Fatty Acid (GO:0071398),0.09815714797068767,0.20961144652853744,10.256965944272446,23.808320971600697,1,ZC3H12A
Hom/Reg-like NPCs,up_in_severe,GO:BP,GO_Biological_Process_2025,395,Positive Regulation of Monooxygenase Activity (GO:0032770),0.09815714797068767,0.20961144652853744,10.256965944272446,23.808320971600697,1,S100A1
Hom/Reg-like NPCs,up_in_severe,GO:BP,GO_Biological_Process_2025,396,Positive Regulation of Protein Processing (GO:0010954),0.09815714797068767,0.20961144652853744,10.256965944272446,23.808320971600697,1,MELTF
Hom/Reg-like NPCs,up_in_severe,GO:BP,GO_Biological_Process_2025,397,Positive Regulation of Release of Cytochrome C From Mitochondria (GO:0090200),0.09815714797068767,0.20961144652853744,10.256965944272446,23.808320971600697,1,PLAUR
Hom/Reg-like NPCs,up_in_severe,GO:BP,GO_Biological_Process_2025,398,Hydrogen Peroxide Catabolic Process (GO:0042744),0.09815714797068767,0.20961144652853744,10.256965944272446,23.808320971600697,1,GPX3
Hom/Reg-like NPCs,up_in_severe,GO:BP,GO_Biological_Process_2025,399,Interleukin-1-Mediated Signaling Pathway (GO:0070498),0.09815714797068767,0.20961144652853744,10.256965944272446,23.808320971600697,1,IL1R1
Hom/Reg-like NPCs,up_in_severe,GO:BP,GO_Biological_Process_2025,400,Iron Ion Transport (GO:0006826),0.09815714797068767,0.20961144652853744,10.256965944272446,23.808320971600697,1,MELTF
Hom/Reg-like NPCs,up_in_severe,GO:BP,GO_Biological_Process_2025,401,Presynaptic Endocytosis (GO:0140238),0.09815714797068767,0.20961144652853744,10.256965944272446,23.808320971600697,1,AP2M1
Hom/Reg-like NPCs,up_in_severe,GO:BP,GO_Biological_Process_2025,402,Leukotriene Metabolic Process (GO:0006691),0.09815714797068767,0.20961144652853744,10.256965944272446,23.808320971600697,1,MAPKAPK2
Hom/Reg-like NPCs,up_in_severe,GO:BP,GO_Biological_Process_2025,403,Lysosomal Lumen Acidification (GO:0007042),0.09815714797068767,0.20961144652853744,10.256965944272446,23.808320971600697,1,LAMP1
Hom/Reg-like NPCs,up_in_severe,GO:BP,GO_Biological_Process_2025,404,Maintenance of Protein Location in Nucleus (GO:0051457),0.09815714797068767,0.20961144652853744,10.256965944272446,23.808320971600697,1,SUN2
Hom/Reg-like NPCs,up_in_severe,GO:BP,GO_Biological_Process_2025,405,Mesoderm Formation (GO:0001707),0.09815714797068767,0.20961144652853744,10.256965944272446,23.808320971600697,1,SCX
Hom/Reg-like NPCs,up_in_severe,GO:BP,GO_Biological_Process_2025,406,Regulation of Cellular Response to Transforming Growth Factor Beta Stimulus (GO:1903844),0.09815714797068767,0.20961144652853744,10.256965944272446,23.808320971600697,1,ZNF703
ECM/Adh-NPCs,up_in_severe,GO:BP,GO_Biological_Process_2025,312,mRNA Stabilization (GO:0048255),0.13561724993503824,0.20966857370909087,7.104642857142857,14.19449881866513,1,FUS
ECM/Adh-NPCs,up_in_severe,GO:BP,GO_Biological_Process_2025,313,Cartilage Development (GO:0051216),0.13561724993503824,0.20966857370909087,7.104642857142857,14.19449881866513,1,OGN
ECM/Adh-NPCs,up_in_severe,GO:BP,GO_Biological_Process_2025,314,Cellular Response to Interleukin-1 (GO:0071347),0.13561724993503824,0.20966857370909087,7.104642857142857,14.19449881866513,1,IL1R1
ECM/Adh-NPCs,up_in_severe,GO:BP,GO_Biological_Process_2025,315,Regulation of Blood Vessel Endothelial Cell Migration (GO:0043535),0.13561724993503824,0.20966857370909087,7.104642857142857,14.19449881866513,1,HSPB1
Fibro-reg NPCs,up_in_severe,GO:BP,GO_Biological_Process_2025,273,Positive Regulation of Lymphocyte Differentiation (GO:0045621),0.11414567418160305,0.210312359389547,8.584987057808455,18.631824017459756,1,MMP14
ECM/Adh-NPCs,up_in_severe,REAC,Reactome_2022,121,Signaling By BRAF And RAF1 Fusions R-HSA-6802952,0.14661432628051652,0.21083382456867666,6.520655737704918,12.519331488414107,1,LMNA
Hom/Reg-like NPCs,up_in_severe,REAC,Reactome_2022,196,Gap Junction Trafficking R-HSA-190828,0.12116665165152761,0.21096528688565466,8.118055555555555,17.133873842257763,1,AP2M1
Hom/Reg-like NPCs,up_in_severe,REAC,Reactome_2022,197,Signaling By ERBB2 In Cancer R-HSA-1227990,0.12116665165152761,0.21096528688565466,8.118055555555555,17.133873842257763,1,CDC37
Fibro-NPCs,up_in_severe,GO:BP,GO_Biological_Process_2025,273,Regulation of T Cell Activation (GO:0050863),0.14516162617874134,0.21162757223127857,6.596019900497512,12.729708236779256,1,THY1
Hom-NPCs,up_in_severe,GO:BP,GO_Biological_Process_2025,337,Regulation of Generation of Precursor Metabolites and Energy (GO:0043467),0.09615105130710878,0.2117546274451355,10.465263157894737,24.507918218027072,1,CHCHD2
Hom-NPCs,up_in_severe,GO:BP,GO_Biological_Process_2025,338,Negative Regulation of Leukocyte Activation (GO:0002695),0.09615105130710878,0.2117546274451355,10.465263157894737,24.507918218027072,1,FN1
Hom-NPCs,up_in_severe,GO:BP,GO_Biological_Process_2025,339,Regulation of Oxidative Stress-Induced Intrinsic Apoptotic Signaling Pathway (GO:1902175),0.09615105130710878,0.2117546274451355,10.465263157894737,24.507918218027072,1,HSPB1
Hom-NPCs,up_in_severe,GO:BP,GO_Biological_Process_2025,340,Intrinsic Apoptotic Signaling Pathway in Response to DNA Damage by P53 Class Mediator (GO:0042771),0.09615105130710878,0.2117546274451355,10.465263157894737,24.507918218027072,1,RPS27L
Hom-NPCs,up_in_severe,GO:BP,GO_Biological_Process_2025,341,Peptide Cross-Linking (GO:0018149),0.09615105130710878,0.2117546274451355,10.465263157894737,24.507918218027072,1,FN1
Hom-NPCs,up_in_severe,GO:BP,GO_Biological_Process_2025,342,Cellular Response to Nerve Growth Factor Stimulus (GO:1990090),0.09615105130710878,0.2117546274451355,10.465263157894737,24.507918218027072,1,CIB1
Hom-NPCs,up_in_severe,GO:BP,GO_Biological_Process_2025,343,Porphyrin-Containing Compound Biosynthetic Process (GO:0006779),0.09615105130710878,0.2117546274451355,10.465263157894737,24.507918218027072,1,TSPO
Hom-NPCs,up_in_severe,GO:BP,GO_Biological_Process_2025,344,Response to Gamma Radiation (GO:0010332),0.09615105130710878,0.2117546274451355,10.465263157894737,24.507918218027072,1,CRYAB
Hom-NPCs,up_in_severe,GO:BP,GO_Biological_Process_2025,345,Negative Regulation of Amide Metabolic Process (GO:0034249),0.09615105130710878,0.2117546274451355,10.465263157894737,24.507918218027072,1,CLU
Hom-NPCs,up_in_severe,GO:BP,GO_Biological_Process_2025,346,Positive Regulation of Extracellular Matrix Organization (GO:1903055),0.09615105130710878,0.2117546274451355,10.465263157894737,24.507918218027072,1,RGCC
Hom-NPCs,up_in_severe,GO:BP,GO_Biological_Process_2025,347,Regulation of Proteasomal Ubiquitin-Dependent Protein Catabolic Process (GO:0032434),0.09655231619765352,0.21202554738504892,3.936567906144363,9.202397802454184,2,ELOB;CLU
ECM/Adh-NPCs,up_in_severe,GO:BP,GO_Biological_Process_2025,316,Muscle Organ Development (GO:0007517),0.1378277224452986,0.2124117114900646,6.979649122807017,13.831924966135816,1,LMNA
Fibro-reg NPCs,up_in_severe,GO:BP,GO_Biological_Process_2025,274,Negative Regulation of Proteolysis (GO:0045861),0.11689718365152524,0.2130408817997,8.364438839848676,17.953937597321424,1,CST3
Fibro-reg NPCs,up_in_severe,GO:BP,GO_Biological_Process_2025,275,Ribosome Disassembly (GO:0032790),0.11689718365152524,0.2130408817997,8.364438839848676,17.953937597321424,1,TCF25
Fibro-reg NPCs,up_in_severe,GO:BP,GO_Biological_Process_2025,276,Embryonic Skeletal System Development (GO:0048706),0.11689718365152524,0.2130408817997,8.364438839848676,17.953937597321424,1,COL1A1
Hom-NPCs,up_in_severe,GO:BP,GO_Biological_Process_2025,348,rRNA Processing (GO:0006364),0.09804441540247191,0.21330498120773667,3.8999211977935384,9.056922264809288,2,RPS14;RPS19
Hom-NPCs,up_in_severe,GO:BP,GO_Biological_Process_2025,349,External Encapsulating Structure Organization (GO:0045229),0.09954308726935346,0.21330498120773667,3.8639469061097014,8.91476186839404,2,COL1A2;MIA
Hom-NPCs,up_in_severe,GO:BP,GO_Biological_Process_2025,350,Extracellular Structure Organization (GO:0043062),0.09954308726935346,0.21330498120773667,3.8639469061097014,8.91476186839404,2,COL1A2;MIA
Hom-NPCs,up_in_severe,GO:BP,GO_Biological_Process_2025,351,Negative Regulation of Microtubule Depolymerization (GO:0007026),0.10049407907293631,0.21330498120773667,9.96641604010025,22.899400276475088,1,CIB1
Hom-NPCs,up_in_severe,GO:BP,GO_Biological_Process_2025,352,Negative Regulation of Myeloid Cell Differentiation (GO:0045638),0.10049407907293631,0.21330498120773667,9.96641604010025,22.899400276475088,1,CIB1
Hom-NPCs,up_in_severe,GO:BP,GO_Biological_Process_2025,353,Positive Regulation of p38MAPK Cascade (GO:1900745),0.10049407907293631,0.21330498120773667,9.96641604010025,22.899400276475088,1,GADD45B
Hom-NPCs,up_in_severe,GO:BP,GO_Biological_Process_2025,354,Negative Regulation of Tumor Necrosis Factor-Mediated Signaling Pathway (GO:0010804),0.10049407907293631,0.21330498120773667,9.96641604010025,22.899400276475088,1,GSTP1
Hom-NPCs,up_in_severe,GO:BP,GO_Biological_Process_2025,355,Post-Transcriptional Gene Silencing (GO:0016441),0.10049407907293631,0.21330498120773667,9.96641604010025,22.899400276475088,1,ELOB
Hom-NPCs,up_in_severe,GO:BP,GO_Biological_Process_2025,356,Cellular Response to Interferon-Beta (GO:0035458),0.10049407907293631,0.21330498120773667,9.96641604010025,22.899400276475088,1,IFITM2
Hom-NPCs,up_in_severe,GO:BP,GO_Biological_Process_2025,357,Renal Absorption (GO:0070293),0.10049407907293631,0.21330498120773667,9.96641604010025,22.899400276475088,1,HBB
Hom-NPCs,up_in_severe,GO:BP,GO_Biological_Process_2025,358,Chaperone-Mediated Protein Complex Assembly (GO:0051131),0.10049407907293631,0.21330498120773667,9.96641604010025,22.899400276475088,1,CLU
Hom-NPCs,up_in_severe,GO:BP,GO_Biological_Process_2025,359,Steroid Hormone Biosynthetic Process (GO:0120178),0.10049407907293631,0.21330498120773667,9.96641604010025,22.899400276475088,1,TSPO
Fibro-NPCs,up_in_severe,GO:BP,GO_Biological_Process_2025,274,Positive Regulation of Intracellular Protein Transport (GO:0090316),0.14713445914858997,0.21372085671948468,6.498692810457516,12.454149635186281,1,CD81
Eff-NPCs,up_in_severe,REAC,Reactome_2022,41,Metabolism Of Carbohydrates R-HSA-71387,0.14607926193964665,0.21377452966777558,6.938380281690141,13.346709347517702,1,PRELP
ECM/Adh-NPCs,up_in_severe,GO:BP,GO_Biological_Process_2025,317,Negative Regulation of Protein-Containing Complex Assembly (GO:0031333),0.14003265276743462,0.21378025673272935,6.858965517241379,13.483900727066946,1,CLU
ECM/Adh-NPCs,up_in_severe,GO:BP,GO_Biological_Process_2025,318,Protein Polymerization (GO:0051258),0.14003265276743462,0.21378025673272935,6.858965517241379,13.483900727066946,1,GSN
ECM/Adh-NPCs,up_in_severe,GO:BP,GO_Biological_Process_2025,319,Response to Interleukin-1 (GO:0070555),0.14003265276743462,0.21378025673272935,6.858965517241379,13.483900727066946,1,IL1R1
Hom/Reg-like NPCs,up_in_severe,GO:BP,GO_Biological_Process_2025,407,Regulation of Cell Migration (GO:0030334),0.10146680762947097,0.21426212676335005,2.0906527167829156,4.783462655912063,5,COL1A1;SUN2;ZNF703;LMNA;TMSB10
Hom/Reg-like NPCs,up_in_severe,GO:BP,GO_Biological_Process_2025,408,Positive Regulation of Protein-Containing Complex Assembly (GO:0031334),0.10204190615947369,0.21426212676335005,3.805440738248582,8.685430267443623,2,GBP2;CLU
Hom/Reg-like NPCs,up_in_severe,GO:BP,GO_Biological_Process_2025,409,Negative Regulation of Leukocyte Activation (GO:0002695),0.10280627996949668,0.21426212676335005,9.743627450980393,22.165864208548346,1,ZC3H12A
Hom/Reg-like NPCs,up_in_severe,GO:BP,GO_Biological_Process_2025,410,Peptide Cross-Linking (GO:0018149),0.10280627996949668,0.21426212676335005,9.743627450980393,22.165864208548346,1,COL3A1
Hom/Reg-like NPCs,up_in_severe,GO:BP,GO_Biological_Process_2025,411,Cellular Response to Estradiol Stimulus (GO:0071392),0.10280627996949668,0.21426212676335005,9.743627450980393,22.165864208548346,1,ZNF703
Hom/Reg-like NPCs,up_in_severe,GO:BP,GO_Biological_Process_2025,412,Porphyrin-Containing Compound Biosynthetic Process (GO:0006779),0.10280627996949668,0.21426212676335005,9.743627450980393,22.165864208548346,1,TSPO
Hom/Reg-like NPCs,up_in_severe,GO:BP,GO_Biological_Process_2025,413,Positive Regulation of Lipid Catabolic Process (GO:0050996),0.10280627996949668,0.21426212676335005,9.743627450980393,22.165864208548346,1,PNPLA2
Hom/Reg-like NPCs,up_in_severe,GO:BP,GO_Biological_Process_2025,414,Innate Immune Response in Mucosa (GO:0002227),0.10280627996949668,0.21426212676335005,9.743627450980393,22.165864208548346,1,RPL39
Hom/Reg-like NPCs,up_in_severe,GO:BP,GO_Biological_Process_2025,415,Intrinsic Apoptotic Signaling Pathway in Response to DNA Damage by P53 Class Mediator (GO:0042771),0.10280627996949668,0.21426212676335005,9.743627450980393,22.165864208548346,1,DDIT4
Hom/Reg-like NPCs,up_in_severe,GO:BP,GO_Biological_Process_2025,416,Negative Regulation of Amide Metabolic Process (GO:0034249),0.10280627996949668,0.21426212676335005,9.743627450980393,22.165864208548346,1,CLU
Fibro-NPCs,up_in_severe,GO:BP,GO_Biological_Process_2025,275,Positive Regulation of Cell Differentiation (GO:0045597),0.14898884169663948,0.2150106140752626,3.0291217257318954,5.767095975055279,2,COL1A1;ZFP36L1
Fibro-NPCs,up_in_severe,GO:BP,GO_Biological_Process_2025,276,Negative Regulation of Immune Response (GO:0050777),0.14910283790143838,0.2150106140752626,6.404186795491143,12.187929722777866,1,COL3A1
Hom-NPCs,up_in_severe,REAC,Reactome_2022,125,IRAK4 Deficiency (TLR2/4) R-HSA-5603041,0.08299707803951369,0.21539717872159506,12.313931888544891,30.64875924889407,1,NDUFA2
Hom-NPCs,up_in_severe,REAC,Reactome_2022,126,Regulation Of TLR By Endogenous Ligand R-HSA-5686938,0.08299707803951369,0.21539717872159506,12.313931888544891,30.64875924889407,1,NDUFA2
Eff-NPCs,up_in_severe,GO:BP,GO_Biological_Process_2025,194,Positive Regulation of Multicellular Organismal Process (GO:0051240),0.2024539237591297,0.2160204238048446,4.8233990147783254,7.704140097042289,1,COL1A1
Hom-NPCs,up_in_severe,GO:BP,GO_Biological_Process_2025,360,Transforming Growth Factor Beta Receptor Superfamily Signaling Pathway (GO:0141091),0.10407758453334978,0.21645024020554274,3.7598784194528876,8.50717104424932,2,COL1A2;ID1
Hom-NPCs,up_in_severe,GO:BP,GO_Biological_Process_2025,361,Negative Regulation of Oxidative Stress-Induced Intrinsic Apoptotic Signaling Pathway (GO:1902176),0.10481645490268408,0.21645024020554274,9.512918660287081,21.456811429654763,1,HSPB1
Hom-NPCs,up_in_severe,GO:BP,GO_Biological_Process_2025,362,Negative Regulation of Peptidase Activity (GO:0010466),0.10481645490268408,0.21645024020554274,9.512918660287081,21.456811429654763,1,CST3
Hom-NPCs,up_in_severe,GO:BP,GO_Biological_Process_2025,363,U2-type Prespliceosome Assembly (GO:1903241),0.10481645490268408,0.21645024020554274,9.512918660287081,21.456811429654763,1,SNRPB
Hom-NPCs,up_in_severe,GO:BP,GO_Biological_Process_2025,364,Positive Regulation of Viral Life Cycle (GO:1903902),0.10481645490268408,0.21645024020554274,9.512918660287081,21.456811429654763,1,LGALS1
Hom-NPCs,up_in_severe,GO:BP,GO_Biological_Process_2025,365,Prostanoid Metabolic Process (GO:0006692),0.10481645490268408,0.21645024020554274,9.512918660287081,21.456811429654763,1,GSTP1
Hom-NPCs,up_in_severe,GO:BP,GO_Biological_Process_2025,366,Positive Regulation of T Cell Cytokine Production (GO:0002726),0.10481645490268408,0.21645024020554274,9.512918660287081,21.456811429654763,1,CD81
Hom-NPCs,up_in_severe,GO:BP,GO_Biological_Process_2025,367,Monocyte Chemotaxis (GO:0002548),0.10481645490268408,0.21645024020554274,9.512918660287081,21.456811429654763,1,RPS19
Hom-NPCs,up_in_severe,GO:BP,GO_Biological_Process_2025,368,Positive Regulation of Amide Metabolic Process (GO:0034250),0.10481645490268408,0.21645024020554274,9.512918660287081,21.456811429654763,1,CLU
Hom-NPCs,up_in_severe,GO:BP,GO_Biological_Process_2025,369,Positive Regulation of Amyloid Precursor Protein Catabolic Process (GO:1902993),0.10481645490268408,0.21645024020554274,9.512918660287081,21.456811429654763,1,CLU
ECM/Adh-NPCs,up_in_severe,GO:BP,GO_Biological_Process_2025,320,Regulation of SMAD Protein Signal Transduction (GO:0060390),0.14223205444789616,0.21645940786289197,6.742372881355932,13.14961860629303,1,CILP
Hom/Reg-like NPCs,up_in_severe,REAC,Reactome_2022,198,GAG Synthesis Requires Tetrasaccharide Linker Sequence R-HSA-1971475,0.12569830092022516,0.2166558654052122,7.792941176470588,16.161552220124815,1,BGN
Hom/Reg-like NPCs,up_in_severe,REAC,Reactome_2022,199,Caspase Activation Via Extrinsic Apoptotic Signaling Pathway R-HSA-5357769,0.12569830092022516,0.2166558654052122,7.792941176470588,16.161552220124815,1,NDUFA2
Fibro-reg NPCs,up_in_severe,REAC,Reactome_2022,85,Metabolic Disorders Of Biological Oxidation Enzymes R-HSA-5579029,0.10026110381701644,0.2168437826740123,9.88822652757079,22.742698109668584,1,CYP1B1
Fibro-reg NPCs,up_in_severe,REAC,Reactome_2022,86,Detoxification Of Reactive Oxygen Species R-HSA-3299685,0.10026110381701644,0.2168437826740123,9.88822652757079,22.742698109668584,1,SOD3
Fibro-reg NPCs,up_in_severe,GO:BP,GO_Biological_Process_2025,277,Generation of Neurons (GO:0048699),0.11946453647673769,0.21693379728447312,3.464561403508772,7.361277359643248,2,DDIT4;ID3
Hom-NPCs,up_in_severe,REAC,Reactome_2022,127,RHO GTPases Activate ROCKs R-HSA-5627117,0.08740264907884675,0.21694952481563115,11.629239766081872,28.343128394593275,1,MYL6
Hom-NPCs,up_in_severe,REAC,Reactome_2022,128,RHO GTPases Activate CIT R-HSA-5625900,0.08740264907884675,0.21694952481563115,11.629239766081872,28.343128394593275,1,MYL6
Hom-NPCs,up_in_severe,REAC,Reactome_2022,129,Signaling By FGFR2 IIIa TM R-HSA-8851708,0.08740264907884675,0.21694952481563115,11.629239766081872,28.343128394593275,1,POLR2F
Hom-NPCs,up_in_severe,REAC,Reactome_2022,130,Nicotinamide Salvaging R-HSA-197264,0.08740264907884675,0.21694952481563115,11.629239766081872,28.343128394593275,1,NNMT
Hom-NPCs,up_in_severe,REAC,Reactome_2022,131,Nuclear Events Stimulated By ALK Signaling In Cancer R-HSA-9725371,0.08740264907884675,0.21694952481563115,11.629239766081872,28.343128394593275,1,FN1
Hom-NPCs,up_in_severe,REAC,Reactome_2022,132,Biological Oxidations R-HSA-211859,0.08757595497144745,0.21694952481563115,2.9540885221305326,7.193940544403094,3,NNMT;GSTP1;COMT
Hom-NPCs,up_in_severe,GO:BP,GO_Biological_Process_2025,370,Intrinsic Apoptotic Signaling Pathway (GO:0097193),0.10560159645207354,0.21748220674724333,3.7264168706458296,8.3772899085007,2,SIVA1;CLU
Hom-NPCs,up_in_severe,REAC,Reactome_2022,133,Transcriptional Regulation By TP53 R-HSA-3700989,0.09085244711704166,0.21749593188700328,2.4290683229813665,5.826165428747397,4,COX8A;RGCC;POLR2F;ELOB
Hom-NPCs,up_in_severe,REAC,Reactome_2022,134,Chondroitin Sulfate Biosynthesis R-HSA-2022870,0.09178727400735918,0.21749593188700328,11.016620498614959,26.310792233027552,1,BGN
Hom-NPCs,up_in_severe,REAC,Reactome_2022,135,Defective B3GALT6 Causes EDSP2 And SEMDJL1 R-HSA-4420332,0.09178727400735918,0.21749593188700328,11.016620498614959,26.310792233027552,1,BGN
Hom-NPCs,up_in_severe,REAC,Reactome_2022,136,Defective B3GAT3 Causes JDSSDHD R-HSA-3560801,0.09178727400735918,0.21749593188700328,11.016620498614959,26.310792233027552,1,BGN
Hom-NPCs,up_in_severe,REAC,Reactome_2022,137,"Defective B4GALT7 Causes EDS, Progeroid Type R-HSA-3560783",0.09178727400735918,0.21749593188700328,11.016620498614959,26.310792233027552,1,BGN
Hom-NPCs,up_in_severe,REAC,Reactome_2022,138,Sema4D Induced Cell Migration And Growth-Cone Collapse R-HSA-416572,0.09178727400735918,0.21749593188700328,11.016620498614959,26.310792233027552,1,MYL6
Hom/Reg-like NPCs,up_in_severe,GO:BP,GO_Biological_Process_2025,417,Cell-Matrix Adhesion (GO:0007160),0.10530242615900477,0.217624447837238,3.7325789721829326,8.40173225435839,2,COL3A1;ITGA11
Hom/Reg-like NPCs,up_in_severe,GO:BP,GO_Biological_Process_2025,418,Defense Response to Bacterium (GO:0042742),0.1059174192668528,0.217624447837238,2.708119266055046,6.079986518554483,3,RPS19;GBP2;RPL39
Hom/Reg-like NPCs,up_in_severe,GO:BP,GO_Biological_Process_2025,419,Acylglycerol Biosynthetic Process (GO:0046463),0.10743167667166997,0.217624447837238,9.279178338001868,20.7009208037458,1,PNPLA2
Hom/Reg-like NPCs,up_in_severe,GO:BP,GO_Biological_Process_2025,420,Negative Regulation of Tumor Necrosis Factor-Mediated Signaling Pathway (GO:0010804),0.10743167667166997,0.217624447837238,9.279178338001868,20.7009208037458,1,GSTP1
Hom/Reg-like NPCs,up_in_severe,GO:BP,GO_Biological_Process_2025,421,Neuron Apoptotic Process (GO:0051402),0.10743167667166997,0.217624447837238,9.279178338001868,20.7009208037458,1,ATN1
Hom/Reg-like NPCs,up_in_severe,GO:BP,GO_Biological_Process_2025,422,Nitric Oxide Metabolic Process (GO:0046209),0.10743167667166997,0.217624447837238,9.279178338001868,20.7009208037458,1,CYB5R3
Hom/Reg-like NPCs,up_in_severe,GO:BP,GO_Biological_Process_2025,423,Cellular Response to Interferon-Beta (GO:0035458),0.10743167667166997,0.217624447837238,9.279178338001868,20.7009208037458,1,IFITM2
Hom/Reg-like NPCs,up_in_severe,GO:BP,GO_Biological_Process_2025,424,Chaperone-Mediated Protein Complex Assembly (GO:0051131),0.10743167667166997,0.217624447837238,9.279178338001868,20.7009208037458,1,CLU
Hom/Reg-like NPCs,up_in_severe,GO:BP,GO_Biological_Process_2025,425,Diacylglycerol Metabolic Process (GO:0046339),0.10743167667166997,0.217624447837238,9.279178338001868,20.7009208037458,1,PNPLA2
Hom/Reg-like NPCs,up_in_severe,GO:BP,GO_Biological_Process_2025,426,Steroid Hormone Biosynthetic Process (GO:0120178),0.10743167667166997,0.217624447837238,9.279178338001868,20.7009208037458,1,TSPO
Hom/Reg-like NPCs,up_in_severe,GO:BP,GO_Biological_Process_2025,427,Positive Regulation of Natural Killer Cell Mediated Cytotoxicity (GO:0045954),0.10743167667166997,0.217624447837238,9.279178338001868,20.7009208037458,1,LAMP1
Hom/Reg-like NPCs,up_in_severe,GO:BP,GO_Biological_Process_2025,428,Negative Regulation of SMAD Protein Signal Transduction (GO:0060392),0.10743167667166997,0.217624447837238,9.279178338001868,20.7009208037458,1,CILP
Fibro-reg NPCs,up_in_severe,REAC,Reactome_2022,87,Metabolism Of Steroid Hormones R-HSA-196071,0.10305503940498763,0.21823259646355428,9.596914175506267,21.808911363364537,1,TSPO
Fibro-reg NPCs,up_in_severe,REAC,Reactome_2022,88,Hemostasis R-HSA-109582,0.1032498305849074,0.21823259646355428,2.3349409211478176,5.3017254667420906,4,SRGN;SPARC;TMSB4X;SERPING1
Fibro-reg NPCs,up_in_severe,GO:BP,GO_Biological_Process_2025,278,Positive Regulation of Receptor Signaling Pathway via STAT (GO:1904894),0.1223750012622982,0.2190556072417651,7.95561775289884,16.71208910197687,1,CYP1B1
Fibro-reg NPCs,up_in_severe,GO:BP,GO_Biological_Process_2025,279,Lipid Catabolic Process (GO:0016042),0.1223750012622982,0.2190556072417651,7.95561775289884,16.71208910197687,1,CYP1B1
Fibro-reg NPCs,up_in_severe,GO:BP,GO_Biological_Process_2025,280,Ribosome Assembly (GO:0042255),0.1223750012622982,0.2190556072417651,7.95561775289884,16.71208910197687,1,RPS14
Fibro-reg NPCs,up_in_severe,GO:BP,GO_Biological_Process_2025,281,Regulation of Chromosome Organization (GO:0033044),0.1223750012622982,0.2190556072417651,7.95561775289884,16.71208910197687,1,LMNA
Hom/Reg-like NPCs,up_in_severe,GO:BP,GO_Biological_Process_2025,429,Positive Regulation of Vasculature Development (GO:1904018),0.10859110743907827,0.21946034999925607,3.662441010456186,8.131226123768874,2,ZC3H12A;HSPB1
Fibro-reg NPCs,up_in_severe,GO:BP,GO_Biological_Process_2025,282,Endomembrane System Organization (GO:0010256),0.12355712244305875,0.2200209231545586,3.3924398625429553,7.09376714153088,2,SRGN;LMNA
Fibro-reg NPCs,up_in_severe,GO:BP,GO_Biological_Process_2025,283,Ephrin Receptor Signaling Pathway (GO:0048013),0.12510135988509694,0.2200209231545586,7.765807962529274,16.14224910249594,1,MMP2
Fibro-reg NPCs,up_in_severe,GO:BP,GO_Biological_Process_2025,284,Positive Regulation of Receptor-Mediated Endocytosis (GO:0048260),0.12510135988509694,0.2200209231545586,7.765807962529274,16.14224910249594,1,SFRP4
Fibro-reg NPCs,up_in_severe,GO:BP,GO_Biological_Process_2025,285,Non-Canonical Wnt Signaling Pathway (GO:0035567),0.12510135988509694,0.2200209231545586,7.765807962529274,16.14224910249594,1,SFRP4
Fibro-reg NPCs,up_in_severe,GO:BP,GO_Biological_Process_2025,286,Skeletal System Morphogenesis (GO:0048705),0.12510135988509694,0.2200209231545586,7.765807962529274,16.14224910249594,1,SFRP4
Hom-NPCs,up_in_severe,GO:BP,GO_Biological_Process_2025,371,Protein Complex Oligomerization (GO:0051259),0.10713170944416603,0.22003871319799062,3.6935423665546847,8.25025181504599,2,COMP;BASP1
Hom-NPCs,up_in_severe,REAC,Reactome_2022,139,Interleukin-4 And Interleukin-13 Signaling R-HSA-6785807,0.09358822282416032,0.22016797743525487,4.011955420466059,9.503723518247343,2,COL1A2;FN1
Hom-NPCs,up_in_severe,GO:BP,GO_Biological_Process_2025,372,Negative Regulation of Extrinsic Apoptotic Signaling Pathway via Death Domain Receptors (GO:1902042),0.1091182759636125,0.2205520591094767,9.098855835240274,20.15690355426019,1,GPX1
Hom-NPCs,up_in_severe,GO:BP,GO_Biological_Process_2025,373,Protein Targeting to Lysosome (GO:0006622),0.1091182759636125,0.2205520591094767,9.098855835240274,20.15690355426019,1,CLU
Hom-NPCs,up_in_severe,GO:BP,GO_Biological_Process_2025,374,Mitochondrial Cytochrome C Oxidase Assembly (GO:0033617),0.1091182759636125,0.2205520591094767,9.098855835240274,20.15690355426019,1,COX17
Hom-NPCs,up_in_severe,GO:BP,GO_Biological_Process_2025,375,Response to Ketone (GO:1901654),0.1091182759636125,0.2205520591094767,9.098855835240274,20.15690355426019,1,WBP2
Hom-NPCs,up_in_severe,GO:BP,GO_Biological_Process_2025,376,Positive Regulation of Epidermal Growth Factor Receptor Signaling Pathway (GO:0045742),0.1091182759636125,0.2205520591094767,9.098855835240274,20.15690355426019,1,PLAUR
Hom-NPCs,up_in_severe,GO:BP,GO_Biological_Process_2025,377,Regulation of Cholesterol Transport (GO:0032374),0.1091182759636125,0.2205520591094767,9.098855835240274,20.15690355426019,1,TSPO
Hom-NPCs,up_in_severe,GO:BP,GO_Biological_Process_2025,378,Negative Regulation of Cell Population Proliferation (GO:0008285),0.10949396876973023,0.22072593704374188,2.264231884057971,5.008222377095998,4,RGCC;GSTP1;CIB1;S100A11
Hom/Reg-like NPCs,up_in_severe,KEGG,KEGG_2021_Human,18,Glutathione metabolism,0.034891574897095566,0.2209799743482719,7.143834383438344,23.971206896696234,2,GPX3;GSTP1
Fibro-reg NPCs,up_in_severe,GO:BP,GO_Biological_Process_2025,287,Protein Localization to Membrane (GO:0072657),0.1266490911814964,0.22106443935829606,3.3402707275803722,6.9021185757096255,2,CD81;THY1
Fibro-reg NPCs,up_in_severe,GO:BP,GO_Biological_Process_2025,288,Bone Development (GO:0060348),0.12781938522400826,0.22106443935829606,7.584826534502478,15.603027791720656,1,SFRP4
Fibro-reg NPCs,up_in_severe,GO:BP,GO_Biological_Process_2025,289,Response to Unfolded Protein (GO:0006986),0.12781938522400826,0.22106443935829606,7.584826534502478,15.603027791720656,1,HSPB1
Fibro-reg NPCs,up_in_severe,GO:BP,GO_Biological_Process_2025,290,Substantia Nigra Development (GO:0021762),0.12781938522400826,0.22106443935829606,7.584826534502478,15.603027791720656,1,BASP1
Fibro-reg NPCs,up_in_severe,GO:BP,GO_Biological_Process_2025,291,Endothelial Cell Migration (GO:0043542),0.13052910236464002,0.22106443935829606,7.4120715350223545,15.092156686905058,1,CYP1B1
Fibro-reg NPCs,up_in_severe,GO:BP,GO_Biological_Process_2025,292,Establishment of Protein Localization to Mitochondrion (GO:0072655),0.13052910236464002,0.22106443935829606,7.4120715350223545,15.092156686905058,1,TSPO
Fibro-reg NPCs,up_in_severe,GO:BP,GO_Biological_Process_2025,293,Regulation of Nitric Oxide Biosynthetic Process (GO:0045428),0.13052910236464002,0.22106443935829606,7.4120715350223545,15.092156686905058,1,HBB
Fibro-reg NPCs,up_in_severe,GO:BP,GO_Biological_Process_2025,294,Regulation of B Cell Proliferation (GO:0030888),0.13052910236464002,0.22106443935829606,7.4120715350223545,15.092156686905058,1,CD81
Fibro-reg NPCs,up_in_severe,GO:BP,GO_Biological_Process_2025,295,Response to Amyloid-Beta (GO:1904645),0.13052910236464002,0.22106443935829606,7.4120715350223545,15.092156686905058,1,MMP2
Fibro-reg NPCs,up_in_severe,GO:BP,GO_Biological_Process_2025,296,Positive Regulation of Calcium Ion Transmembrane Transport (GO:1904427),0.13052910236464002,0.22106443935829606,7.4120715350223545,15.092156686905058,1,THY1
Fibro-reg NPCs,up_in_severe,GO:BP,GO_Biological_Process_2025,297,Positive Regulation of Cell-Matrix Adhesion (GO:0001954),0.13052910236464002,0.22106443935829606,7.4120715350223545,15.092156686905058,1,THY1
Fibro-reg NPCs,up_in_severe,REAC,Reactome_2022,89,SMAD2/SMAD3:SMAD4 Heterotrimer Regulates Transcription R-HSA-2173796,0.10584043864033445,0.22119462457418212,9.322248243559718,20.936115926277918,1,COL1A2
Hom-NPCs,up_in_severe,REAC,Reactome_2022,140,TP53 Regulates Transcription Of Additional Cell Cycle Genes With Uncertain Roles In P53 Pathway R-HSA-6804115,0.09615105130710878,0.2214182660382012,10.465263157894737,24.507918218027072,1,RGCC
Hom-NPCs,up_in_severe,REAC,Reactome_2022,141,RHO GTPases Activate PAKs R-HSA-5627123,0.09615105130710878,0.2214182660382012,10.465263157894737,24.507918218027072,1,MYL6
Hom-NPCs,up_in_severe,REAC,Reactome_2022,142,Intrinsic Pathway Of Fibrin Clot Formation R-HSA-140837,0.09615105130710878,0.2214182660382012,10.465263157894737,24.507918218027072,1,SERPING1
ECM/Adh-NPCs,up_in_severe,KEGG,KEGG_2021_Human,20,Apoptosis,0.050905390394737085,0.22143844821710632,5.775218658892128,17.197367922338803,2,GADD45B;LMNA
ECM/Adh-NPCs,up_in_severe,REAC,Reactome_2022,122,Integrin Cell Surface Interactions R-HSA-216083,0.15531312215525786,0.22151215782799072,6.118153846153846,11.393911673481483,1,COMP
Hom/Reg-like NPCs,up_in_severe,REAC,Reactome_2022,200,Gap Junction Trafficking And Regulation R-HSA-157858,0.1302068087941927,0.22174894609203102,7.492835595776772,15.27512883928758,1,AP2M1
Hom/Reg-like NPCs,up_in_severe,REAC,Reactome_2022,201,Role Of Nef In HIV-1 Replication And Disease Pathogenesis R-HSA-164952,0.1302068087941927,0.22174894609203102,7.492835595776772,15.27512883928758,1,AP2M1
Hom/Reg-like NPCs,up_in_severe,REAC,Reactome_2022,202,Metabolism Of Water-Soluble Vitamins And Cofactors R-HSA-196849,0.13059267379180836,0.22174894609203102,3.2635313531353134,6.643479919692951,2,NNMT;CYB5R3
Hom/Reg-like NPCs,up_in_severe,GO:BP,GO_Biological_Process_2025,430,rRNA Processing (GO:0006364),0.11024572409106599,0.2217648586770435,3.6283461679501285,8.000661311764349,2,RPS14;RPS19
Hom/Reg-like NPCs,up_in_severe,GO:BP,GO_Biological_Process_2025,431,Negative Regulation of Oxidative Stress-Induced Intrinsic Apoptotic Signaling Pathway (GO:1902176),0.11203345801677632,0.2217648586770435,8.856951871657754,19.387493175186865,1,HSPB1
Hom/Reg-like NPCs,up_in_severe,GO:BP,GO_Biological_Process_2025,432,Artery Development (GO:0060840),0.11203345801677632,0.2217648586770435,8.856951871657754,19.387493175186865,1,EFEMP2
Hom/Reg-like NPCs,up_in_severe,GO:BP,GO_Biological_Process_2025,433,Carbohydrate Derivative Catabolic Process (GO:1901136),0.11203345801677632,0.2217648586770435,8.856951871657754,19.387493175186865,1,FBXO2
Hom/Reg-like NPCs,up_in_severe,GO:BP,GO_Biological_Process_2025,434,Positive Regulation of Amide Metabolic Process (GO:0034250),0.11203345801677632,0.2217648586770435,8.856951871657754,19.387493175186865,1,CLU
Hom/Reg-like NPCs,up_in_severe,GO:BP,GO_Biological_Process_2025,435,Positive Regulation of Amyloid Precursor Protein Catabolic Process (GO:1902993),0.11203345801677632,0.2217648586770435,8.856951871657754,19.387493175186865,1,CLU
Hom/Reg-like NPCs,up_in_severe,GO:BP,GO_Biological_Process_2025,436,Prostanoid Metabolic Process (GO:0006692),0.11203345801677632,0.2217648586770435,8.856951871657754,19.387493175186865,1,GSTP1
Hom/Reg-like NPCs,up_in_severe,GO:BP,GO_Biological_Process_2025,437,Modulation by Host of Viral Genome Replication (GO:0044827),0.11203345801677632,0.2217648586770435,8.856951871657754,19.387493175186865,1,ZC3H12A
Hom/Reg-like NPCs,up_in_severe,GO:BP,GO_Biological_Process_2025,438,Monocyte Chemotaxis (GO:0002548),0.11203345801677632,0.2217648586770435,8.856951871657754,19.387493175186865,1,RPS19
Fibro-NPCs,up_in_severe,GO:BP,GO_Biological_Process_2025,277,Heterochromatin Formation (GO:0031507),0.15498134701054317,0.2218797701805618,6.13641975308642,11.44105094540804,1,LMNA
Fibro-NPCs,up_in_severe,GO:BP,GO_Biological_Process_2025,278,Embryonic Organ Development (GO:0048568),0.15498134701054317,0.2218797701805618,6.13641975308642,11.44105094540804,1,RBP4
Fibro-reg NPCs,up_in_severe,REAC,Reactome_2022,90,Formation Of Fibrin Clot (Clotting Cascade) R-HSA-140877,0.10861732713979637,0.22200904228573762,9.062841530054644,20.11882244883129,1,SERPING1
Fibro-reg NPCs,up_in_severe,REAC,Reactome_2022,91,NCAM1 Interactions R-HSA-419037,0.10861732713979637,0.22200904228573762,9.062841530054644,20.11882244883129,1,COL6A2
ECM/Adh-NPCs,up_in_severe,GO:BP,GO_Biological_Process_2025,321,Organic Cation Transport (GO:0015695),0.14661432628051652,0.22243357289287086,6.520655737704918,12.519331488414107,1,SLC7A5
Hom-NPCs,up_in_severe,GO:BP,GO_Biological_Process_2025,379,Negative Regulation of Multicellular Organismal Process (GO:0051241),0.11179131543546797,0.22270753838655238,2.643010752688172,5.791157422617985,3,RGCC;RPS19;ID1
Hom-NPCs,up_in_severe,GO:BP,GO_Biological_Process_2025,380,Negative Regulation of Cellular Process (GO:0048523),0.1122458790052864,0.22270753838655238,2.024192537500522,4.4270375462724845,5,RGCC;CIB1;CLU;CRYAB;S100A11
Hom-NPCs,up_in_severe,GO:BP,GO_Biological_Process_2025,381,Negative Regulation of Interleukin-1 Beta Production (GO:0032691),0.11339963896848075,0.22270753838655238,8.719298245614034,18.980491657584732,1,GSTP1
Hom-NPCs,up_in_severe,GO:BP,GO_Biological_Process_2025,382,Negative Regulation of Intrinsic Apoptotic Signaling Pathway in Response to DNA Damage (GO:1902230),0.11339963896848075,0.22270753838655238,8.719298245614034,18.980491657584732,1,CLU
Hom-NPCs,up_in_severe,GO:BP,GO_Biological_Process_2025,383,Negative Regulation of Protein Depolymerization (GO:1901880),0.11339963896848075,0.22270753838655238,8.719298245614034,18.980491657584732,1,CIB1
Hom-NPCs,up_in_severe,GO:BP,GO_Biological_Process_2025,384,Regulation of Protein Processing (GO:0070613),0.11339963896848075,0.22270753838655238,8.719298245614034,18.980491657584732,1,PLAUR
Hom-NPCs,up_in_severe,GO:BP,GO_Biological_Process_2025,385,Regulation of Protein Targeting to Membrane (GO:0090313),0.11339963896848075,0.22270753838655238,8.719298245614034,18.980491657584732,1,CIB1
Hom-NPCs,up_in_severe,GO:BP,GO_Biological_Process_2025,386,Long-Chain Fatty Acid Biosynthetic Process (GO:0042759),0.11339963896848075,0.22270753838655238,8.719298245614034,18.980491657584732,1,GSTP1
Hom-NPCs,up_in_severe,GO:BP,GO_Biological_Process_2025,387,Pigment Biosynthetic Process (GO:0046148),0.11339963896848075,0.22270753838655238,8.719298245614034,18.980491657584732,1,TSPO
Hom-NPCs,up_in_severe,GO:BP,GO_Biological_Process_2025,388,Cellular Response to Low-Density Lipoprotein Particle Stimulus (GO:0071404),0.11339963896848075,0.22270753838655238,8.719298245614034,18.980491657584732,1,CD81
Fibro-reg NPCs,up_in_severe,REAC,Reactome_2022,92,Apoptotic Cleavage Of Cellular Proteins R-HSA-111465,0.11138573047284406,0.22277146094568812,8.817456801063358,19.352166680882007,1,LMNA
Fibro-reg NPCs,up_in_severe,REAC,Reactome_2022,93,HSP90 Chaperone Cycle For Steroid Hormone Receptors (SHR) In Presence Of Ligand R-HSA-3371497,0.11138573047284406,0.22277146094568812,8.817456801063358,19.352166680882007,1,FKBP5
Hom/Reg-like NPCs,up_in_severe,KEGG,KEGG_2021_Human,19,VEGF signaling pathway,0.03715972875486915,0.2229583725292149,6.892478721556366,22.693690652299004,2,MAPKAPK2;HSPB1
Fibro-reg NPCs,up_in_severe,REAC,Reactome_2022,94,NGF-stimulated Transcription R-HSA-9031628,0.11414567418160305,0.22360226683035175,8.584987057808455,18.631824017459756,1,ID3
Fibro-reg NPCs,up_in_severe,REAC,Reactome_2022,95,Developmental Biology R-HSA-1266738,0.11428807960969357,0.22360226683035175,1.8949323872004284,4.110170888184106,6,RPS14;RPS9;CEBPD;MMP2;COL6A2;RPL39
Fibro-reg NPCs,up_in_severe,REAC,Reactome_2022,96,ESR-mediated Signaling R-HSA-8939211,0.11540762158985897,0.22360226683035175,3.539784946236559,7.643404120351213,2,MMP2;FKBP5
Fibro-NPCs,up_in_severe,REAC,Reactome_2022,108,Diseases Of Programmed Cell Death R-HSA-9645723,0.15106677225376997,0.22380262556114067,6.312380952380952,11.93061045195859,1,LMNA
Fibro-NPCs,up_in_severe,GO:BP,GO_Biological_Process_2025,279,Sensory Organ Development (GO:0007423),0.15693200698822565,0.22386716409073049,6.052054794520548,11.20805835747445,1,RBP4
Fibro-reg NPCs,up_in_severe,GO:BP,GO_Biological_Process_2025,298,Macromolecule Catabolic Process (GO:0009057),0.13323053626030973,0.22413030013022003,7.246994535519126,14.607580608109659,1,MMP14
Fibro-reg NPCs,up_in_severe,GO:BP,GO_Biological_Process_2025,299,Regulation of Cell-Substrate Adhesion (GO:0010810),0.13323053626030973,0.22413030013022003,7.246994535519126,14.607580608109659,1,THY1
Fibro-reg NPCs,up_in_severe,REAC,Reactome_2022,97,Diseases Associated With Glycosaminoglycan Metabolism R-HSA-3560782,0.11689718365152524,0.2241533624658113,8.364438839848676,17.953937597321424,1,BGN
Fibro-NPCs,up_in_severe,GO:BP,GO_Biological_Process_2025,280,Regulation of Fat Cell Differentiation (GO:0045598),0.15887826166448996,0.2245838880216517,5.96996996996997,10.982458365229922,1,ZFP36L1
Fibro-NPCs,up_in_severe,GO:BP,GO_Biological_Process_2025,281,Plasma Membrane Organization (GO:0007009),0.15887826166448996,0.2245838880216517,5.96996996996997,10.982458365229922,1,COL5A1
Fibro-NPCs,up_in_severe,GO:BP,GO_Biological_Process_2025,282,Positive Regulation of Protein Localization to Membrane (GO:1905477),0.16082012081952446,0.2245838880216517,5.890074074074074,10.763926603538268,1,CD81
Fibro-NPCs,up_in_severe,GO:BP,GO_Biological_Process_2025,283,Positive Regulation of Protein Secretion (GO:0050714),0.16082012081952446,0.2245838880216517,5.890074074074074,10.763926603538268,1,RBP4
Fibro-NPCs,up_in_severe,GO:BP,GO_Biological_Process_2025,284,Regulation of Notch Signaling Pathway (GO:0008593),0.16082012081952446,0.2245838880216517,5.890074074074074,10.763926603538268,1,MMP14
Fibro-NPCs,up_in_severe,GO:BP,GO_Biological_Process_2025,285,Regulation of Rho Protein Signal Transduction (GO:0035023),0.16082012081952446,0.2245838880216517,5.890074074074074,10.763926603538268,1,COL3A1
Hom-NPCs,up_in_severe,GO:BP,GO_Biological_Process_2025,389,Negative Regulation of DNA-binding Transcription Factor Activity (GO:0043433),0.11643540272717604,0.22480082931020243,3.5078014184397164,7.543241565409122,2,SIVA1;ID1
Hom-NPCs,up_in_severe,GO:BP,GO_Biological_Process_2025,390,Positive Regulation of Programmed Cell Death (GO:0043068),0.11691551132346327,0.22480082931020243,2.5884134298880843,5.555521400601173,3,LGALS1;GADD45B;CLU
Hom-NPCs,up_in_severe,GO:BP,GO_Biological_Process_2025,391,Fat-Soluble Vitamin Metabolic Process (GO:0006775),0.11766064016382115,0.22480082931020243,8.370105263157894,17.91161285774819,1,VKORC1
Hom-NPCs,up_in_severe,GO:BP,GO_Biological_Process_2025,392,Positive Regulation of Nuclear Division (GO:0051785),0.11766064016382115,0.22480082931020243,8.370105263157894,17.91161285774819,1,RGCC
Hom-NPCs,up_in_severe,GO:BP,GO_Biological_Process_2025,393,Hormone Biosynthetic Process (GO:0042446),0.11766064016382115,0.22480082931020243,8.370105263157894,17.91161285774819,1,TSPO
Hom-NPCs,up_in_severe,GO:BP,GO_Biological_Process_2025,394,Blood Vessel Endothelial Cell Migration (GO:0043534),0.11766064016382115,0.22480082931020243,8.370105263157894,17.91161285774819,1,ID1
Hom-NPCs,up_in_severe,GO:BP,GO_Biological_Process_2025,395,Limb Development (GO:0060173),0.11766064016382115,0.22480082931020243,8.370105263157894,17.91161285774819,1,COMP
Hom-NPCs,up_in_severe,GO:BP,GO_Biological_Process_2025,396,Macromolecule Methylation (GO:0043414),0.11766064016382115,0.22480082931020243,8.370105263157894,17.91161285774819,1,SNRPB
Hom-NPCs,up_in_severe,GO:BP,GO_Biological_Process_2025,397,Positive Regulation of ERBB Signaling Pathway (GO:1901186),0.11766064016382115,0.22480082931020243,8.370105263157894,17.91161285774819,1,PLAUR
Hom-NPCs,up_in_severe,GO:BP,GO_Biological_Process_2025,398,Positive Regulation of Cell Motility (GO:2000147),0.1179509139042038,0.22480082931020243,2.5777602937319695,5.509928407889412,3,COL1A1;CD151;CIB1
Hom-NPCs,up_in_severe,GO:BP,GO_Biological_Process_2025,399,Transcription Initiation at RNA Polymerase II Promoter (GO:0006367),0.11800568467727161,0.22480082931020243,3.4786354844381924,7.433922231520696,2,WBP2;ELOB
Hom-NPCs,up_in_severe,GO:BP,GO_Biological_Process_2025,400,Cellular Response to Molecule of Bacterial Origin (GO:0071219),0.11800568467727161,0.22480082931020243,3.4786354844381924,7.433922231520696,2,GSTP1;NDUFA2
Hom/Reg-like NPCs,up_in_severe,REAC,Reactome_2022,203,Paracetamol ADME R-HSA-9753281,0.13469229229296506,0.22483546996916212,7.214960058097313,14.464280775362704,1,GSTP1
Hom/Reg-like NPCs,up_in_severe,REAC,Reactome_2022,204,Recycling Pathway Of L1 R-HSA-437239,0.13469229229296506,0.22483546996916212,7.214960058097313,14.464280775362704,1,AP2M1
Hom/Reg-like NPCs,up_in_severe,REAC,Reactome_2022,205,Molecules Associated With Elastic Fibres R-HSA-2129379,0.13469229229296506,0.22483546996916212,7.214960058097313,14.464280775362704,1,EFEMP2
Hom/Reg-like NPCs,up_in_severe,REAC,Reactome_2022,206,Diseases Of Metabolism R-HSA-5668914,0.1350323813808962,0.22483546996916212,2.4163524590163936,4.83811915979249,3,ACAN;BGN;PRELP
ECM/Adh-NPCs,up_in_severe,GO:BP,GO_Biological_Process_2025,322,Positive Regulation of Interleukin-1 Production (GO:0032732),0.14879722352081215,0.22504424799576248,6.4151612903225805,12.2219780695598,1,HSPB1
Fibro-NPCs,up_in_severe,GO:BP,GO_Biological_Process_2025,286,Positive Regulation of Apoptotic Process (GO:0043065),0.16184306282482716,0.2252221643506336,2.870944168371821,5.228357274496727,2,LGALS1;GADD45B
Fibro-NPCs,up_in_severe,GO:BP,GO_Biological_Process_2025,287,Positive Regulation of Lymphocyte Proliferation (GO:0050671),0.16275759412626153,0.2257056531785787,5.812280701754386,10.552156890784307,1,CD81
Hom/Reg-like NPCs,up_in_severe,GO:BP,GO_Biological_Process_2025,439,Regulation of Extracellular Matrix Organization (GO:1903053),0.11661174343015593,0.2269543927215473,8.471440750213128,18.20432388113094,1,EFEMP2
Hom/Reg-like NPCs,up_in_severe,GO:BP,GO_Biological_Process_2025,440,Regulation of Lipid Storage (GO:0010883),0.11661174343015593,0.2269543927215473,8.471440750213128,18.20432388113094,1,ZC3H12A
Hom/Reg-like NPCs,up_in_severe,GO:BP,GO_Biological_Process_2025,441,Negative Regulation of Protein Localization to Cell Periphery (GO:1904376),0.11661174343015593,0.2269543927215473,8.471440750213128,18.20432388113094,1,AP2M1
Hom/Reg-like NPCs,up_in_severe,GO:BP,GO_Biological_Process_2025,442,Response to Ketone (GO:1901654),0.11661174343015593,0.2269543927215473,8.471440750213128,18.20432388113094,1,WBP2
Hom/Reg-like NPCs,up_in_severe,GO:BP,GO_Biological_Process_2025,443,Positive Regulation of Epidermal Growth Factor Receptor Signaling Pathway (GO:0045742),0.11661174343015593,0.2269543927215473,8.471440750213128,18.20432388113094,1,PLAUR
Hom/Reg-like NPCs,up_in_severe,GO:BP,GO_Biological_Process_2025,444,Protein Targeting to Lysosome (GO:0006622),0.11661174343015593,0.2269543927215473,8.471440750213128,18.20432388113094,1,CLU
Hom/Reg-like NPCs,up_in_severe,GO:BP,GO_Biological_Process_2025,445,Regulation of Cholesterol Transport (GO:0032374),0.11661174343015593,0.2269543927215473,8.471440750213128,18.20432388113094,1,TSPO
Hom/Reg-like NPCs,up_in_severe,GO:BP,GO_Biological_Process_2025,446,Regulation of Interleukin-6 Production (GO:0032675),0.11693009285455108,0.2269543927215473,3.498055162659123,7.507452599944904,2,ZC3H12A;MAPKAPK2
Hom/Reg-like NPCs,up_in_severe,GO:BP,GO_Biological_Process_2025,447,Positive Regulation of MAPK Cascade (GO:0043410),0.11701108828896384,0.2269543927215473,2.2051802945657695,4.731184721799288,4,GADD45B;CD81;ZC3H12A;TPD52L1
Fibro-NPCs,up_in_severe,REAC,Reactome_2022,109,Extra-nuclear Estrogen Signaling R-HSA-9009391,0.15498134701054317,0.22749555524483403,6.13641975308642,11.44105094540804,1,MMP2
ECM/Adh-NPCs,up_in_severe,GO:BP,GO_Biological_Process_2025,323,Regulation of Canonical NF-kappaB Signal Transduction (GO:0043122),0.15093032279059068,0.2275636755387544,2.9974109046603714,5.667915145265924,2,IL1R1;HSPB1
Fibro-reg NPCs,up_in_severe,GO:BP,GO_Biological_Process_2025,300,Monoatomic Anion Transport (GO:0006820),0.13592371180280693,0.22789875678937296,7.089094796863863,14.14743350816876,1,TSPO
Hom/Reg-like NPCs,up_in_severe,GO:BP,GO_Biological_Process_2025,448,Apoptotic Process (GO:0006915),0.11790915258452642,0.22818579305978662,2.576593886462882,5.508347649880849,3,DDIT4;NDUFA2;ATN1
Hom-NPCs,up_in_severe,REAC,Reactome_2022,143,RNA Polymerase III Transcription Termination R-HSA-73980,0.10049407907293631,0.22820530456145954,9.96641604010025,22.899400276475088,1,POLR2F
Hom-NPCs,up_in_severe,REAC,Reactome_2022,144,Mitochondrial Calcium Ion Transport R-HSA-8949215,0.10049407907293631,0.22820530456145954,9.96641604010025,22.899400276475088,1,SMDT1
Hom-NPCs,up_in_severe,GO:BP,GO_Biological_Process_2025,401,Cellular Response to Lipopolysaccharide (GO:0071222),0.1211623151329431,0.22822812786017285,3.4217263449230235,7.221978377849126,2,GSTP1;NDUFA2
Hom-NPCs,up_in_severe,GO:BP,GO_Biological_Process_2025,402,Regulation of Intracellular Estrogen Receptor Signaling Pathway (GO:0033146),0.12190137537938366,0.22822812786017285,8.047773279352226,16.936884596393483,1,WBP2
Hom-NPCs,up_in_severe,GO:BP,GO_Biological_Process_2025,403,"Wound Healing, Spreading of Cells (GO:0044319)",0.12190137537938366,0.22822812786017285,8.047773279352226,16.936884596393483,1,CD151
Hom-NPCs,up_in_severe,GO:BP,GO_Biological_Process_2025,404,Regulation of Proteolysis Involved in Protein Catabolic Process (GO:1903050),0.12190137537938366,0.22822812786017285,8.047773279352226,16.936884596393483,1,GPX1
Hom-NPCs,up_in_severe,GO:BP,GO_Biological_Process_2025,405,Maturation of SSU-rRNA Frm Tricistronic rRNA Trnscpt (GO:0000462),0.12190137537938366,0.22822812786017285,8.047773279352226,16.936884596393483,1,RPS19
Hom-NPCs,up_in_severe,GO:BP,GO_Biological_Process_2025,406,Respiratory Chain Complex IV Assembly (GO:0008535),0.12190137537938366,0.22822812786017285,8.047773279352226,16.936884596393483,1,COX17
Hom-NPCs,up_in_severe,GO:BP,GO_Biological_Process_2025,407,Positive Regulation of DNA Binding (GO:0043388),0.12190137537938366,0.22822812786017285,8.047773279352226,16.936884596393483,1,PLAUR
Hom/Reg-like NPCs,up_in_severe,GO:BP,GO_Biological_Process_2025,449,Intrinsic Apoptotic Signaling Pathway (GO:0097193),0.11861711192332182,0.22837279778668357,3.4669236835187944,7.390976925785487,2,SIVA1;CLU
Hom/Reg-like NPCs,up_in_severe,GO:BP,GO_Biological_Process_2025,450,Regulation of JNK Cascade (GO:0046328),0.11861711192332182,0.22837279778668357,3.4669236835187944,7.390976925785487,2,GADD45B;TPD52L1
Hom/Reg-like NPCs,up_in_severe,GO:BP,GO_Biological_Process_2025,451,Antimicrobial Humoral Immune Response Mediated by Antimicrobial Peptide (GO:0061844),0.12031028554340706,0.22837279778668357,3.4363383706791732,7.277069028836265,2,RPS19;RPL39
Hom/Reg-like NPCs,up_in_severe,GO:BP,GO_Biological_Process_2025,452,Negative Regulation of Intrinsic Apoptotic Signaling Pathway in Response to DNA Damage (GO:1902230),0.12116665165152761,0.22837279778668357,8.118055555555555,17.133873842257763,1,CLU
Hom/Reg-like NPCs,up_in_severe,GO:BP,GO_Biological_Process_2025,453,Negative Regulation of Non-Canonical NF-kappaB Signal Transduction (GO:1901223),0.12116665165152761,0.22837279778668357,8.118055555555555,17.133873842257763,1,ZC3H12A
Hom/Reg-like NPCs,up_in_severe,GO:BP,GO_Biological_Process_2025,454,Regulation of Membrane Protein Ectodomain Proteolysis (GO:0051043),0.12116665165152761,0.22837279778668357,8.118055555555555,17.133873842257763,1,TIMP1
Hom/Reg-like NPCs,up_in_severe,GO:BP,GO_Biological_Process_2025,455,Regulation of Protein Processing (GO:0070613),0.12116665165152761,0.22837279778668357,8.118055555555555,17.133873842257763,1,PLAUR
Hom/Reg-like NPCs,up_in_severe,GO:BP,GO_Biological_Process_2025,456,Pigment Biosynthetic Process (GO:0046148),0.12116665165152761,0.22837279778668357,8.118055555555555,17.133873842257763,1,TSPO
Hom/Reg-like NPCs,up_in_severe,GO:BP,GO_Biological_Process_2025,457,Cellular Response to Low-Density Lipoprotein Particle Stimulus (GO:0071404),0.12116665165152761,0.22837279778668357,8.118055555555555,17.133873842257763,1,CD81
Hom/Reg-like NPCs,up_in_severe,GO:BP,GO_Biological_Process_2025,458,Positive Regulation of Inflammasome-Mediated Signaling Pathway (GO:0141087),0.12116665165152761,0.22837279778668357,8.118055555555555,17.133873842257763,1,GBP2
Hom/Reg-like NPCs,up_in_severe,GO:BP,GO_Biological_Process_2025,459,Long-Chain Fatty Acid Biosynthetic Process (GO:0042759),0.12116665165152761,0.22837279778668357,8.118055555555555,17.133873842257763,1,GSTP1
Hom/Reg-like NPCs,up_in_severe,GO:BP,GO_Biological_Process_2025,460,Negative Regulation of Catalytic Activity (GO:0043086),0.12116665165152761,0.22837279778668357,8.118055555555555,17.133873842257763,1,TIMP1
Eff-NPCs,up_in_severe,GO:BP,GO_Biological_Process_2025,195,Positive Regulation of Gene Expression (GO:0010628),0.21534660722608615,0.22859870613230684,4.495172413793103,6.902366110737369,1,CLU
Hom-NPCs,up_in_severe,GO:BP,GO_Biological_Process_2025,408,Regulation of Protein-Containing Complex Assembly (GO:0043254),0.12274849147566641,0.2286903435316817,3.3939601921757037,7.119231317664055,2,CLU;CRYAB
Hom-NPCs,up_in_severe,GO:BP,GO_Biological_Process_2025,409,Regulation of Cell Motility (GO:2000145),0.12274849147566641,0.2286903435316817,3.3939601921757037,7.119231317664055,2,TMSB4X;TMSB10
ECM/Adh-NPCs,up_in_severe,GO:BP,GO_Biological_Process_2025,324,Regulation of Phosphorylation (GO:0042325),0.1531466080202981,0.2287803622879913,6.2140625,11.65981578981922,1,HSPB1
ECM/Adh-NPCs,up_in_severe,GO:BP,GO_Biological_Process_2025,325,Positive Regulation of Cell Junction Assembly (GO:1901890),0.1531466080202981,0.2287803622879913,6.2140625,11.65981578981922,1,THY1
ECM/Adh-NPCs,up_in_severe,GO:BP,GO_Biological_Process_2025,326,Regulation of Cell-Matrix Adhesion (GO:0001952),0.1531466080202981,0.2287803622879913,6.2140625,11.65981578981922,1,THY1
Fibro-reg NPCs,up_in_severe,GO:BP,GO_Biological_Process_2025,301,Erythrocyte Differentiation (GO:0030218),0.13860865387730728,0.22934260822462355,6.937914196023718,13.71001749051947,1,RPS14
Fibro-reg NPCs,up_in_severe,GO:BP,GO_Biological_Process_2025,302,Positive Regulation of Leukocyte Cell-Cell Adhesion (GO:1903039),0.13860865387730728,0.22934260822462355,6.937914196023718,13.71001749051947,1,THY1
Fibro-reg NPCs,up_in_severe,GO:BP,GO_Biological_Process_2025,303,Blood Circulation (GO:0008015),0.13860865387730728,0.22934260822462355,6.937914196023718,13.71001749051947,1,SERPING1
Fibro-reg NPCs,up_in_severe,GO:BP,GO_Biological_Process_2025,304,Primary Alcohol Metabolic Process (GO:0034308),0.13860865387730728,0.22934260822462355,6.937914196023718,13.71001749051947,1,CYP1B1
Hom/Reg-like NPCs,up_in_severe,REAC,Reactome_2022,207,Regulation Of Necroptotic Cell Death R-HSA-5675482,0.13915486785383646,0.2294717292012784,6.956932773109243,13.720238863404822,1,CDC37
Hom/Reg-like NPCs,up_in_severe,REAC,Reactome_2022,208,Downregulation Of ERBB2 Signaling R-HSA-8863795,0.13915486785383646,0.2294717292012784,6.956932773109243,13.720238863404822,1,CDC37
ECM/Adh-NPCs,up_in_severe,REAC,Reactome_2022,123,SARS-CoV-2 Infection R-HSA-9694516,0.16252596275469078,0.22991477657980647,2.8568523494807176,5.190665083471325,2,RPS14;RPS19
Fibro-reg NPCs,up_in_severe,GO:BP,GO_Biological_Process_2025,305,Positive Regulation of Intracellular Transport (GO:0032388),0.14128538719624217,0.22998883417381819,6.793032786885246,13.293784547448325,1,OAZ1
Fibro-reg NPCs,up_in_severe,GO:BP,GO_Biological_Process_2025,306,Translational Elongation (GO:0006414),0.14128538719624217,0.22998883417381819,6.793032786885246,13.293784547448325,1,TCF25
Fibro-reg NPCs,up_in_severe,GO:BP,GO_Biological_Process_2025,307,Positive Regulation of Smooth Muscle Cell Proliferation (GO:0048661),0.14128538719624217,0.22998883417381819,6.793032786885246,13.293784547448325,1,MMP2
Fibro-reg NPCs,up_in_severe,GO:BP,GO_Biological_Process_2025,308,Arachidonate Metabolic Process (GO:0019369),0.14128538719624217,0.22998883417381819,6.793032786885246,13.293784547448325,1,CYP1B1
Fibro-reg NPCs,up_in_severe,GO:BP,GO_Biological_Process_2025,309,Positive Regulation of Epithelial to Mesenchymal Transition (GO:0010718),0.14128538719624217,0.22998883417381819,6.793032786885246,13.293784547448325,1,COL1A1
Fibro-NPCs,up_in_severe,GO:BP,GO_Biological_Process_2025,288,Positive Regulation of Growth (GO:0045927),0.16661942196018775,0.23025878451442613,5.662678062678062,10.147762456924237,1,MMP14
Hom-NPCs,up_in_severe,GO:BP,GO_Biological_Process_2025,410,Establishment of Protein Localization to Mitochondrial Membrane (GO:0090151),0.12612193997636728,0.2304674298848726,7.749317738791423,16.045009357904707,1,ROMO1
Hom-NPCs,up_in_severe,GO:BP,GO_Biological_Process_2025,411,Toll-Like Receptor 4 Signaling Pathway (GO:0034142),0.12612193997636728,0.2304674298848726,7.749317738791423,16.045009357904707,1,NDUFA2
Hom-NPCs,up_in_severe,GO:BP,GO_Biological_Process_2025,412,Negative Regulation of Protein Polymerization (GO:0032272),0.12612193997636728,0.2304674298848726,7.749317738791423,16.045009357904707,1,TMSB4X
Hom-NPCs,up_in_severe,GO:BP,GO_Biological_Process_2025,413,Regulation of Microtubule Depolymerization (GO:0031114),0.12612193997636728,0.2304674298848726,7.749317738791423,16.045009357904707,1,CIB1
Hom-NPCs,up_in_severe,GO:BP,GO_Biological_Process_2025,414,Regulation of Toll-Like Receptor 4 Signaling Pathway (GO:0034143),0.12612193997636728,0.2304674298848726,7.749317738791423,16.045009357904707,1,NDUFA2
Hom-NPCs,up_in_severe,GO:BP,GO_Biological_Process_2025,415,Positive Regulation of ATP Metabolic Process (GO:1903580),0.12612193997636728,0.2304674298848726,7.749317738791423,16.045009357904707,1,TMSB4X
Hom-NPCs,up_in_severe,GO:BP,GO_Biological_Process_2025,416,Regulation of DNA Biosynthetic Process (GO:2000278),0.12612193997636728,0.2304674298848726,7.749317738791423,16.045009357904707,1,RGCC
Hom-NPCs,up_in_severe,GO:BP,GO_Biological_Process_2025,417,Positive Regulation of Fibroblast Proliferation (GO:0048146),0.12612193997636728,0.2304674298848726,7.749317738791423,16.045009357904707,1,FN1
Fibro-NPCs,up_in_severe,REAC,Reactome_2022,110,Nuclear Envelope (NE) Reassembly R-HSA-2995410,0.15887826166448996,0.2310956533301672,5.96996996996997,10.982458365229922,1,LMNA
Fibro-NPCs,up_in_severe,GO:BP,GO_Biological_Process_2025,289,Regulation of mRNA Stability (GO:0043488),0.16854379579764434,0.2313118300946981,5.590717299578059,9.954605622805227,1,ZFP36L1
Fibro-NPCs,up_in_severe,GO:BP,GO_Biological_Process_2025,290,Response to Tumor Necrosis Factor (GO:0034612),0.16854379579764434,0.2313118300946981,5.590717299578059,9.954605622805227,1,ZFP36L1
Hom-NPCs,up_in_severe,GO:BP,GO_Biological_Process_2025,418,Regulation of Neuron Apoptotic Process (GO:0043523),0.12753744643616155,0.2314817967973869,3.313285307421679,6.823198392753208,2,CLU;CRLF1
Hom-NPCs,up_in_severe,GO:BP,GO_Biological_Process_2025,419,Regulation of Protein Catabolic Process (GO:0042176),0.12753744643616155,0.2314817967973869,3.313285307421679,6.823198392753208,2,GPX1;OAZ1
Hom-NPCs,up_in_severe,GO:BP,GO_Biological_Process_2025,420,Regulation of MAPK Cascade (GO:0043408),0.12956436096667373,0.2314817967973869,2.4660474457135684,5.039559136685669,3,CD81;GSTP1;FN1
Hom-NPCs,up_in_severe,GO:BP,GO_Biological_Process_2025,421,Negative Regulation of Cytoskeleton Organization (GO:0051494),0.13032242890561546,0.2314817967973869,7.472180451127819,15.226388466574354,1,TMSB4X
Hom-NPCs,up_in_severe,GO:BP,GO_Biological_Process_2025,422,Negative Regulation of Interleukin-1 Production (GO:0032692),0.13032242890561546,0.2314817967973869,7.472180451127819,15.226388466574354,1,GSTP1
Hom-NPCs,up_in_severe,GO:BP,GO_Biological_Process_2025,423,Vascular Endothelial Growth Factor Receptor Signaling Pathway (GO:0048010),0.13032242890561546,0.2314817967973869,7.472180451127819,15.226388466574354,1,HSPB1
Hom-NPCs,up_in_severe,GO:BP,GO_Biological_Process_2025,424,Positive Regulation of Protein Targeting to Mitochondrion (GO:1903955),0.13032242890561546,0.2314817967973869,7.472180451127819,15.226388466574354,1,UBL5
Hom-NPCs,up_in_severe,GO:BP,GO_Biological_Process_2025,425,Regulation of Supramolecular Fiber Organization (GO:1902903),0.13032242890561546,0.2314817967973869,7.472180451127819,15.226388466574354,1,GPX1
Hom-NPCs,up_in_severe,GO:BP,GO_Biological_Process_2025,426,Protein Methylation (GO:0006479),0.13032242890561546,0.2314817967973869,7.472180451127819,15.226388466574354,1,SNRPB
Hom-NPCs,up_in_severe,GO:BP,GO_Biological_Process_2025,427,Cell-Substrate Junction Assembly (GO:0007044),0.13032242890561546,0.2314817967973869,7.472180451127819,15.226388466574354,1,FN1
Hom-NPCs,up_in_severe,GO:BP,GO_Biological_Process_2025,428,Response to Interferon-Beta (GO:0035456),0.13032242890561546,0.2314817967973869,7.472180451127819,15.226388466574354,1,IFITM2
Hom-NPCs,up_in_severe,GO:BP,GO_Biological_Process_2025,429,Regulation of Blood Coagulation (GO:0030193),0.13032242890561546,0.2314817967973869,7.472180451127819,15.226388466574354,1,PLAUR
Fibro-reg NPCs,up_in_severe,REAC,Reactome_2022,98,RHOF GTPase Cycle R-HSA-9035034,0.1223750012622982,0.23213762398392856,7.95561775289884,16.71208910197687,1,BASP1
Fibro-reg NPCs,up_in_severe,REAC,Reactome_2022,99,SARS-CoV-2-host Interactions R-HSA-9705683,0.12355712244305875,0.23213762398392856,3.3924398625429553,7.09376714153088,2,RPS14;RPS9
Fibro-NPCs,up_in_severe,GO:BP,GO_Biological_Process_2025,291,Wound Healing (GO:0042060),0.17046382240589766,0.23234452506009337,5.520555555555555,9.767144595990155,1,COL3A1
Fibro-NPCs,up_in_severe,GO:BP,GO_Biological_Process_2025,292,Positive Regulation of JNK Cascade (GO:0046330),0.17046382240589766,0.23234452506009337,5.520555555555555,9.767144595990155,1,GADD45B
Hom/Reg-like NPCs,up_in_severe,GO:BP,GO_Biological_Process_2025,461,Amyloid Fibril Formation (GO:1990000),0.12569830092022516,0.2323676479697979,7.792941176470588,16.161552220124815,1,FUS
Hom/Reg-like NPCs,up_in_severe,GO:BP,GO_Biological_Process_2025,462,Blood Vessel Endothelial Cell Migration (GO:0043534),0.12569830092022516,0.2323676479697979,7.792941176470588,16.161552220124815,1,ID1
Hom/Reg-like NPCs,up_in_severe,GO:BP,GO_Biological_Process_2025,463,Positive Regulation of ERBB Signaling Pathway (GO:1901186),0.12569830092022516,0.2323676479697979,7.792941176470588,16.161552220124815,1,PLAUR
Hom/Reg-like NPCs,up_in_severe,GO:BP,GO_Biological_Process_2025,464,Positive Regulation of Rho Protein Signal Transduction (GO:0035025),0.12569830092022516,0.2323676479697979,7.792941176470588,16.161552220124815,1,COL3A1
Hom/Reg-like NPCs,up_in_severe,GO:BP,GO_Biological_Process_2025,465,Positive Regulation of T Cell Migration (GO:2000406),0.12569830092022516,0.2323676479697979,7.792941176470588,16.161552220124815,1,P4HB
Hom/Reg-like NPCs,up_in_severe,GO:BP,GO_Biological_Process_2025,466,Positive Regulation of Natural Killer Cell Mediated Immunity (GO:0002717),0.12569830092022516,0.2323676479697979,7.792941176470588,16.161552220124815,1,LAMP1
Hom/Reg-like NPCs,up_in_severe,GO:BP,GO_Biological_Process_2025,467,Hormone Biosynthetic Process (GO:0042446),0.12569830092022516,0.2323676479697979,7.792941176470588,16.161552220124815,1,TSPO
Hom/Reg-like NPCs,up_in_severe,GO:BP,GO_Biological_Process_2025,468,Limb Development (GO:0060173),0.12569830092022516,0.2323676479697979,7.792941176470588,16.161552220124815,1,COMP
Hom/Reg-like NPCs,up_in_severe,GO:BP,GO_Biological_Process_2025,469,Regulation of T Cell Migration (GO:2000404),0.12569830092022516,0.2323676479697979,7.792941176470588,16.161552220124815,1,P4HB
Eff-NPCs,up_in_severe,KEGG,KEGG_2021_Human,28,Pathways of neurodegeneration,0.23238632555336286,0.23238632555336286,4.117088607594937,6.008290122542512,1,GPX3
Fibro-NPCs,up_in_severe,GO:BP,GO_Biological_Process_2025,293,Positive Regulation of Cellular Process (GO:0048522),0.17152797555999832,0.23299704529992946,2.179246346320021,3.842030710131771,3,MMP14;TIMP1;ZFP36L1
ECM/Adh-NPCs,up_in_severe,REAC,Reactome_2022,124,Diseases Of Programmed Cell Death R-HSA-9645723,0.16606444654648544,0.23302591692813282,5.679714285714286,10.197241650235561,1,LMNA
ECM/Adh-NPCs,up_in_severe,GO:BP,GO_Biological_Process_2025,327,Regulation of Protein Serine/Threonine Kinase Activity (GO:0071900),0.15747420210503935,0.23310011071475428,6.025151515151515,11.137454197295655,1,THY1
ECM/Adh-NPCs,up_in_severe,GO:BP,GO_Biological_Process_2025,328,Chordate Embryonic Development (GO:0043009),0.15747420210503935,0.23310011071475428,6.025151515151515,11.137454197295655,1,COL1A1
ECM/Adh-NPCs,up_in_severe,GO:BP,GO_Biological_Process_2025,329,Regulation of Cellular Localization (GO:0060341),0.15747420210503935,0.23310011071475428,6.025151515151515,11.137454197295655,1,GSN
Fibro-NPCs,up_in_severe,GO:BP,GO_Biological_Process_2025,294,Response to Insulin (GO:0032868),0.17237951139549326,0.23335729773947728,5.452126200274348,9.585147383985147,1,ZFP36L1
Fibro-reg NPCs,up_in_severe,GO:BP,GO_Biological_Process_2025,310,Positive Regulation of Lymphocyte Activation (GO:0051251),0.14395393646955568,0.23357687111027906,6.654064904650385,12.897320592663672,1,THY1
Fibro-reg NPCs,up_in_severe,GO:BP,GO_Biological_Process_2025,311,Regulation of Canonical Wnt Signaling Pathway (GO:0060828),0.14450501479862465,0.2337171139669074,3.0722741433021805,5.943133273554488,2,COL1A1;SFRP4
ECM/Adh-NPCs,up_in_severe,GO:BP,GO_Biological_Process_2025,330,Regulation of Gene Expression (GO:0010468),0.15840216580961616,0.2337631962099487,1.8238975432070061,3.360746674274351,5,SLC7A5;GSN;FUS;CILP;CLU
Hom-NPCs,up_in_severe,GO:BP,GO_Biological_Process_2025,430,Positive Regulation of Multicellular Organismal Process (GO:0051240),0.13223890955275475,0.2343396490213933,2.103894702772683,4.256484198816221,4,COL1A1;RGCC;RPS19;NDUFA2
Fibro-NPCs,up_in_severe,GO:BP,GO_Biological_Process_2025,295,Negative Regulation of Protein Phosphorylation (GO:0001933),0.1742908723742125,0.2343505648815425,5.385365853658537,9.408394065633235,1,THY1
Fibro-NPCs,up_in_severe,GO:BP,GO_Biological_Process_2025,296,Regulation of Protein Kinase Activity (GO:0045859),0.1742908723742125,0.2343505648815425,5.385365853658537,9.408394065633235,1,THY1
Hom-NPCs,up_in_severe,GO:BP,GO_Biological_Process_2025,431,Negative Regulation of Mitotic Cell Cycle (GO:0045930),0.13450293659933887,0.23453372468809203,7.214156079854809,14.472818068487964,1,RGCC
Hom-NPCs,up_in_severe,GO:BP,GO_Biological_Process_2025,432,Negative Regulation of Response to Endoplasmic Reticulum Stress (GO:1903573),0.13450293659933887,0.23453372468809203,7.214156079854809,14.472818068487964,1,CLU
Hom-NPCs,up_in_severe,GO:BP,GO_Biological_Process_2025,433,Prostaglandin Metabolic Process (GO:0006693),0.13450293659933887,0.23453372468809203,7.214156079854809,14.472818068487964,1,GSTP1
Hom-NPCs,up_in_severe,GO:BP,GO_Biological_Process_2025,434,Cell Surface Toll-Like Receptor Signaling Pathway (GO:0140895),0.13450293659933887,0.23453372468809203,7.214156079854809,14.472818068487964,1,NDUFA2
Hom-NPCs,up_in_severe,GO:BP,GO_Biological_Process_2025,435,Positive Regulation of B Cell Proliferation (GO:0030890),0.13450293659933887,0.23453372468809203,7.214156079854809,14.472818068487964,1,CD81
Hom-NPCs,up_in_severe,GO:BP,GO_Biological_Process_2025,436,Positive Regulation of Catalytic Activity (GO:0043085),0.13450293659933887,0.23453372468809203,7.214156079854809,14.472818068487964,1,CIB1
Hom-NPCs,up_in_severe,GO:BP,GO_Biological_Process_2025,437,Positive Regulation of Cation Channel Activity (GO:2001259),0.13450293659933887,0.23453372468809203,7.214156079854809,14.472818068487964,1,TMSB4X
Hom/Reg-like NPCs,up_in_severe,GO:BP,GO_Biological_Process_2025,470,Regulation of Transforming Growth Factor Beta Receptor Signaling Pathway (GO:0017015),0.12714240971718413,0.23453716856340134,3.319181070649438,6.845636649415038,2,CILP;ZNF703
Hom/Reg-like NPCs,up_in_severe,REAC,Reactome_2022,209,"Platelet Activation, Signaling And Aggregation R-HSA-76002",0.14330402092674738,0.23453793051300126,2.3481274900398406,4.561911292048708,3,SERPING1;TIMP1;CLU
Hom/Reg-like NPCs,up_in_severe,REAC,Reactome_2022,210,MAPK Targets/ Nuclear Events Mediated By MAP Kinases R-HSA-450282,0.14359465133449056,0.23453793051300126,6.716700473292765,13.035509454318872,1,MAPKAPK2
Hom-NPCs,up_in_severe,REAC,Reactome_2022,145,Abortive Elongation Of HIV-1 Transcript In Absence Of Tat R-HSA-167242,0.10481645490268408,0.2347601421450527,9.512918660287081,21.456811429654763,1,POLR2F
Hom-NPCs,up_in_severe,REAC,Reactome_2022,146,IKK Complex Recruitment Mediated By RIP1 R-HSA-937041,0.10481645490268408,0.2347601421450527,9.512918660287081,21.456811429654763,1,NDUFA2
ECM/Adh-NPCs,up_in_severe,GO:BP,GO_Biological_Process_2025,331,Regulation of T Cell Activation (GO:0050863),0.15962986120543665,0.23486327011192645,5.9349253731343286,10.889979796219908,1,THY1
Fibro-reg NPCs,up_in_severe,GO:BP,GO_Biological_Process_2025,312,Positive Regulation of Nervous System Development (GO:0051962),0.14661432628051652,0.23561343808019106,6.520655737704918,12.519331488414107,1,SERPINF1
Fibro-reg NPCs,up_in_severe,GO:BP,GO_Biological_Process_2025,313,Blood Vessel Morphogenesis (GO:0048514),0.14661432628051652,0.23561343808019106,6.520655737704918,12.519331488414107,1,CYP1B1
Hom/Reg-like NPCs,up_in_severe,GO:BP,GO_Biological_Process_2025,471,Negative Regulation of Inflammatory Response (GO:0050728),0.12886477712097835,0.23599722057869157,3.2911223895498796,6.743482340666943,2,RPS19;GSTP1
Hom/Reg-like NPCs,up_in_severe,GO:BP,GO_Biological_Process_2025,472,Regulation of Intracellular Estrogen Receptor Signaling Pathway (GO:0033146),0.1302068087941927,0.23599722057869157,7.492835595776772,15.27512883928758,1,WBP2
Hom/Reg-like NPCs,up_in_severe,GO:BP,GO_Biological_Process_2025,473,Regulation of Kinase Activity (GO:0043549),0.1302068087941927,0.23599722057869157,7.492835595776772,15.27512883928758,1,TSPYL2
Hom/Reg-like NPCs,up_in_severe,GO:BP,GO_Biological_Process_2025,474,Regulation of Lysosomal Lumen pH (GO:0035751),0.1302068087941927,0.23599722057869157,7.492835595776772,15.27512883928758,1,LAMP1
Hom/Reg-like NPCs,up_in_severe,GO:BP,GO_Biological_Process_2025,475,Negative Regulation of Protein Localization to Plasma Membrane (GO:1903077),0.1302068087941927,0.23599722057869157,7.492835595776772,15.27512883928758,1,AP2M1
Hom/Reg-like NPCs,up_in_severe,GO:BP,GO_Biological_Process_2025,476,"Nuclear-Transcribed mRNA Catabolic Process, Nonsense-Mediated Decay (GO:0000184)",0.1302068087941927,0.23599722057869157,7.492835595776772,15.27512883928758,1,ZC3H12A
Hom/Reg-like NPCs,up_in_severe,GO:BP,GO_Biological_Process_2025,477,Positive Regulation of DNA Binding (GO:0043388),0.1302068087941927,0.23599722057869157,7.492835595776772,15.27512883928758,1,PLAUR
Hom/Reg-like NPCs,up_in_severe,GO:BP,GO_Biological_Process_2025,478,Maturation of SSU-rRNA Frm Tricistronic rRNA Trnscpt (GO:0000462),0.1302068087941927,0.23599722057869157,7.492835595776772,15.27512883928758,1,RPS19
Hom/Reg-like NPCs,up_in_severe,GO:BP,GO_Biological_Process_2025,479,Negative Regulation of Multicellular Organismal Process (GO:0051241),0.13038370087334863,0.23599722057869157,2.457125,5.005835969598934,3,RPS19;ID1;TIMP1
ECM/Adh-NPCs,up_in_severe,GO:BP,GO_Biological_Process_2025,332,Positive Regulation of Intracellular Protein Transport (GO:0090316),0.1617801127894188,0.23659734212746836,5.847352941176471,10.651053922995473,1,CD81
ECM/Adh-NPCs,up_in_severe,GO:BP,GO_Biological_Process_2025,333,Regulation of Translational Initiation (GO:0006446),0.1617801127894188,0.23659734212746836,5.847352941176471,10.651053922995473,1,HSPB1
Hom/Reg-like NPCs,up_in_severe,REAC,Reactome_2022,211,"Glutamate Binding, Activation Of AMPA Receptors And Synaptic Plasticity R-HSA-399721",0.14801175796785074,0.2372337989858542,6.492483660130719,12.40365346374743,1,AP2M1
Hom/Reg-like NPCs,up_in_severe,REAC,Reactome_2022,212,RIPK1-mediated Regulated Necrosis R-HSA-5213460,0.14801175796785074,0.2372337989858542,6.492483660130719,12.40365346374743,1,CDC37
Hom/Reg-like NPCs,up_in_severe,REAC,Reactome_2022,213,RUNX2 Regulates Bone Development R-HSA-8941326,0.14801175796785074,0.2372337989858542,6.492483660130719,12.40365346374743,1,COL1A1
Hom/Reg-like NPCs,up_in_severe,REAC,Reactome_2022,214,Nicotinate Metabolism R-HSA-196807,0.14801175796785074,0.2372337989858542,6.492483660130719,12.40365346374743,1,NNMT
Fibro-reg NPCs,up_in_severe,GO:BP,GO_Biological_Process_2025,314,Intrinsic Apoptotic Signaling Pathway in Response to DNA Damage (GO:0008630),0.1492665811884197,0.23730153732007195,6.392478302796529,12.158630761981279,1,DDIT4
Fibro-reg NPCs,up_in_severe,GO:BP,GO_Biological_Process_2025,315,Regulation of Telomere Maintenance (GO:0032204),0.1492665811884197,0.23730153732007195,6.392478302796529,12.158630761981279,1,LMNA
Fibro-reg NPCs,up_in_severe,GO:BP,GO_Biological_Process_2025,316,Regulation of Focal Adhesion Assembly (GO:0051893),0.15191072568004607,0.23730153732007195,6.269230769230769,11.81412879472099,1,THY1
Fibro-reg NPCs,up_in_severe,GO:BP,GO_Biological_Process_2025,317,Unsaturated Fatty Acid Metabolic Process (GO:0033559),0.15191072568004607,0.23730153732007195,6.269230769230769,11.81412879472099,1,CYP1B1
Fibro-reg NPCs,up_in_severe,GO:BP,GO_Biological_Process_2025,318,Negative Regulation of Protein Catabolic Process (GO:0042177),0.15191072568004607,0.23730153732007195,6.269230769230769,11.81412879472099,1,CST3
Fibro-reg NPCs,up_in_severe,GO:BP,GO_Biological_Process_2025,319,Positive Regulation of Small GTPase Mediated Signal Transduction (GO:0051057),0.15191072568004607,0.23730153732007195,6.269230769230769,11.81412879472099,1,COL3A1
Fibro-reg NPCs,up_in_severe,GO:BP,GO_Biological_Process_2025,320,Antibacterial Humoral Response (GO:0019731),0.15191072568004607,0.23730153732007195,6.269230769230769,11.81412879472099,1,RPL39
Fibro-reg NPCs,up_in_severe,GO:BP,GO_Biological_Process_2025,321,Regulation of Proteolysis (GO:0030162),0.15191072568004607,0.23730153732007195,6.269230769230769,11.81412879472099,1,CST3
Fibro-reg NPCs,up_in_severe,GO:BP,GO_Biological_Process_2025,322,Regulation of Release of Sequestered Calcium Ion Into Cytosol (GO:0051279),0.15191072568004607,0.23730153732007195,6.269230769230769,11.81412879472099,1,THY1
Fibro-NPCs,up_in_severe,REAC,Reactome_2022,111,Oncogenic MAPK Signaling R-HSA-6802957,0.16469069128213965,0.23739198743371479,5.7365079365079366,10.346859986896192,1,LMNA
ECM/Adh-NPCs,up_in_severe,GO:BP,GO_Biological_Process_2025,334,Negative Regulation of Immune Response (GO:0050777),0.16392497014804353,0.23759363232767022,5.76231884057971,10.420268847595578,1,COL3A1
ECM/Adh-NPCs,up_in_severe,GO:BP,GO_Biological_Process_2025,335,Lysosomal Transport (GO:0007041),0.16392497014804353,0.23759363232767022,5.76231884057971,10.420268847595578,1,LAMP1
ECM/Adh-NPCs,up_in_severe,GO:BP,GO_Biological_Process_2025,336,Positive Regulation of Apoptotic Signaling Pathway (GO:2001235),0.16392497014804353,0.23759363232767022,5.76231884057971,10.420268847595578,1,CLU
Hom-NPCs,up_in_severe,REAC,Reactome_2022,147,RUNX2 Regulates Osteoblast Differentiation R-HSA-8940973,0.1091182759636125,0.23787784160067527,9.098855835240274,20.15690355426019,1,COL1A1
Hom-NPCs,up_in_severe,REAC,Reactome_2022,148,Interleukin-6 Family Signaling R-HSA-6783589,0.1091182759636125,0.23787784160067527,9.098855835240274,20.15690355426019,1,CRLF1
Hom-NPCs,up_in_severe,REAC,Reactome_2022,149,MicroRNA (miRNA) Biogenesis R-HSA-203927,0.1091182759636125,0.23787784160067527,9.098855835240274,20.15690355426019,1,POLR2F
Hom-NPCs,up_in_severe,REAC,Reactome_2022,150,Sema4D In Semaphorin Signaling R-HSA-400685,0.1091182759636125,0.23787784160067527,9.098855835240274,20.15690355426019,1,MYL6
ECM/Adh-NPCs,up_in_severe,KEGG,KEGG_2021_Human,21,Phagosome,0.057432252509480045,0.2379336175392745,5.3874829931972785,15.39284295595223,2,COMP;LAMP1
Hom-NPCs,up_in_severe,KEGG,KEGG_2021_Human,24,p53 signaling pathway,0.048087489985818556,0.2379840764105144,5.943362301468385,18.036519009727165,2,GADD45B;SIVA1
Hom-NPCs,up_in_severe,KEGG,KEGG_2021_Human,25,Thyroid hormone synthesis,0.05046789423177553,0.2379840764105144,5.779947537161178,17.26133880145489,2,GPX1;GPX3
Hom-NPCs,up_in_severe,KEGG,KEGG_2021_Human,26,Ubiquinone and other terpenoid-quinone biosynthesis,0.051563216555611455,0.2379840764105144,20.94105263157895,62.08910527455818,1,VKORC1
Fibro-NPCs,up_in_severe,REAC,Reactome_2022,112,Amyloid Fiber Formation R-HSA-977225,0.16661942196018775,0.23802774565741108,5.662678062678062,10.147762456924237,1,MFGE8
Fibro-NPCs,up_in_severe,GO:BP,GO_Biological_Process_2025,297,Negative Regulation of Transforming Growth Factor Beta Receptor Signaling Pathway (GO:0030512),0.1781006483840695,0.2386668621443086,5.256613756613756,9.069795270996941,1,ASPN
ECM/Adh-NPCs,up_in_severe,GO:BP,GO_Biological_Process_2025,337,Positive Regulation of Proteasomal Ubiquitin-Dependent Protein Catabolic Process (GO:0032436),0.16606444654648544,0.23927037120751007,5.679714285714286,10.197241650235561,1,CLU
ECM/Adh-NPCs,up_in_severe,GO:BP,GO_Biological_Process_2025,338,Phagocytosis (GO:0006909),0.16606444654648544,0.23927037120751007,5.679714285714286,10.197241650235561,1,GSN
Hom-NPCs,up_in_severe,GO:BP,GO_Biological_Process_2025,438,Transition Metal Ion Transport (GO:0000041),0.1386635571508699,0.23959553412463233,6.973333333333334,13.77724766471137,1,COX17
Hom-NPCs,up_in_severe,GO:BP,GO_Biological_Process_2025,439,Innate Immune Response Activating Cell Surface Receptor Signaling Pathway (GO:0002220),0.1386635571508699,0.23959553412463233,6.973333333333334,13.77724766471137,1,NDUFA2
Hom-NPCs,up_in_severe,GO:BP,GO_Biological_Process_2025,440,Regulation of Stress-Activated MAPK Cascade (GO:0032872),0.1386635571508699,0.23959553412463233,6.973333333333334,13.77724766471137,1,GSTP1
Hom-NPCs,up_in_severe,GO:BP,GO_Biological_Process_2025,441,Negative Regulation of MAP Kinase Activity (GO:0043407),0.1386635571508699,0.23959553412463233,6.973333333333334,13.77724766471137,1,GSTP1
Fibro-reg NPCs,up_in_severe,GO:BP,GO_Biological_Process_2025,323,Negative Regulation of Neuron Projection Development (GO:0010977),0.15454678410953343,0.23992911236757813,6.150634085988246,11.484823277475583,1,THY1
Fibro-reg NPCs,up_in_severe,GO:BP,GO_Biological_Process_2025,324,Gonad Development (GO:0008406),0.15454678410953343,0.23992911236757813,6.150634085988246,11.484823277475583,1,BASP1
ECM/Adh-NPCs,up_in_severe,GO:BP,GO_Biological_Process_2025,339,Central Nervous System Development (GO:0007417),0.1670296046554798,0.23995108397409634,2.8061938061938063,5.02192012265033,2,ACAN;GSN
Hom/Reg-like NPCs,up_in_severe,GO:BP,GO_Biological_Process_2025,480,Acylglycerol Catabolic Process (GO:0046464),0.13469229229296506,0.2402843979794253,7.214960058097313,14.464280775362704,1,PNPLA2
Hom/Reg-like NPCs,up_in_severe,GO:BP,GO_Biological_Process_2025,481,Negative Regulation of Type II Interferon Production (GO:0032689),0.13469229229296506,0.2402843979794253,7.214960058097313,14.464280775362704,1,ZC3H12A
Hom/Reg-like NPCs,up_in_severe,GO:BP,GO_Biological_Process_2025,482,Regulation of Toll-Like Receptor 4 Signaling Pathway (GO:0034143),0.13469229229296506,0.2402843979794253,7.214960058097313,14.464280775362704,1,NDUFA2
Hom/Reg-like NPCs,up_in_severe,GO:BP,GO_Biological_Process_2025,483,Regulation of Transmembrane Receptor Protein Serine/Threonine Kinase Signaling Pathway (GO:0090092),0.13469229229296506,0.2402843979794253,7.214960058097313,14.464280775362704,1,ZNF703
Hom/Reg-like NPCs,up_in_severe,GO:BP,GO_Biological_Process_2025,484,Toll-Like Receptor 4 Signaling Pathway (GO:0034142),0.13469229229296506,0.2402843979794253,7.214960058097313,14.464280775362704,1,NDUFA2
Hom/Reg-like NPCs,up_in_severe,GO:BP,GO_Biological_Process_2025,485,Hydrogen Peroxide Metabolic Process (GO:0042743),0.13469229229296506,0.2402843979794253,7.214960058097313,14.464280775362704,1,GPX3
Hom/Reg-like NPCs,up_in_severe,GO:BP,GO_Biological_Process_2025,486,Mucosal Immune Response (GO:0002385),0.13469229229296506,0.2402843979794253,7.214960058097313,14.464280775362704,1,RPL39
Fibro-reg NPCs,up_in_severe,GO:BP,GO_Biological_Process_2025,325,Rho Protein Signal Transduction (GO:0007266),0.15717478081657915,0.24030065273780946,6.036429872495447,11.169790756313187,1,COL1A2
Fibro-reg NPCs,up_in_severe,GO:BP,GO_Biological_Process_2025,326,Regulation of Metabolic Process (GO:0019222),0.15717478081657915,0.24030065273780946,6.036429872495447,11.169790756313187,1,CYP1B1
Fibro-reg NPCs,up_in_severe,GO:BP,GO_Biological_Process_2025,327,Icosanoid Metabolic Process (GO:0006690),0.15717478081657915,0.24030065273780946,6.036429872495447,11.169790756313187,1,CYP1B1
Fibro-reg NPCs,up_in_severe,GO:BP,GO_Biological_Process_2025,328,Regulation of Receptor Signaling Pathway via JAK-STAT (GO:0046425),0.15717478081657915,0.24030065273780946,6.036429872495447,11.169790756313187,1,CYP1B1
Fibro-reg NPCs,up_in_severe,GO:BP,GO_Biological_Process_2025,329,Nucleus Organization (GO:0006997),0.15717478081657915,0.24030065273780946,6.036429872495447,11.169790756313187,1,LMNA
ECM/Adh-NPCs,up_in_severe,GO:BP,GO_Biological_Process_2025,340,Cellular Response to Cytokine Stimulus (GO:0071345),0.16793305412103507,0.240539403991012,2.7962739102609686,4.9890835742848445,2,MT2A;MT1X
ECM/Adh-NPCs,up_in_severe,REAC,Reactome_2022,125,Sensory Processing Of Sound R-HSA-9659379,0.1745688066121261,0.24107120913103128,5.371621621621622,9.375823410278914,1,GSN
ECM/Adh-NPCs,up_in_severe,REAC,Reactome_2022,126,Nuclear Envelope (NE) Reassembly R-HSA-2995410,0.1745688066121261,0.24107120913103128,5.371621621621622,9.375823410278914,1,LMNA
Hom-NPCs,up_in_severe,GO:BP,GO_Biological_Process_2025,442,"DNA Damage Response, Signal Transduction by P53 Class Mediator (GO:0030330)",0.1428043841681324,0.24127924775192217,6.74804753820034,13.1335867781803,1,RPS27L
Hom-NPCs,up_in_severe,GO:BP,GO_Biological_Process_2025,443,Regulation of Extrinsic Apoptotic Signaling Pathway via Death Domain Receptors (GO:1902041),0.1428043841681324,0.24127924775192217,6.74804753820034,13.1335867781803,1,GPX1
Hom-NPCs,up_in_severe,GO:BP,GO_Biological_Process_2025,444,Apoptotic Mitochondrial Changes (GO:0008637),0.1428043841681324,0.24127924775192217,6.74804753820034,13.1335867781803,1,CLU
Hom-NPCs,up_in_severe,GO:BP,GO_Biological_Process_2025,445,Protein Transmembrane Import Into Intracellular Organelle (GO:0044743),0.1428043841681324,0.24127924775192217,6.74804753820034,13.1335867781803,1,ROMO1
Hom-NPCs,up_in_severe,GO:BP,GO_Biological_Process_2025,446,Respiratory System Development (GO:0060541),0.1428043841681324,0.24127924775192217,6.74804753820034,13.1335867781803,1,BASP1
Hom-NPCs,up_in_severe,GO:BP,GO_Biological_Process_2025,447,Response to Estrogen (GO:0043627),0.1428043841681324,0.24127924775192217,6.74804753820034,13.1335867781803,1,WBP2
Hom-NPCs,up_in_severe,GO:BP,GO_Biological_Process_2025,448,Response to Steroid Hormone (GO:0048545),0.1428043841681324,0.24127924775192217,6.74804753820034,13.1335867781803,1,WBP2
Hom-NPCs,up_in_severe,GO:BP,GO_Biological_Process_2025,449,Regulation of Cell Migration Involved in Sprouting Angiogenesis (GO:0090049),0.1428043841681324,0.24127924775192217,6.74804753820034,13.1335867781803,1,CIB1
Hom-NPCs,up_in_severe,GO:BP,GO_Biological_Process_2025,450,Positive Regulation of Establishment of Protein Localization to Mitochondrion (GO:1903749),0.1428043841681324,0.24127924775192217,6.74804753820034,13.1335867781803,1,UBL5
Hom-NPCs,up_in_severe,GO:BP,GO_Biological_Process_2025,451,Endodermal Cell Differentiation (GO:0035987),0.1428043841681324,0.24127924775192217,6.74804753820034,13.1335867781803,1,FN1
ECM/Adh-NPCs,up_in_severe,GO:BP,GO_Biological_Process_2025,341,RNA Processing (GO:0006396),0.169742592761452,0.2418349843958414,2.776640067791823,4.924293829852472,2,RPS19;FUS
ECM/Adh-NPCs,up_in_severe,GO:BP,GO_Biological_Process_2025,342,Heterochromatin Formation (GO:0031507),0.17032730933834414,0.2418349843958414,5.521388888888889,9.773042438478246,1,LMNA
ECM/Adh-NPCs,up_in_severe,GO:BP,GO_Biological_Process_2025,343,Positive Regulation of Cell-Substrate Adhesion (GO:0010811),0.17032730933834414,0.2418349843958414,5.521388888888889,9.773042438478246,1,CCDC80
Fibro-NPCs,up_in_severe,GO:BP,GO_Biological_Process_2025,298,Cellular Response to Tumor Necrosis Factor (GO:0071356),0.1818932267495944,0.2421187432987912,5.133850129198966,8.749802668901918,1,ZFP36L1
Fibro-NPCs,up_in_severe,GO:BP,GO_Biological_Process_2025,299,Defense Response to Gram-negative Bacterium (GO:0050829),0.1818932267495944,0.2421187432987912,5.133850129198966,8.749802668901918,1,RPS19
Fibro-reg NPCs,up_in_severe,GO:BP,GO_Biological_Process_2025,330,Positive Regulation of Interleukin-1 Beta Production (GO:0032731),0.15979474006921715,0.2428300732773904,5.926378539493293,10.868179139830657,1,HSPB1
Fibro-reg NPCs,up_in_severe,GO:BP,GO_Biological_Process_2025,331,Receptor Internalization (GO:0031623),0.15979474006921715,0.2428300732773904,5.926378539493293,10.868179139830657,1,CD81
Fibro-NPCs,up_in_severe,GO:BP,GO_Biological_Process_2025,300,T Cell Receptor Signaling Pathway (GO:0050852),0.1837830905392396,0.24300887054690154,5.074584929757344,8.596342164509942,1,THY1
Fibro-NPCs,up_in_severe,GO:BP,GO_Biological_Process_2025,301,Regulation of Mitotic Cell Cycle Phase Transition (GO:1901990),0.1837830905392396,0.24300887054690154,5.074584929757344,8.596342164509942,1,ZFP36L1
Fibro-NPCs,up_in_severe,GO:BP,GO_Biological_Process_2025,302,Nuclear-Transcribed mRNA Catabolic Process (GO:0000956),0.1856686833588573,0.2430793946606092,5.016666666666667,8.44702052052336,1,ZFP36L1
Fibro-NPCs,up_in_severe,GO:BP,GO_Biological_Process_2025,303,Cellular Response to Hormone Stimulus (GO:0032870),0.1856686833588573,0.2430793946606092,5.016666666666667,8.44702052052336,1,ZFP36L1
Fibro-NPCs,up_in_severe,GO:BP,GO_Biological_Process_2025,304,Positive Regulation of Canonical Wnt Signaling Pathway (GO:0090263),0.1856686833588573,0.2430793946606092,5.016666666666667,8.44702052052336,1,COL1A1
Hom/Reg-like NPCs,up_in_severe,GO:BP,GO_Biological_Process_2025,487,Positive Regulation of Cell Motility (GO:2000147),0.13737826679722495,0.24324046457515366,2.3964634146341464,4.757020824975301,3,COL1A1;SUN2;ZNF703
Hom/Reg-like NPCs,up_in_severe,GO:BP,GO_Biological_Process_2025,488,Regulation of Cell Motility (GO:2000145),0.13755754435472947,0.24324046457515366,3.1576173746406897,6.263806461513808,2,LMNA;TMSB10
Hom/Reg-like NPCs,up_in_severe,GO:BP,GO_Biological_Process_2025,489,Negative Regulation of Protein Localization to Membrane (GO:1905476),0.13915486785383646,0.24324046457515366,6.956932773109243,13.720238863404822,1,AP2M1
Hom/Reg-like NPCs,up_in_severe,GO:BP,GO_Biological_Process_2025,490,Organelle Fusion (GO:0048284),0.13915486785383646,0.24324046457515366,6.956932773109243,13.720238863404822,1,PNPLA2
Hom/Reg-like NPCs,up_in_severe,GO:BP,GO_Biological_Process_2025,491,Regulation of Supramolecular Fiber Organization (GO:1902903),0.13915486785383646,0.24324046457515366,6.956932773109243,13.720238863404822,1,EFEMP2
Hom/Reg-like NPCs,up_in_severe,GO:BP,GO_Biological_Process_2025,492,Positive Regulation of Defense Response to Virus by Host (GO:0002230),0.13915486785383646,0.24324046457515366,6.956932773109243,13.720238863404822,1,ZC3H12A
Hom/Reg-like NPCs,up_in_severe,GO:BP,GO_Biological_Process_2025,493,Synaptic Vesicle Endocytosis (GO:0048488),0.13915486785383646,0.24324046457515366,6.956932773109243,13.720238863404822,1,AP2M1
Hom/Reg-like NPCs,up_in_severe,GO:BP,GO_Biological_Process_2025,494,Positive Regulation of Protein Import Into Nucleus (GO:0042307),0.13915486785383646,0.24324046457515366,6.956932773109243,13.720238863404822,1,ZC3H12A
Hom/Reg-like NPCs,up_in_severe,GO:BP,GO_Biological_Process_2025,495,Positive Regulation of Protein Targeting to Mitochondrion (GO:1903955),0.13915486785383646,0.24324046457515366,6.956932773109243,13.720238863404822,1,UBL5
Hom/Reg-like NPCs,up_in_severe,GO:BP,GO_Biological_Process_2025,496,Regulation of Blood Coagulation (GO:0030193),0.13915486785383646,0.24324046457515366,6.956932773109243,13.720238863404822,1,PLAUR
ECM/Adh-NPCs,up_in_severe,GO:BP,GO_Biological_Process_2025,344,Negative Regulation of Apoptotic Signaling Pathway (GO:2001234),0.17245072208582304,0.24343043958201685,5.445479452054794,9.571212937670028,1,CLU
ECM/Adh-NPCs,up_in_severe,GO:BP,GO_Biological_Process_2025,345,Positive Regulation of Cytoskeleton Organization (GO:0051495),0.17245072208582304,0.24343043958201685,5.445479452054794,9.571212937670028,1,GSN
Hom-NPCs,up_in_severe,GO:BP,GO_Biological_Process_2025,452,Transcription by RNA Polymerase III (GO:0006383),0.14692551078290006,0.24391555384873606,6.536842105263158,12.536548953171899,1,POLR2F
Hom-NPCs,up_in_severe,GO:BP,GO_Biological_Process_2025,453,Heme Metabolic Process (GO:0042168),0.14692551078290006,0.24391555384873606,6.536842105263158,12.536548953171899,1,TSPO
Hom-NPCs,up_in_severe,GO:BP,GO_Biological_Process_2025,454,Protein Localization to Chromatin (GO:0071168),0.14692551078290006,0.24391555384873606,6.536842105263158,12.536548953171899,1,WBP2
Hom-NPCs,up_in_severe,GO:BP,GO_Biological_Process_2025,455,Positive Regulation of G1/S Transition of Mitotic Cell Cycle (GO:1900087),0.14692551078290006,0.24391555384873606,6.536842105263158,12.536548953171899,1,RGCC
Hom-NPCs,up_in_severe,GO:BP,GO_Biological_Process_2025,456,Regulation of Amyloid-Beta Formation (GO:1902003),0.14692551078290006,0.24391555384873606,6.536842105263158,12.536548953171899,1,CLU
Hom-NPCs,up_in_severe,GO:BP,GO_Biological_Process_2025,457,Negative Regulation of JNK Cascade (GO:0046329),0.14692551078290006,0.24391555384873606,6.536842105263158,12.536548953171899,1,GSTP1
Hom-NPCs,up_in_severe,GO:BP,GO_Biological_Process_2025,458,Regulation of calcineurin-NFAT Signaling Cascade (GO:0070884),0.14692551078290006,0.24391555384873606,6.536842105263158,12.536548953171899,1,CIB1
Hom-NPCs,up_in_severe,GO:BP,GO_Biological_Process_2025,459,Regulation of Cell Adhesion Mediated by Integrin (GO:0033628),0.14692551078290006,0.24391555384873606,6.536842105263158,12.536548953171899,1,CIB1
Fibro-NPCs,up_in_severe,GO:BP,GO_Biological_Process_2025,305,Positive Regulation of Cell Migration (GO:0030335),0.1872895182294567,0.24393760071719886,2.6065922381711855,4.3663017030206595,2,COL1A1;MMP14
Fibro-NPCs,up_in_severe,GO:BP,GO_Biological_Process_2025,306,Regulation of Protein Localization to Plasma Membrane (GO:1903076),0.18755001462176596,0.24393760071719886,4.960049937578027,8.30168381449168,1,MMP14
Hom-NPCs,up_in_severe,REAC,Reactome_2022,151,Glycosaminoglycan Metabolism R-HSA-1630316,0.11331134095080873,0.2439584338335079,3.567616300036062,7.76889840568967,2,BGN;PRELP
Hom-NPCs,up_in_severe,REAC,Reactome_2022,152,Inactivation Of CSF3 (G-CSF) Signaling R-HSA-9705462,0.11339963896848075,0.2439584338335079,8.719298245614034,18.980491657584732,1,ELOB
Fibro-NPCs,up_in_severe,GO:BP,GO_Biological_Process_2025,307,Positive Regulation of Intracellular Signal Transduction (GO:1902533),0.18876822990487405,0.24472233062586277,2.0752857705951913,3.45998972179932,3,LGALS1;CD81;RPL37
Fibro-NPCs,up_in_severe,GO:BP,GO_Biological_Process_2025,308,Regulation of Epithelial to Mesenchymal Transition (GO:0010717),0.18942709377430825,0.24477916663043728,4.904691358024691,8.160185435636516,1,COL1A1
Fibro-reg NPCs,up_in_severe,GO:BP,GO_Biological_Process_2025,332,Negative Regulation of Innate Immune Response (GO:0045824),0.16240668601845357,0.2453170062080545,5.820257611241217,10.579201036965058,1,SERPING1
Fibro-reg NPCs,up_in_severe,GO:BP,GO_Biological_Process_2025,333,Myeloid Cell Differentiation (GO:0030099),0.16240668601845357,0.2453170062080545,5.820257611241217,10.579201036965058,1,RPS14
Fibro-NPCs,up_in_severe,GO:BP,GO_Biological_Process_2025,309,Glucose Homeostasis (GO:0042593),0.1912999301686515,0.24560442647459127,4.85054945054945,8.022385666002098,1,RBP4
Fibro-NPCs,up_in_severe,GO:BP,GO_Biological_Process_2025,310,Sensory Perception of Mechanical Stimulus (GO:0050954),0.1912999301686515,0.24560442647459127,4.85054945054945,8.022385666002098,1,COL1A1
ECM/Adh-NPCs,up_in_severe,REAC,Reactome_2022,127,Oncogenic MAPK Signaling R-HSA-6802957,0.18089122166340732,0.24634441091516182,5.161558441558442,8.825539290482803,1,LMNA
ECM/Adh-NPCs,up_in_severe,REAC,Reactome_2022,128,Hemostasis R-HSA-109582,0.18121887699506156,0.24634441091516182,2.113438045375218,3.6098572471051815,3,SLC7A5;SERPING1;CLU
Fibro-NPCs,up_in_severe,GO:BP,GO_Biological_Process_2025,311,Regulation of Epithelial Cell Proliferation (GO:0050678),0.1931685332408311,0.24641370586490632,4.797584541062802,7.888151282241151,1,ZFP36L1
Fibro-NPCs,up_in_severe,GO:BP,GO_Biological_Process_2025,312,Regulation of Insulin Secretion (GO:0050796),0.1931685332408311,0.24641370586490632,4.797584541062802,7.888151282241151,1,RBP4
Hom/Reg-like NPCs,up_in_severe,GO:BP,GO_Biological_Process_2025,497,Regulation of Neuron Apoptotic Process (GO:0043523),0.14283438769262238,0.24652784694456104,3.0825602245263894,5.9988762742451325,2,CLU;CRLF1
Hom/Reg-like NPCs,up_in_severe,GO:BP,GO_Biological_Process_2025,498,Negative Regulation of Cytokine Production Involved in Inflammatory Response (GO:1900016),0.14359465133449056,0.24652784694456104,6.716700473292765,13.035509454318872,1,ZC3H12A
Hom/Reg-like NPCs,up_in_severe,GO:BP,GO_Biological_Process_2025,499,Negative Regulation of Response to Endoplasmic Reticulum Stress (GO:1903573),0.14359465133449056,0.24652784694456104,6.716700473292765,13.035509454318872,1,CLU
Hom/Reg-like NPCs,up_in_severe,GO:BP,GO_Biological_Process_2025,500,Peptide Hormone Processing (GO:0016486),0.14359465133449056,0.24652784694456104,6.716700473292765,13.035509454318872,1,P4HB
Hom/Reg-like NPCs,up_in_severe,GO:BP,GO_Biological_Process_2025,501,Cell Surface Toll-Like Receptor Signaling Pathway (GO:0140895),0.14359465133449056,0.24652784694456104,6.716700473292765,13.035509454318872,1,NDUFA2
Hom/Reg-like NPCs,up_in_severe,GO:BP,GO_Biological_Process_2025,502,Positive Regulation of B Cell Proliferation (GO:0030890),0.14359465133449056,0.24652784694456104,6.716700473292765,13.035509454318872,1,CD81
Hom/Reg-like NPCs,up_in_severe,GO:BP,GO_Biological_Process_2025,503,Clathrin-Dependent Endocytosis (GO:0072583),0.14359465133449056,0.24652784694456104,6.716700473292765,13.035509454318872,1,AP2M1
Hom/Reg-like NPCs,up_in_severe,GO:BP,GO_Biological_Process_2025,504,Positive Regulation of Nitric Oxide Biosynthetic Process (GO:0045429),0.14359465133449056,0.24652784694456104,6.716700473292765,13.035509454318872,1,CLU
Hom/Reg-like NPCs,up_in_severe,GO:BP,GO_Biological_Process_2025,505,Prostaglandin Metabolic Process (GO:0006693),0.14359465133449056,0.24652784694456104,6.716700473292765,13.035509454318872,1,GSTP1
Hom-NPCs,up_in_severe,REAC,Reactome_2022,153,GAG Synthesis Requires Tetrasaccharide Linker Sequence R-HSA-1971475,0.11766064016382115,0.2466348034203174,8.370105263157894,17.91161285774819,1,BGN
Hom-NPCs,up_in_severe,REAC,Reactome_2022,154,RNA Polymerase III Transcription Initiation From Type 2 Promoter R-HSA-76066,0.11766064016382115,0.2466348034203174,8.370105263157894,17.91161285774819,1,POLR2F
Hom-NPCs,up_in_severe,REAC,Reactome_2022,155,Caspase Activation Via Extrinsic Apoptotic Signaling Pathway R-HSA-5357769,0.11766064016382115,0.2466348034203174,8.370105263157894,17.91161285774819,1,NDUFA2
Hom-NPCs,up_in_severe,REAC,Reactome_2022,156,FGFR2 Alternative Splicing R-HSA-6803529,0.11766064016382115,0.2466348034203174,8.370105263157894,17.91161285774819,1,POLR2F
Hom/Reg-like NPCs,up_in_severe,REAC,Reactome_2022,215,Signaling To ERKs R-HSA-187687,0.15677839894346987,0.24667426989729435,6.08609068627451,11.277050976009841,1,MAPKAPK2
Hom/Reg-like NPCs,up_in_severe,REAC,Reactome_2022,216,Oncogene Induced Senescence R-HSA-2559585,0.15677839894346987,0.24667426989729435,6.08609068627451,11.277050976009841,1,ID1
Hom/Reg-like NPCs,up_in_severe,REAC,Reactome_2022,217,Activation Of Matrix Metalloproteinases R-HSA-1592389,0.15677839894346987,0.24667426989729435,6.08609068627451,11.277050976009841,1,TIMP1
Hom/Reg-like NPCs,up_in_severe,REAC,Reactome_2022,218,Plasma Lipoprotein Remodeling R-HSA-8963899,0.15677839894346987,0.24667426989729435,6.08609068627451,11.277050976009841,1,P4HB
Hom-NPCs,up_in_severe,GO:BP,GO_Biological_Process_2025,460,Protein Homooligomerization (GO:0051260),0.15043112713381512,0.24695836198539844,2.982194054625019,5.649020868943953,2,COMP;BASP1
Hom-NPCs,up_in_severe,GO:BP,GO_Biological_Process_2025,461,Tumor Necrosis Factor-Mediated Signaling Pathway (GO:0033209),0.151027029770598,0.24695836198539844,6.3384370015948965,11.98152498220752,1,TMSB4X
Hom-NPCs,up_in_severe,GO:BP,GO_Biological_Process_2025,462,Regulation of Gluconeogenesis (GO:0006111),0.151027029770598,0.24695836198539844,6.3384370015948965,11.98152498220752,1,NNMT
Hom-NPCs,up_in_severe,GO:BP,GO_Biological_Process_2025,463,Negative Regulation of Microtubule Polymerization or Depolymerization (GO:0031111),0.151027029770598,0.24695836198539844,6.3384370015948965,11.98152498220752,1,CIB1
Hom-NPCs,up_in_severe,GO:BP,GO_Biological_Process_2025,464,Regulation of JUN Kinase Activity (GO:0043506),0.151027029770598,0.24695836198539844,6.3384370015948965,11.98152498220752,1,GSTP1
Hom-NPCs,up_in_severe,GO:BP,GO_Biological_Process_2025,465,Negative Regulation of Blood Vessel Endothelial Cell Migration (GO:0043537),0.151027029770598,0.24695836198539844,6.3384370015948965,11.98152498220752,1,RGCC
Hom-NPCs,up_in_severe,GO:BP,GO_Biological_Process_2025,466,Positive Regulation of Establishment of Protein Localization (GO:1904951),0.151027029770598,0.24695836198539844,6.3384370015948965,11.98152498220752,1,CIB1
Fibro-reg NPCs,up_in_severe,GO:BP,GO_Biological_Process_2025,334,Positive Regulation of Type II Interferon Production (GO:0032729),0.16501064277049549,0.24702486105225963,5.71786022433132,10.302127816821818,1,CD276
Fibro-reg NPCs,up_in_severe,GO:BP,GO_Biological_Process_2025,335,Muscle Organ Development (GO:0007517),0.16501064277049549,0.24702486105225963,5.71786022433132,10.302127816821818,1,LMNA
Fibro-reg NPCs,up_in_severe,GO:BP,GO_Biological_Process_2025,336,Sterol Metabolic Process (GO:0016125),0.16501064277049549,0.24702486105225963,5.71786022433132,10.302127816821818,1,CYP1B1
Fibro-NPCs,up_in_severe,GO:BP,GO_Biological_Process_2025,313,Regulation of Immune Response (GO:0050776),0.19503291231959316,0.24720732198470724,4.745758661887694,7.757355193343563,1,COL3A1
Fibro-NPCs,up_in_severe,GO:BP,GO_Biological_Process_2025,314,Cellular Response to Peptide Hormone Stimulus (GO:0071375),0.19503291231959316,0.24720732198470724,4.745758661887694,7.757355193343563,1,ZFP36L1
ECM/Adh-NPCs,up_in_severe,GO:BP,GO_Biological_Process_2025,346,Positive Regulation of Protein Localization to Membrane (GO:1905477),0.17668157601603904,0.24725266528681325,5.299733333333333,9.186590470597055,1,CD81
ECM/Adh-NPCs,up_in_severe,GO:BP,GO_Biological_Process_2025,347,Negative Regulation of Supramolecular Fiber Organization (GO:1902904),0.17668157601603904,0.24725266528681325,5.299733333333333,9.186590470597055,1,CLU
ECM/Adh-NPCs,up_in_severe,GO:BP,GO_Biological_Process_2025,348,Regulation of Rho Protein Signal Transduction (GO:0035023),0.17668157601603904,0.24725266528681325,5.299733333333333,9.186590470597055,1,COL3A1
Eff-NPCs,up_in_severe,GO:BP,GO_Biological_Process_2025,196,Regulation of Cell Migration (GO:0030334),0.23411482824793828,0.24725392575164906,4.081799163179916,5.926542028517176,1,COL1A1
Hom/Reg-like NPCs,up_in_severe,GO:BP,GO_Biological_Process_2025,506,Cytokine-Mediated Signaling Pathway (GO:0019221),0.14449941138563863,0.24759088867855475,2.338690476190476,4.524149589635407,3,IL1R1;P4HB;CRLF1
Fibro-reg NPCs,up_in_severe,REAC,Reactome_2022,100,XBP1(S) Activates Chaperone Genes R-HSA-381038,0.13323053626030973,0.2478087974441761,7.246994535519126,14.607580608109659,1,LMNA
Eff-NPCs,up_in_severe,REAC,Reactome_2022,42,Post-translational Protein Modification R-HSA-597592,0.17379941913549263,0.2482848844792752,2.9942875533027595,5.239564280576326,2,CST3;MFGE8
Hom/Reg-like NPCs,up_in_severe,GO:BP,GO_Biological_Process_2025,507,Regulation of Dendritic Spine Morphogenesis (GO:0061001),0.14801175796785074,0.24845157555391287,6.492483660130719,12.40365346374743,1,NGEF
Hom/Reg-like NPCs,up_in_severe,GO:BP,GO_Biological_Process_2025,508,Regulation of Macrophage Activation (GO:0043030),0.14801175796785074,0.24845157555391287,6.492483660130719,12.40365346374743,1,ZC3H12A
Hom/Reg-like NPCs,up_in_severe,GO:BP,GO_Biological_Process_2025,509,Regulation of Neuron Migration (GO:2001222),0.14801175796785074,0.24845157555391287,6.492483660130719,12.40365346374743,1,COL3A1
Hom/Reg-like NPCs,up_in_severe,GO:BP,GO_Biological_Process_2025,510,Regulation of Protein Modification Process (GO:0031399),0.14801175796785074,0.24845157555391287,6.492483660130719,12.40365346374743,1,HSPB1
Hom/Reg-like NPCs,up_in_severe,GO:BP,GO_Biological_Process_2025,511,Regulation of Stress-Activated MAPK Cascade (GO:0032872),0.14801175796785074,0.24845157555391287,6.492483660130719,12.40365346374743,1,GSTP1
Hom/Reg-like NPCs,up_in_severe,GO:BP,GO_Biological_Process_2025,512,Transition Metal Ion Transport (GO:0000041),0.14801175796785074,0.24845157555391287,6.492483660130719,12.40365346374743,1,MELTF
Hom/Reg-like NPCs,up_in_severe,GO:BP,GO_Biological_Process_2025,513,Vacuolar Acidification (GO:0007035),0.14801175796785074,0.24845157555391287,6.492483660130719,12.40365346374743,1,LAMP1
Hom/Reg-like NPCs,up_in_severe,GO:BP,GO_Biological_Process_2025,514,Positive Regulation of Nitric Oxide Metabolic Process (GO:1904407),0.14801175796785074,0.24845157555391287,6.492483660130719,12.40365346374743,1,CLU
Hom/Reg-like NPCs,up_in_severe,GO:BP,GO_Biological_Process_2025,515,Innate Immune Response Activating Cell Surface Receptor Signaling Pathway (GO:0002220),0.14801175796785074,0.24845157555391287,6.492483660130719,12.40365346374743,1,NDUFA2
Hom/Reg-like NPCs,up_in_severe,GO:BP,GO_Biological_Process_2025,516,Negative Regulation of MAP Kinase Activity (GO:0043407),0.14801175796785074,0.24845157555391287,6.492483660130719,12.40365346374743,1,GSTP1
Hom/Reg-like NPCs,up_in_severe,GO:BP,GO_Biological_Process_2025,517,Circulatory System Development (GO:0072359),0.14815393836375196,0.24845157555391287,3.010967250571211,5.749452267570902,2,COL3A1;PDLIM7
Fibro-reg NPCs,up_in_severe,REAC,Reactome_2022,101,Vesicle-mediated Transport R-HSA-5653656,0.13505260899857477,0.24871074528450404,2.103284850465762,4.2109674175168985,4,COL1A1;COL3A1;SPARC;COL1A2
ECM/Adh-NPCs,up_in_severe,GO:BP,GO_Biological_Process_2025,349,Positive Regulation of Lymphocyte Proliferation (GO:0050671),0.1787890433370947,0.24877218315761462,5.229736842105263,9.00324664615651,1,CD81
ECM/Adh-NPCs,up_in_severe,GO:BP,GO_Biological_Process_2025,350,Cellular Response to Hypoxia (GO:0071456),0.1787890433370947,0.24877218315761462,5.229736842105263,9.00324664615651,1,LMNA
Fibro-NPCs,up_in_severe,GO:BP,GO_Biological_Process_2025,315,Positive Regulation of Immune Response (GO:0050778),0.19689307673716672,0.24877283981394396,4.695035460992908,7.629876094954535,1,CD81
Hom-NPCs,up_in_severe,REAC,Reactome_2022,157,RNA Pol II CTD Phosphorylation And Interaction With CE R-HSA-77075,0.12190137537938366,0.24913593593161537,8.047773279352226,16.936884596393483,1,POLR2F
Hom-NPCs,up_in_severe,REAC,Reactome_2022,158,RNA Polymerase III Transcription Initiation From Type 1 Promoter R-HSA-76061,0.12190137537938366,0.24913593593161537,8.047773279352226,16.936884596393483,1,POLR2F
Hom-NPCs,up_in_severe,REAC,Reactome_2022,159,RNA Polymerase III Transcription Initiation From Type 3 Promoter R-HSA-76071,0.12190137537938366,0.24913593593161537,8.047773279352226,16.936884596393483,1,POLR2F
Hom-NPCs,up_in_severe,REAC,Reactome_2022,160,Integrin Signaling R-HSA-354192,0.12190137537938366,0.24913593593161537,8.047773279352226,16.936884596393483,1,FN1
Hom-NPCs,up_in_severe,GO:BP,GO_Biological_Process_2025,467,Positive Regulation of Mitotic Nuclear Division (GO:0045840),0.15510903343194013,0.24935249678299234,6.151702786377709,11.464479210986868,1,RGCC
Hom-NPCs,up_in_severe,GO:BP,GO_Biological_Process_2025,468,Positive Regulation of Substrate Adhesion-Dependent Cell Spreading (GO:1900026),0.15510903343194013,0.24935249678299234,6.151702786377709,11.464479210986868,1,CIB1
Hom-NPCs,up_in_severe,GO:BP,GO_Biological_Process_2025,469,Neural Crest Cell Migration (GO:0001755),0.15510903343194013,0.24935249678299234,6.151702786377709,11.464479210986868,1,FN1
Hom-NPCs,up_in_severe,GO:BP,GO_Biological_Process_2025,470,Regulation of p38MAPK Cascade (GO:1900744),0.15510903343194013,0.24935249678299234,6.151702786377709,11.464479210986868,1,GADD45B
Hom-NPCs,up_in_severe,GO:BP,GO_Biological_Process_2025,471,Macrophage Activation (GO:0042116),0.15510903343194013,0.24935249678299234,6.151702786377709,11.464479210986868,1,CLU
Hom-NPCs,up_in_severe,GO:BP,GO_Biological_Process_2025,472,Protein Localization to Lysosome (GO:0061462),0.15510903343194013,0.24935249678299234,6.151702786377709,11.464479210986868,1,CD81
Hom-NPCs,up_in_severe,GO:BP,GO_Biological_Process_2025,473,Skeletal Muscle Organ Development (GO:0060538),0.15510903343194013,0.24935249678299234,6.151702786377709,11.464479210986868,1,MYL6
Hom-NPCs,up_in_severe,GO:BP,GO_Biological_Process_2025,474,Substrate Adhesion-Dependent Cell Spreading (GO:0034446),0.15510903343194013,0.24935249678299234,6.151702786377709,11.464479210986868,1,FN1
Fibro-reg NPCs,up_in_severe,GO:BP,GO_Biological_Process_2025,337,Microtubule Cytoskeleton Organization Involved in Mitosis (GO:1902850),0.16760663440662368,0.24942644114358495,5.618993781797625,10.036284307014343,1,SUN2
Fibro-reg NPCs,up_in_severe,GO:BP,GO_Biological_Process_2025,338,Regulation of Bone Mineralization (GO:0030500),0.16760663440662368,0.24942644114358495,5.618993781797625,10.036284307014343,1,SRGN
Fibro-reg NPCs,up_in_severe,KEGG,KEGG_2021_Human,20,Estrogen signaling pathway,0.06749138031716871,0.24971810717352425,4.8896296296296295,13.181245420683382,2,MMP2;FKBP5
Fibro-reg NPCs,up_in_severe,GO:BP,GO_Biological_Process_2025,339,Negative Regulation of Intrinsic Apoptotic Signaling Pathway (GO:2001243),0.17019468484930952,0.25031557450059266,5.523478744095582,9.78104405565578,1,HSPB1
Fibro-reg NPCs,up_in_severe,GO:BP,GO_Biological_Process_2025,340,Neuron Migration (GO:0001764),0.17019468484930952,0.25031557450059266,5.523478744095582,9.78104405565578,1,DDIT4
Fibro-reg NPCs,up_in_severe,GO:BP,GO_Biological_Process_2025,341,Protein Targeting to Mitochondrion (GO:0006626),0.17019468484930952,0.25031557450059266,5.523478744095582,9.78104405565578,1,TSPO
Fibro-reg NPCs,up_in_severe,GO:BP,GO_Biological_Process_2025,342,Response to Reactive Oxygen Species (GO:0000302),0.17019468484930952,0.25031557450059266,5.523478744095582,9.78104405565578,1,HBB
Fibro-NPCs,up_in_severe,GO:BP,GO_Biological_Process_2025,316,Sensory Perception of Sound (GO:0007605),0.19874903582381123,0.2503231527148002,4.645380116959064,7.505598149262955,1,COL1A1
ECM/Adh-NPCs,up_in_severe,GO:BP,GO_Biological_Process_2025,351,Cellular Response to Decreased Oxygen Levels (GO:0036294),0.18089122166340732,0.2509801280629042,5.161558441558442,8.825539290482803,1,LMNA
Fibro-reg NPCs,up_in_severe,GO:BP,GO_Biological_Process_2025,343,Vesicle Organization (GO:0016050),0.17277481801059041,0.25190067669370136,5.4311475409836065,9.53582507511925,1,SRGN
Fibro-reg NPCs,up_in_severe,GO:BP,GO_Biological_Process_2025,344,Regulation of Reactive Oxygen Species Metabolic Process (GO:2000377),0.17277481801059041,0.25190067669370136,5.4311475409836065,9.53582507511925,1,CYP1B1
Fibro-reg NPCs,up_in_severe,GO:BP,GO_Biological_Process_2025,345,Negative Regulation of Canonical NF-kappaB Signal Transduction (GO:0043124),0.17277481801059041,0.25190067669370136,5.4311475409836065,9.53582507511925,1,TMSB4X
Hom-NPCs,up_in_severe,GO:BP,GO_Biological_Process_2025,475,Positive Regulation of Metabolic Process (GO:0009893),0.15711746624803988,0.25204949322317133,2.8993396918561998,5.365986453179701,2,CHCHD2;ROMO1
Hom/Reg-like NPCs,up_in_severe,GO:BP,GO_Biological_Process_2025,518,Negative Regulation of Interleukin-6 Production (GO:0032715),0.1524063024684363,0.2521684432063631,6.282732447817837,11.819109465002011,1,ZC3H12A
Hom/Reg-like NPCs,up_in_severe,GO:BP,GO_Biological_Process_2025,519,Apoptotic Mitochondrial Changes (GO:0008637),0.1524063024684363,0.2521684432063631,6.282732447817837,11.819109465002011,1,CLU
Hom/Reg-like NPCs,up_in_severe,GO:BP,GO_Biological_Process_2025,520,Response to Estrogen (GO:0043627),0.1524063024684363,0.2521684432063631,6.282732447817837,11.819109465002011,1,WBP2
Hom/Reg-like NPCs,up_in_severe,GO:BP,GO_Biological_Process_2025,521,Chondrocyte Differentiation (GO:0002062),0.1524063024684363,0.2521684432063631,6.282732447817837,11.819109465002011,1,SCX
Hom/Reg-like NPCs,up_in_severe,GO:BP,GO_Biological_Process_2025,522,Response to Steroid Hormone (GO:0048545),0.1524063024684363,0.2521684432063631,6.282732447817837,11.819109465002011,1,WBP2
Hom/Reg-like NPCs,up_in_severe,GO:BP,GO_Biological_Process_2025,523,Positive Regulation of Establishment of Protein Localization to Mitochondrion (GO:1903749),0.1524063024684363,0.2521684432063631,6.282732447817837,11.819109465002011,1,UBL5
Hom/Reg-like NPCs,up_in_severe,GO:BP,GO_Biological_Process_2025,524,Lipid Droplet Organization (GO:0034389),0.1524063024684363,0.2521684432063631,6.282732447817837,11.819109465002011,1,PNPLA2
Fibro-NPCs,up_in_severe,GO:BP,GO_Biological_Process_2025,317,Positive Regulation of MAPK Cascade (GO:0043410),0.20232401831618427,0.2525844931284282,2.473989898989899,3.953150893609431,2,GADD45B;CD81
Fibro-NPCs,up_in_severe,GO:BP,GO_Biological_Process_2025,318,Positive Regulation of Hydrolase Activity (GO:0051345),0.2024483751456497,0.2525844931284282,4.54914089347079,7.266207923932136,1,THY1
Fibro-NPCs,up_in_severe,GO:BP,GO_Biological_Process_2025,319,rRNA Metabolic Process (GO:0016072),0.2024483751456497,0.2525844931284282,4.54914089347079,7.266207923932136,1,RPS19
Fibro-reg NPCs,up_in_severe,REAC,Reactome_2022,102,IRE1alpha Activates Chaperones R-HSA-381070,0.13860865387730728,0.25275695707038387,6.937914196023718,13.71001749051947,1,LMNA
Fibro-reg NPCs,up_in_severe,KEGG,KEGG_2021_Human,21,Apoptosis,0.07182594139250559,0.25310093633549585,4.713809523809524,12.413862480089664,2,GADD45B;LMNA
Hom-NPCs,up_in_severe,GO:BP,GO_Biological_Process_2025,476,Negative Regulation of Hydrolase Activity (GO:0051346),0.15917161362853124,0.253742195784395,5.975639097744361,10.981864174896383,1,CST3
Hom-NPCs,up_in_severe,GO:BP,GO_Biological_Process_2025,477,Negative Regulation of Cell Cycle G1/S Phase Transition (GO:1902807),0.15917161362853124,0.253742195784395,5.975639097744361,10.981864174896383,1,TMSB4X
Hom-NPCs,up_in_severe,GO:BP,GO_Biological_Process_2025,478,Endoderm Formation (GO:0001706),0.15917161362853124,0.253742195784395,5.975639097744361,10.981864174896383,1,FN1
Fibro-NPCs,up_in_severe,KEGG,KEGG_2021_Human,19,Thyroid cancer,0.08173986122317027,0.2538237795877393,12.295061728395062,30.789459546748624,1,GADD45B
ECM/Adh-NPCs,up_in_severe,GO:BP,GO_Biological_Process_2025,352,Regulation of Double-Strand Break Repair via Homologous Recombination (GO:0010569),0.18507976322624597,0.253899488063115,5.030379746835443,8.486091643982048,1,FUS
ECM/Adh-NPCs,up_in_severe,GO:BP,GO_Biological_Process_2025,353,Regulation of mRNA Stability (GO:0043488),0.18507976322624597,0.253899488063115,5.030379746835443,8.486091643982048,1,FUS
ECM/Adh-NPCs,up_in_severe,GO:BP,GO_Biological_Process_2025,354,Negative Regulation of Cellular Component Organization (GO:0051129),0.18507976322624597,0.253899488063115,5.030379746835443,8.486091643982048,1,CLU
ECM/Adh-NPCs,up_in_severe,GO:BP,GO_Biological_Process_2025,355,Protein Transport (GO:0015031),0.18525512491125176,0.253899488063115,2.6201147125516875,4.417569345729711,2,ARF1;CLU
ECM/Adh-NPCs,up_in_severe,GO:BP,GO_Biological_Process_2025,356,Negative Regulation of Neuron Apoptotic Process (GO:0043524),0.18716615239149548,0.253899488063115,4.96725,8.323911613583027,1,CLU
ECM/Adh-NPCs,up_in_severe,GO:BP,GO_Biological_Process_2025,357,Wound Healing (GO:0042060),0.18716615239149548,0.253899488063115,4.96725,8.323911613583027,1,COL3A1
ECM/Adh-NPCs,up_in_severe,GO:BP,GO_Biological_Process_2025,358,Positive Regulation of JNK Cascade (GO:0046330),0.18716615239149548,0.253899488063115,4.96725,8.323911613583027,1,GADD45B
ECM/Adh-NPCs,up_in_severe,GO:BP,GO_Biological_Process_2025,359,Regulation of Catabolic Process (GO:0009894),0.18716615239149548,0.253899488063115,4.96725,8.323911613583027,1,HSPB1
Fibro-NPCs,up_in_severe,GO:BP,GO_Biological_Process_2025,320,Positive Regulation of Protein Catabolic Process (GO:0045732),0.2042917739097955,0.2540878938003081,4.502494331065759,7.150888703946834,1,CD81
Fibro-reg NPCs,up_in_severe,REAC,Reactome_2022,103,EPH-ephrin Mediated Repulsion Of Cells R-HSA-3928665,0.14128538719624217,0.25455310789629343,6.793032786885246,13.293784547448325,1,MMP2
Fibro-reg NPCs,up_in_severe,REAC,Reactome_2022,104,Chondroitin Sulfate/Dermatan Sulfate Metabolism R-HSA-1793185,0.14395393646955568,0.25455310789629343,6.654064904650385,12.897320592663672,1,BGN
Fibro-reg NPCs,up_in_severe,REAC,Reactome_2022,105,Regulation Of Ornithine Decarboxylase (ODC) R-HSA-350562,0.14395393646955568,0.25455310789629343,6.654064904650385,12.897320592663672,1,OAZ1
Fibro-reg NPCs,up_in_severe,REAC,Reactome_2022,106,Transcriptional Activity Of SMAD2/SMAD3:SMAD4 Heterotrimer R-HSA-2173793,0.14661432628051652,0.25455310789629343,6.520655737704918,12.519331488414107,1,COL1A2
Fibro-reg NPCs,up_in_severe,REAC,Reactome_2022,107,Apoptotic Execution Phase R-HSA-75153,0.1492665811884197,0.25455310789629343,6.392478302796529,12.158630761981279,1,LMNA
Fibro-reg NPCs,up_in_severe,REAC,Reactome_2022,108,Signaling By PDGF R-HSA-186797,0.1492665811884197,0.25455310789629343,6.392478302796529,12.158630761981279,1,COL6A2
Fibro-reg NPCs,up_in_severe,REAC,Reactome_2022,109,Metabolism Of RNA R-HSA-8953854,0.1514447445319889,0.25455310789629343,2.0081258464423377,3.7904067012820124,4,RPS14;RPS9;HSPB1;RPL39
Fibro-reg NPCs,up_in_severe,REAC,Reactome_2022,110,Heparan Sulfate/Heparin (HS-GAG) Metabolism R-HSA-1638091,0.15191072568004607,0.25455310789629343,6.269230769230769,11.81412879472099,1,BGN
Fibro-reg NPCs,up_in_severe,REAC,Reactome_2022,111,Nuclear Envelope Breakdown R-HSA-2980766,0.15191072568004607,0.25455310789629343,6.269230769230769,11.81412879472099,1,LMNA
Hom-NPCs,up_in_severe,REAC,Reactome_2022,161,Paracetamol ADME R-HSA-9753281,0.12612193997636728,0.2545794714337784,7.749317738791423,16.045009357904707,1,GSTP1
Hom-NPCs,up_in_severe,REAC,Reactome_2022,162,Keratan Sulfate Biosynthesis R-HSA-2022854,0.12612193997636728,0.2545794714337784,7.749317738791423,16.045009357904707,1,PRELP
Fibro-NPCs,up_in_severe,REAC,Reactome_2022,113,Vesicle-mediated Transport R-HSA-5653656,0.180088517297927,0.2546918907889859,2.126036240921429,3.6446783555216107,3,COL1A1;COL3A1;COL1A2
Fibro-NPCs,up_in_severe,REAC,Reactome_2022,114,Regulation Of mRNA Stability By Proteins That Bind AU-rich Elements R-HSA-450531,0.1837830905392396,0.2546918907889859,5.074584929757344,8.596342164509942,1,ZFP36L1
Fibro-NPCs,up_in_severe,REAC,Reactome_2022,115,Meiosis R-HSA-1500620,0.1837830905392396,0.2546918907889859,5.074584929757344,8.596342164509942,1,LMNA
Fibro-NPCs,up_in_severe,REAC,Reactome_2022,116,Unfolded Protein Response (UPR) R-HSA-381119,0.1856686833588573,0.2546918907889859,5.016666666666667,8.44702052052336,1,LMNA
Fibro-NPCs,up_in_severe,REAC,Reactome_2022,117,MAPK6/MAPK4 Signaling R-HSA-5687128,0.18755001462176596,0.2546918907889859,4.960049937578027,8.30168381449168,1,MMP2
Fibro-NPCs,up_in_severe,REAC,Reactome_2022,118,EPH-Ephrin Signaling R-HSA-2682334,0.18942709377430825,0.2546918907889859,4.904691358024691,8.160185435636516,1,MMP2
Fibro-NPCs,up_in_severe,REAC,Reactome_2022,119,Signaling By TGF-beta Receptor Complex R-HSA-170834,0.18942709377430825,0.2546918907889859,4.904691358024691,8.160185435636516,1,COL1A2
Fibro-NPCs,up_in_severe,REAC,Reactome_2022,120,Post-translational Modification: Synthesis Of GPI-anchored Proteins R-HSA-163125,0.1912999301686515,0.25506657355820195,4.85054945054945,8.022385666002098,1,THY1
Hom/Reg-like NPCs,up_in_severe,REAC,Reactome_2022,219,Plasma Lipoprotein Clearance R-HSA-8964043,0.16545570143097044,0.2556365116703732,5.727508650519031,10.304084661682172,1,AP2M1
Hom/Reg-like NPCs,up_in_severe,REAC,Reactome_2022,220,Gene And Protein Expression By JAK-STAT Signaling After Interleukin-12 Stimulation R-HSA-8950505,0.16545570143097044,0.2556365116703732,5.727508650519031,10.304084661682172,1,RPLP0
Hom/Reg-like NPCs,up_in_severe,REAC,Reactome_2022,221,RHOBTB GTPase Cycle R-HSA-9706574,0.16545570143097044,0.2556365116703732,5.727508650519031,10.304084661682172,1,CDC37
Hom/Reg-like NPCs,up_in_severe,REAC,Reactome_2022,222,Metabolism Of Steroid Hormones R-HSA-196071,0.16545570143097044,0.2556365116703732,5.727508650519031,10.304084661682172,1,TSPO
Hom/Reg-like NPCs,up_in_severe,GO:BP,GO_Biological_Process_2025,525,Protein Targeting (GO:0006605),0.1553087555280736,0.25598280957436603,2.9204965272646666,5.438958005664407,2,CDC37;TSPO
Hom/Reg-like NPCs,up_in_severe,GO:BP,GO_Biological_Process_2025,526,Rescue of Stalled Ribosome (GO:0072344),0.15677839894346987,0.25598280957436603,6.08609068627451,11.277050976009841,1,TCF25
Hom/Reg-like NPCs,up_in_severe,GO:BP,GO_Biological_Process_2025,527,Response to Estradiol (GO:0032355),0.15677839894346987,0.25598280957436603,6.08609068627451,11.277050976009841,1,ZNF703
Hom/Reg-like NPCs,up_in_severe,GO:BP,GO_Biological_Process_2025,528,Heme Metabolic Process (GO:0042168),0.15677839894346987,0.25598280957436603,6.08609068627451,11.277050976009841,1,TSPO
Hom/Reg-like NPCs,up_in_severe,GO:BP,GO_Biological_Process_2025,529,Protein Localization to Chromatin (GO:0071168),0.15677839894346987,0.25598280957436603,6.08609068627451,11.277050976009841,1,WBP2
Hom/Reg-like NPCs,up_in_severe,GO:BP,GO_Biological_Process_2025,530,Regulation of Amyloid-Beta Formation (GO:1902003),0.15677839894346987,0.25598280957436603,6.08609068627451,11.277050976009841,1,CLU
Hom/Reg-like NPCs,up_in_severe,GO:BP,GO_Biological_Process_2025,531,Negative Regulation of JNK Cascade (GO:0046329),0.15677839894346987,0.25598280957436603,6.08609068627451,11.277050976009841,1,GSTP1
ECM/Adh-NPCs,up_in_severe,GO:BP,GO_Biological_Process_2025,360,Regulation of Interleukin-1 Beta Production (GO:0032651),0.18924730440123608,0.2560095478983388,4.905679012345679,8.166486944159466,1,HSPB1
ECM/Adh-NPCs,up_in_severe,GO:BP,GO_Biological_Process_2025,361,Positive Regulation of Apoptotic Process (GO:0043065),0.18985816564287708,0.2561244506041029,2.5773344707657984,4.282184475956453,2,GADD45B;CLU
Fibro-reg NPCs,up_in_severe,REAC,Reactome_2022,112,AUF1 (hnRNP D0) Binds And Destabilizes mRNA R-HSA-450408,0.15454678410953343,0.25665805218190374,6.150634085988246,11.484823277475583,1,HSPB1
Fibro-NPCs,up_in_severe,GO:BP,GO_Biological_Process_2025,321,Visual Perception (GO:0007601),0.20796607582317628,0.25705123657647255,4.412,6.928517925895823,1,COL1A1
Fibro-NPCs,up_in_severe,GO:BP,GO_Biological_Process_2025,322,Sensory Perception of Light Stimulus (GO:0050953),0.20796607582317628,0.25705123657647255,4.412,6.928517925895823,1,COL1A1
Hom-NPCs,up_in_severe,GO:BP,GO_Biological_Process_2025,479,Negative Regulation of Endothelial Cell Migration (GO:0010596),0.16321486184296569,0.2574942540876602,5.809356725146199,10.530549918517721,1,RGCC
Hom-NPCs,up_in_severe,GO:BP,GO_Biological_Process_2025,480,Anterograde Axonal Transport (GO:0008089),0.16321486184296569,0.2574942540876602,5.809356725146199,10.530549918517721,1,HSPB1
Hom-NPCs,up_in_severe,GO:BP,GO_Biological_Process_2025,481,Intrinsic Apoptotic Signaling Pathway by P53 Class Mediator (GO:0072332),0.16321486184296569,0.2574942540876602,5.809356725146199,10.530549918517721,1,RPS27L
Hom-NPCs,up_in_severe,GO:BP,GO_Biological_Process_2025,482,Spliceosomal snRNP Assembly (GO:0000387),0.16321486184296569,0.2574942540876602,5.809356725146199,10.530549918517721,1,SNRPB
Hom-NPCs,up_in_severe,GO:BP,GO_Biological_Process_2025,483,Superoxide Metabolic Process (GO:0006801),0.16321486184296569,0.2574942540876602,5.809356725146199,10.530549918517721,1,SOD3
Fibro-reg NPCs,up_in_severe,GO:BP,GO_Biological_Process_2025,346,Positive Regulation of Interleukin-1 Production (GO:0032732),0.1779114276898999,0.2578946631931402,5.255420412480169,9.07332278789932,1,HSPB1
Fibro-reg NPCs,up_in_severe,GO:BP,GO_Biological_Process_2025,347,Canonical Wnt Signaling Pathway (GO:0060070),0.1779114276898999,0.2578946631931402,5.255420412480169,9.07332278789932,1,SFRP4
Hom-NPCs,up_in_severe,REAC,Reactome_2022,163,PIWI-interacting RNA (piRNA) Biogenesis R-HSA-5601884,0.13032242890561546,0.25827535910385613,7.472180451127819,15.226388466574354,1,POLR2F
Hom-NPCs,up_in_severe,REAC,Reactome_2022,164,Processing Of Capped Intronless Pre-mRNA R-HSA-75067,0.13032242890561546,0.25827535910385613,7.472180451127819,15.226388466574354,1,SNRPB
Hom-NPCs,up_in_severe,REAC,Reactome_2022,165,mRNA Capping R-HSA-72086,0.13032242890561546,0.25827535910385613,7.472180451127819,15.226388466574354,1,POLR2F
Fibro-reg NPCs,up_in_severe,GO:BP,GO_Biological_Process_2025,348,Positive Regulation of Neurogenesis (GO:0050769),0.18046795162703247,0.25858813637550815,5.171740827478533,8.855065351793941,1,SERPINF1
Fibro-reg NPCs,up_in_severe,GO:BP,GO_Biological_Process_2025,349,Retinoid Metabolic Process (GO:0001523),0.18046795162703247,0.25858813637550815,5.171740827478533,8.855065351793941,1,CYP1B1
Fibro-reg NPCs,up_in_severe,GO:BP,GO_Biological_Process_2025,350,Regulation of Inflammatory Response (GO:0050727),0.1804922937037255,0.25858813637550815,2.6573549257759783,4.54957019730159,2,LGALS1;TMSB4X
Fibro-reg NPCs,up_in_severe,GO:BP,GO_Biological_Process_2025,351,Anterior/Posterior Pattern Specification (GO:0009952),0.18301665318028013,0.25858813637550815,5.090676229508197,8.644875036277423,1,BASP1
Fibro-reg NPCs,up_in_severe,GO:BP,GO_Biological_Process_2025,352,Regulation of Phosphorylation (GO:0042325),0.18301665318028013,0.25858813637550815,5.090676229508197,8.644875036277423,1,HSPB1
Fibro-reg NPCs,up_in_severe,GO:BP,GO_Biological_Process_2025,353,Positive Regulation of T Cell Proliferation (GO:0042102),0.18301665318028013,0.25858813637550815,5.090676229508197,8.644875036277423,1,CD276
Fibro-reg NPCs,up_in_severe,GO:BP,GO_Biological_Process_2025,354,Negative Regulation of NF-kappaB Transcription Factor Activity (GO:0032088),0.18301665318028013,0.25858813637550815,5.090676229508197,8.644875036277423,1,CYP1B1
Fibro-reg NPCs,up_in_severe,GO:BP,GO_Biological_Process_2025,355,Positive Regulation of Cell Junction Assembly (GO:1901890),0.18301665318028013,0.25858813637550815,5.090676229508197,8.644875036277423,1,THY1
Fibro-reg NPCs,up_in_severe,GO:BP,GO_Biological_Process_2025,356,Regulation of Cell-Matrix Adhesion (GO:0001952),0.18301665318028013,0.25858813637550815,5.090676229508197,8.644875036277423,1,THY1
Hom/Reg-like NPCs,up_in_severe,GO:BP,GO_Biological_Process_2025,532,protein-RNA Complex Assembly (GO:0022618),0.1589111369250323,0.25897736036466734,2.877256843331392,5.292455356215577,2,RPS14;RPS19
Hom/Reg-like NPCs,up_in_severe,GO:BP,GO_Biological_Process_2025,533,Membraneless Organelle Assembly (GO:0140694),0.16071826006809273,0.2591801772107217,2.856110428561104,5.221262284539747,2,ALKBH5;FUS
Hom/Reg-like NPCs,up_in_severe,GO:BP,GO_Biological_Process_2025,534,Regulation of Gluconeogenesis (GO:0006111),0.16112816091877621,0.2591801772107217,5.90136660724896,10.773270497622093,1,NNMT
Hom/Reg-like NPCs,up_in_severe,GO:BP,GO_Biological_Process_2025,535,Synaptic Vesicle Recycling (GO:0036465),0.16112816091877621,0.2591801772107217,5.90136660724896,10.773270497622093,1,AP2M1
Hom/Reg-like NPCs,up_in_severe,GO:BP,GO_Biological_Process_2025,536,Triglyceride Homeostasis (GO:0070328),0.16112816091877621,0.2591801772107217,5.90136660724896,10.773270497622093,1,PNPLA2
Hom/Reg-like NPCs,up_in_severe,GO:BP,GO_Biological_Process_2025,537,"Mitochondrial Electron Transport, NADH to Ubiquinone (GO:0006120)",0.16112816091877621,0.2591801772107217,5.90136660724896,10.773270497622093,1,NDUFA2
Hom/Reg-like NPCs,up_in_severe,GO:BP,GO_Biological_Process_2025,538,Regulation of JUN Kinase Activity (GO:0043506),0.16112816091877621,0.2591801772107217,5.90136660724896,10.773270497622093,1,GSTP1
Hom/Reg-like NPCs,up_in_severe,GO:BP,GO_Biological_Process_2025,539,Regulation of Cardiac Muscle Contraction (GO:0055117),0.16112816091877621,0.2591801772107217,5.90136660724896,10.773270497622093,1,ZC3H12A
Hom/Reg-like NPCs,up_in_severe,REAC,Reactome_2022,223,Glutathione Conjugation R-HSA-156590,0.16976113283221708,0.25994673464933243,5.563585434173669,9.866256172409017,1,GSTP1
Hom/Reg-like NPCs,up_in_severe,REAC,Reactome_2022,224,SMAD2/SMAD3:SMAD4 Heterotrimer Regulates Transcription R-HSA-2173796,0.16976113283221708,0.25994673464933243,5.563585434173669,9.866256172409017,1,COL1A2
ECM/Adh-NPCs,up_in_severe,GO:BP,GO_Biological_Process_2025,362,Vascular Transport (GO:0010232),0.19339394838714435,0.2601736266976224,4.786987951807229,7.8651456047942325,1,SLC7A5
Hom-NPCs,up_in_severe,GO:BP,GO_Biological_Process_2025,484,Negative Regulation of Endothelial Cell Proliferation (GO:0001937),0.16723886906035584,0.2606053542412907,5.652062588904694,10.107765156158749,1,RGCC
Hom-NPCs,up_in_severe,GO:BP,GO_Biological_Process_2025,485,Regulation of Intracellular Protein Transport (GO:0033157),0.16723886906035584,0.2606053542412907,5.652062588904694,10.107765156158749,1,OAZ1
Hom-NPCs,up_in_severe,GO:BP,GO_Biological_Process_2025,486,Positive Regulation of Reproductive Process (GO:2000243),0.16723886906035584,0.2606053542412907,5.652062588904694,10.107765156158749,1,CIB1
Hom-NPCs,up_in_severe,GO:BP,GO_Biological_Process_2025,487,Inner Mitochondrial Membrane Organization (GO:0007007),0.16723886906035584,0.2606053542412907,5.652062588904694,10.107765156158749,1,ROMO1
Hom-NPCs,up_in_severe,GO:BP,GO_Biological_Process_2025,488,Negative Regulation of Transport (GO:0051051),0.16723886906035584,0.2606053542412907,5.652062588904694,10.107765156158749,1,CRYAB
Hom-NPCs,up_in_severe,GO:BP,GO_Biological_Process_2025,489,Striated Muscle Tissue Development (GO:0014706),0.16723886906035584,0.2606053542412907,5.652062588904694,10.107765156158749,1,MYL6
Fibro-reg NPCs,up_in_severe,GO:BP,GO_Biological_Process_2025,357,Regulation of Neurogenesis (GO:0050767),0.18555755584543582,0.2614438391883872,5.012105926860025,8.442341959014975,1,SERPINF1
ECM/Adh-NPCs,up_in_severe,GO:BP,GO_Biological_Process_2025,363,Negative Regulation of Transforming Growth Factor Beta Receptor Signaling Pathway (GO:0030512),0.19545946603938302,0.26150758231093274,4.729761904761904,7.720874003158142,1,CILP
ECM/Adh-NPCs,up_in_severe,GO:BP,GO_Biological_Process_2025,364,Positive Regulation of Endocytosis (GO:0045807),0.19545946603938302,0.26150758231093274,4.729761904761904,7.720874003158142,1,CLU
Fibro-reg NPCs,up_in_severe,GO:BP,GO_Biological_Process_2025,358,Regulation of Protein Serine/Threonine Kinase Activity (GO:0071900),0.18809068308050367,0.26280448219303704,4.93591654247392,8.247082745919363,1,THY1
Fibro-reg NPCs,up_in_severe,GO:BP,GO_Biological_Process_2025,359,Chordate Embryonic Development (GO:0043009),0.18809068308050367,0.26280448219303704,4.93591654247392,8.247082745919363,1,COL1A1
Fibro-reg NPCs,up_in_severe,GO:BP,GO_Biological_Process_2025,360,Negative Regulation of Cell Adhesion (GO:0007162),0.18809068308050367,0.26280448219303704,4.93591654247392,8.247082745919363,1,CYP1B1
ECM/Adh-NPCs,up_in_severe,GO:BP,GO_Biological_Process_2025,365,Transport Across Blood-Brain Barrier (GO:0150104),0.19751979786874949,0.26282005891278964,4.673882352941177,7.580646707679503,1,SLC7A5
ECM/Adh-NPCs,up_in_severe,GO:BP,GO_Biological_Process_2025,366,Regulation of Organelle Assembly (GO:1902115),0.19751979786874949,0.26282005891278964,4.673882352941177,7.580646707679503,1,GSN
Hom/Reg-like NPCs,up_in_severe,GO:BP,GO_Biological_Process_2025,540,Adherens Junction Organization (GO:0034332),0.16545570143097044,0.26321118007458966,5.727508650519031,10.304084661682172,1,ZNF703
Hom/Reg-like NPCs,up_in_severe,GO:BP,GO_Biological_Process_2025,541,Platelet Aggregation (GO:0070527),0.16545570143097044,0.26321118007458966,5.727508650519031,10.304084661682172,1,HSPB1
Hom/Reg-like NPCs,up_in_severe,GO:BP,GO_Biological_Process_2025,542,Toll-Like Receptor Signaling Pathway (GO:0002224),0.16545570143097044,0.26321118007458966,5.727508650519031,10.304084661682172,1,MAPKAPK2
Hom/Reg-like NPCs,up_in_severe,GO:BP,GO_Biological_Process_2025,543,Positive Regulation of Substrate Adhesion-Dependent Cell Spreading (GO:1900026),0.16545570143097044,0.26321118007458966,5.727508650519031,10.304084661682172,1,P4HB
Hom/Reg-like NPCs,up_in_severe,GO:BP,GO_Biological_Process_2025,544,Macrophage Activation (GO:0042116),0.16545570143097044,0.26321118007458966,5.727508650519031,10.304084661682172,1,CLU
Hom/Reg-like NPCs,up_in_severe,GO:BP,GO_Biological_Process_2025,545,Protein Localization to Lysosome (GO:0061462),0.16545570143097044,0.26321118007458966,5.727508650519031,10.304084661682172,1,CD81
Hom-NPCs,up_in_severe,REAC,Reactome_2022,166,RNA Polymerase I Transcription Termination R-HSA-73863,0.13450293659933887,0.2633680255567893,7.214156079854809,14.472818068487964,1,POLR2F
Hom-NPCs,up_in_severe,REAC,Reactome_2022,167,Signaling By CSF3 (G-CSF) R-HSA-9674555,0.13450293659933887,0.2633680255567893,7.214156079854809,14.472818068487964,1,ELOB
Hom/Reg-like NPCs,up_in_severe,GO:BP,GO_Biological_Process_2025,546,Regulation of Cell Adhesion (GO:0030155),0.1661623173376469,0.26385115225593375,2.7944837340876947,5.015511888906642,2,PLAUR;P4HB
ECM/Adh-NPCs,up_in_severe,GO:BP,GO_Biological_Process_2025,367,Positive Regulation of Biosynthetic Process (GO:0009891),0.19957495663694863,0.2639552503406797,4.619302325581395,7.444307757212961,1,CLU
ECM/Adh-NPCs,up_in_severe,GO:BP,GO_Biological_Process_2025,368,Defense Response to Gram-negative Bacterium (GO:0050829),0.19957495663694863,0.2639552503406797,4.619302325581395,7.444307757212961,1,RPS19
ECM/Adh-NPCs,up_in_severe,GO:BP,GO_Biological_Process_2025,369,Positive Regulation of Cytokine Production (GO:0001819),0.20096993333228594,0.2639552503406797,2.480065710494724,3.9795133585161975,2,SLC7A5;IL1R1
ECM/Adh-NPCs,up_in_severe,GO:BP,GO_Biological_Process_2025,370,T Cell Receptor Signaling Pathway (GO:0050852),0.20162495508569372,0.2639552503406797,4.565977011494253,7.311708865001488,1,THY1
ECM/Adh-NPCs,up_in_severe,GO:BP,GO_Biological_Process_2025,371,Positive Regulation of Ubiquitin-Dependent Protein Catabolic Process (GO:2000060),0.20162495508569372,0.2639552503406797,4.565977011494253,7.311708865001488,1,CLU
ECM/Adh-NPCs,up_in_severe,GO:BP,GO_Biological_Process_2025,372,Positive Regulation of Endothelial Cell Migration (GO:0010595),0.20162495508569372,0.2639552503406797,4.565977011494253,7.311708865001488,1,HSPB1
Fibro-reg NPCs,up_in_severe,REAC,Reactome_2022,113,NCAM Signaling For Neurite Out-Growth R-HSA-375165,0.16240668601845357,0.26419350847145767,5.820257611241217,10.579201036965058,1,COL6A2
Fibro-reg NPCs,up_in_severe,REAC,Reactome_2022,114,Signaling By ERBB4 R-HSA-1236394,0.16240668601845357,0.26419350847145767,5.820257611241217,10.579201036965058,1,SPARC
Fibro-reg NPCs,up_in_severe,REAC,Reactome_2022,115,Metabolism Of Polyamines R-HSA-351202,0.16501064277049549,0.26419350847145767,5.71786022433132,10.302127816821818,1,OAZ1
Fibro-reg NPCs,up_in_severe,REAC,Reactome_2022,116,Signaling By Interleukins R-HSA-449147,0.1656324466309901,0.26419350847145767,2.2020338983050847,3.9592219862744837,3,COL1A2;CEBPD;MMP2
Fibro-reg NPCs,up_in_severe,REAC,Reactome_2022,117,Disease R-HSA-1643685,0.16682566273584087,0.26419350847145767,1.5612139917695473,2.795831301873735,8,RPS14;RPS9;CEBPD;LMNA;BGN;CYP1B1;SERPING1;RPL39
Fibro-reg NPCs,up_in_severe,REAC,Reactome_2022,118,Arachidonic Acid Metabolism R-HSA-2142753,0.16760663440662368,0.26419350847145767,5.618993781797625,10.036284307014343,1,CYP1B1
Hom/Reg-like NPCs,up_in_severe,REAC,Reactome_2022,225,Formation Of Fibrin Clot (Clotting Cascade) R-HSA-140877,0.17404456698359316,0.2653212732238776,5.408769063180828,9.456929169416776,1,SERPING1
Hom-NPCs,up_in_severe,REAC,Reactome_2022,168,RUNX2 Regulates Bone Development R-HSA-8941326,0.1386635571508699,0.2655747655878902,6.973333333333334,13.77724766471137,1,COL1A1
Hom-NPCs,up_in_severe,REAC,Reactome_2022,169,Diseases Associated With TLR Signaling Cascade R-HSA-5602358,0.1386635571508699,0.2655747655878902,6.973333333333334,13.77724766471137,1,NDUFA2
Hom-NPCs,up_in_severe,REAC,Reactome_2022,170,Nicotinate Metabolism R-HSA-196807,0.1386635571508699,0.2655747655878902,6.973333333333334,13.77724766471137,1,NNMT
Hom-NPCs,up_in_severe,REAC,Reactome_2022,171,Late Phase Of HIV Life Cycle R-HSA-162599,0.13887854714229123,0.2655747655878902,3.1390917751667198,6.197055259581092,2,POLR2F;ELOB
Fibro-reg NPCs,up_in_severe,GO:BP,GO_Biological_Process_2025,361,Regulation of T Cell Activation (GO:0050863),0.19061605836126963,0.26559522813218456,4.862001468069488,8.05873845423038,1,THY1
ECM/Adh-NPCs,up_in_severe,GO:BP,GO_Biological_Process_2025,373,Positive Regulation of Canonical Wnt Signaling Pathway (GO:0090263),0.20366980586080288,0.26591741408635655,4.513863636363636,7.1827089618133035,1,COL1A1
Fibro-NPCs,up_in_severe,KEGG,KEGG_2021_Human,20,Bladder cancer,0.09017491989219245,0.26601601368196776,11.063333333333333,26.618423595643765,1,MMP2
Fibro-reg NPCs,up_in_severe,REAC,Reactome_2022,119,Transcriptional Regulation By MECP2 R-HSA-8986944,0.17019468484930952,0.2660185830417779,5.523478744095582,9.78104405565578,1,FKBP5
Hom/Reg-like NPCs,up_in_severe,GO:BP,GO_Biological_Process_2025,547,Protein Homooligomerization (GO:0051260),0.16798428082306657,0.26625662060986965,2.7745242609367318,4.949431851881011,2,COMP;FUS
Hom-NPCs,up_in_severe,GO:BP,GO_Biological_Process_2025,490,Positive Regulation of Intrinsic Apoptotic Signaling Pathway (GO:2001244),0.17124372591290613,0.26630146764415197,5.503047091412743,9.711048020338644,1,CLU
Fibro-reg NPCs,up_in_severe,GO:BP,GO_Biological_Process_2025,362,Lipid Metabolic Process (GO:0006629),0.19166184267027372,0.2663146598429494,2.552658884565499,4.217050412056327,2,TSPO;CYP1B1
ECM/Adh-NPCs,up_in_severe,REAC,Reactome_2022,129,Regulation Of mRNA Stability By Proteins That Bind AU-rich Elements R-HSA-450531,0.20162495508569372,0.26645523473518573,4.565977011494253,7.311708865001488,1,HSPB1
ECM/Adh-NPCs,up_in_severe,REAC,Reactome_2022,130,Meiosis R-HSA-1500620,0.20162495508569372,0.26645523473518573,4.565977011494253,7.311708865001488,1,LMNA
ECM/Adh-NPCs,up_in_severe,REAC,Reactome_2022,131,Antimicrobial Peptides R-HSA-6803157,0.20366980586080288,0.26645523473518573,4.513863636363636,7.1827089618133035,1,CLU
ECM/Adh-NPCs,up_in_severe,REAC,Reactome_2022,132,Unfolded Protein Response (UPR) R-HSA-381119,0.20366980586080288,0.26645523473518573,4.513863636363636,7.1827089618133035,1,LMNA
ECM/Adh-NPCs,up_in_severe,REAC,Reactome_2022,133,Interferon Gamma Signaling R-HSA-877300,0.20366980586080288,0.26645523473518573,4.513863636363636,7.1827089618133035,1,MT2A
Hom/Reg-like NPCs,up_in_severe,GO:BP,GO_Biological_Process_2025,548,Negative Regulation of Hydrolase Activity (GO:0051346),0.16976113283221708,0.2666356923288627,5.563585434173669,9.866256172409017,1,CST3
Hom/Reg-like NPCs,up_in_severe,GO:BP,GO_Biological_Process_2025,549,Negative Regulation of Smooth Muscle Cell Proliferation (GO:0048662),0.16976113283221708,0.2666356923288627,5.563585434173669,9.866256172409017,1,EFEMP2
Hom/Reg-like NPCs,up_in_severe,GO:BP,GO_Biological_Process_2025,550,Regulation of Natural Killer Cell Mediated Cytotoxicity (GO:0042269),0.16976113283221708,0.2666356923288627,5.563585434173669,9.866256172409017,1,LAMP1
Hom/Reg-like NPCs,up_in_severe,GO:BP,GO_Biological_Process_2025,551,Regulation of Type I Interferon-Mediated Signaling Pathway (GO:0060338),0.16976113283221708,0.2666356923288627,5.563585434173669,9.866256172409017,1,CDC37
Hom/Reg-like NPCs,up_in_severe,GO:BP,GO_Biological_Process_2025,552,Regulation of Blood Circulation (GO:1903522),0.16976113283221708,0.2666356923288627,5.563585434173669,9.866256172409017,1,S100A1
Fibro-NPCs,up_in_severe,GO:BP,GO_Biological_Process_2025,323,Negative Regulation of Cell Population Proliferation (GO:0008285),0.21665475972488732,0.2669615924783441,2.3603809983120327,3.6100850988020996,2,RBP4;LMNA
ECM/Adh-NPCs,up_in_severe,REAC,Reactome_2022,134,MAPK6/MAPK4 Signaling R-HSA-5687128,0.20570952167960263,0.2671153490466482,4.462921348314607,7.057173765743081,1,HSPB1
Fibro-reg NPCs,up_in_severe,GO:BP,GO_Biological_Process_2025,363,Regulation of Translational Initiation (GO:0006446),0.19313370497715104,0.2676205333429944,4.790260366441658,7.876972692398261,1,HSPB1
Fibro-NPCs,up_in_severe,REAC,Reactome_2022,121,Visual Phototransduction R-HSA-2187338,0.2024483751456497,0.26770033077110705,4.54914089347079,7.266207923932136,1,RBP4
ECM/Adh-NPCs,up_in_severe,REAC,Reactome_2022,135,Signaling By TGF-beta Receptor Complex R-HSA-170834,0.20774411516261745,0.2677590817651514,4.413111111111111,6.934975389189486,1,COL1A2
Fibro-reg NPCs,up_in_severe,REAC,Reactome_2022,120,Nuclear Events (Kinase And Transcription Factor Activation) R-HSA-198725,0.17277481801059041,0.26780096791641517,5.4311475409836065,9.53582507511925,1,ID3
ECM/Adh-NPCs,up_in_severe,GO:BP,GO_Biological_Process_2025,374,Establishment of Protein Localization to Organelle (GO:0072594),0.20570952167960263,0.26786239855071253,4.462921348314607,7.057173765743081,1,LAMP1
Fibro-NPCs,up_in_severe,GO:BP,GO_Biological_Process_2025,324,Protein Catabolic Process (GO:0030163),0.2188896777943625,0.26805566696048083,4.161006289308176,6.321348452765908,1,MMP14
Fibro-NPCs,up_in_severe,GO:BP,GO_Biological_Process_2025,325,Positive Regulation of Cell Growth (GO:0030307),0.2188896777943625,0.26805566696048083,4.161006289308176,6.321348452765908,1,MMP14
ECM/Adh-NPCs,up_in_severe,REAC,Reactome_2022,136,Post-translational Modification: Synthesis Of GPI-anchored Proteins R-HSA-163125,0.2097735989300289,0.2683868103957722,4.364395604395605,6.815991967085185,1,THY1
Hom-NPCs,up_in_severe,GO:BP,GO_Biological_Process_2025,491,Negative Regulation of Proteolysis (GO:0045861),0.17522952257084182,0.26866176297581784,5.361673414304994,9.338204649149848,1,CST3
Hom-NPCs,up_in_severe,GO:BP,GO_Biological_Process_2025,492,Positive Regulation of Proteolysis Involved in Protein Catabolic Process (GO:1903052),0.17522952257084182,0.26866176297581784,5.361673414304994,9.338204649149848,1,CLU
Hom-NPCs,up_in_severe,GO:BP,GO_Biological_Process_2025,493,Regulation of Protein Targeting to Mitochondrion (GO:1903214),0.17522952257084182,0.26866176297581784,5.361673414304994,9.338204649149848,1,UBL5
Hom-NPCs,up_in_severe,GO:BP,GO_Biological_Process_2025,494,Regulation of DNA Binding (GO:0051101),0.17522952257084182,0.26866176297581784,5.361673414304994,9.338204649149848,1,PLAUR
Hom-NPCs,up_in_severe,GO:BP,GO_Biological_Process_2025,495,Regulation of T Cell Receptor Signaling Pathway (GO:0050856),0.17522952257084182,0.26866176297581784,5.361673414304994,9.338204649149848,1,CD81
Hom-NPCs,up_in_severe,GO:BP,GO_Biological_Process_2025,496,Embryonic Skeletal System Development (GO:0048706),0.17522952257084182,0.26866176297581784,5.361673414304994,9.338204649149848,1,COL1A1
Hom-NPCs,up_in_severe,GO:BP,GO_Biological_Process_2025,497,Negative Regulation of Cell-Cell Adhesion (GO:0022408),0.17522952257084182,0.26866176297581784,5.361673414304994,9.338204649149848,1,RGCC
ECM/Adh-NPCs,up_in_severe,REAC,Reactome_2022,137,VEGFA-VEGFR2 Pathway R-HSA-4420097,0.211797985536789,0.26899890133869553,4.316739130434782,6.700107313761446,1,HSPB1
Eff-NPCs,up_in_severe,GO:BP,GO_Biological_Process_2025,197,Negative Regulation of Cellular Process (GO:0048523),0.25626566782833365,0.2692740773627668,3.6715094339622643,4.998909185724169,1,CLU
Hom/Reg-like NPCs,up_in_severe,REAC,Reactome_2022,226,Apoptotic Cleavage Of Cellular Proteins R-HSA-111465,0.17830611516465772,0.2694228964822802,5.262321144674086,9.073575428956202,1,LMNA
Hom/Reg-like NPCs,up_in_severe,REAC,Reactome_2022,227,HSP90 Chaperone Cycle For Steroid Hormone Receptors (SHR) In Presence Of Ligand R-HSA-3371497,0.17830611516465772,0.2694228964822802,5.262321144674086,9.073575428956202,1,FKBP5
Fibro-NPCs,up_in_severe,GO:BP,GO_Biological_Process_2025,326,Cellular Response to Insulin Stimulus (GO:0032869),0.22069589219613858,0.26943854323332256,4.121910695742471,6.2280816665872045,1,ZFP36L1
Fibro-reg NPCs,up_in_severe,REAC,Reactome_2022,121,Signaling By BRAF And RAF1 Fusions R-HSA-6802952,0.1753470577009569,0.2695417581188263,5.3418435904326795,9.30008602746549,1,LMNA
Fibro-reg NPCs,up_in_severe,GO:BP,GO_Biological_Process_2025,364,Negative Regulation of Immune Response (GO:0050777),0.19564364620029545,0.2696130247636948,4.7205987170349255,7.701469900354526,1,COL3A1
Fibro-reg NPCs,up_in_severe,GO:BP,GO_Biological_Process_2025,365,Negative Regulation of TOR Signaling (GO:0032007),0.19564364620029545,0.2696130247636948,4.7205987170349255,7.701469900354526,1,DDIT4
ECM/Adh-NPCs,up_in_severe,GO:BP,GO_Biological_Process_2025,375,Regulation of Epithelial to Mesenchymal Transition (GO:0010717),0.20774411516261745,0.2697903575578525,4.413111111111111,6.934975389189486,1,COL1A1
ECM/Adh-NPCs,up_in_severe,GO:BP,GO_Biological_Process_2025,376,RNA Splicing (GO:0008380),0.2097735989300289,0.27026386952096315,4.364395604395605,6.815991967085185,1,FUS
ECM/Adh-NPCs,up_in_severe,GO:BP,GO_Biological_Process_2025,377,Sensory Perception of Mechanical Stimulus (GO:0050954),0.2097735989300289,0.27026386952096315,4.364395604395605,6.815991967085185,1,COL1A1
ECM/Adh-NPCs,up_in_severe,GO:BP,GO_Biological_Process_2025,378,Positive Regulation of Cell Adhesion (GO:0045785),0.2097735989300289,0.27026386952096315,4.364395604395605,6.815991967085185,1,CCDC80
Hom/Reg-like NPCs,up_in_severe,GO:BP,GO_Biological_Process_2025,553,Negative Regulation of Protein Metabolic Process (GO:0051248),0.17347082904434877,0.270909586310189,2.7163091309130913,4.75828318231209,2,CST3;CLU
Hom/Reg-like NPCs,up_in_severe,GO:BP,GO_Biological_Process_2025,554,Regulation of mRNA Processing (GO:0050684),0.17404456698359316,0.270909586310189,5.408769063180828,9.456929169416776,1,ALKBH5
Hom/Reg-like NPCs,up_in_severe,GO:BP,GO_Biological_Process_2025,555,Anterograde Axonal Transport (GO:0008089),0.17404456698359316,0.270909586310189,5.408769063180828,9.456929169416776,1,HSPB1
Hom/Reg-like NPCs,up_in_severe,GO:BP,GO_Biological_Process_2025,556,Superoxide Metabolic Process (GO:0006801),0.17404456698359316,0.270909586310189,5.408769063180828,9.456929169416776,1,SOD3
Hom/Reg-like NPCs,up_in_severe,GO:BP,GO_Biological_Process_2025,557,Intrinsic Apoptotic Signaling Pathway by P53 Class Mediator (GO:0072332),0.17404456698359316,0.270909586310189,5.408769063180828,9.456929169416776,1,DDIT4
Hom-NPCs,up_in_severe,REAC,Reactome_2022,172,Hemostasis R-HSA-109582,0.14362046840934353,0.2714386555141713,1.8603375608629549,3.610135900661208,5,TMSB4X;PLAUR;FN1;SERPING1;CLU
Hom-NPCs,up_in_severe,REAC,Reactome_2022,173,FGFR2 Mutant Receptor Activation R-HSA-1839126,0.14692551078290006,0.2714386555141713,6.536842105263158,12.536548953171899,1,POLR2F
Hom-NPCs,up_in_severe,REAC,Reactome_2022,174,Signaling By High-Kinase Activity BRAF Mutants R-HSA-6802948,0.14692551078290006,0.2714386555141713,6.536842105263158,12.536548953171899,1,FN1
Hom-NPCs,up_in_severe,REAC,Reactome_2022,175,Oncogene Induced Senescence R-HSA-2559585,0.14692551078290006,0.2714386555141713,6.536842105263158,12.536548953171899,1,ID1
Hom-NPCs,up_in_severe,REAC,Reactome_2022,176,Formation Of Early Elongation Complex R-HSA-113418,0.14692551078290006,0.2714386555141713,6.536842105263158,12.536548953171899,1,POLR2F
Hom-NPCs,up_in_severe,REAC,Reactome_2022,177,Keratan Sulfate/Keratin Metabolism R-HSA-1638074,0.14692551078290006,0.2714386555141713,6.536842105263158,12.536548953171899,1,PRELP
Fibro-reg NPCs,up_in_severe,GO:BP,GO_Biological_Process_2025,366,Cellular Response to Reactive Oxygen Species (GO:0034614),0.19814590523654665,0.2715732706648037,4.652927400468384,7.53193378831643,1,CYP1B1
Fibro-reg NPCs,up_in_severe,GO:BP,GO_Biological_Process_2025,367,Regulation of Actin Filament Polymerization (GO:0030833),0.19814590523654665,0.2715732706648037,4.652927400468384,7.53193378831643,1,TMSB4X
Fibro-reg NPCs,up_in_severe,REAC,Reactome_2022,122,Diseases Of Metabolism R-HSA-5668914,0.1782709415197433,0.2717901239563299,2.6793197278911562,4.620354894442698,2,BGN;CYP1B1
ECM/Adh-NPCs,up_in_severe,GO:BP,GO_Biological_Process_2025,379,Positive Regulation of Cellular Component Biogenesis (GO:0044089),0.211797985536789,0.27215202890874995,4.316739130434782,6.700107313761446,1,CLU
Hom/Reg-like NPCs,up_in_severe,REAC,Reactome_2022,228,Metabolism Of Carbohydrates R-HSA-71387,0.18179217133089554,0.27223147670712,2.0867021276595743,3.5576000113176494,3,ACAN;BGN;PRELP
Hom/Reg-like NPCs,up_in_severe,REAC,Reactome_2022,229,NGF-stimulated Transcription R-HSA-9031628,0.1825458881709551,0.27223147670712,5.123581011351909,8.713949339420543,1,ID1
Hom/Reg-like NPCs,up_in_severe,REAC,Reactome_2022,230,Elastic Fibre Formation R-HSA-1566948,0.1825458881709551,0.27223147670712,5.123581011351909,8.713949339420543,1,EFEMP2
Hom/Reg-like NPCs,up_in_severe,GO:BP,GO_Biological_Process_2025,558,Antimicrobial Humoral Response (GO:0019730),0.1753062895410852,0.2723845036417937,2.697439399112325,4.6968370731825555,2,RPS19;RPL39
Hom-NPCs,up_in_severe,GO:BP,GO_Biological_Process_2025,498,Heart Contraction (GO:0060047),0.1791963488077396,0.27255013531237043,5.227368421052631,8.987274190321951,1,GPX1
Hom-NPCs,up_in_severe,GO:BP,GO_Biological_Process_2025,499,Positive Regulation of DNA Biosynthetic Process (GO:2000573),0.1791963488077396,0.27255013531237043,5.227368421052631,8.987274190321951,1,RGCC
Hom-NPCs,up_in_severe,GO:BP,GO_Biological_Process_2025,500,Monoatomic Cation Transport (GO:0006812),0.1791963488077396,0.27255013531237043,5.227368421052631,8.987274190321951,1,ROMO1
Hom-NPCs,up_in_severe,GO:BP,GO_Biological_Process_2025,501,Negative Regulation of DNA Metabolic Process (GO:0051053),0.1791963488077396,0.27255013531237043,5.227368421052631,8.987274190321951,1,S100A11
Fibro-NPCs,up_in_severe,GO:BP,GO_Biological_Process_2025,327,"Negative Regulation of Gene Expression, Epigenetic (GO:0045814)",0.22429607190440792,0.27267830907926494,4.045871559633028,6.047721674132826,1,LMNA
Fibro-NPCs,up_in_severe,GO:BP,GO_Biological_Process_2025,328,Negative Regulation of Developmental Process (GO:0051093),0.2260900552667272,0.27267830907926494,4.0088888888888885,5.960503732321416,1,THY1
Fibro-NPCs,up_in_severe,GO:BP,GO_Biological_Process_2025,329,Positive Regulation of GTPase Activity (GO:0043547),0.2260900552667272,0.27267830907926494,4.0088888888888885,5.960503732321416,1,THY1
Fibro-NPCs,up_in_severe,GO:BP,GO_Biological_Process_2025,330,Regulation of Cellular Response to Stress (GO:0080135),0.2260900552667272,0.27267830907926494,4.0088888888888885,5.960503732321416,1,MMP14
Fibro-NPCs,up_in_severe,REAC,Reactome_2022,122,SARS-CoV Infections R-HSA-9679506,0.20821126630832823,0.27306395581420095,2.4259351003220213,3.806782238837352,2,RPS14;RPS19
ECM/Adh-NPCs,up_in_severe,GO:BP,GO_Biological_Process_2025,380,Regulation of Immune Response (GO:0050776),0.21381728752060247,0.2733045118701664,4.270107526881721,6.5872106005284925,1,COL3A1
ECM/Adh-NPCs,up_in_severe,GO:BP,GO_Biological_Process_2025,381,Positive Regulation of Double-Strand Break Repair (GO:2000781),0.21381728752060247,0.2733045118701664,4.270107526881721,6.5872106005284925,1,FUS
Fibro-NPCs,up_in_severe,REAC,Reactome_2022,123,Post-translational Protein Modification R-HSA-597592,0.21042950345085523,0.2737294353832263,1.6439519983008248,2.5622711178341007,5,LGALS1;MXRA8;THY1;TIMP1;MFGE8
Hom/Reg-like NPCs,up_in_severe,GO:BP,GO_Biological_Process_2025,559,Regulation of Defense Response to Virus by Host (GO:0050691),0.17830611516465772,0.2745850832109383,5.262321144674086,9.073575428956202,1,ZC3H12A
Hom/Reg-like NPCs,up_in_severe,GO:BP,GO_Biological_Process_2025,560,Regulation of Intracellular Protein Transport (GO:0033157),0.17830611516465772,0.2745850832109383,5.262321144674086,9.073575428956202,1,OAZ1
Hom/Reg-like NPCs,up_in_severe,GO:BP,GO_Biological_Process_2025,561,Regulation of Sprouting Angiogenesis (GO:1903670),0.17830611516465772,0.2745850832109383,5.262321144674086,9.073575428956202,1,S100A1
Hom/Reg-like NPCs,up_in_severe,GO:BP,GO_Biological_Process_2025,562,Regulation of Vascular Associated Smooth Muscle Cell Proliferation (GO:1904705),0.17830611516465772,0.2745850832109383,5.262321144674086,9.073575428956202,1,EFEMP2
Hom/Reg-like NPCs,up_in_severe,GO:BP,GO_Biological_Process_2025,563,Glutathione Metabolic Process (GO:0006749),0.17830611516465772,0.2745850832109383,5.262321144674086,9.073575428956202,1,GSTP1
Hom-NPCs,up_in_severe,GO:BP,GO_Biological_Process_2025,502,Response to Lipopolysaccharide (GO:0032496),0.1809305800028918,0.274639645343035,2.6421785093001473,4.517178973642678,2,GSTP1;NDUFA2
ECM/Adh-NPCs,up_in_severe,GO:BP,GO_Biological_Process_2025,382,Positive Regulation of Immune Response (GO:0050778),0.21583151743541898,0.275156934531542,4.224468085106383,6.477196055016692,1,CD81
Hom-NPCs,up_in_severe,GO:BP,GO_Biological_Process_2025,503,Type I Interferon-Mediated Signaling Pathway (GO:0060337),0.18314429392565884,0.2758022766232254,5.099614890885751,8.656499106359142,1,IFITM2
Hom-NPCs,up_in_severe,GO:BP,GO_Biological_Process_2025,504,Regulation of Receptor-Mediated Endocytosis (GO:0048259),0.18314429392565884,0.2758022766232254,5.099614890885751,8.656499106359142,1,CLU
Hom-NPCs,up_in_severe,GO:BP,GO_Biological_Process_2025,505,Protein Destabilization (GO:0031648),0.18314429392565884,0.2758022766232254,5.099614890885751,8.656499106359142,1,SERF2
Hom-NPCs,up_in_severe,GO:BP,GO_Biological_Process_2025,506,Skeletal Muscle Tissue Development (GO:0007519),0.18314429392565884,0.2758022766232254,5.099614890885751,8.656499106359142,1,MYL6
Hom/Reg-like NPCs,up_in_severe,REAC,Reactome_2022,231,RET Signaling R-HSA-8853659,0.18676399607614094,0.27612090799188077,4.991955756661639,8.376050048863569,1,PDLIM7
Hom/Reg-like NPCs,up_in_severe,REAC,Reactome_2022,232,Collagen Degradation R-HSA-1442490,0.18676399607614094,0.27612090799188077,4.991955756661639,8.376050048863569,1,COL9A3
Fibro-reg NPCs,up_in_severe,GO:BP,GO_Biological_Process_2025,368,Negative Regulation of Epithelial Cell Proliferation (GO:0050680),0.2031274691226287,0.2761435593748169,4.523224043715847,7.2096643705392935,1,SPARC
Fibro-reg NPCs,up_in_severe,GO:BP,GO_Biological_Process_2025,369,Heterochromatin Formation (GO:0031507),0.2031274691226287,0.2761435593748169,4.523224043715847,7.2096643705392935,1,LMNA
Fibro-reg NPCs,up_in_severe,GO:BP,GO_Biological_Process_2025,370,Positive Regulation of Protein Transport (GO:0051222),0.2031274691226287,0.2761435593748169,4.523224043715847,7.2096643705392935,1,OAZ1
Hom-NPCs,up_in_severe,REAC,Reactome_2022,178,Diseases Of Glycosylation R-HSA-3781865,0.15043112713381512,0.27635381220650307,2.982194054625019,5.649020868943953,2,BGN;PRELP
Fibro-reg NPCs,up_in_severe,REAC,Reactome_2022,123,Cytochrome P450 - Arranged By Substrate Type R-HSA-211897,0.18301665318028013,0.2767568901750578,5.090676229508197,8.644875036277423,1,CYP1B1
ECM/Adh-NPCs,up_in_severe,REAC,Reactome_2022,138,Potential Therapeutics For SARS R-HSA-9679191,0.21984481092171368,0.2768905281620541,4.136041666666666,6.265414004399163,1,IL1R1
ECM/Adh-NPCs,up_in_severe,REAC,Reactome_2022,139,Vesicle-mediated Transport R-HSA-5653656,0.22119415755474436,0.2768905281620541,1.9040812302839116,2.8727148131390567,3,COL1A1;COL3A1;COL1A2
ECM/Adh-NPCs,up_in_severe,GO:BP,GO_Biological_Process_2025,383,Sensory Perception of Sound (GO:0007605),0.21784068774287577,0.27699325047201173,4.1797894736842105,6.369962683048184,1,COL1A1
Fibro-NPCs,up_in_severe,GO:BP,GO_Biological_Process_2025,331,Antigen Receptor-Mediated Signaling Pathway (GO:0050851),0.23144768738022192,0.27745837222086844,3.9018682399213374,5.709999458304172,1,THY1
Fibro-NPCs,up_in_severe,GO:BP,GO_Biological_Process_2025,332,Positive Regulation of Wnt Signaling Pathway (GO:0030177),0.23144768738022192,0.27745837222086844,3.9018682399213374,5.709999458304172,1,COL1A1
Fibro-reg NPCs,up_in_severe,REAC,Reactome_2022,124,Integrin Cell Surface Interactions R-HSA-216083,0.18555755584543582,0.2783363337681537,5.012105926860025,8.442341959014975,1,COMP
Fibro-NPCs,up_in_severe,GO:BP,GO_Biological_Process_2025,333,Regulation of JNK Cascade (GO:0046328),0.23322548859490452,0.2783622265733386,3.867446393762183,5.6300332746081745,1,GADD45B
Fibro-NPCs,up_in_severe,GO:BP,GO_Biological_Process_2025,334,Antimicrobial Humoral Immune Response Mediated by Antimicrobial Peptide (GO:0061844),0.23499926665487883,0.2783622265733386,3.833623188405797,5.551749154521461,1,RPS19
Fibro-NPCs,up_in_severe,GO:BP,GO_Biological_Process_2025,335,Protein Complex Oligomerization (GO:0051259),0.23499926665487883,0.2783622265733386,3.833623188405797,5.551749154521461,1,BASP1
Fibro-NPCs,up_in_severe,GO:BP,GO_Biological_Process_2025,336,Regulation of DNA Metabolic Process (GO:0051052),0.23499926665487883,0.2783622265733386,3.833623188405797,5.551749154521461,1,LMNA
Eff-NPCs,up_in_severe,GO:BP,GO_Biological_Process_2025,198,Positive Regulation of RNA Biosynthetic Process (GO:1902680),0.2662913330829127,0.27839548458668145,3.5081227436823106,4.641822888055965,1,COL1A1
Hom-NPCs,up_in_severe,GO:BP,GO_Biological_Process_2025,507,"Positive Regulation of Gene Expression, Epigenetic (GO:0141137)",0.18707344688876218,0.27841790337741557,4.977944862155389,8.344299863156749,1,WBP2
Hom-NPCs,up_in_severe,GO:BP,GO_Biological_Process_2025,508,Negative Regulation of Mitotic Cell Cycle Phase Transition (GO:1901991),0.18707344688876218,0.27841790337741557,4.977944862155389,8.344299863156749,1,RGCC
Hom-NPCs,up_in_severe,GO:BP,GO_Biological_Process_2025,509,Positive Regulation of Receptor-Mediated Endocytosis (GO:0048260),0.18707344688876218,0.27841790337741557,4.977944862155389,8.344299863156749,1,CLU
Hom-NPCs,up_in_severe,GO:BP,GO_Biological_Process_2025,510,Positive Regulation of Stress Fiber Assembly (GO:0051496),0.18707344688876218,0.27841790337741557,4.977944862155389,8.344299863156749,1,RGCC
Hom-NPCs,up_in_severe,GO:BP,GO_Biological_Process_2025,511,Mitochondrial Transport (GO:0006839),0.18707344688876218,0.27841790337741557,4.977944862155389,8.344299863156749,1,ROMO1
Hom-NPCs,up_in_severe,GO:BP,GO_Biological_Process_2025,512,Cellular Response to Type I Interferon (GO:0071357),0.18707344688876218,0.27841790337741557,4.977944862155389,8.344299863156749,1,IFITM2
Hom-NPCs,up_in_severe,REAC,Reactome_2022,179,Gene And Protein Expression By JAK-STAT Signaling After Interleukin-12 Stimulation R-HSA-8950505,0.15510903343194013,0.2786849117156287,6.151702786377709,11.464479210986868,1,RPLP0
Hom-NPCs,up_in_severe,REAC,Reactome_2022,180,Beta Defensins R-HSA-1461957,0.15510903343194013,0.2786849117156287,6.151702786377709,11.464479210986868,1,DEFB1
Hom-NPCs,up_in_severe,REAC,Reactome_2022,181,RNA Polymerase III Transcription Initiation R-HSA-76046,0.15510903343194013,0.2786849117156287,6.151702786377709,11.464479210986868,1,POLR2F
Hom-NPCs,up_in_severe,REAC,Reactome_2022,182,Metabolism Of Steroid Hormones R-HSA-196071,0.15510903343194013,0.2786849117156287,6.151702786377709,11.464479210986868,1,TSPO
Hom/Reg-like NPCs,up_in_severe,GO:BP,GO_Biological_Process_2025,564,SCF-dependent Proteasomal Ubiquitin-Dependent Protein Catabolic Process (GO:0031146),0.1825458881709551,0.27913101418733344,5.123581011351909,8.713949339420543,1,FBXO2
Hom/Reg-like NPCs,up_in_severe,GO:BP,GO_Biological_Process_2025,565,Positive Regulation of Extrinsic Apoptotic Signaling Pathway (GO:2001238),0.1825458881709551,0.27913101418733344,5.123581011351909,8.713949339420543,1,TNFRSF12A
Hom/Reg-like NPCs,up_in_severe,GO:BP,GO_Biological_Process_2025,566,Positive Regulation of Intrinsic Apoptotic Signaling Pathway (GO:2001244),0.1825458881709551,0.27913101418733344,5.123581011351909,8.713949339420543,1,CLU
Hom/Reg-like NPCs,up_in_severe,GO:BP,GO_Biological_Process_2025,567,Negative Regulation of Cell-Substrate Adhesion (GO:0010812),0.1825458881709551,0.27913101418733344,5.123581011351909,8.713949339420543,1,MELTF
ECM/Adh-NPCs,up_in_severe,GO:BP,GO_Biological_Process_2025,384,Organelle Assembly (GO:0070925),0.22059633244567714,0.27916790436254213,2.326174655908875,3.5158287539314674,2,GSN;FUS
ECM/Adh-NPCs,up_in_severe,GO:BP,GO_Biological_Process_2025,385,Positive Regulation of Hydrolase Activity (GO:0051345),0.22184389935996673,0.27916790436254213,4.09319587628866,6.163457809701746,1,THY1
ECM/Adh-NPCs,up_in_severe,GO:BP,GO_Biological_Process_2025,386,Positive Regulation of Proteasomal Protein Catabolic Process (GO:1901800),0.22184389935996673,0.27916790436254213,4.09319587628866,6.163457809701746,1,CLU
ECM/Adh-NPCs,up_in_severe,GO:BP,GO_Biological_Process_2025,387,rRNA Metabolic Process (GO:0016072),0.22184389935996673,0.27916790436254213,4.09319587628866,6.163457809701746,1,RPS19
Fibro-NPCs,up_in_severe,GO:BP,GO_Biological_Process_2025,337,Cytoskeleton Organization (GO:0007010),0.23676903040121397,0.27962633264000936,3.800383141762452,5.47509862046217,1,THY1
Hom-NPCs,up_in_severe,REAC,Reactome_2022,183,Platelet Aggregation (Plug Formation) R-HSA-76009,0.15917161362853124,0.27983396589532106,5.975639097744361,10.981864174896383,1,FN1
Hom-NPCs,up_in_severe,REAC,Reactome_2022,184,Glutathione Conjugation R-HSA-156590,0.15917161362853124,0.27983396589532106,5.975639097744361,10.981864174896383,1,GSTP1
Hom-NPCs,up_in_severe,REAC,Reactome_2022,185,HSF1-dependent Transactivation R-HSA-3371571,0.15917161362853124,0.27983396589532106,5.975639097744361,10.981864174896383,1,CRYAB
Hom-NPCs,up_in_severe,REAC,Reactome_2022,186,SMAD2/SMAD3:SMAD4 Heterotrimer Regulates Transcription R-HSA-2173796,0.15917161362853124,0.27983396589532106,5.975639097744361,10.981864174896383,1,COL1A2
ECM/Adh-NPCs,up_in_severe,GO:BP,GO_Biological_Process_2025,388,Positive Regulation of Protein Catabolic Process (GO:0045732),0.22383796546360968,0.2802290210302774,4.051224489795918,6.06400592882887,1,CD81
ECM/Adh-NPCs,up_in_severe,GO:BP,GO_Biological_Process_2025,389,Cytosolic Transport (GO:0016482),0.22383796546360968,0.2802290210302774,4.051224489795918,6.06400592882887,1,LAMP1
Hom-NPCs,up_in_severe,REAC,Reactome_2022,187,HIV Life Cycle R-HSA-162587,0.1604818745566328,0.2806287325134702,2.859603415834419,5.231856843168894,2,POLR2F;ELOB
Hom-NPCs,up_in_severe,GO:BP,GO_Biological_Process_2025,513,Water-Soluble Vitamin Metabolic Process (GO:0006767),0.19098389620174758,0.28094542259793753,4.8619339045287635,8.049253281298896,1,NNMT
Hom-NPCs,up_in_severe,GO:BP,GO_Biological_Process_2025,514,Negative Regulation of Protein Modification Process (GO:0031400),0.19098389620174758,0.28094542259793753,4.8619339045287635,8.049253281298896,1,CIB1
Hom-NPCs,up_in_severe,GO:BP,GO_Biological_Process_2025,515,Bone Development (GO:0060348),0.19098389620174758,0.28094542259793753,4.8619339045287635,8.049253281298896,1,VKORC1
Hom-NPCs,up_in_severe,GO:BP,GO_Biological_Process_2025,516,Response to Unfolded Protein (GO:0006986),0.19098389620174758,0.28094542259793753,4.8619339045287635,8.049253281298896,1,HSPB1
Hom-NPCs,up_in_severe,GO:BP,GO_Biological_Process_2025,517,Positive Regulation of Cell Cycle G1/S Phase Transition (GO:1902808),0.19098389620174758,0.28094542259793753,4.8619339045287635,8.049253281298896,1,RGCC
Hom-NPCs,up_in_severe,GO:BP,GO_Biological_Process_2025,518,Substantia Nigra Development (GO:0021762),0.19098389620174758,0.28094542259793753,4.8619339045287635,8.049253281298896,1,BASP1
Hom/Reg-like NPCs,up_in_severe,GO:BP,GO_Biological_Process_2025,568,G2/M Transition of Mitotic Cell Cycle (GO:0000086),0.18676399607614094,0.2811187232604413,4.991955756661639,8.376050048863569,1,TPD52L1
Hom/Reg-like NPCs,up_in_severe,GO:BP,GO_Biological_Process_2025,569,Regulation of Protein Targeting to Mitochondrion (GO:1903214),0.18676399607614094,0.2811187232604413,4.991955756661639,8.376050048863569,1,UBL5
Hom/Reg-like NPCs,up_in_severe,GO:BP,GO_Biological_Process_2025,570,Ribosome Disassembly (GO:0032790),0.18676399607614094,0.2811187232604413,4.991955756661639,8.376050048863569,1,TCF25
Hom/Reg-like NPCs,up_in_severe,GO:BP,GO_Biological_Process_2025,571,Embryonic Skeletal System Development (GO:0048706),0.18676399607614094,0.2811187232604413,4.991955756661639,8.376050048863569,1,COL1A1
Hom/Reg-like NPCs,up_in_severe,GO:BP,GO_Biological_Process_2025,572,Positive Regulation of Proteolysis Involved in Protein Catabolic Process (GO:1903052),0.18676399607614094,0.2811187232604413,4.991955756661639,8.376050048863569,1,CLU
Hom/Reg-like NPCs,up_in_severe,GO:BP,GO_Biological_Process_2025,573,Regulation of DNA Binding (GO:0051101),0.18676399607614094,0.2811187232604413,4.991955756661639,8.376050048863569,1,PLAUR
Hom/Reg-like NPCs,up_in_severe,GO:BP,GO_Biological_Process_2025,574,Regulation of T Cell Receptor Signaling Pathway (GO:0050856),0.18676399607614094,0.2811187232604413,4.991955756661639,8.376050048863569,1,CD81
Hom/Reg-like NPCs,up_in_severe,GO:BP,GO_Biological_Process_2025,575,Regulation of Apoptotic Signaling Pathway (GO:2001233),0.18676399607614094,0.2811187232604413,4.991955756661639,8.376050048863569,1,TPD52L1
Hom/Reg-like NPCs,up_in_severe,GO:BP,GO_Biological_Process_2025,576,Negative Regulation of Cell-Cell Adhesion (GO:0022408),0.18676399607614094,0.2811187232604413,4.991955756661639,8.376050048863569,1,ZNF703
Hom/Reg-like NPCs,up_in_severe,GO:BP,GO_Biological_Process_2025,577,Positive Regulation of Gene Expression (GO:0010628),0.1875630892461126,0.28183223288800624,1.8205200149644594,3.0468951436742038,4,ZC3H12A;NDUFA2;SCX;CLU
Fibro-NPCs,up_in_severe,REAC,Reactome_2022,124,Cytokine Signaling In Immune System R-HSA-1280215,0.21845754901321063,0.28188070840414275,1.9218484878730413,2.923445901074212,3,COL1A2;MMP2;TIMP1
Fibro-NPCs,up_in_severe,GO:BP,GO_Biological_Process_2025,338,MAPK Cascade (GO:0000165),0.2402965506080202,0.28230661686089437,3.7355932203389832,5.326513230286504,1,ZFP36L1
Fibro-NPCs,up_in_severe,GO:BP,GO_Biological_Process_2025,339,Positive Regulation of Multicellular Organismal Process (GO:0051240),0.24045714350714373,0.28230661686089437,2.194051627384961,3.1269917857641696,2,COL1A1;RPS19
Hom-NPCs,up_in_severe,REAC,Reactome_2022,188,Formation Of Fibrin Clot (Clotting Cascade) R-HSA-140877,0.16321486184296569,0.2823876181092581,5.809356725146199,10.530549918517721,1,SERPING1
Hom-NPCs,up_in_severe,REAC,Reactome_2022,189,MAP2K And MAPK Activation R-HSA-5674135,0.16321486184296569,0.2823876181092581,5.809356725146199,10.530549918517721,1,FN1
Fibro-reg NPCs,up_in_severe,GO:BP,GO_Biological_Process_2025,371,Positive Regulation of Protein Localization to Membrane (GO:1905477),0.210542774482205,0.28316314322071956,4.341639344262295,6.764562566916031,1,CD81
Fibro-reg NPCs,up_in_severe,GO:BP,GO_Biological_Process_2025,372,Negative Regulation of Supramolecular Fiber Organization (GO:1902904),0.210542774482205,0.28316314322071956,4.341639344262295,6.764562566916031,1,TMSB4X
Fibro-reg NPCs,up_in_severe,GO:BP,GO_Biological_Process_2025,373,Regulation of Notch Signaling Pathway (GO:0008593),0.210542774482205,0.28316314322071956,4.341639344262295,6.764562566916031,1,MMP14
Fibro-reg NPCs,up_in_severe,GO:BP,GO_Biological_Process_2025,374,Regulation of Rho Protein Signal Transduction (GO:0035023),0.210542774482205,0.28316314322071956,4.341639344262295,6.764562566916031,1,COL3A1
Fibro-NPCs,up_in_severe,GO:BP,GO_Biological_Process_2025,340,Regulation of Transforming Growth Factor Beta Receptor Signaling Pathway (GO:0017015),0.24205432476369537,0.2833459448704434,3.704014939309057,5.254490018618861,1,ASPN
Fibro-reg NPCs,up_in_severe,GO:BP,GO_Biological_Process_2025,375,Negative Regulation of Signal Transduction (GO:0009968),0.21198968077889732,0.2834357409478714,2.3833939393939394,3.6971628197335624,2,SFRP4;MMP14
Fibro-reg NPCs,up_in_severe,GO:BP,GO_Biological_Process_2025,376,Cellular Response to UV (GO:0034644),0.21299942361490137,0.2834357409478714,4.284296807592752,6.625518572719858,1,MMP2
Fibro-reg NPCs,up_in_severe,GO:BP,GO_Biological_Process_2025,377,Cellular Response to Hypoxia (GO:0071456),0.21299942361490137,0.2834357409478714,4.284296807592752,6.625518572719858,1,LMNA
Fibro-reg NPCs,up_in_severe,GO:BP,GO_Biological_Process_2025,378,Regulation of BMP Signaling Pathway (GO:0030510),0.21299942361490137,0.2834357409478714,4.284296807592752,6.625518572719858,1,SFRP4
ECM/Adh-NPCs,up_in_severe,GO:BP,GO_Biological_Process_2025,390,Visual Perception (GO:0007601),0.2278110801441641,0.2837442353713757,3.9698,5.872281352048959,1,COL1A1
ECM/Adh-NPCs,up_in_severe,GO:BP,GO_Biological_Process_2025,391,Sensory Perception of Light Stimulus (GO:0050953),0.2278110801441641,0.2837442353713757,3.9698,5.872281352048959,1,COL1A1
Fibro-NPCs,up_in_severe,GO:BP,GO_Biological_Process_2025,341,Negative Regulation of Inflammatory Response (GO:0050728),0.24380812002967903,0.2845619700053145,3.6729629629629628,5.183923534079271,1,RPS19
ECM/Adh-NPCs,up_in_severe,GO:BP,GO_Biological_Process_2025,392,Positive Regulation of Macromolecule Biosynthetic Process (GO:0010557),0.22906248806412757,0.28457508083477073,2.2658264438920046,3.339285374667712,2,GSN;CLU
Fibro-NPCs,up_in_severe,GO:BP,GO_Biological_Process_2025,342,- Reg of Transmembrane Receptor Prot Serine/Threonine Kinase Sgnlng Pway (GO:0090101),0.24555794525914298,0.28493312598582776,3.6424242424242426,5.114773456652352,1,ASPN
Fibro-NPCs,up_in_severe,GO:BP,GO_Biological_Process_2025,343,Negative Regulation of DNA-binding Transcription Factor Activity (GO:0043433),0.24555794525914298,0.28493312598582776,3.6424242424242426,5.114773456652352,1,ID3
Hom/Reg-like NPCs,up_in_severe,GO:BP,GO_Biological_Process_2025,578,RNA Stabilization (GO:0043489),0.19096054855395206,0.285453095855649,4.866911764705883,8.0580894711265465,1,FUS
Hom/Reg-like NPCs,up_in_severe,GO:BP,GO_Biological_Process_2025,579,Regulation of Protein Import Into Nucleus (GO:0042306),0.19096054855395206,0.285453095855649,4.866911764705883,8.0580894711265465,1,ZC3H12A
Hom/Reg-like NPCs,up_in_severe,GO:BP,GO_Biological_Process_2025,580,Connective Tissue Development (GO:0061448),0.19096054855395206,0.285453095855649,4.866911764705883,8.0580894711265465,1,SCX
Hom-NPCs,up_in_severe,GO:BP,GO_Biological_Process_2025,519,Regulation of B Cell Proliferation (GO:0030888),0.19487572995053168,0.285567896581356,4.751196172248804,7.770073939870431,1,CD81
Hom-NPCs,up_in_severe,GO:BP,GO_Biological_Process_2025,520,Positive Regulation of Cell-Matrix Adhesion (GO:0001954),0.19487572995053168,0.285567896581356,4.751196172248804,7.770073939870431,1,CIB1
ECM/Adh-NPCs,up_in_severe,REAC,Reactome_2022,140,Signaling By VEGF R-HSA-194138,0.22979015339982095,0.28559633351120606,3.9302970297029702,5.779850647330984,1,HSPB1
Fibro-reg NPCs,up_in_severe,GO:BP,GO_Biological_Process_2025,379,Cellular Response to Decreased Oxygen Levels (GO:0036294),0.2154485510304268,0.2859383144282445,4.228443687460081,6.490801191974523,1,LMNA
ECM/Adh-NPCs,up_in_severe,GO:BP,GO_Biological_Process_2025,393,Positive Regulation of Intracellular Signal Transduction (GO:1902533),0.23130520621683884,0.28647002914562664,1.858628659476117,2.7210643286639695,3,CD81;IL1R1;CLU
ECM/Adh-NPCs,up_in_severe,GO:BP,GO_Biological_Process_2025,394,Regulation of Defense Response (GO:0031347),0.23176425355929545,0.28647002914562664,3.8915686274509804,5.6896078741849365,1,IL1R1
Fibro-reg NPCs,up_in_severe,REAC,Reactome_2022,125,Signaling By Nuclear Receptors R-HSA-9006931,0.1927841558112696,0.28686282384716916,2.5426356589147288,4.185646341889862,2,MMP2;FKBP5
Fibro-reg NPCs,up_in_severe,GO:BP,GO_Biological_Process_2025,380,Positive Regulation of Growth (GO:0045927),0.2178901793714196,0.28690774927702634,4.174022698612863,6.360225971937337,1,MMP14
Fibro-reg NPCs,up_in_severe,GO:BP,GO_Biological_Process_2025,381,RNA Catabolic Process (GO:0006401),0.2178901793714196,0.28690774927702634,4.174022698612863,6.360225971937337,1,TRIR
Fibro-reg NPCs,up_in_severe,GO:BP,GO_Biological_Process_2025,382,Regulation of Cell Cycle G1/S Phase Transition (GO:1902806),0.2178901793714196,0.28690774927702634,4.174022698612863,6.360225971937337,1,TMSB4X
Hom-NPCs,up_in_severe,REAC,Reactome_2022,190,Signaling By RAF1 Mutants R-HSA-9656223,0.16723886906035584,0.2878268956986124,5.652062588904694,10.107765156158749,1,FN1
Hom-NPCs,up_in_severe,GO:BP,GO_Biological_Process_2025,521,"RNA Splicing, via Transesterification Reactions With Bulged Adenosine as Nucleophile (GO:0000377)",0.19825681330040762,0.28792160702993186,2.4845776155105126,4.020523749605022,2,UBL5;SNRPB
Hom-NPCs,up_in_severe,GO:BP,GO_Biological_Process_2025,522,Positive Regulation of Protein Phosphorylation (GO:0001934),0.19825681330040762,0.28792160702993186,2.4845776155105126,4.020523749605022,2,PLAUR;CIB1
Hom-NPCs,up_in_severe,GO:BP,GO_Biological_Process_2025,523,Regulation of Cyclin-Dependent Protein Serine/Threonine Kinase Activity (GO:0000079),0.19874903582381123,0.28792160702993186,4.645380116959064,7.505598149262955,1,RGCC
Hom-NPCs,up_in_severe,GO:BP,GO_Biological_Process_2025,524,- Reg of Phosphatidylinositol 3-Kinase/Prot Kinase B Signal Transduction (GO:0051898),0.19874903582381123,0.28792160702993186,4.645380116959064,7.505598149262955,1,CIB1
Hom-NPCs,up_in_severe,GO:BP,GO_Biological_Process_2025,525,Negative Regulation of Protein Serine/Threonine Kinase Activity (GO:0071901),0.19874903582381123,0.28792160702993186,4.645380116959064,7.505598149262955,1,GSTP1
Hom-NPCs,up_in_severe,GO:BP,GO_Biological_Process_2025,526,Mononuclear Cell Differentiation (GO:1903131),0.19874903582381123,0.28792160702993186,4.645380116959064,7.505598149262955,1,MT1G
ECM/Adh-NPCs,up_in_severe,GO:BP,GO_Biological_Process_2025,395,Regulation of RNA Splicing (GO:0043484),0.2337333929268414,0.28817256292499177,3.8535922330097088,5.601482091690513,1,FUS
ECM/Adh-NPCs,up_in_severe,GO:BP,GO_Biological_Process_2025,396,Positive Regulation of MAPK Cascade (GO:0043410),0.2356646347741155,0.2884038273713161,2.2209750566893423,3.2100763563972183,2,GADD45B;CD81
ECM/Adh-NPCs,up_in_severe,GO:BP,GO_Biological_Process_2025,397,Positive Regulation of Protein-Containing Complex Assembly (GO:0031334),0.23569758376546981,0.2884038273713161,3.816346153846154,5.515405292587267,1,CLU
ECM/Adh-NPCs,up_in_severe,GO:BP,GO_Biological_Process_2025,398,Positive Regulation of NF-kappaB Transcription Factor Activity (GO:0051092),0.23569758376546981,0.2884038273713161,3.816346153846154,5.515405292587267,1,CLU
ECM/Adh-NPCs,up_in_severe,REAC,Reactome_2022,141,Transport Of Inorganic Cations/Anions And Amino Acids/Oligopeptides R-HSA-425393,0.2337333929268414,0.28843695297354893,3.8535922330097088,5.601482091690513,1,SLC7A5
Hom-NPCs,up_in_severe,GO:BP,GO_Biological_Process_2025,527,Regulation of Cytokine Production (GO:0001817),0.20000109320812148,0.2891856414128815,2.469837296620776,3.975036282531163,2,RGCC;NDUFA2
Hom/Reg-like NPCs,up_in_severe,GO:BP,GO_Biological_Process_2025,581,Acylglycerol Metabolic Process (GO:0006639),0.19513565472218591,0.28920104725493195,4.747967479674797,7.75846515017039,1,PNPLA2
Hom/Reg-like NPCs,up_in_severe,GO:BP,GO_Biological_Process_2025,582,Regulation of Receptor-Mediated Endocytosis (GO:0048259),0.19513565472218591,0.28920104725493195,4.747967479674797,7.75846515017039,1,CLU
Hom/Reg-like NPCs,up_in_severe,GO:BP,GO_Biological_Process_2025,583,Positive Regulation of Double-Strand Break Repair via Homologous Recombination (GO:1905168),0.19513565472218591,0.28920104725493195,4.747967479674797,7.75846515017039,1,FUS
Hom/Reg-like NPCs,up_in_severe,GO:BP,GO_Biological_Process_2025,584,Protein Destabilization (GO:0031648),0.19513565472218591,0.28920104725493195,4.747967479674797,7.75846515017039,1,SERF2
Hom/Reg-like NPCs,up_in_severe,GO:BP,GO_Biological_Process_2025,585,Regulation of Chromosome Organization (GO:0033044),0.19513565472218591,0.28920104725493195,4.747967479674797,7.75846515017039,1,LMNA
Fibro-reg NPCs,up_in_severe,GO:BP,GO_Biological_Process_2025,383,Regulation of TOR Signaling (GO:0032006),0.2203243312058669,0.28935545325470247,4.1209794563187385,6.233618471311068,1,DDIT4
Hom-NPCs,up_in_severe,GO:BP,GO_Biological_Process_2025,528,Negative Regulation of Cold-Induced Thermogenesis (GO:0120163),0.20260390111696,0.28975133474908626,4.5441647597254,7.254770090703806,1,ID1
Hom-NPCs,up_in_severe,GO:BP,GO_Biological_Process_2025,529,Regulation of Endothelial Cell Apoptotic Process (GO:2000351),0.20260390111696,0.28975133474908626,4.5441647597254,7.254770090703806,1,RGCC
Hom-NPCs,up_in_severe,GO:BP,GO_Biological_Process_2025,530,Positive Regulation of Pattern Recognition Receptor Signaling Pathway (GO:0062208),0.20260390111696,0.28975133474908626,4.5441647597254,7.254770090703806,1,NDUFA2
Hom-NPCs,up_in_severe,GO:BP,GO_Biological_Process_2025,531,Chemokine-Mediated Signaling Pathway (GO:0070098),0.20260390111696,0.28975133474908626,4.5441647597254,7.254770090703806,1,CIB1
Hom-NPCs,up_in_severe,GO:BP,GO_Biological_Process_2025,532,Monoatomic Anion Transport (GO:0006820),0.20260390111696,0.28975133474908626,4.5441647597254,7.254770090703806,1,TSPO
Hom-NPCs,up_in_severe,GO:BP,GO_Biological_Process_2025,533,Protein-Containing Complex Assembly (GO:0065003),0.20267383388617188,0.28975133474908626,1.9741935483870967,3.1511234867888778,3,FN1;ELOB;CLU
ECM/Adh-NPCs,up_in_severe,GO:BP,GO_Biological_Process_2025,399,Negative Regulation of Gene Expression (GO:0010629),0.23755334951244708,0.2899460682019091,2.208478971699177,3.1743860732875473,2,SLC7A5;CILP
Fibro-reg NPCs,up_in_severe,GO:BP,GO_Biological_Process_2025,384,Wound Healing (GO:0042060),0.2227510290868698,0.29026882805879667,4.069262295081967,6.110813600471095,1,COL3A1
Fibro-reg NPCs,up_in_severe,GO:BP,GO_Biological_Process_2025,385,Positive Regulation of JNK Cascade (GO:0046330),0.2227510290868698,0.29026882805879667,4.069262295081967,6.110813600471095,1,GADD45B
Fibro-reg NPCs,up_in_severe,GO:BP,GO_Biological_Process_2025,386,Regulation of Catabolic Process (GO:0009894),0.2227510290868698,0.29026882805879667,4.069262295081967,6.110813600471095,1,HSPB1
Hom-NPCs,up_in_severe,KEGG,KEGG_2021_Human,27,Cardiac muscle contraction,0.06559276516161128,0.2915234007182724,4.9609511889862326,13.515069100897891,2,COX8A;UQCRQ
Fibro-NPCs,up_in_severe,REAC,Reactome_2022,125,Mitotic Prophase R-HSA-68875,0.227879979649345,0.29158763764437406,3.9725725725725725,5.875181359575033,1,LMNA
Fibro-NPCs,up_in_severe,REAC,Reactome_2022,126,Reproduction R-HSA-1474165,0.22966585404452466,0.29158763764437406,3.9369047619047617,5.791698052439392,1,LMNA
Fibro-NPCs,up_in_severe,REAC,Reactome_2022,127,Signaling By NTRK1 (TRKA) R-HSA-187037,0.23144768738022192,0.29158763764437406,3.9018682399213374,5.709999458304172,1,ID3
Hom/Reg-like NPCs,up_in_severe,GO:BP,GO_Biological_Process_2025,586,Positive Regulation of Cell Differentiation (GO:0045597),0.19738478514256114,0.29186474626435366,2.0003061224489795,3.245697176820707,3,COL1A1;ZC3H12A;ZNF703
Hom/Reg-like NPCs,up_in_severe,GO:BP,GO_Biological_Process_2025,587,Negative Regulation of mRNA Catabolic Process (GO:1902373),0.1992894230547836,0.29186474626435366,4.63468720821662,7.475737135844959,1,FUS
Hom/Reg-like NPCs,up_in_severe,GO:BP,GO_Biological_Process_2025,588,Cell Cycle G2/M Phase Transition (GO:0044839),0.1992894230547836,0.29186474626435366,4.63468720821662,7.475737135844959,1,TPD52L1
Hom/Reg-like NPCs,up_in_severe,GO:BP,GO_Biological_Process_2025,589,Cellular Response to Glucose Starvation (GO:0042149),0.1992894230547836,0.29186474626435366,4.63468720821662,7.475737135844959,1,ZC3H12A
Hom/Reg-like NPCs,up_in_severe,GO:BP,GO_Biological_Process_2025,590,"Positive Regulation of Gene Expression, Epigenetic (GO:0141137)",0.1992894230547836,0.29186474626435366,4.63468720821662,7.475737135844959,1,WBP2
Hom/Reg-like NPCs,up_in_severe,GO:BP,GO_Biological_Process_2025,591,Ephrin Receptor Signaling Pathway (GO:0048013),0.1992894230547836,0.29186474626435366,4.63468720821662,7.475737135844959,1,NGEF
Hom/Reg-like NPCs,up_in_severe,GO:BP,GO_Biological_Process_2025,592,Positive Regulation of Receptor-Mediated Endocytosis (GO:0048260),0.1992894230547836,0.29186474626435366,4.63468720821662,7.475737135844959,1,CLU
Fibro-reg NPCs,up_in_severe,GO:BP,GO_Biological_Process_2025,387,Regulation of Interleukin-1 Beta Production (GO:0032651),0.22517029545262093,0.2919089139501761,4.018822100789314,5.991655015483668,1,HSPB1
Fibro-reg NPCs,up_in_severe,GO:BP,GO_Biological_Process_2025,388,Positive Regulation of Tumor Necrosis Factor Production (GO:0032760),0.22517029545262093,0.2919089139501761,4.018822100789314,5.991655015483668,1,HSPB1
Fibro-reg NPCs,up_in_severe,REAC,Reactome_2022,126,Diseases Of Programmed Cell Death R-HSA-9645723,0.19814590523654665,0.2925010982063308,4.652927400468384,7.53193378831643,1,LMNA
Fibro-reg NPCs,up_in_severe,GO:BP,GO_Biological_Process_2025,389,Negative Regulation of Cellular Process (GO:0048523),0.2271925287992973,0.29277192528682505,1.8692218798151001,2.77010733999523,3,SFRP4;LMNA;CYP1B1
Fibro-reg NPCs,up_in_severe,GO:BP,GO_Biological_Process_2025,390,Wnt Signaling Pathway (GO:0016055),0.22758215265834708,0.29277192528682505,3.969612155137945,5.875994555875092,1,SFRP4
Fibro-reg NPCs,up_in_severe,GO:BP,GO_Biological_Process_2025,391,Regulation of T Cell Proliferation (GO:0042129),0.22758215265834708,0.29277192528682505,3.969612155137945,5.875994555875092,1,CD276
Hom-NPCs,up_in_severe,GO:BP,GO_Biological_Process_2025,534,Positive Regulation of Innate Immune Response (GO:0045089),0.2064404126728171,0.29293779228433264,4.447256438969765,7.016629791356106,1,RPS19
Hom-NPCs,up_in_severe,GO:BP,GO_Biological_Process_2025,535,Negative Regulation of Tumor Necrosis Factor Production (GO:0032720),0.2064404126728171,0.29293779228433264,4.447256438969765,7.016629791356106,1,GSTP1
Hom-NPCs,up_in_severe,GO:BP,GO_Biological_Process_2025,536,Negative Regulation of Viral Genome Replication (GO:0045071),0.2064404126728171,0.29293779228433264,4.447256438969765,7.016629791356106,1,IFITM2
Hom-NPCs,up_in_severe,GO:BP,GO_Biological_Process_2025,537,Nuclear Receptor-Mediated Steroid Hormone Signaling Pathway (GO:0030518),0.2064404126728171,0.29293779228433264,4.447256438969765,7.016629791356106,1,WBP2
Hom-NPCs,up_in_severe,REAC,Reactome_2022,191,NGF-stimulated Transcription R-HSA-9031628,0.17124372591290613,0.29317643127497545,5.503047091412743,9.711048020338644,1,ID1
ECM/Adh-NPCs,up_in_severe,REAC,Reactome_2022,142,Interleukin-4 And Interleukin-13 Signaling R-HSA-6785807,0.23961116834121243,0.2936080513476828,3.7439622641509436,5.349140413750351,1,COL1A2
Hom/Reg-like NPCs,up_in_severe,GO:BP,GO_Biological_Process_2025,593,Negative Regulation of Organelle Organization (GO:0010639),0.20342196154949266,0.29492782719633803,4.5266757865937075,7.208608195736441,1,CLU
Hom/Reg-like NPCs,up_in_severe,GO:BP,GO_Biological_Process_2025,594,Negative Regulation of Protein Modification Process (GO:0031400),0.20342196154949266,0.29492782719633803,4.5266757865937075,7.208608195736441,1,ZC3H12A
Hom/Reg-like NPCs,up_in_severe,GO:BP,GO_Biological_Process_2025,595,Organelle Disassembly (GO:1903008),0.20342196154949266,0.29492782719633803,4.5266757865937075,7.208608195736441,1,PNPLA2
Hom/Reg-like NPCs,up_in_severe,GO:BP,GO_Biological_Process_2025,596,Response to Unfolded Protein (GO:0006986),0.20342196154949266,0.29492782719633803,4.5266757865937075,7.208608195736441,1,HSPB1
Hom/Reg-like NPCs,up_in_severe,GO:BP,GO_Biological_Process_2025,597,Substantia Nigra Development (GO:0021762),0.20342196154949266,0.29492782719633803,4.5266757865937075,7.208608195736441,1,S100A1
Hom/Reg-like NPCs,up_in_severe,GO:BP,GO_Biological_Process_2025,598,Water-Soluble Vitamin Metabolic Process (GO:0006767),0.20342196154949266,0.29492782719633803,4.5266757865937075,7.208608195736441,1,NNMT
Hom-NPCs,up_in_severe,REAC,Reactome_2022,192,Signaling By Interleukins R-HSA-449147,0.17337449553437428,0.2952784377069812,1.8838965817759272,3.3011544482080177,4,COL1A2;RPLP0;FN1;CRLF1
ECM/Adh-NPCs,up_in_severe,GO:BP,GO_Biological_Process_2025,400,Positive Regulation of Vasculature Development (GO:1904018),0.2435051045051163,0.295728144374044,3.674259259259259,5.1903224648108,1,HSPB1
ECM/Adh-NPCs,up_in_severe,GO:BP,GO_Biological_Process_2025,401,Regulation of Proteasomal Ubiquitin-Dependent Protein Catabolic Process (GO:0032434),0.2435051045051163,0.295728144374044,3.674259259259259,5.1903224648108,1,CLU
ECM/Adh-NPCs,up_in_severe,GO:BP,GO_Biological_Process_2025,402,Protein Localization (GO:0008104),0.24417098909344728,0.2957991833047483,2.1658094131961727,3.053545505529333,2,ARF1;LMNA
ECM/Adh-NPCs,up_in_severe,REAC,Reactome_2022,143,Degradation Of Extracellular Matrix R-HSA-1474228,0.2435051045051163,0.2962929243628688,3.674259259259259,5.1903224648108,1,ACAN
ECM/Adh-NPCs,up_in_severe,GO:BP,GO_Biological_Process_2025,403,"Negative Regulation of Gene Expression, Epigenetic (GO:0045814)",0.24544473465125444,0.2966044312038732,3.6403669724770644,5.113563312888186,1,LMNA
Fibro-reg NPCs,up_in_severe,GO:BP,GO_Biological_Process_2025,392,Negative Regulation of Transforming Growth Factor Beta Receptor Signaling Pathway (GO:0030512),0.2323837289121735,0.2966726285350844,3.8747072599531616,5.654613205593275,1,ASPN
Fibro-reg NPCs,up_in_severe,GO:BP,GO_Biological_Process_2025,393,Positive Regulation of Tumor Necrosis Factor Superfamily Cytokine Production (GO:1903557),0.2323837289121735,0.2966726285350844,3.8747072599531616,5.654613205593275,1,HSPB1
Fibro-reg NPCs,up_in_severe,GO:BP,GO_Biological_Process_2025,394,Long-Chain Fatty Acid Metabolic Process (GO:0001676),0.2323837289121735,0.2966726285350844,3.8747072599531616,5.654613205593275,1,CYP1B1
Hom-NPCs,up_in_severe,REAC,Reactome_2022,193,RNA Polymerase III Abortive And Retractive Initiation R-HSA-749476,0.17522952257084182,0.29689147088427603,5.361673414304994,9.338204649149848,1,POLR2F
Hom-NPCs,up_in_severe,GO:BP,GO_Biological_Process_2025,538,Positive Regulation of Intracellular Transport (GO:0032388),0.21025865699508983,0.29724878781124014,4.3543859649122805,6.790302654401219,1,OAZ1
Hom-NPCs,up_in_severe,GO:BP,GO_Biological_Process_2025,539,Arachidonate Metabolic Process (GO:0019369),0.21025865699508983,0.29724878781124014,4.3543859649122805,6.790302654401219,1,GPX1
ECM/Adh-NPCs,up_in_severe,GO:BP,GO_Biological_Process_2025,404,Positive Regulation of GTPase Activity (GO:0043547),0.24737948890714875,0.29746620024143566,3.607090909090909,5.0384990314247204,1,THY1
ECM/Adh-NPCs,up_in_severe,GO:BP,GO_Biological_Process_2025,405,Positive Regulation of Cellular Component Organization (GO:0051130),0.24737948890714875,0.29746620024143566,3.607090909090909,5.0384990314247204,1,CLU
Fibro-reg NPCs,up_in_severe,REAC,Reactome_2022,127,Extra-nuclear Estrogen Signaling R-HSA-9009391,0.2031274691226287,0.29749377367566093,4.523224043715847,7.2096643705392935,1,MMP2
Fibro-NPCs,up_in_severe,REAC,Reactome_2022,128,Transcriptional Regulation By RUNX2 R-HSA-8878166,0.2402965506080202,0.29791301509377893,3.7355932203389832,5.326513230286504,1,COL1A1
Fibro-NPCs,up_in_severe,REAC,Reactome_2022,129,Signaling By TGFB Family Members R-HSA-9006936,0.2402965506080202,0.29791301509377893,3.7355932203389832,5.326513230286504,1,COL1A2
Fibro-NPCs,up_in_severe,REAC,Reactome_2022,130,Glycosaminoglycan Metabolism R-HSA-1630316,0.24205432476369537,0.29791301509377893,3.704014939309057,5.254490018618861,1,BGN
Hom/Reg-like NPCs,up_in_severe,GO:BP,GO_Biological_Process_2025,599,Positive Regulation of Cell-Matrix Adhesion (GO:0001954),0.20753337765589128,0.2983937619032467,4.4235739750445635,6.9559068285126315,1,EFEMP2
Hom/Reg-like NPCs,up_in_severe,GO:BP,GO_Biological_Process_2025,600,Endothelial Cell Migration (GO:0043542),0.20753337765589128,0.2983937619032467,4.4235739750445635,6.9559068285126315,1,ID1
Hom/Reg-like NPCs,up_in_severe,GO:BP,GO_Biological_Process_2025,601,Establishment of Protein Localization to Mitochondrion (GO:0072655),0.20753337765589128,0.2983937619032467,4.4235739750445635,6.9559068285126315,1,TSPO
Hom/Reg-like NPCs,up_in_severe,GO:BP,GO_Biological_Process_2025,602,Regulation of B Cell Proliferation (GO:0030888),0.20753337765589128,0.2983937619032467,4.4235739750445635,6.9559068285126315,1,CD81
Hom/Reg-like NPCs,up_in_severe,GO:BP,GO_Biological_Process_2025,603,Negative Regulation of Biosynthetic Process (GO:0009890),0.20753337765589128,0.2983937619032467,4.4235739750445635,6.9559068285126315,1,ZC3H12A
Fibro-reg NPCs,up_in_severe,GO:BP,GO_Biological_Process_2025,395,Negative Regulation of Intracellular Signal Transduction (GO:1902532),0.23481938578908362,0.2990231672200229,2.21954802259887,3.215988874302972,2,TMSB4X;DDIT4
Hom-NPCs,up_in_severe,GO:BP,GO_Biological_Process_2025,540,RNA Methylation (GO:0001510),0.2140587201245348,0.29928943988054224,4.26530612244898,6.5749903239841245,1,SNRPB
Hom-NPCs,up_in_severe,GO:BP,GO_Biological_Process_2025,541,Negative Regulation of Phosphorylation (GO:0042326),0.2140587201245348,0.29928943988054224,4.26530612244898,6.5749903239841245,1,CIB1
Hom-NPCs,up_in_severe,GO:BP,GO_Biological_Process_2025,542,Negative Regulation of Tumor Necrosis Factor Superfamily Cytokine Production (GO:1903556),0.2140587201245348,0.29928943988054224,4.26530612244898,6.5749903239841245,1,GSTP1
Hom-NPCs,up_in_severe,GO:BP,GO_Biological_Process_2025,543,Regulation of Tumor Necrosis Factor-Mediated Signaling Pathway (GO:0010803),0.2140587201245348,0.29928943988054224,4.26530612244898,6.5749903239841245,1,GSTP1
Hom-NPCs,up_in_severe,GO:BP,GO_Biological_Process_2025,544,Negative Regulation of ERK1 and ERK2 Cascade (GO:0070373),0.2140587201245348,0.29928943988054224,4.26530612244898,6.5749903239841245,1,GSTP1
Hom-NPCs,up_in_severe,GO:BP,GO_Biological_Process_2025,545,Positive Regulation of Cell-Cell Adhesion (GO:0022409),0.2140587201245348,0.29928943988054224,4.26530612244898,6.5749903239841245,1,PLAUR
Fibro-NPCs,up_in_severe,GO:BP,GO_Biological_Process_2025,344,Positive Regulation of Defense Response (GO:0031349),0.2594146756143242,0.2995578954265911,3.4151593453919036,4.608168194413571,1,LGALS1
Fibro-NPCs,up_in_severe,GO:BP,GO_Biological_Process_2025,345,Regulation of Cell Population Proliferation (GO:0042127),0.25966701990495966,0.2995578954265911,1.7476470945412594,2.35644898027859,3,LMNA;TIMP1;ZFP36L1
Fibro-reg NPCs,up_in_severe,GO:BP,GO_Biological_Process_2025,396,Regulation of Endothelial Cell Proliferation (GO:0001936),0.23715593562654916,0.29972220005063877,3.7842165459397634,5.445629131643642,1,SPARC
Fibro-reg NPCs,up_in_severe,GO:BP,GO_Biological_Process_2025,397,Cellular Response to Tumor Necrosis Factor (GO:0071356),0.23715593562654916,0.29972220005063877,3.7842165459397634,5.445629131643642,1,TMSB4X
Fibro-reg NPCs,up_in_severe,GO:BP,GO_Biological_Process_2025,398,Positive Regulation of Biosynthetic Process (GO:0009891),0.23715593562654916,0.29972220005063877,3.7842165459397634,5.445629131643642,1,HBB
Fibro-NPCs,up_in_severe,KEGG,KEGG_2021_Human,21,Malaria,0.10887762220856746,0.30067161829756056,9.02721088435374,20.018117808730278,1,CD81
Fibro-NPCs,up_in_severe,KEGG,KEGG_2021_Human,22,Endometrial cancer,0.12518613547672552,0.30067161829756056,7.757115009746589,16.11892479212372,1,GADD45B
Fibro-NPCs,up_in_severe,KEGG,KEGG_2021_Human,23,Basal cell carcinoma,0.13523030227867788,0.30067161829756056,7.129749103942652,14.265030973088258,1,GADD45B
Fibro-NPCs,up_in_severe,KEGG,KEGG_2021_Human,24,Melanoma,0.15302627203462094,0.30067161829756056,6.223161189358373,11.68178001613074,1,GADD45B
Fibro-NPCs,up_in_severe,KEGG,KEGG_2021_Human,25,Non-small cell lung cancer,0.15302627203462094,0.30067161829756056,6.223161189358373,11.68178001613074,1,GADD45B
Fibro-NPCs,up_in_severe,KEGG,KEGG_2021_Human,26,p53 signaling pathway,0.15498134701054317,0.30067161829756056,6.13641975308642,11.44105094540804,1,GADD45B
Fibro-NPCs,up_in_severe,KEGG,KEGG_2021_Human,27,Glioma,0.15887826166448996,0.30067161829756056,5.96996996996997,10.982458365229922,1,GADD45B
Fibro-NPCs,up_in_severe,KEGG,KEGG_2021_Human,28,Chronic myeloid leukemia,0.16082012081952446,0.30067161829756056,5.890074074074074,10.763926603538268,1,GADD45B
Fibro-NPCs,up_in_severe,KEGG,KEGG_2021_Human,29,Pancreatic cancer,0.16082012081952446,0.30067161829756056,5.890074074074074,10.763926603538268,1,GADD45B
Fibro-NPCs,up_in_severe,KEGG,KEGG_2021_Human,30,Pertussis,0.16082012081952446,0.30067161829756056,5.890074074074074,10.763926603538268,1,C1R
Fibro-NPCs,up_in_severe,KEGG,KEGG_2021_Human,31,Arrhythmogenic right ventricular cardiomyopathy,0.16275759412626153,0.30067161829756056,5.812280701754386,10.552156890784307,1,LMNA
Fibro-NPCs,up_in_severe,KEGG,KEGG_2021_Human,32,B cell receptor signaling pathway,0.17046382240589766,0.30067161829756056,5.520555555555555,9.767144595990155,1,CD81
Fibro-NPCs,up_in_severe,KEGG,KEGG_2021_Human,33,Complement and coagulation cascades,0.1781006483840695,0.30067161829756056,5.256613756613756,9.069795270996941,1,C1R
Fibro-NPCs,up_in_severe,KEGG,KEGG_2021_Human,34,Colorectal cancer,0.17999908252900587,0.30067161829756056,5.1945098039215685,8.907563723274029,1,GADD45B
Fibro-NPCs,up_in_severe,KEGG,KEGG_2021_Human,35,Hypertrophic cardiomyopathy,0.18755001462176596,0.30067161829756056,4.960049937578027,8.30168381449168,1,LMNA
Fibro-NPCs,up_in_severe,KEGG,KEGG_2021_Human,36,Small cell lung cancer,0.1912999301686515,0.30067161829756056,4.85054945054945,8.022385666002098,1,GADD45B
Fibro-NPCs,up_in_severe,KEGG,KEGG_2021_Human,37,TGF-beta signaling pathway,0.19503291231959316,0.30067161829756056,4.745758661887694,7.757355193343563,1,ID3
Fibro-NPCs,up_in_severe,KEGG,KEGG_2021_Human,38,Staphylococcus aureus infection,0.19689307673716672,0.30067161829756056,4.695035460992908,7.629876094954535,1,C1R
Fibro-NPCs,up_in_severe,KEGG,KEGG_2021_Human,39,Dilated cardiomyopathy,0.19874903582381123,0.30067161829756056,4.645380116959064,7.505598149262955,1,LMNA
Hom-NPCs,up_in_severe,GO:BP,GO_Biological_Process_2025,546,Regulation of Epidermal Growth Factor Receptor Signaling Pathway (GO:0042058),0.21784068774287577,0.30071486242766543,4.1797894736842105,6.369962683048184,1,PLAUR
Hom-NPCs,up_in_severe,GO:BP,GO_Biological_Process_2025,547,Transcription Initiation-Coupled Chromatin Remodeling (GO:0045815),0.21784068774287577,0.30071486242766543,4.1797894736842105,6.369962683048184,1,WBP2
Hom-NPCs,up_in_severe,GO:BP,GO_Biological_Process_2025,548,Regulation of Intracellular Transport (GO:0032386),0.21784068774287577,0.30071486242766543,4.1797894736842105,6.369962683048184,1,CRYAB
Hom-NPCs,up_in_severe,GO:BP,GO_Biological_Process_2025,549,Blood Vessel Morphogenesis (GO:0048514),0.21784068774287577,0.30071486242766543,4.1797894736842105,6.369962683048184,1,ID1
Hom-NPCs,up_in_severe,GO:BP,GO_Biological_Process_2025,550,Regulation of Ubiquitin-Dependent Protein Catabolic Process (GO:2000058),0.21784068774287577,0.30071486242766543,4.1797894736842105,6.369962683048184,1,CLU
Hom-NPCs,up_in_severe,GO:BP,GO_Biological_Process_2025,551,Positive Regulation of Actin Filament Bundle Assembly (GO:0032233),0.21784068774287577,0.30071486242766543,4.1797894736842105,6.369962683048184,1,RGCC
Hom-NPCs,up_in_severe,GO:BP,GO_Biological_Process_2025,552,Negative Regulation of Cell Projection Organization (GO:0031345),0.21784068774287577,0.30071486242766543,4.1797894736842105,6.369962683048184,1,CIB1
Fibro-reg NPCs,up_in_severe,GO:BP,GO_Biological_Process_2025,399,Regulation of Endothelial Cell Migration (GO:0010594),0.23953108063507675,0.301210333898609,3.7405313736574337,5.345489016083159,1,SPARC
Fibro-reg NPCs,up_in_severe,GO:BP,GO_Biological_Process_2025,400,Regulation of Type II Interferon Production (GO:0032649),0.23953108063507675,0.301210333898609,3.7405313736574337,5.345489016083159,1,CD276
ECM/Adh-NPCs,up_in_severe,GO:BP,GO_Biological_Process_2025,406,Regulation of Primary Metabolic Process (GO:0080090),0.25123441778349326,0.30122829517677313,3.5423214285714284,4.893252443770648,1,FUS
ECM/Adh-NPCs,up_in_severe,GO:BP,GO_Biological_Process_2025,407,Negative Regulation of Cell Population Proliferation (GO:0008285),0.25174520767340175,0.30122829517677313,2.11898446381205,2.922795333836905,2,LMNA;OGN
ECM/Adh-NPCs,up_in_severe,REAC,Reactome_2022,144,Mitotic Prophase R-HSA-68875,0.24930937929220168,0.30124883331141034,3.5744144144144143,4.965078469364473,1,LMNA
Hom/Reg-like NPCs,up_in_severe,GO:BP,GO_Biological_Process_2025,604,Regulation of Fibroblast Proliferation (GO:0048145),0.2116237782804449,0.3012772015913723,4.325054466230937,6.7165726231791085,1,GSTP1
Hom/Reg-like NPCs,up_in_severe,GO:BP,GO_Biological_Process_2025,605,Negative Regulation of Protein Serine/Threonine Kinase Activity (GO:0071901),0.2116237782804449,0.3012772015913723,4.325054466230937,6.7165726231791085,1,GSTP1
Hom/Reg-like NPCs,up_in_severe,GO:BP,GO_Biological_Process_2025,606,Positive Regulation of Chemotaxis (GO:0050921),0.2116237782804449,0.3012772015913723,4.325054466230937,6.7165726231791085,1,HSPB1
Hom/Reg-like NPCs,up_in_severe,GO:BP,GO_Biological_Process_2025,607,Positive Regulation of Nucleocytoplasmic Transport (GO:0046824),0.2116237782804449,0.3012772015913723,4.325054466230937,6.7165726231791085,1,ZC3H12A
Hom/Reg-like NPCs,up_in_severe,GO:BP,GO_Biological_Process_2025,608,Homotypic Cell-Cell Adhesion (GO:0034109),0.2116237782804449,0.3012772015913723,4.325054466230937,6.7165726231791085,1,HSPB1
Hom/Reg-like NPCs,up_in_severe,GO:BP,GO_Biological_Process_2025,609,Mononuclear Cell Differentiation (GO:1903131),0.2116237782804449,0.3012772015913723,4.325054466230937,6.7165726231791085,1,MT1G
ECM/Adh-NPCs,up_in_severe,GO:BP,GO_Biological_Process_2025,408,Antigen Receptor-Mediated Signaling Pathway (GO:0050851),0.2531546163284746,0.30143349181410056,3.510796460176991,4.822973647631635,1,THY1
ECM/Adh-NPCs,up_in_severe,GO:BP,GO_Biological_Process_2025,409,Positive Regulation of Wnt Signaling Pathway (GO:0030177),0.2531546163284746,0.30143349181410056,3.510796460176991,4.822973647631635,1,COL1A1
ECM/Adh-NPCs,up_in_severe,REAC,Reactome_2022,145,Reproduction R-HSA-1474165,0.25123441778349326,0.3014813013401919,3.5423214285714284,4.893252443770648,1,LMNA
ECM/Adh-NPCs,up_in_severe,GO:BP,GO_Biological_Process_2025,410,Negative Regulation of Programmed Cell Death (GO:0043069),0.254587939352138,0.30150263010882705,2.1019334049409237,2.8756739350203047,2,COMP;HSPB1
ECM/Adh-NPCs,up_in_severe,GO:BP,GO_Biological_Process_2025,411,Intrinsic Apoptotic Signaling Pathway (GO:0097193),0.25506998686824794,0.30150263010882705,3.479824561403509,4.754196562596367,1,CLU
ECM/Adh-NPCs,up_in_severe,GO:BP,GO_Biological_Process_2025,412,Regulation of JNK Cascade (GO:0046328),0.25506998686824794,0.30150263010882705,3.479824561403509,4.754196562596367,1,GADD45B
ECM/Adh-NPCs,up_in_severe,REAC,Reactome_2022,146,Interleukin-1 Signaling R-HSA-9020702,0.2531546163284746,0.30170481672023686,3.510796460176991,4.822973647631635,1,IL1R1
Hom-NPCs,up_in_severe,REAC,Reactome_2022,194,Paradoxical Activation Of RAF Signaling By Kinase Inactive BRAF R-HSA-6802955,0.1791963488077396,0.30204745391820026,5.227368421052631,8.987274190321951,1,FN1
Fibro-NPCs,up_in_severe,REAC,Reactome_2022,131,Immunoregulatory Interactions Between A Lymphoid And A non-Lymphoid Cell R-HSA-198933,0.24730380921474313,0.3020504540027397,3.612386156648452,5.047000891323472,1,CD81
Hom-NPCs,up_in_severe,GO:BP,GO_Biological_Process_2025,553,Positive Regulation of Catabolic Process (GO:0009896),0.2193000418525529,0.30218197448760453,2.3184436346538146,3.51780798828996,2,CLU;OAZ1
ECM/Adh-NPCs,up_in_severe,GO:BP,GO_Biological_Process_2025,413,Antimicrobial Humoral Immune Response Mediated by Antimicrobial Peptide (GO:0061844),0.2569805413008861,0.3022935352983853,3.449391304347826,4.686877377281954,1,RPS19
ECM/Adh-NPCs,up_in_severe,GO:BP,GO_Biological_Process_2025,414,Regulation of DNA Metabolic Process (GO:0051052),0.2569805413008861,0.3022935352983853,3.449391304347826,4.686877377281954,1,LMNA
Fibro-NPCs,up_in_severe,GO:BP,GO_Biological_Process_2025,346,Protein Localization to Plasma Membrane (GO:0072659),0.2628397683659547,0.3023416988718207,3.3626802374893976,4.493249240795596,1,CD81
Fibro-reg NPCs,up_in_severe,REAC,Reactome_2022,128,Nuclear Envelope (NE) Reassembly R-HSA-2995410,0.2080785808658528,0.30236418782069235,4.400531679220204,6.908128354239152,1,LMNA
Hom-NPCs,up_in_severe,GO:BP,GO_Biological_Process_2025,554,Intrinsic Apoptotic Signaling Pathway in Response to DNA Damage (GO:0008630),0.22160464510496675,0.3026213970788255,4.097626418988648,6.1745508317775455,1,RPS27L
Hom-NPCs,up_in_severe,GO:BP,GO_Biological_Process_2025,555,Regulation of Substrate Adhesion-Dependent Cell Spreading (GO:1900024),0.22160464510496675,0.3026213970788255,4.097626418988648,6.1745508317775455,1,CIB1
Hom-NPCs,up_in_severe,GO:BP,GO_Biological_Process_2025,556,Cholesterol Transport (GO:0030301),0.22160464510496675,0.3026213970788255,4.097626418988648,6.1745508317775455,1,CLU
Hom-NPCs,up_in_severe,GO:BP,GO_Biological_Process_2025,557,Signal Transduction by P53 Class Mediator (GO:0072331),0.22160464510496675,0.3026213970788255,4.097626418988648,6.1745508317775455,1,RPS27L
Hom-NPCs,up_in_severe,GO:BP,GO_Biological_Process_2025,558,Regulation of Cell Development (GO:0060284),0.22160464510496675,0.3026213970788255,4.097626418988648,6.1745508317775455,1,RPS19
ECM/Adh-NPCs,up_in_severe,GO:BP,GO_Biological_Process_2025,415,Cytoskeleton Organization (GO:0007010),0.25888629144968567,0.30380150346023355,3.4194827586206897,4.620973909907678,1,THY1
Hom/Reg-like NPCs,up_in_severe,GO:BP,GO_Biological_Process_2025,610,Negative Regulation of Cold-Induced Thermogenesis (GO:0120163),0.2156932697877197,0.30457013828331103,4.2308184143222505,6.489643598625828,1,ID1
Hom/Reg-like NPCs,up_in_severe,GO:BP,GO_Biological_Process_2025,611,BMP Signaling Pathway (GO:0030509),0.2156932697877197,0.30457013828331103,4.2308184143222505,6.489643598625828,1,SCX
Hom/Reg-like NPCs,up_in_severe,GO:BP,GO_Biological_Process_2025,612,Cellular Response to Type II Interferon (GO:0071346),0.2156932697877197,0.30457013828331103,4.2308184143222505,6.489643598625828,1,GBP2
Hom/Reg-like NPCs,up_in_severe,GO:BP,GO_Biological_Process_2025,613,Positive Regulation of Pattern Recognition Receptor Signaling Pathway (GO:0062208),0.2156932697877197,0.30457013828331103,4.2308184143222505,6.489643598625828,1,NDUFA2
Hom/Reg-like NPCs,up_in_severe,GO:BP,GO_Biological_Process_2025,614,Monoatomic Anion Transport (GO:0006820),0.2156932697877197,0.30457013828331103,4.2308184143222505,6.489643598625828,1,TSPO
Fibro-NPCs,up_in_severe,GO:BP,GO_Biological_Process_2025,347,Regulation of GTPase Activity (GO:0043087),0.26624936339807326,0.30538111421450476,3.3117794486215537,4.382550447704493,1,THY1
Eff-NPCs,up_in_severe,GO:BP,GO_Biological_Process_2025,199,Positive Regulation of Cellular Process (GO:0048522),0.29363289086918626,0.3054372281905606,3.118840579710145,3.821905100107389,1,ZFP36
Hom-NPCs,up_in_severe,GO:BP,GO_Biological_Process_2025,559,Negative Regulation of Protein Catabolic Process (GO:0042177),0.22535067707618797,0.3055466475659346,4.018623481781376,5.988140905299795,1,CST3
Hom-NPCs,up_in_severe,GO:BP,GO_Biological_Process_2025,560,Cellular Response to Ionizing Radiation (GO:0071479),0.22535067707618797,0.3055466475659346,4.018623481781376,5.988140905299795,1,CRYAB
Hom-NPCs,up_in_severe,GO:BP,GO_Biological_Process_2025,561,Positive Regulation of B Cell Activation (GO:0050871),0.22535067707618797,0.3055466475659346,4.018623481781376,5.988140905299795,1,CD81
Hom-NPCs,up_in_severe,GO:BP,GO_Biological_Process_2025,562,Cytoplasmic Microtubule Organization (GO:0031122),0.22535067707618797,0.3055466475659346,4.018623481781376,5.988140905299795,1,CIB1
Hom-NPCs,up_in_severe,REAC,Reactome_2022,195,RHOF GTPase Cycle R-HSA-9035034,0.18314429392565884,0.30555195976372673,5.099614890885751,8.656499106359142,1,BASP1
Hom-NPCs,up_in_severe,REAC,Reactome_2022,196,Signaling By FGFR2 In Disease R-HSA-5655253,0.18314429392565884,0.30555195976372673,5.099614890885751,8.656499106359142,1,POLR2F
Fibro-reg NPCs,up_in_severe,GO:BP,GO_Biological_Process_2025,401,Regulation of Protein Localization to Plasma Membrane (GO:1903076),0.24425956401742951,0.3056282604496693,3.656106096887088,5.153368676440941,1,MMP14
Fibro-reg NPCs,up_in_severe,GO:BP,GO_Biological_Process_2025,402,Mitotic Spindle Organization (GO:0007052),0.24425956401742951,0.3056282604496693,3.656106096887088,5.153368676440941,1,SUN2
Hom-NPCs,up_in_severe,KEGG,KEGG_2021_Human,28,Small cell lung cancer,0.0722888268464433,0.3056341621800306,4.684160756501182,12.30569174241841,2,GADD45B;FN1
Hom-NPCs,up_in_severe,KEGG,KEGG_2021_Human,29,Human papillomavirus infection,0.07519906128397448,0.3056341621800306,2.6029783273500864,6.7355097497642324,4,COMP;COL1A1;COL1A2;FN1
Hom-NPCs,up_in_severe,KEGG,KEGG_2021_Human,30,Staphylococcus aureus infection,0.07640854054500765,0.3056341621800306,4.532372454815832,11.655724581294347,2,HLA-DPB1;DEFB1
Hom/Reg-like NPCs,up_in_severe,REAC,Reactome_2022,233,Cellular Senescence R-HSA-2559583,0.20881166077335395,0.30739227315562406,2.3973759339124094,3.75506405304267,2,MAPKAPK2;ID1
Hom-NPCs,up_in_severe,REAC,Reactome_2022,197,Protein Localization R-HSA-9609507,0.1861045087018044,0.3074020961438454,2.592855266614132,4.359748419913909,2,CHCHD2;COX17
Hom-NPCs,up_in_severe,REAC,Reactome_2022,198,Smooth Muscle Contraction R-HSA-445355,0.18707344688876218,0.3074020961438454,4.977944862155389,8.344299863156749,1,MYL6
Hom-NPCs,up_in_severe,REAC,Reactome_2022,199,Defensins R-HSA-1461973,0.18707344688876218,0.3074020961438454,4.977944862155389,8.344299863156749,1,DEFB1
Fibro-NPCs,up_in_severe,GO:BP,GO_Biological_Process_2025,348,Protein Localization to Cell Periphery (GO:1990778),0.2696435292422365,0.3075017897948714,3.26238683127572,4.275861832267979,1,CD81
Fibro-NPCs,up_in_severe,GO:BP,GO_Biological_Process_2025,349,Receptor-Mediated Endocytosis (GO:0006898),0.2696435292422365,0.3075017897948714,3.26238683127572,4.275861832267979,1,CD81
Fibro-reg NPCs,up_in_severe,GO:BP,GO_Biological_Process_2025,403,Regulation of Epithelial to Mesenchymal Transition (GO:0010717),0.2466129461728016,0.3078072256201469,3.6153005464480876,5.061186460857805,1,COL1A1
Hom/Reg-like NPCs,up_in_severe,GO:BP,GO_Biological_Process_2025,615,Nuclear Receptor-Mediated Steroid Hormone Signaling Pathway (GO:0030518),0.21974195801724053,0.3087784077811143,4.140592407175636,6.274245219426223,1,WBP2
Hom/Reg-like NPCs,up_in_severe,GO:BP,GO_Biological_Process_2025,616,Cellular Response to Chemokine (GO:1990869),0.21974195801724053,0.3087784077811143,4.140592407175636,6.274245219426223,1,ZC3H12A
Hom/Reg-like NPCs,up_in_severe,GO:BP,GO_Biological_Process_2025,617,Positive Regulation of Innate Immune Response (GO:0045089),0.21974195801724053,0.3087784077811143,4.140592407175636,6.274245219426223,1,RPS19
Hom/Reg-like NPCs,up_in_severe,GO:BP,GO_Biological_Process_2025,618,Heart Development (GO:0007507),0.22013273056319618,0.30882698608137715,2.3115589665475422,3.4986013459181224,2,COL3A1;PDLIM7
ECM/Adh-NPCs,up_in_severe,REAC,Reactome_2022,147,Transcriptional Regulation By RUNX2 R-HSA-8878166,0.26268342634803604,0.30883051476052886,3.361186440677966,4.49325310504947,1,COL1A1
ECM/Adh-NPCs,up_in_severe,REAC,Reactome_2022,148,Signaling By TGFB Family Members R-HSA-9006936,0.26268342634803604,0.30883051476052886,3.361186440677966,4.49325310504947,1,COL1A2
ECM/Adh-NPCs,up_in_severe,GO:BP,GO_Biological_Process_2025,416,Regulation of Transforming Growth Factor Beta Receptor Signaling Pathway (GO:0017015),0.26457483470786863,0.3089878765053526,3.3327731092436976,4.431358904433699,1,CILP
ECM/Adh-NPCs,up_in_severe,GO:BP,GO_Biological_Process_2025,417,Negative Regulation of Catabolic Process (GO:0009895),0.26457483470786863,0.3089878765053526,3.3327731092436976,4.431358904433699,1,CST3
Hom-NPCs,up_in_severe,GO:BP,GO_Biological_Process_2025,563,Negative Regulation of Neuron Projection Development (GO:0010977),0.22907886813447037,0.3095001729050823,3.942601787487587,5.810168619029014,1,CIB1
Hom-NPCs,up_in_severe,GO:BP,GO_Biological_Process_2025,564,Gonad Development (GO:0008406),0.22907886813447037,0.3095001729050823,3.942601787487587,5.810168619029014,1,BASP1
Fibro-reg NPCs,up_in_severe,GO:BP,GO_Biological_Process_2025,404,Sensory Perception of Mechanical Stimulus (GO:0050954),0.24895911767810758,0.3099664262180399,3.5753918212934606,4.9714628451688165,1,COL1A1
ECM/Adh-NPCs,up_in_severe,REAC,Reactome_2022,149,Cytokine Signaling In Immune System R-HSA-1280215,0.26559936778401144,0.31016302009676505,1.72120886981402,2.2819206145380893,3,MT2A;COL1A2;IL1R1
ECM/Adh-NPCs,up_in_severe,GO:BP,GO_Biological_Process_2025,418,Negative Regulation of Inflammatory Response (GO:0050728),0.26646148599951897,0.31044675521953524,3.3048333333333333,4.370726566920738,1,RPS19
Fibro-reg NPCs,up_in_severe,REAC,Reactome_2022,129,Oncogenic MAPK Signaling R-HSA-6802957,0.2154485510304268,0.31064674799735953,4.228443687460081,6.490801191974523,1,LMNA
Hom-NPCs,up_in_severe,GO:BP,GO_Biological_Process_2025,565,Rho Protein Signal Transduction (GO:0007266),0.23278930234620643,0.31065752782453465,3.8693957115009745,5.640114444169701,1,COL1A2
Hom-NPCs,up_in_severe,GO:BP,GO_Biological_Process_2025,566,Regulation of Metabolic Process (GO:0019222),0.23278930234620643,0.31065752782453465,3.8693957115009745,5.640114444169701,1,CHCHD2
Hom-NPCs,up_in_severe,GO:BP,GO_Biological_Process_2025,567,Positive Regulation of Protein Localization to Plasma Membrane (GO:1903078),0.23278930234620643,0.31065752782453465,3.8693957115009745,5.640114444169701,1,CIB1
Hom-NPCs,up_in_severe,GO:BP,GO_Biological_Process_2025,568,Icosanoid Metabolic Process (GO:0006690),0.23278930234620643,0.31065752782453465,3.8693957115009745,5.640114444169701,1,GPX1
Hom-NPCs,up_in_severe,GO:BP,GO_Biological_Process_2025,569,Interferon-Mediated Signaling Pathway (GO:0140888),0.23278930234620643,0.31065752782453465,3.8693957115009745,5.640114444169701,1,IFITM2
Hom-NPCs,up_in_severe,GO:BP,GO_Biological_Process_2025,570,Nucleus Organization (GO:0006997),0.23278930234620643,0.31065752782453465,3.8693957115009745,5.640114444169701,1,RPS19
Hom-NPCs,up_in_severe,GO:BP,GO_Biological_Process_2025,571,Cell Surface Receptor Signaling Pathway via STAT (GO:0097696),0.23278930234620643,0.31065752782453465,3.8693957115009745,5.640114444169701,1,CRLF1
Hom/Reg-like NPCs,up_in_severe,KEGG,KEGG_2021_Human,20,p53 signaling pathway,0.054507758604145376,0.3106942240436287,5.529493794449867,16.087576858762947,2,GADD45B;SIVA1
Hom-NPCs,up_in_severe,GO:BP,GO_Biological_Process_2025,572,Negative Regulation of Cytokine Production (GO:0001818),0.2334369967487806,0.3109772579065923,2.21940785770573,3.228890117951521,2,RGCC;FN1
Hom/Reg-like NPCs,up_in_severe,GO:BP,GO_Biological_Process_2025,619,Regulation of Cytokine Production (GO:0001817),0.22202497894057605,0.3109784438473012,2.29784507862551,3.4581773050075837,2,MAPKAPK2;NDUFA2
Hom/Reg-like NPCs,up_in_severe,GO:BP,GO_Biological_Process_2025,620,Regulation of Wound Healing (GO:0061041),0.2237699482990746,0.3114101848720669,4.054125816993464,6.069580836470219,1,TNFRSF12A
Hom/Reg-like NPCs,up_in_severe,GO:BP,GO_Biological_Process_2025,621,Positive Regulation of Intracellular Transport (GO:0032388),0.2237699482990746,0.3114101848720669,4.054125816993464,6.069580836470219,1,OAZ1
Hom/Reg-like NPCs,up_in_severe,GO:BP,GO_Biological_Process_2025,622,Translational Elongation (GO:0006414),0.2237699482990746,0.3114101848720669,4.054125816993464,6.069580836470219,1,TCF25
Hom/Reg-like NPCs,up_in_severe,GO:BP,GO_Biological_Process_2025,623,Positive Regulation of Transport (GO:0051050),0.2237699482990746,0.3114101848720669,4.054125816993464,6.069580836470219,1,SIVA1
ECM/Adh-NPCs,up_in_severe,GO:BP,GO_Biological_Process_2025,419,- Reg of Transmembrane Receptor Prot Serine/Threonine Kinase Sgnlng Pway (GO:0090101),0.26834339194043877,0.3118931548329205,3.2773553719008266,4.311321025835134,1,CILP
Hom-NPCs,up_in_severe,REAC,Reactome_2022,200,Interleukin-12 Signaling R-HSA-9020591,0.19098389620174758,0.31225867028985727,4.8619339045287635,8.049253281298896,1,RPLP0
Fibro-NPCs,up_in_severe,GO:BP,GO_Biological_Process_2025,350,Negative Regulation of Cell Motility (GO:2000146),0.2747059975928274,0.31237996297698656,3.1909822866344606,4.1229209578945945,1,THY1
Fibro-NPCs,up_in_severe,KEGG,KEGG_2021_Human,40,NF-kappa B signaling pathway,0.2134464276390798,0.31238250555642394,4.2828478964401295,6.614299245570354,1,GADD45B
Fibro-NPCs,up_in_severe,KEGG,KEGG_2021_Human,41,"Parathyroid hormone synthesis, secretion and action",0.21707936826802343,0.31238250555642394,4.200846560846561,6.416760522811149,1,MMP14
Fibro-NPCs,up_in_severe,KEGG,KEGG_2021_Human,42,HIF-1 signaling pathway,0.22249802055021692,0.3125567431538761,4.083539094650206,6.136893943829338,1,TIMP1
Hom-NPCs,up_in_severe,GO:BP,GO_Biological_Process_2025,573,Positive Regulation of Interleukin-1 Beta Production (GO:0032731),0.23648206344495054,0.31284606309904917,3.7988516746411483,5.477499328550885,1,HSPB1
Hom-NPCs,up_in_severe,GO:BP,GO_Biological_Process_2025,574,Regulation of Proteasomal Protein Catabolic Process (GO:0061136),0.23648206344495054,0.31284606309904917,3.7988516746411483,5.477499328550885,1,GPX1
Hom-NPCs,up_in_severe,GO:BP,GO_Biological_Process_2025,575,Receptor Internalization (GO:0031623),0.23648206344495054,0.31284606309904917,3.7988516746411483,5.477499328550885,1,CD81
Hom-NPCs,up_in_severe,GO:BP,GO_Biological_Process_2025,576,Sulfur Compound Biosynthetic Process (GO:0044272),0.23648206344495054,0.31284606309904917,3.7988516746411483,5.477499328550885,1,GSTP1
Fibro-reg NPCs,up_in_severe,REAC,Reactome_2022,130,SARS-CoV-2 Infection R-HSA-9694516,0.2188165851514983,0.3130760372167591,2.331791221826809,3.543206687075346,2,RPS14;RPS9
Hom/Reg-like NPCs,up_in_severe,GO:BP,GO_Biological_Process_2025,624,Regulation of Cell Cycle (GO:0051726),0.22540390411331124,0.3131813860035911,1.864952380952381,2.778520484474668,3,TSPYL2;GADD45B;ZNF703
ECM/Adh-NPCs,up_in_severe,REAC,Reactome_2022,150,Immunoregulatory Interactions Between A Lymphoid And A non-Lymphoid Cell R-HSA-198933,0.27022056425608393,0.3134558545370573,3.250327868852459,4.253108455538809,1,CD81
Hom/Reg-like NPCs,up_in_severe,GO:BP,GO_Biological_Process_2025,625,Negative Regulation of Phosphorylation (GO:0042326),0.2277773453985499,0.31346501342943295,3.971188475390156,5.874923343943355,1,ZC3H12A
Hom/Reg-like NPCs,up_in_severe,GO:BP,GO_Biological_Process_2025,626,Positive Regulation of Blood Vessel Endothelial Cell Migration (GO:0043536),0.2277773453985499,0.31346501342943295,3.971188475390156,5.874923343943355,1,HSPB1
Hom/Reg-like NPCs,up_in_severe,GO:BP,GO_Biological_Process_2025,627,Positive Regulation of Cell-Cell Adhesion (GO:0022409),0.2277773453985499,0.31346501342943295,3.971188475390156,5.874923343943355,1,PLAUR
Hom/Reg-like NPCs,up_in_severe,GO:BP,GO_Biological_Process_2025,628,Positive Regulation of Fat Cell Differentiation (GO:0045600),0.2277773453985499,0.31346501342943295,3.971188475390156,5.874923343943355,1,ZC3H12A
Hom/Reg-like NPCs,up_in_severe,GO:BP,GO_Biological_Process_2025,629,Triglyceride Metabolic Process (GO:0006641),0.2277773453985499,0.31346501342943295,3.971188475390156,5.874923343943355,1,PNPLA2
Hom/Reg-like NPCs,up_in_severe,GO:BP,GO_Biological_Process_2025,630,Negative Regulation of ERK1 and ERK2 Cascade (GO:0070373),0.2277773453985499,0.31346501342943295,3.971188475390156,5.874923343943355,1,GSTP1
Fibro-reg NPCs,up_in_severe,KEGG,KEGG_2021_Human,22,Wnt signaling pathway,0.09380038715602552,0.3155103931611768,4.019105691056911,9.511560448683708,2,SFRP4;SERPINF1
Hom/Reg-like NPCs,up_in_severe,GO:BP,GO_Biological_Process_2025,631,Regulation of Epidermal Growth Factor Receptor Signaling Pathway (GO:0042058),0.23176425355929545,0.31594277961620937,3.8915686274509804,5.6896078741849365,1,PLAUR
Hom/Reg-like NPCs,up_in_severe,GO:BP,GO_Biological_Process_2025,632,Regulation of Intracellular Transport (GO:0032386),0.23176425355929545,0.31594277961620937,3.8915686274509804,5.6896078741849365,1,LAMP1
Hom/Reg-like NPCs,up_in_severe,GO:BP,GO_Biological_Process_2025,633,Blood Vessel Morphogenesis (GO:0048514),0.23176425355929545,0.31594277961620937,3.8915686274509804,5.6896078741849365,1,ID1
Hom/Reg-like NPCs,up_in_severe,GO:BP,GO_Biological_Process_2025,634,Regulation of Ubiquitin-Dependent Protein Catabolic Process (GO:2000058),0.23176425355929545,0.31594277961620937,3.8915686274509804,5.6896078741849365,1,CLU
Hom/Reg-like NPCs,up_in_severe,GO:BP,GO_Biological_Process_2025,635,Positive Regulation of Leukocyte Mediated Cytotoxicity (GO:0001912),0.23176425355929545,0.31594277961620937,3.8915686274509804,5.6896078741849365,1,LAMP1
Hom/Reg-like NPCs,up_in_severe,GO:BP,GO_Biological_Process_2025,636,Transcription Initiation-Coupled Chromatin Remodeling (GO:0045815),0.23176425355929545,0.31594277961620937,3.8915686274509804,5.6896078741849365,1,WBP2
Hom/Reg-like NPCs,up_in_severe,GO:BP,GO_Biological_Process_2025,637,Protein-Containing Complex Assembly (GO:0065003),0.2321909492325257,0.3160275557058081,1.83534375,2.679960113552929,3,ZC3H12A;CLU;AP2M1
Eff-NPCs,up_in_severe,GO:BP,GO_Biological_Process_2025,200,Positive Regulation of Intracellular Signal Transduction (GO:1902533),0.3055724117579959,0.31626744616952573,2.970506912442396,3.521739428659527,1,CLU
Fibro-reg NPCs,up_in_severe,REAC,Reactome_2022,131,TP53 Regulates Metabolic Genes R-HSA-5628897,0.2227510290868698,0.3162724535126548,4.069262295081967,6.110813600471095,1,DDIT4
Hom-NPCs,up_in_severe,GO:BP,GO_Biological_Process_2025,577,Positive Regulation of Protein Localization to Cell Periphery (GO:1904377),0.24015723464023092,0.3166086726571902,3.730827067669173,5.3218808984322825,1,CIB1
Hom-NPCs,up_in_severe,GO:BP,GO_Biological_Process_2025,578,Negative Regulation of Response to Stimulus (GO:0048585),0.24015723464023092,0.3166086726571902,3.730827067669173,5.3218808984322825,1,CLU
Hom/Reg-like NPCs,up_in_severe,GO:BP,GO_Biological_Process_2025,638,Regulation of Hydrolase Activity (GO:0051336),0.23573077652645005,0.31735804852241023,3.8150711264898116,5.513025385693579,1,NGEF
Hom/Reg-like NPCs,up_in_severe,GO:BP,GO_Biological_Process_2025,639,Regulation of Telomere Maintenance (GO:0032204),0.23573077652645005,0.31735804852241023,3.8150711264898116,5.513025385693579,1,LMNA
Hom/Reg-like NPCs,up_in_severe,GO:BP,GO_Biological_Process_2025,640,Cholesterol Transport (GO:0030301),0.23573077652645005,0.31735804852241023,3.8150711264898116,5.513025385693579,1,CLU
Hom/Reg-like NPCs,up_in_severe,GO:BP,GO_Biological_Process_2025,641,Glycoprotein Metabolic Process (GO:0009100),0.23573077652645005,0.31735804852241023,3.8150711264898116,5.513025385693579,1,FBXO2
Hom/Reg-like NPCs,up_in_severe,GO:BP,GO_Biological_Process_2025,642,Intrinsic Apoptotic Signaling Pathway in Response to DNA Damage (GO:0008630),0.23573077652645005,0.31735804852241023,3.8150711264898116,5.513025385693579,1,DDIT4
Hom/Reg-like NPCs,up_in_severe,GO:BP,GO_Biological_Process_2025,643,Proton Motive Force-Driven Mitochondrial ATP Synthesis (GO:0042776),0.23573077652645005,0.31735804852241023,3.8150711264898116,5.513025385693579,1,NDUFA2
Hom/Reg-like NPCs,up_in_severe,GO:BP,GO_Biological_Process_2025,644,Regulation of Cell Development (GO:0060284),0.23573077652645005,0.31735804852241023,3.8150711264898116,5.513025385693579,1,RPS19
Fibro-reg NPCs,up_in_severe,GO:BP,GO_Biological_Process_2025,405,Positive Regulation of Immune Response (GO:0050778),0.25595458548671635,0.3178892753081934,3.460760376700384,4.716169374702078,1,CD81
Fibro-NPCs,up_in_severe,REAC,Reactome_2022,132,Signaling By NTRKs R-HSA-166520,0.2628397683659547,0.3185936586253996,3.3626802374893976,4.493249240795596,1,ID3
ECM/Adh-NPCs,up_in_severe,GO:BP,GO_Biological_Process_2025,420,Positive Regulation of Angiogenesis (GO:0045766),0.2758237959033874,0.3190645810093817,3.17184,4.085307836958846,1,HSPB1
ECM/Adh-NPCs,up_in_severe,GO:BP,GO_Biological_Process_2025,421,Regulation of Cell Motility (GO:2000145),0.2758237959033874,0.3190645810093817,3.17184,4.085307836958846,1,LMNA
Fibro-NPCs,up_in_severe,GO:BP,GO_Biological_Process_2025,351,Protein Homooligomerization (GO:0051260),0.2814025880638636,0.31908327649406754,3.1004694835680753,3.9312989960385463,1,BASP1
Hom/Reg-like NPCs,up_in_severe,GO:BP,GO_Biological_Process_2025,645,Neuron Differentiation (GO:0030182),0.23910939470144935,0.31920118918169504,2.1813153382377344,3.121100397936448,2,DDIT4;ID1
Hom/Reg-like NPCs,up_in_severe,GO:BP,GO_Biological_Process_2025,646,Negative Regulation of Immune System Process (GO:0002683),0.23967701748244924,0.31920118918169504,3.7415158371040724,5.344617021322101,1,COL3A1
Hom/Reg-like NPCs,up_in_severe,GO:BP,GO_Biological_Process_2025,647,Antibacterial Humoral Response (GO:0019731),0.23967701748244924,0.31920118918169504,3.7415158371040724,5.344617021322101,1,RPL39
Hom/Reg-like NPCs,up_in_severe,GO:BP,GO_Biological_Process_2025,648,Positive Regulation of B Cell Activation (GO:0050871),0.23967701748244924,0.31920118918169504,3.7415158371040724,5.344617021322101,1,CD81
Hom/Reg-like NPCs,up_in_severe,GO:BP,GO_Biological_Process_2025,649,Positive Regulation of miRNA Metabolic Process (GO:2000630),0.23967701748244924,0.31920118918169504,3.7415158371040724,5.344617021322101,1,ZC3H12A
Hom/Reg-like NPCs,up_in_severe,GO:BP,GO_Biological_Process_2025,650,Unsaturated Fatty Acid Metabolic Process (GO:0033559),0.23967701748244924,0.31920118918169504,3.7415158371040724,5.344617021322101,1,GSTP1
Hom/Reg-like NPCs,up_in_severe,GO:BP,GO_Biological_Process_2025,651,Positive Regulation of Small GTPase Mediated Signal Transduction (GO:0051057),0.23967701748244924,0.31920118918169504,3.7415158371040724,5.344617021322101,1,COL3A1
Hom-NPCs,up_in_severe,GO:BP,GO_Biological_Process_2025,579,Positive Regulation of Macromolecule Biosynthetic Process (GO:0010557),0.2429190836053842,0.3196966178019046,1.7917888563049853,2.535429395624498,3,RGCC;FN1;CLU
Hom-NPCs,up_in_severe,GO:BP,GO_Biological_Process_2025,580,Regulation of Mitotic Nuclear Division (GO:0007088),0.24381489891757835,0.31977100339964665,3.665189289012004,5.172850068462446,1,RGCC
Hom-NPCs,up_in_severe,GO:BP,GO_Biological_Process_2025,581,Positive Regulation of Type II Interferon Production (GO:0032729),0.24381489891757835,0.31977100339964665,3.665189289012004,5.172850068462446,1,NDUFA2
Fibro-reg NPCs,up_in_severe,GO:BP,GO_Biological_Process_2025,406,Sensory Perception of Sound (GO:0007605),0.25827213118896564,0.319977541842487,3.4241587575496117,4.6354257369801735,1,COL1A1
Eff-NPCs,up_in_severe,REAC,Reactome_2022,43,Neutrophil Degranulation R-HSA-6798695,0.22935291025361143,0.3200273166329462,4.180299785867238,6.155463714629547,1,CST3
ECM/Adh-NPCs,up_in_severe,GO:BP,GO_Biological_Process_2025,422,Positive Regulation of Multicellular Organismal Process (GO:0051240),0.27830082801640926,0.32116706929855765,1.9696649029982363,2.519305084619464,2,COL1A1;RPS19
Fibro-reg NPCs,up_in_severe,REAC,Reactome_2022,132,Metabolism Of Proteins R-HSA-392499,0.22868771857023934,0.3216354277568086,1.4213405754319677,2.097042872380979,8,CST3;RPS14;RPS9;LGALS1;MMP2;THY1;MFGE8;RPL39
Fibro-reg NPCs,up_in_severe,REAC,Reactome_2022,133,Transcriptional Regulation Of White Adipocyte Differentiation R-HSA-381340,0.22998662307341688,0.3216354277568086,3.9215879913095004,5.763691723648088,1,CEBPD
Hom-NPCs,up_in_severe,REAC,Reactome_2022,201,HIV Transcription Initiation R-HSA-167161,0.19874903582381123,0.3217373005662687,4.645380116959064,7.505598149262955,1,POLR2F
Hom-NPCs,up_in_severe,REAC,Reactome_2022,202,RNA Polymerase I Transcription Initiation R-HSA-73762,0.19874903582381123,0.3217373005662687,4.645380116959064,7.505598149262955,1,POLR2F
Fibro-reg NPCs,up_in_severe,GO:BP,GO_Biological_Process_2025,407,Positive Regulation of Hydrolase Activity (GO:0051345),0.2628859362223205,0.3233047088504333,3.353219536927497,4.480018809740678,1,THY1
Fibro-reg NPCs,up_in_severe,GO:BP,GO_Biological_Process_2025,408,rRNA Metabolic Process (GO:0016072),0.2628859362223205,0.3233047088504333,3.353219536927497,4.480018809740678,1,TRIR
Fibro-reg NPCs,up_in_severe,GO:BP,GO_Biological_Process_2025,409,Defense Response to Gram-positive Bacterium (GO:0050830),0.2628859362223205,0.3233047088504333,3.353219536927497,4.480018809740678,1,RPL39
Hom/Reg-like NPCs,up_in_severe,GO:BP,GO_Biological_Process_2025,652,Negative Regulation of Neuron Projection Development (GO:0010977),0.24360307918918833,0.3234362475605303,3.6707362190159083,5.183869127170332,1,NGEF
Hom/Reg-like NPCs,up_in_severe,GO:BP,GO_Biological_Process_2025,653,Cellular Response to BMP Stimulus (GO:0071773),0.24360307918918833,0.3234362475605303,3.6707362190159083,5.183869127170332,1,SCX
ECM/Adh-NPCs,up_in_severe,GO:BP,GO_Biological_Process_2025,423,Regulation of Neuron Apoptotic Process (GO:0043523),0.2813848432085112,0.32395843650719847,3.09703125,3.927134723311027,1,CLU
Hom-NPCs,up_in_severe,GO:BP,GO_Biological_Process_2025,582,Mitotic DNA Damage Checkpoint Signaling (GO:0044773),0.2474551387592752,0.32398765590131906,3.601814882032668,5.03002802527972,1,RPS27L
Hom/Reg-like NPCs,up_in_severe,GO:BP,GO_Biological_Process_2025,654,Negative Regulation of Cell Migration (GO:0030336),0.24482112400411868,0.3245564442072949,2.145033184637145,3.018549559706683,2,COL3A1;TIMP1
Hom-NPCs,up_in_severe,REAC,Reactome_2022,203,Viral Messenger RNA Synthesis R-HSA-168325,0.20260390111696,0.3247621356139506,4.5441647597254,7.254770090703806,1,POLR2F
Hom-NPCs,up_in_severe,REAC,Reactome_2022,204,Metabolism Of Fat-Soluble Vitamins R-HSA-6806667,0.20260390111696,0.3247621356139506,4.5441647597254,7.254770090703806,1,VKORC1
Hom/Reg-like NPCs,up_in_severe,KEGG,KEGG_2021_Human,21,Arrhythmogenic right ventricular cardiomyopathy,0.05989871420185812,0.32516444852437265,5.233531353135313,14.732915367402535,2,LMNA;ITGA11
Hom/Reg-like NPCs,up_in_severe,REAC,Reactome_2022,234,Signaling By ERBB2 R-HSA-1227986,0.2237699482990746,0.32522496723128214,4.054125816993464,6.069580836470219,1,CDC37
Hom/Reg-like NPCs,up_in_severe,REAC,Reactome_2022,235,EPH-ephrin Mediated Repulsion Of Cells R-HSA-3928665,0.2237699482990746,0.32522496723128214,4.054125816993464,6.069580836470219,1,AP2M1
Hom/Reg-like NPCs,up_in_severe,REAC,Reactome_2022,236,Signaling By FGFR1 R-HSA-5654736,0.2237699482990746,0.32522496723128214,4.054125816993464,6.069580836470219,1,FGFRL1
Fibro-NPCs,up_in_severe,GO:BP,GO_Biological_Process_2025,352,Antimicrobial Humoral Response (GO:0019730),0.2880386812635516,0.3256800998377657,3.014916286149163,3.752547205911795,1,RPS19
Hom-NPCs,up_in_severe,GO:BP,GO_Biological_Process_2025,583,Transcription by RNA Polymerase II (GO:0006366),0.24940679099284982,0.3259828040078071,2.117558564367075,2.9405900871231445,2,POLR2F;ELOB
Hom/Reg-like NPCs,up_in_severe,GO:BP,GO_Biological_Process_2025,655,Regulation of Cytokine Production Involved in Inflammatory Response (GO:1900015),0.2475090637397272,0.3261251645324369,3.602578068264343,5.030308852843138,1,ZC3H12A
Hom/Reg-like NPCs,up_in_severe,GO:BP,GO_Biological_Process_2025,656,Rho Protein Signal Transduction (GO:0007266),0.2475090637397272,0.3261251645324369,3.602578068264343,5.030308852843138,1,COL1A2
Hom/Reg-like NPCs,up_in_severe,GO:BP,GO_Biological_Process_2025,657,Cell Surface Receptor Signaling Pathway via STAT (GO:0097696),0.2475090637397272,0.3261251645324369,3.602578068264343,5.030308852843138,1,CRLF1
Hom/Reg-like NPCs,up_in_severe,GO:BP,GO_Biological_Process_2025,658,Icosanoid Metabolic Process (GO:0006690),0.2475090637397272,0.3261251645324369,3.602578068264343,5.030308852843138,1,MAPKAPK2
Hom-NPCs,up_in_severe,GO:BP,GO_Biological_Process_2025,584,Response to Type II Interferon (GO:0034341),0.2510780363139976,0.3266250316295117,3.5405887600356825,4.893063523640772,1,IFITM2
Hom-NPCs,up_in_severe,GO:BP,GO_Biological_Process_2025,585,Positive Regulation of Cell Cycle (GO:0045787),0.2510780363139976,0.3266250316295117,3.5405887600356825,4.893063523640772,1,RGCC
Hom-NPCs,up_in_severe,GO:BP,GO_Biological_Process_2025,586,Regulation of Translation (GO:0006417),0.2511840794421179,0.3266250316295117,2.106810648989629,2.910704754310939,2,HSPB1;RPS27L
Hom-NPCs,up_in_severe,GO:BP,GO_Biological_Process_2025,587,Positive Regulation of MAPK Cascade (GO:0043410),0.2519036609476259,0.32700270807851944,1.756222481804295,2.421318973128979,3,GADD45B;CD81;CIB1
ECM/Adh-NPCs,up_in_severe,KEGG,KEGG_2021_Human,22,Transcriptional misregulation in cancer,0.08612229746007576,0.32705716556891734,4.244683136412459,10.407907569987733,2,GADD45B;FUS
ECM/Adh-NPCs,up_in_severe,KEGG,KEGG_2021_Human,23,Pathogenic Escherichia coli infection,0.08996503538906568,0.32705716556891734,4.134798534798535,9.957976637995678,2,ARF1;IL1R1
ECM/Adh-NPCs,up_in_severe,KEGG,KEGG_2021_Human,24,Thyroid cancer,0.09022266636383927,0.32705716556891734,11.062777777777777,26.611230877061317,1,GADD45B
Fibro-reg NPCs,up_in_severe,GO:BP,GO_Biological_Process_2025,410,Positive Regulation of Cytokine Production (GO:0001819),0.2670087198387315,0.32734346814052917,2.024251805985552,2.6729718034348475,2,CYP1B1;CD276
Fibro-reg NPCs,up_in_severe,GO:BP,GO_Biological_Process_2025,411,Monoatomic Ion Transport (GO:0006811),0.2674715018007107,0.32734346814052917,3.2851465474416295,4.3322615615299345,1,TSPO
ECM/Adh-NPCs,up_in_severe,GO:BP,GO_Biological_Process_2025,424,Regulation of Response to External Stimulus (GO:0032101),0.28690401744075134,0.32798651759071806,3.025648854961832,3.7778480135224797,1,IL1R1
ECM/Adh-NPCs,up_in_severe,GO:BP,GO_Biological_Process_2025,425,Protein Localization to Plasma Membrane (GO:0072659),0.28690401744075134,0.32798651759071806,3.025648854961832,3.7778480135224797,1,CD81
ECM/Adh-NPCs,up_in_severe,GO:BP,GO_Biological_Process_2025,426,Circulatory System Development (GO:0072359),0.28690401744075134,0.32798651759071806,3.025648854961832,3.7778480135224797,1,COL3A1
Hom/Reg-like NPCs,up_in_severe,REAC,Reactome_2022,237,Chondroitin Sulfate/Dermatan Sulfate Metabolism R-HSA-1793185,0.2277773453985499,0.3282673507214396,3.971188475390156,5.874923343943355,1,BGN
Hom/Reg-like NPCs,up_in_severe,REAC,Reactome_2022,238,Regulation Of Ornithine Decarboxylase (ODC) R-HSA-350562,0.2277773453985499,0.3282673507214396,3.971188475390156,5.874923343943355,1,OAZ1
Fibro-reg NPCs,up_in_severe,GO:BP,GO_Biological_Process_2025,412,Visual Perception (GO:0007601),0.269753747980182,0.3285378577095195,3.2521311475409838,4.261091114242176,1,COL1A1
Fibro-reg NPCs,up_in_severe,GO:BP,GO_Biological_Process_2025,413,Sensory Perception of Light Stimulus (GO:0050953),0.269753747980182,0.3285378577095195,3.2521311475409838,4.261091114242176,1,COL1A1
Eff-NPCs,up_in_severe,REAC,Reactome_2022,44,Signaling By Receptor Tyrosine Kinases R-HSA-9006934,0.24142156019220692,0.3292112184439185,3.938181818181818,5.5969859856101545,1,COL6A2
Hom-NPCs,up_in_severe,REAC,Reactome_2022,205,Inhibition Of DNA Recombination At Telomere R-HSA-9670095,0.2064404126728171,0.32929763387322536,4.447256438969765,7.016629791356106,1,POLR2F
Fibro-NPCs,up_in_severe,KEGG,KEGG_2021_Human,43,"Growth hormone synthesis, secretion and action",0.2402965506080202,0.3297092206017021,3.7355932203389832,5.326513230286504,1,JUNB
Hom/Reg-like NPCs,up_in_severe,GO:BP,GO_Biological_Process_2025,659,Positive Regulation of DNA Recombination (GO:0045911),0.2513950728795347,0.32974210013094796,3.5368983957219253,4.883500242606862,1,FUS
Hom/Reg-like NPCs,up_in_severe,GO:BP,GO_Biological_Process_2025,660,Sulfur Compound Biosynthetic Process (GO:0044272),0.2513950728795347,0.32974210013094796,3.5368983957219253,4.883500242606862,1,GSTP1
Hom/Reg-like NPCs,up_in_severe,GO:BP,GO_Biological_Process_2025,661,Positive Regulation of Interleukin-1 Beta Production (GO:0032731),0.2513950728795347,0.32974210013094796,3.5368983957219253,4.883500242606862,1,HSPB1
Fibro-NPCs,up_in_severe,KEGG,KEGG_2021_Human,44,Cell cycle,0.2490457206952842,0.3297872207326944,3.582836495031617,4.980568305018746,1,GADD45B
Fibro-NPCs,up_in_severe,KEGG,KEGG_2021_Human,45,Osteoclast differentiation,0.25424782744895463,0.3297872207326944,3.4970017636684303,4.788954339486824,1,JUNB
Fibro-NPCs,up_in_severe,KEGG,KEGG_2021_Human,46,FoxO signaling pathway,0.2611291635111755,0.3297872207326944,3.388717948717949,4.5501675272107995,1,GADD45B
Fibro-NPCs,up_in_severe,KEGG,KEGG_2021_Human,47,Systemic lupus erythematosus,0.26794837067799543,0.3297872207326944,3.286898839137645,4.328717462952425,1,C1R
Fibro-NPCs,up_in_severe,KEGG,KEGG_2021_Human,48,Estrogen signaling pathway,0.27133484756185794,0.3297872207326944,3.238235294117647,4.22395936672437,1,MMP2
Fibro-NPCs,up_in_severe,KEGG,KEGG_2021_Human,49,Fluid shear stress and atherosclerosis,0.2747059975928274,0.3297872207326944,3.1909822866344606,4.1229209578945945,1,MMP2
Fibro-NPCs,up_in_severe,KEGG,KEGG_2021_Human,50,Signaling pathways regulating pluripotency of stem cells,0.2814025880638636,0.3297872207326944,3.1004694835680753,3.9312989960385463,1,ID3
Fibro-NPCs,up_in_severe,KEGG,KEGG_2021_Human,51,Breast cancer,0.2880386812635516,0.3297872207326944,3.014916286149163,3.752547205911795,1,GADD45B
Fibro-NPCs,up_in_severe,KEGG,KEGG_2021_Human,52,Gastric cancer,0.2913342085625659,0.3297872207326944,2.973873873873874,3.667631625100376,1,GADD45B
Fibro-NPCs,up_in_severe,KEGG,KEGG_2021_Human,53,Phagosome,0.2962495372683526,0.3297872207326944,2.9143487858719648,3.545460191272063,1,C1R
Hom-NPCs,up_in_severe,GO:BP,GO_Biological_Process_2025,588,Regulation of Reactive Oxygen Species Metabolic Process (GO:2000377),0.2546836733385793,0.33004925014285275,3.4814035087719297,4.7616304673106,1,ROMO1
Fibro-NPCs,up_in_severe,GO:BP,GO_Biological_Process_2025,353,Cellular Response to Growth Factor Stimulus (GO:0071363),0.292976371536462,0.3303246341969175,2.953765846383296,3.6262299749497773,1,ZFP36L1
Fibro-NPCs,up_in_severe,GO:BP,GO_Biological_Process_2025,354,Negative Regulation of RNA Biosynthetic Process (GO:1902679),0.2943710926349264,0.33095959002457825,1.8925796425796426,2.314462307055122,2,BASP1;ID3
Hom/Reg-like NPCs,up_in_severe,REAC,Reactome_2022,239,Transcriptional Activity Of SMAD2/SMAD3:SMAD4 Heterotrimer R-HSA-2173793,0.23176425355929545,0.3312297457118264,3.8915686274509804,5.6896078741849365,1,COL1A2
Hom/Reg-like NPCs,up_in_severe,REAC,Reactome_2022,240,Complex I Biogenesis R-HSA-6799198,0.23176425355929545,0.3312297457118264,3.8915686274509804,5.6896078741849365,1,NDUFA2
ECM/Adh-NPCs,up_in_severe,GO:BP,GO_Biological_Process_2025,427,Regulation of GTPase Activity (GO:0043087),0.2905603568149415,0.3313885099973689,2.9798496240601504,3.6829271312900977,1,THY1
Hom/Reg-like NPCs,up_in_severe,REAC,Reactome_2022,241,Apoptosis R-HSA-109581,0.23340505022046484,0.3321905901477985,2.218834383438344,3.228359477577921,2,LMNA;NDUFA2
Fibro-reg NPCs,up_in_severe,REAC,Reactome_2022,134,Regulation Of mRNA Stability By Proteins That Bind AU-rich Elements R-HSA-450531,0.23953108063507675,0.3323913622329065,3.7405313736574337,5.345489016083159,1,HSPB1
Fibro-reg NPCs,up_in_severe,REAC,Reactome_2022,135,Unfolded Protein Response (UPR) R-HSA-381119,0.24189894948713814,0.3323913622329065,3.697839046199702,5.248103353581816,1,LMNA
Fibro-reg NPCs,up_in_severe,REAC,Reactome_2022,136,HCMV Late Events R-HSA-9610379,0.2466129461728016,0.3323913622329065,3.6153005464480876,5.061186460857805,1,CEBPD
Fibro-reg NPCs,up_in_severe,REAC,Reactome_2022,137,EPH-Ephrin Signaling R-HSA-2682334,0.2466129461728016,0.3323913622329065,3.6153005464480876,5.061186460857805,1,MMP2
Fibro-reg NPCs,up_in_severe,REAC,Reactome_2022,138,Signaling By TGF-beta Receptor Complex R-HSA-170834,0.2466129461728016,0.3323913622329065,3.6153005464480876,5.061186460857805,1,COL1A2
Fibro-NPCs,up_in_severe,KEGG,KEGG_2021_Human,54,Hepatitis C,0.3043677348593961,0.3325499325315624,2.82022792022792,3.3547137209830717,1,CD81
Fibro-reg NPCs,up_in_severe,REAC,Reactome_2022,139,Post-translational Modification: Synthesis Of GPI-anchored Proteins R-HSA-163125,0.24895911767810758,0.3331395387635108,3.5753918212934606,4.9714628451688165,1,THY1
Hom-NPCs,up_in_severe,REAC,Reactome_2022,206,TP53 Regulates Transcription Of Cell Cycle Genes R-HSA-6791312,0.21025865699508983,0.33376010115239985,4.3543859649122805,6.790302654401219,1,RGCC
Hom/Reg-like NPCs,up_in_severe,GO:BP,GO_Biological_Process_2025,662,Cartilage Development (GO:0051216),0.25526120773755223,0.33380311781064526,3.473564425770308,4.743040770730631,1,SCX
Hom/Reg-like NPCs,up_in_severe,GO:BP,GO_Biological_Process_2025,663,Regulation of Blood Vessel Endothelial Cell Migration (GO:0043535),0.25526120773755223,0.33380311781064526,3.473564425770308,4.743040770730631,1,HSPB1
Fibro-reg NPCs,up_in_severe,REAC,Reactome_2022,140,VEGFA-VEGFR2 Pathway R-HSA-4420097,0.2512981002932468,0.333867476103885,3.5363506771204563,4.88410835867801,1,HSPB1
ECM/Adh-NPCs,up_in_severe,GO:BP,GO_Biological_Process_2025,428,Protein Localization to Cell Periphery (GO:1990778),0.294198314354499,0.33397337783366204,2.9354074074074075,3.591474486689514,1,CD81
ECM/Adh-NPCs,up_in_severe,GO:BP,GO_Biological_Process_2025,429,Receptor-Mediated Endocytosis (GO:0006898),0.294198314354499,0.33397337783366204,2.9354074074074075,3.591474486689514,1,CD81
Hom/Reg-like NPCs,up_in_severe,REAC,Reactome_2022,242,Apoptotic Execution Phase R-HSA-75153,0.23573077652645005,0.3341142824321172,3.8150711264898116,5.513025385693579,1,LMNA
Hom-NPCs,up_in_severe,GO:BP,GO_Biological_Process_2025,589,DNA-templated Transcription Initiation (GO:0006352),0.25827213118896564,0.3341313479897993,3.4241587575496117,4.6354257369801735,1,ELOB
ECM/Adh-NPCs,up_in_severe,REAC,Reactome_2022,151,Cell Surface Interactions At Vascular Wall R-HSA-202733,0.2905603568149415,0.3348178946079458,2.9798496240601504,3.6829271312900977,1,SLC7A5
ECM/Adh-NPCs,up_in_severe,KEGG,KEGG_2021_Human,25,Proteoglycans in cancer,0.0962177228731326,0.33483767559850147,3.9702422841057605,9.294899805473316,2,COL1A1;COL1A2
Fibro-reg NPCs,up_in_severe,KEGG,KEGG_2021_Human,23,African trypanosomiasis,0.10861732713979637,0.3349034253477055,9.062841530054644,20.11882244883129,1,HBB
Fibro-reg NPCs,up_in_severe,KEGG,KEGG_2021_Human,24,Thyroid cancer,0.10861732713979637,0.3349034253477055,9.062841530054644,20.11882244883129,1,GADD45B
Eff-NPCs,up_in_severe,REAC,Reactome_2022,45,Axon Guidance R-HSA-422475,0.25120627680206087,0.3349417024027478,3.758880308880309,5.192821192092168,1,COL6A2
ECM/Adh-NPCs,up_in_severe,GO:BP,GO_Biological_Process_2025,430,Regulation of Protein Phosphorylation (GO:0001932),0.2960104282608464,0.3352490199140284,2.913676470588235,3.5469949209045577,1,HSPB1
Hom/Reg-like NPCs,up_in_severe,REAC,Reactome_2022,243,Heparan Sulfate/Heparin (HS-GAG) Metabolism R-HSA-1638091,0.23967701748244924,0.3355478244754289,3.7415158371040724,5.344617021322101,1,BGN
Hom/Reg-like NPCs,up_in_severe,REAC,Reactome_2022,244,Nuclear Envelope Breakdown R-HSA-2980766,0.23967701748244924,0.3355478244754289,3.7415158371040724,5.344617021322101,1,LMNA
Hom/Reg-like NPCs,up_in_severe,REAC,Reactome_2022,245,Signaling By Type 1 Insulin-like Growth Factor 1 Receptor (IGF1R) R-HSA-2404192,0.23967701748244924,0.3355478244754289,3.7415158371040724,5.344617021322101,1,CILP
Hom-NPCs,up_in_severe,GO:BP,GO_Biological_Process_2025,590,Positive Regulation of Interleukin-1 Production (GO:0032732),0.2618434908943032,0.3364666780125785,3.368760611205433,4.514167236027909,1,HSPB1
Hom-NPCs,up_in_severe,GO:BP,GO_Biological_Process_2025,591,Positive Regulation of Interleukin-8 Production (GO:0032757),0.2618434908943032,0.3364666780125785,3.368760611205433,4.514167236027909,1,NDUFA2
Hom-NPCs,up_in_severe,GO:BP,GO_Biological_Process_2025,592,Negative Regulation of Metabolic Process (GO:0009892),0.2618434908943032,0.3364666780125785,3.368760611205433,4.514167236027909,1,ID1
Hom-NPCs,up_in_severe,GO:BP,GO_Biological_Process_2025,593,Spliceosomal Complex Assembly (GO:0000245),0.2618434908943032,0.3364666780125785,3.368760611205433,4.514167236027909,1,SNRPB
Hom-NPCs,up_in_severe,REAC,Reactome_2022,207,Chondroitin Sulfate/Dermatan Sulfate Metabolism R-HSA-1793185,0.2140587201245348,0.33652500711886,4.26530612244898,6.5749903239841245,1,BGN
Hom-NPCs,up_in_severe,REAC,Reactome_2022,208,Regulation Of Ornithine Decarboxylase (ODC) R-HSA-350562,0.2140587201245348,0.33652500711886,4.26530612244898,6.5749903239841245,1,OAZ1
ECM/Adh-NPCs,up_in_severe,REAC,Reactome_2022,152,Diseases Of Signal Transduction By Growth Factor Receptors And Second Messengers R-HSA-5663202,0.2944166966268319,0.3370296395596628,1.8886739529935197,2.309393413388476,2,LMNA;RRBP1
Hom-NPCs,up_in_severe,REAC,Reactome_2022,209,mRNA Splicing - Major Pathway R-HSA-72163,0.21577754895982773,0.337604107702697,2.3445857601331275,3.59543930338132,2,POLR2F;SNRPB
ECM/Adh-NPCs,up_in_severe,GO:BP,GO_Biological_Process_2025,431,Membraneless Organelle Assembly (GO:0140694),0.2996209827028665,0.3377671726303148,2.871159420289855,3.460427549199035,1,FUS
ECM/Adh-NPCs,up_in_severe,GO:BP,GO_Biological_Process_2025,432,Negative Regulation of Cell Motility (GO:2000146),0.2996209827028665,0.3377671726303148,2.871159420289855,3.460427549199035,1,THY1
Hom/Reg-like NPCs,up_in_severe,GO:BP,GO_Biological_Process_2025,664,Regulation of Multicellular Organismal Development (GO:2000026),0.2591075689457492,0.33832268415054906,3.412452700378397,4.6085582509659355,1,SCX
Fibro-NPCs,up_in_severe,REAC,Reactome_2022,133,Diseases Of Glycosylation R-HSA-3781865,0.2814025880638636,0.3385294292497607,3.1004694835680753,3.9312989960385463,1,BGN
Hom/Reg-like NPCs,up_in_severe,GO:BP,GO_Biological_Process_2025,665,Generation of Neurons (GO:0048699),0.26007680221830415,0.33907757522296195,2.053882230328296,2.7661240153561577,2,DDIT4;ID1
Hom-NPCs,up_in_severe,REAC,Reactome_2022,210,Transcriptional Activity Of SMAD2/SMAD3:SMAD4 Heterotrimer R-HSA-2173793,0.21784068774287577,0.33920907091390656,4.1797894736842105,6.369962683048184,1,COL1A2
Hom-NPCs,up_in_severe,GO:BP,GO_Biological_Process_2025,594,Epigenetic Regulation of Gene Expression (GO:0040029),0.26539783303141073,0.3393173637079446,3.315121136173768,4.397592132741052,1,GPX1
Hom-NPCs,up_in_severe,GO:BP,GO_Biological_Process_2025,595,Positive Regulation of Mitotic Cell Cycle Phase Transition (GO:1901992),0.26539783303141073,0.3393173637079446,3.315121136173768,4.397592132741052,1,RGCC
Hom-NPCs,up_in_severe,GO:BP,GO_Biological_Process_2025,596,Positive Regulation of Binding (GO:0051099),0.26539783303141073,0.3393173637079446,3.315121136173768,4.397592132741052,1,PLAUR
Hom-NPCs,up_in_severe,GO:BP,GO_Biological_Process_2025,597,Regulation of Endocytosis (GO:0030100),0.26893523781429146,0.33933237745463285,3.263157894736842,4.285455271531161,1,CD151
Hom-NPCs,up_in_severe,GO:BP,GO_Biological_Process_2025,598,Regulation of Extrinsic Apoptotic Signaling Pathway (GO:2001236),0.26893523781429146,0.33933237745463285,3.263157894736842,4.285455271531161,1,GSTP1
Hom-NPCs,up_in_severe,GO:BP,GO_Biological_Process_2025,599,Anterior/Posterior Pattern Specification (GO:0009952),0.26893523781429146,0.33933237745463285,3.263157894736842,4.285455271531161,1,BASP1
Hom-NPCs,up_in_severe,GO:BP,GO_Biological_Process_2025,600,Pattern Recognition Receptor Signaling Pathway (GO:0002221),0.26893523781429146,0.33933237745463285,3.263157894736842,4.285455271531161,1,NDUFA2
Hom-NPCs,up_in_severe,GO:BP,GO_Biological_Process_2025,601,Negative Regulation of NF-kappaB Transcription Factor Activity (GO:0032088),0.26893523781429146,0.33933237745463285,3.263157894736842,4.285455271531161,1,SIVA1
Hom-NPCs,up_in_severe,GO:BP,GO_Biological_Process_2025,602,Regulation of Cell-Matrix Adhesion (GO:0001952),0.26893523781429146,0.33933237745463285,3.263157894736842,4.285455271531161,1,CIB1
Hom-NPCs,up_in_severe,GO:BP,GO_Biological_Process_2025,603,"mRNA Splicing, via Spliceosome (GO:0000398)",0.2689721207120712,0.33933237745463285,2.0049882927822456,2.6328454548757083,2,UBL5;SNRPB
Hom-NPCs,up_in_severe,GO:BP,GO_Biological_Process_2025,604,Regulation of Angiogenesis (GO:0045765),0.2689721207120712,0.33933237745463285,2.0049882927822456,2.6328454548757083,2,RGCC;HSPB1
Hom/Reg-like NPCs,up_in_severe,KEGG,KEGG_2021_Human,22,MAPK signaling pathway,0.06553185583854354,0.3395741620724529,2.731731104144897,7.444565250823612,4,GADD45B;IL1R1;MAPKAPK2;HSPB1
Hom-NPCs,up_in_severe,KEGG,KEGG_2021_Human,31,Protein digestion and absorption,0.08774320819988234,0.3396511285156736,4.171687381504108,10.15113718978479,2,COL1A1;COL1A2
Hom/Reg-like NPCs,up_in_severe,REAC,Reactome_2022,246,AUF1 (hnRNP D0) Binds And Destabilizes mRNA R-HSA-450408,0.24360307918918833,0.3396579518776081,3.6707362190159083,5.183869127170332,1,HSPB1
Hom-NPCs,up_in_severe,KEGG,KEGG_2021_Human,32,PI3K-Akt signaling pathway,0.09085244711704166,0.34069667668890624,2.4290683229813665,5.826165428747397,4,COMP;COL1A1;COL1A2;FN1
Hom-NPCs,up_in_severe,GO:BP,GO_Biological_Process_2025,605,Protein Stabilization (GO:0050821),0.27075150459749053,0.34101263884840954,1.995339412360689,2.607018363281382,2,CLU;CRYAB
Hom/Reg-like NPCs,up_in_severe,GO:BP,GO_Biological_Process_2025,666,Negative Regulation of Protein-Containing Complex Assembly (GO:0031333),0.26293425667190096,0.341263473854099,3.353448275862069,4.479708080124007,1,CLU
Hom/Reg-like NPCs,up_in_severe,GO:BP,GO_Biological_Process_2025,667,Proton Motive Force-Driven ATP Synthesis (GO:0015986),0.26293425667190096,0.341263473854099,3.353448275862069,4.479708080124007,1,NDUFA2
Hom/Reg-like NPCs,up_in_severe,GO:BP,GO_Biological_Process_2025,668,Microtubule Cytoskeleton Organization Involved in Mitosis (GO:1902850),0.26293425667190096,0.341263473854099,3.353448275862069,4.479708080124007,1,SUN2
Fibro-reg NPCs,up_in_severe,REAC,Reactome_2022,141,MAPK Family Signaling Cascades R-HSA-5683057,0.25894910291892403,0.34159243363772956,2.0698312236286918,2.7965981256066907,2,MMP2;HSPB1
Hom-NPCs,up_in_severe,REAC,Reactome_2022,211,Formation Of TC-NER Pre-Incision Complex R-HSA-6781823,0.22160464510496675,0.3418147120251138,4.097626418988648,6.1745508317775455,1,POLR2F
Hom-NPCs,up_in_severe,REAC,Reactome_2022,212,Metabolism Of Non-Coding RNA R-HSA-194441,0.22160464510496675,0.3418147120251138,4.097626418988648,6.1745508317775455,1,SNRPB
Eff-NPCs,up_in_severe,REAC,Reactome_2022,46,Nervous System Development R-HSA-9675108,0.26212900053583166,0.3419073920032587,3.5744485294117645,4.785895363187444,1,COL6A2
Hom-NPCs,up_in_severe,GO:BP,GO_Biological_Process_2025,606,Negative Regulation of Viral Process (GO:0048525),0.2724557851761253,0.3420285145044604,3.2127935222672064,4.177527737189532,1,IFITM2
Hom-NPCs,up_in_severe,GO:BP,GO_Biological_Process_2025,607,Regulation of Viral Genome Replication (GO:0045069),0.2724557851761253,0.3420285145044604,3.2127935222672064,4.177527737189532,1,IFITM2
Fibro-NPCs,up_in_severe,GO:BP,GO_Biological_Process_2025,355,Actin Filament Organization (GO:0007015),0.3059803455767096,0.34207915039193937,2.802123142250531,3.3183706439641787,1,TAGLN2
Fibro-NPCs,up_in_severe,GO:BP,GO_Biological_Process_2025,356,Protein Maturation (GO:0051604),0.3059803455767096,0.34207915039193937,2.802123142250531,3.3183706439641787,1,MMP14
Hom-NPCs,up_in_severe,REAC,Reactome_2022,213,Metabolism Of Vitamins And Cofactors R-HSA-196854,0.22459323287847702,0.3427426576926208,2.2802960222016653,3.4055408548938986,2,VKORC1;NNMT
Hom-NPCs,up_in_severe,REAC,Reactome_2022,214,Heparan Sulfate/Heparin (HS-GAG) Metabolism R-HSA-1638091,0.22535067707618797,0.3427426576926208,4.018623481781376,5.988140905299795,1,BGN
Hom-NPCs,up_in_severe,REAC,Reactome_2022,215,Vif-mediated Degradation Of APOBEC3G R-HSA-180585,0.22535067707618797,0.3427426576926208,4.018623481781376,5.988140905299795,1,ELOB
Fibro-NPCs,up_in_severe,GO:BP,GO_Biological_Process_2025,357,Epithelium Development (GO:0060429),0.3075892990370024,0.3429146807191231,2.7842475386779184,3.2825995337574434,1,TAGLN2
Hom/Reg-like NPCs,up_in_severe,GO:BP,GO_Biological_Process_2025,669,Regulation of Programmed Cell Death (GO:0043067),0.2658026228792286,0.34312280159360947,2.021648797004053,2.678687213181591,2,LGALS1;CLU
Hom/Reg-like NPCs,up_in_severe,GO:BP,GO_Biological_Process_2025,670,Neuron Migration (GO:0001764),0.26674137055835384,0.34312280159360947,3.2964440013293452,4.356170774773472,1,DDIT4
Hom/Reg-like NPCs,up_in_severe,GO:BP,GO_Biological_Process_2025,671,Oxidative Phosphorylation (GO:0006119),0.26674137055835384,0.34312280159360947,3.2964440013293452,4.356170774773472,1,NDUFA2
Hom/Reg-like NPCs,up_in_severe,GO:BP,GO_Biological_Process_2025,672,Response to Reactive Oxygen Species (GO:0000302),0.26674137055835384,0.34312280159360947,3.2964440013293452,4.356170774773472,1,GSTP1
Hom/Reg-like NPCs,up_in_severe,GO:BP,GO_Biological_Process_2025,673,Protein Targeting to Mitochondrion (GO:0006626),0.26674137055835384,0.34312280159360947,3.2964440013293452,4.356170774773472,1,TSPO
Hom/Reg-like NPCs,up_in_severe,GO:BP,GO_Biological_Process_2025,674,Regulation of SMAD Protein Signal Transduction (GO:0060390),0.26674137055835384,0.34312280159360947,3.2964440013293452,4.356170774773472,1,CILP
Fibro-reg NPCs,up_in_severe,GO:BP,GO_Biological_Process_2025,414,Protein Catabolic Process (GO:0030163),0.2833010414057172,0.34337451524596574,3.0671203216826477,3.8683907717987407,1,MMP14
Fibro-reg NPCs,up_in_severe,GO:BP,GO_Biological_Process_2025,415,Positive Regulation of Cell Growth (GO:0030307),0.2833010414057172,0.34337451524596574,3.0671203216826477,3.8683907717987407,1,MMP14
Hom/Reg-like NPCs,up_in_severe,REAC,Reactome_2022,247,Signaling By ALK Fusions And Activated Point Mutants R-HSA-9725370,0.2475090637397272,0.3437069184725766,3.602578068264343,5.030308852843138,1,RRBP1
Hom/Reg-like NPCs,up_in_severe,GO:BP,GO_Biological_Process_2025,675,Response to Endoplasmic Reticulum Stress (GO:0034976),0.2677114075164323,0.3438604300988842,2.0111258548535265,2.650353592764388,2,FBXO2;P4HB
Hom/Reg-like NPCs,up_in_severe,REAC,Reactome_2022,248,Metabolism Of Vitamins And Cofactors R-HSA-196854,0.24863227509964644,0.34387447725475295,2.121502367628067,2.9526651611477708,2,NNMT;CYB5R3
ECM/Adh-NPCs,up_in_severe,GO:BP,GO_Biological_Process_2025,433,Positive Regulation of Gene Expression (GO:0010628),0.30577037271840546,0.34390339841538903,1.835323991347691,2.1747137091593,2,GSN;CLU
Hom-NPCs,up_in_severe,GO:BP,GO_Biological_Process_2025,608,Negative Regulation of Cytokine-Mediated Signaling Pathway (GO:0001960),0.2759595545346783,0.3441590516455399,3.163955342902711,4.073595558926187,1,GSTP1
Hom-NPCs,up_in_severe,GO:BP,GO_Biological_Process_2025,609,Regulation of Protein Serine/Threonine Kinase Activity (GO:0071900),0.2759595545346783,0.3441590516455399,3.163955342902711,4.073595558926187,1,CIB1
Hom-NPCs,up_in_severe,GO:BP,GO_Biological_Process_2025,610,Chordate Embryonic Development (GO:0043009),0.2759595545346783,0.3441590516455399,3.163955342902711,4.073595558926187,1,COL1A1
Hom-NPCs,up_in_severe,GO:BP,GO_Biological_Process_2025,611,Response to Molecule of Bacterial Origin (GO:0002237),0.2759595545346783,0.3441590516455399,3.163955342902711,4.073595558926187,1,NDUFA2
Fibro-NPCs,up_in_severe,KEGG,KEGG_2021_Human,55,Hepatocellular carcinoma,0.3219066354096492,0.3453180270758055,2.6330006653359947,2.984489738993239,1,GADD45B
ECM/Adh-NPCs,up_in_severe,KEGG,KEGG_2021_Human,26,Sphingolipid metabolism,0.117732304342972,0.3456588171183831,8.292083333333334,17.739600807203995,1,PSAP
ECM/Adh-NPCs,up_in_severe,KEGG,KEGG_2021_Human,27,Vibrio cholerae infection,0.11998760892209076,0.3456588171183831,8.122448979591837,17.22257115519733,1,ARF1
ECM/Adh-NPCs,up_in_severe,KEGG,KEGG_2021_Human,28,Cholesterol metabolism,0.11998760892209076,0.3456588171183831,8.122448979591837,17.22257115519733,1,LRP1
ECM/Adh-NPCs,up_in_severe,KEGG,KEGG_2021_Human,29,Shigellosis,0.13002268457226238,0.3456588171183831,3.2962529274004684,6.724508743461993,2,ARF1;IL1R1
ECM/Adh-NPCs,up_in_severe,KEGG,KEGG_2021_Human,30,Legionellosis,0.13561724993503824,0.3456588171183831,7.104642857142857,14.19449881866513,1,ARF1
ECM/Adh-NPCs,up_in_severe,KEGG,KEGG_2021_Human,31,Glutathione metabolism,0.13561724993503824,0.3456588171183831,7.104642857142857,14.19449881866513,1,GPX3
ECM/Adh-NPCs,up_in_severe,KEGG,KEGG_2021_Human,32,Endometrial cancer,0.1378277224452986,0.3456588171183831,6.979649122807017,13.831924966135816,1,GADD45B
ECM/Adh-NPCs,up_in_severe,KEGG,KEGG_2021_Human,33,VEGF signaling pathway,0.14003265276743462,0.3456588171183831,6.858965517241379,13.483900727066946,1,HSPB1
ECM/Adh-NPCs,up_in_severe,KEGG,KEGG_2021_Human,34,Arachidonic acid metabolism,0.14442594109834228,0.3456588171183831,6.629666666666667,12.828328236167948,1,GPX3
ECM/Adh-NPCs,up_in_severe,KEGG,KEGG_2021_Human,35,Basal cell carcinoma,0.14879722352081215,0.3456588171183831,6.4151612903225805,12.2219780695598,1,GADD45B
ECM/Adh-NPCs,up_in_severe,KEGG,KEGG_2021_Human,36,Central carbon metabolism in cancer,0.16392497014804353,0.3456588171183831,5.76231884057971,10.420268847595578,1,SLC7A5
ECM/Adh-NPCs,up_in_severe,KEGG,KEGG_2021_Human,37,Melanoma,0.16819855520195093,0.3456588171183831,5.599436619718309,9.981612391566653,1,GADD45B
ECM/Adh-NPCs,up_in_severe,KEGG,KEGG_2021_Human,38,Non-small cell lung cancer,0.16819855520195093,0.3456588171183831,5.599436619718309,9.981612391566653,1,GADD45B
ECM/Adh-NPCs,up_in_severe,KEGG,KEGG_2021_Human,39,p53 signaling pathway,0.17032730933834414,0.3456588171183831,5.521388888888889,9.773042438478246,1,GADD45B
ECM/Adh-NPCs,up_in_severe,KEGG,KEGG_2021_Human,40,Thyroid hormone synthesis,0.1745688066121261,0.3456588171183831,5.371621621621622,9.375823410278914,1,GPX3
ECM/Adh-NPCs,up_in_severe,KEGG,KEGG_2021_Human,41,Glioma,0.1745688066121261,0.3456588171183831,5.371621621621622,9.375823410278914,1,GADD45B
ECM/Adh-NPCs,up_in_severe,KEGG,KEGG_2021_Human,42,Chronic myeloid leukemia,0.17668157601603904,0.3456588171183831,5.299733333333333,9.186590470597055,1,GADD45B
ECM/Adh-NPCs,up_in_severe,KEGG,KEGG_2021_Human,43,Pancreatic cancer,0.17668157601603904,0.3456588171183831,5.299733333333333,9.186590470597055,1,GADD45B
ECM/Adh-NPCs,up_in_severe,KEGG,KEGG_2021_Human,44,Pertussis,0.17668157601603904,0.3456588171183831,5.299733333333333,9.186590470597055,1,SERPING1
ECM/Adh-NPCs,up_in_severe,KEGG,KEGG_2021_Human,45,Arrhythmogenic right ventricular cardiomyopathy,0.1787890433370947,0.3456588171183831,5.229736842105263,9.00324664615651,1,LMNA
Hom-NPCs,up_in_severe,REAC,Reactome_2022,216,AUF1 (hnRNP D0) Binds And Destabilizes mRNA R-HSA-450408,0.22907886813447037,0.3464339373206853,3.942601787487587,5.810168619029014,1,HSPB1
Hom-NPCs,up_in_severe,REAC,Reactome_2022,217,mRNA Splicing R-HSA-72172,0.22989652721280948,0.3464339373206853,2.2433723973148254,3.2980399834679397,2,POLR2F;SNRPB
Eff-NPCs,up_in_severe,GO:BP,GO_Biological_Process_2025,201,Negative Regulation of Transcription by RNA Polymerase II (GO:0000122),0.33651972462527135,0.3465650895394586,2.634473324213406,2.8692009841570036,1,ZFP36
Hom/Reg-like NPCs,up_in_severe,GO:BP,GO_Biological_Process_2025,676,Regulation of Reactive Oxygen Species Metabolic Process (GO:2000377),0.27052900974435656,0.34696546072242185,3.241339869281046,4.237649763484751,1,ZC3H12A
Fibro-reg NPCs,up_in_severe,KEGG,KEGG_2021_Human,25,Bladder cancer,0.11964028426189298,0.34829808051577177,8.154918032786885,17.31505749453293,1,MMP2
Fibro-reg NPCs,up_in_severe,KEGG,KEGG_2021_Human,26,Tryptophan metabolism,0.1223750012622982,0.34829808051577177,7.95561775289884,16.71208910197687,1,CYP1B1
Eff-NPCs,up_in_severe,REAC,Reactome_2022,47,Hemostasis R-HSA-109582,0.2749628348036382,0.34901392339282494,3.3763478260869566,4.359267965406386,1,CLU
Eff-NPCs,up_in_severe,REAC,Reactome_2022,48,Metabolism Of Proteins R-HSA-392499,0.27921113871425995,0.34901392339282494,2.1305320150659135,2.718105077266456,2,CST3;MFGE8
Fibro-NPCs,up_in_severe,GO:BP,GO_Biological_Process_2025,358,Positive Regulation of Response to External Stimulus (GO:0032103),0.3139887020557749,0.3490712385983196,2.714951989026063,3.1449956992624712,1,LGALS1
Hom-NPCs,up_in_severe,GO:BP,GO_Biological_Process_2025,612,Cellular Response to Oxygen-Containing Compound (GO:1901701),0.28043654548259483,0.34917099290479947,1.6529506392346118,2.1015743339596633,3,GSTP1;NDUFA2;ROMO1
Hom-NPCs,up_in_severe,REAC,Reactome_2022,218,Signaling By ALK Fusions And Activated Point Mutants R-HSA-9725370,0.23278930234620643,0.34918395351930964,3.8693957115009745,5.640114444169701,1,FN1
Fibro-reg NPCs,up_in_severe,GO:BP,GO_Biological_Process_2025,416,"Negative Regulation of Gene Expression, Epigenetic (GO:0045814)",0.2899816538800114,0.3497860237449538,2.9822529703714844,3.6918431458274656,1,LMNA
Fibro-reg NPCs,up_in_severe,GO:BP,GO_Biological_Process_2025,417,rRNA Processing (GO:0006364),0.2899816538800114,0.3497860237449538,2.9822529703714844,3.6918431458274656,1,RPS14
Hom/Reg-like NPCs,up_in_severe,REAC,Reactome_2022,249,Regulated Necrosis R-HSA-5218859,0.25526120773755223,0.3502183770159217,3.473564425770308,4.743040770730631,1,CDC37
Hom/Reg-like NPCs,up_in_severe,REAC,Reactome_2022,250,NRAGE Signals Death Thru JNK R-HSA-193648,0.25526120773755223,0.3502183770159217,3.473564425770308,4.743040770730631,1,NGEF
Fibro-reg NPCs,up_in_severe,REAC,Reactome_2022,142,Stimuli-sensing Channels R-HSA-2672351,0.2674715018007107,0.3503499953164239,3.2851465474416295,4.3322615615299345,1,TSC22D3
Fibro-reg NPCs,up_in_severe,GO:BP,GO_Biological_Process_2025,418,Positive Regulation of GTPase Activity (GO:0043547),0.29219488008718736,0.35077332860108645,2.9549925484351713,3.6356286938018454,1,THY1
Fibro-reg NPCs,up_in_severe,GO:BP,GO_Biological_Process_2025,419,Regulation of Cellular Response to Stress (GO:0080135),0.29219488008718736,0.35077332860108645,2.9549925484351713,3.6356286938018454,1,MMP14
Hom-NPCs,up_in_severe,GO:BP,GO_Biological_Process_2025,613,Regulation of Translational Initiation (GO:0006446),0.282917075565896,0.35146729589159825,3.070588235294118,3.876929138212587,1,HSPB1
Hom-NPCs,up_in_severe,GO:BP,GO_Biological_Process_2025,614,Regulation of Phosphatidylinositol 3-Kinase/Protein Kinase B Signal Transduction (GO:0051896),0.2832033066633088,0.35146729589159825,1.9302872830669673,2.435231598952018,2,FN1;CIB1
ECM/Adh-NPCs,up_in_severe,GO:BP,GO_Biological_Process_2025,434,Antimicrobial Humoral Response (GO:0019730),0.31388253085629436,0.352213807665934,2.7127397260273973,3.1433504504276693,1,RPS19
Fibro-reg NPCs,up_in_severe,GO:BP,GO_Biological_Process_2025,420,Regulation of Wnt Signaling Pathway (GO:0030111),0.29440131831324873,0.352580626456105,2.9282233052724855,3.580664880929442,1,SFRP4
Fibro-reg NPCs,up_in_severe,REAC,Reactome_2022,143,Signaling By VEGF R-HSA-194138,0.27202899800019026,0.3538279274687789,3.2197695179354002,4.191646025703603,1,HSPB1
Hom/Reg-like NPCs,up_in_severe,GO:BP,GO_Biological_Process_2025,677,Positive Regulation of Macromolecule Biosynthetic Process (GO:0010557),0.2763982649502459,0.3539694175950712,1.6657670454545455,2.1420306065749406,3,ZC3H12A;SCX;CLU
ECM/Adh-NPCs,up_in_severe,KEGG,KEGG_2021_Human,46,B cell receptor signaling pathway,0.18716615239149548,0.35398815778391535,4.96725,8.323911613583027,1,CD81
Hom/Reg-like NPCs,up_in_severe,GO:BP,GO_Biological_Process_2025,678,Regulation of Translation (GO:0006417),0.27725439405553637,0.35398840790953107,1.9600975172894173,2.5144519132730534,2,ALKBH5;HSPB1
Hom/Reg-like NPCs,up_in_severe,GO:BP,GO_Biological_Process_2025,679,Negative Regulation of Metabolic Process (GO:0009892),0.27804625811579087,0.35398840790953107,3.1364642631246045,4.0145732094364295,1,ID1
Hom/Reg-like NPCs,up_in_severe,GO:BP,GO_Biological_Process_2025,680,Positive Regulation of Interleukin-1 Production (GO:0032732),0.27804625811579087,0.35398840790953107,3.1364642631246045,4.0145732094364295,1,HSPB1
Hom/Reg-like NPCs,up_in_severe,GO:BP,GO_Biological_Process_2025,681,Positive Regulation of Interleukin-8 Production (GO:0032757),0.27804625811579087,0.35398840790953107,3.1364642631246045,4.0145732094364295,1,NDUFA2
ECM/Adh-NPCs,up_in_severe,KEGG,KEGG_2021_Human,47,Colorectal cancer,0.19751979786874949,0.354070963551528,4.673882352941177,7.580646707679503,1,GADD45B
ECM/Adh-NPCs,up_in_severe,KEGG,KEGG_2021_Human,48,Hypertrophic cardiomyopathy,0.20570952167960263,0.354070963551528,4.462921348314607,7.057173765743081,1,LMNA
ECM/Adh-NPCs,up_in_severe,KEGG,KEGG_2021_Human,49,Small cell lung cancer,0.2097735989300289,0.354070963551528,4.364395604395605,6.815991967085185,1,GADD45B
ECM/Adh-NPCs,up_in_severe,KEGG,KEGG_2021_Human,50,Salivary secretion,0.211797985536789,0.354070963551528,4.316739130434782,6.700107313761446,1,CST3
ECM/Adh-NPCs,up_in_severe,KEGG,KEGG_2021_Human,51,Dilated cardiomyopathy,0.21784068774287577,0.354070963551528,4.1797894736842105,6.369962683048184,1,LMNA
ECM/Adh-NPCs,up_in_severe,KEGG,KEGG_2021_Human,52,Fc gamma R-mediated phagocytosis,0.21984481092171368,0.354070963551528,4.136041666666666,6.265414004399163,1,GSN
ECM/Adh-NPCs,up_in_severe,KEGG,KEGG_2021_Human,53,Inflammatory mediator regulation of TRP channels,0.22184389935996673,0.354070963551528,4.09319587628866,6.163457809701746,1,IL1R1
ECM/Adh-NPCs,up_in_severe,KEGG,KEGG_2021_Human,54,mRNA surveillance pathway,0.22184389935996673,0.354070963551528,4.09319587628866,6.163457809701746,1,FUS
ECM/Adh-NPCs,up_in_severe,KEGG,KEGG_2021_Human,55,Hematopoietic cell lineage,0.22383796546360968,0.354070963551528,4.051224489795918,6.06400592882887,1,IL1R1
Hom/Reg-like NPCs,up_in_severe,REAC,Reactome_2022,251,Metabolism Of Polyamines R-HSA-351202,0.2591075689457492,0.354079267523474,3.412452700378397,4.6085582509659355,1,OAZ1
Hom-NPCs,up_in_severe,GO:BP,GO_Biological_Process_2025,615,Positive Regulation of Apoptotic Signaling Pathway (GO:2001235),0.2863709842832397,0.3542446266620595,3.0259344012204425,3.783831599728172,1,CLU
Hom-NPCs,up_in_severe,GO:BP,GO_Biological_Process_2025,616,Spermatid Development (GO:0007286),0.2863709842832397,0.3542446266620595,3.0259344012204425,3.783831599728172,1,CIB1
Hom/Reg-like NPCs,up_in_severe,GO:BP,GO_Biological_Process_2025,682,Negative Regulation of Macromolecule Biosynthetic Process (GO:0010558),0.279162459802366,0.3543687447271615,1.9501980198019802,2.488377343805496,2,CILP;ZC3H12A
Hom/Reg-like NPCs,up_in_severe,GO:BP,GO_Biological_Process_2025,683,Positive Regulation of Protein Metabolic Process (GO:0051247),0.279162459802366,0.3543687447271615,1.9501980198019802,2.488377343805496,2,CLU;OAZ1
Eff-NPCs,up_in_severe,REAC,Reactome_2022,49,Immune System R-HSA-168256,0.2904956451219129,0.3557089532105056,2.066288854542332,2.554277461707899,2,CST3;CLU
Hom/Reg-like NPCs,up_in_severe,REAC,Reactome_2022,252,Arachidonic Acid Metabolism R-HSA-2142753,0.26293425667190096,0.35646818197020563,3.353448275862069,4.479708080124007,1,MAPKAPK2
Hom/Reg-like NPCs,up_in_severe,REAC,Reactome_2022,253,Iron Uptake And Transport R-HSA-917937,0.26293425667190096,0.35646818197020563,3.353448275862069,4.479708080124007,1,FTL
Hom/Reg-like NPCs,up_in_severe,GO:BP,GO_Biological_Process_2025,684,Aerobic Electron Transport Chain (GO:0019646),0.2817760630989103,0.35664211198066453,3.086523498288204,3.909522229071847,1,NDUFA2
Hom/Reg-like NPCs,up_in_severe,GO:BP,GO_Biological_Process_2025,685,Positive Regulation of Binding (GO:0051099),0.2817760630989103,0.35664211198066453,3.086523498288204,3.909522229071847,1,PLAUR
Hom-NPCs,up_in_severe,GO:BP,GO_Biological_Process_2025,617,Phagocytosis (GO:0006909),0.28980842935759743,0.35675932660822174,2.9825563909774435,3.694000964986116,1,NDUFA2
Hom-NPCs,up_in_severe,GO:BP,GO_Biological_Process_2025,618,Cellular Response to Reactive Oxygen Species (GO:0034614),0.28980842935759743,0.35675932660822174,2.9825563909774435,3.694000964986116,1,ROMO1
Hom-NPCs,up_in_severe,GO:BP,GO_Biological_Process_2025,619,Regulation of Actin Filament Polymerization (GO:0030833),0.28980842935759743,0.35675932660822174,2.9825563909774435,3.694000964986116,1,TMSB4X
Fibro-reg NPCs,up_in_severe,GO:BP,GO_Biological_Process_2025,421,T Cell Activation (GO:0042110),0.29879391256303567,0.35699130170833004,2.8761061946902653,3.474339731290158,1,CD276
Fibro-reg NPCs,up_in_severe,REAC,Reactome_2022,144,Phase I - Functionalization Of Compounds R-HSA-211945,0.2765585937098446,0.35722151687521597,3.156931402196403,4.057706747190802,1,CYP1B1
ECM/Adh-NPCs,up_in_severe,GO:BP,GO_Biological_Process_2025,435,Cellular Response to Growth Factor Stimulus (GO:0071363),0.3191568786941822,0.3573089653426821,2.6577181208053693,3.035306816641573,1,HSPB1
Hom/Reg-like NPCs,up_in_severe,GO:BP,GO_Biological_Process_2025,686,Positive Regulation of Canonical NF-kappaB Signal Transduction (GO:0043123),0.2829776752879234,0.3576408811583522,1.9306930693069306,2.4372823536633272,2,LGALS1;IL1R1
Fibro-reg NPCs,up_in_severe,GO:BP,GO_Biological_Process_2025,422,Intrinsic Apoptotic Signaling Pathway (GO:0097193),0.300980109374659,0.35790306150225415,2.8507333908541845,3.4229072204892534,1,CYP1B1
Fibro-reg NPCs,up_in_severe,GO:BP,GO_Biological_Process_2025,423,Regulation of JNK Cascade (GO:0046328),0.300980109374659,0.35790306150225415,2.8507333908541845,3.4229072204892534,1,GADD45B
Hom-NPCs,up_in_severe,REAC,Reactome_2022,219,Cytoprotection By HMOX1 R-HSA-9707564,0.24015723464023092,0.3585909393943174,3.730827067669173,5.3218808984322825,1,COX8A
Fibro-NPCs,up_in_severe,GO:BP,GO_Biological_Process_2025,359,Cellular Response to Nitrogen Compound (GO:1901699),0.32347945936752104,0.3586206819729063,2.617195767195767,2.9538186023095228,1,ZFP36L1
Fibro-reg NPCs,up_in_severe,GO:BP,GO_Biological_Process_2025,424,Antimicrobial Humoral Immune Response Mediated by Antimicrobial Peptide (GO:0061844),0.30315959972724177,0.35879830273600616,2.825801853171775,3.372582870514234,1,RPL39
Fibro-reg NPCs,up_in_severe,GO:BP,GO_Biological_Process_2025,425,Regulation of DNA Metabolic Process (GO:0051052),0.30315959972724177,0.35879830273600616,2.825801853171775,3.372582870514234,1,LMNA
Eff-NPCs,up_in_severe,GO:BP,GO_Biological_Process_2025,202,Regulation of Cell Population Proliferation (GO:0042127),0.3504042469470481,0.35907761939623245,2.502734375,2.624536950291532,1,CLU
Hom/Reg-like NPCs,up_in_severe,GO:BP,GO_Biological_Process_2025,687,Regulation of Phosphorylation (GO:0042325),0.28548678503831637,0.35924099075213395,3.038143382352941,3.808493614877248,1,HSPB1
Hom/Reg-like NPCs,up_in_severe,GO:BP,GO_Biological_Process_2025,688,Cellular Response to Virus (GO:0098586),0.28548678503831637,0.35924099075213395,3.038143382352941,3.808493614877248,1,ZC3H12A
Hom/Reg-like NPCs,up_in_severe,GO:BP,GO_Biological_Process_2025,689,Mitochondrial ATP Synthesis Coupled Electron Transport (GO:0042775),0.28548678503831637,0.35924099075213395,3.038143382352941,3.808493614877248,1,NDUFA2
Fibro-NPCs,up_in_severe,GO:BP,GO_Biological_Process_2025,360,Regulation of Macromolecule Biosynthetic Process (GO:0010556),0.3250487142850144,0.3593594119039882,2.601577909270217,2.92360178944368,1,ZFP36L1
Eff-NPCs,up_in_severe,REAC,Reactome_2022,50,Vesicle-mediated Transport R-HSA-5653656,0.2996257802127125,0.359550936255255,3.042924528301887,3.6673964889642936,1,COL1A1
Fibro-reg NPCs,up_in_severe,GO:BP,GO_Biological_Process_2025,426,Cytoskeleton Organization (GO:0007010),0.3053324038323296,0.35967728132941873,2.8013001695873374,3.3233343538664464,1,THY1
Fibro-reg NPCs,up_in_severe,GO:BP,GO_Biological_Process_2025,427,Negative Regulation of Canonical Wnt Signaling Pathway (GO:0090090),0.3053324038323296,0.35967728132941873,2.8013001695873374,3.3233343538664464,1,SFRP4
Hom/Reg-like NPCs,up_in_severe,REAC,Reactome_2022,254,Transcriptional Regulation By MECP2 R-HSA-8986944,0.26674137055835384,0.3602058665413991,3.2964440013293452,4.356170774773472,1,FKBP5
Hom-NPCs,up_in_severe,GO:BP,GO_Biological_Process_2025,620,mRNA Processing (GO:0006397),0.2956389148301504,0.3616564638069499,1.8693009118541033,2.2779608442711803,2,UBL5;SNRPB
Hom-NPCs,up_in_severe,GO:BP,GO_Biological_Process_2025,621,Negative Regulation of Epithelial Cell Proliferation (GO:0050680),0.2966342386868027,0.3616564638069499,2.8994152046783626,3.5235300385346275,1,RGCC
Hom-NPCs,up_in_severe,GO:BP,GO_Biological_Process_2025,622,DNA Replication (GO:0006260),0.2966342386868027,0.3616564638069499,2.8994152046783626,3.5235300385346275,1,PTMS
Hom-NPCs,up_in_severe,GO:BP,GO_Biological_Process_2025,623,Positive Regulation of Protein Transport (GO:0051222),0.2966342386868027,0.3616564638069499,2.8994152046783626,3.5235300385346275,1,OAZ1
Hom-NPCs,up_in_severe,GO:BP,GO_Biological_Process_2025,624,Regulation of DNA Replication (GO:0006275),0.2966342386868027,0.3616564638069499,2.8994152046783626,3.5235300385346275,1,S100A11
Hom-NPCs,up_in_severe,GO:BP,GO_Biological_Process_2025,625,Regulation of MAP Kinase Activity (GO:0043405),0.2966342386868027,0.3616564638069499,2.8994152046783626,3.5235300385346275,1,GSTP1
Hom-NPCs,up_in_severe,REAC,Reactome_2022,220,Metabolism Of Polyamines R-HSA-351202,0.24381489891757835,0.36239759975476415,3.665189289012004,5.172850068462446,1,OAZ1
Hom/Reg-like NPCs,up_in_severe,GO:BP,GO_Biological_Process_2025,690,Negative Regulation of Gene Expression (GO:0010629),0.28900503045848097,0.36283325228935503,1.6234903047091414,2.015256673309639,3,ALKBH5;CILP;ZC3H12A
Hom/Reg-like NPCs,up_in_severe,GO:BP,GO_Biological_Process_2025,691,Positive Regulation of MAP Kinase Activity (GO:0043406),0.28917852056740984,0.36283325228935503,2.9912518853695325,3.7112793074527346,1,TPD52L1
Hom-NPCs,up_in_severe,REAC,Reactome_2022,221,Arachidonic Acid Metabolism R-HSA-2142753,0.2474551387592752,0.3628602258936457,3.601814882032668,5.03002802527972,1,GPX1
Hom-NPCs,up_in_severe,REAC,Reactome_2022,222,B-WICH Complex Positively Regulates rRNA Expression R-HSA-5250924,0.2474551387592752,0.3628602258936457,3.601814882032668,5.03002802527972,1,POLR2F
Hom-NPCs,up_in_severe,REAC,Reactome_2022,223,RNA Polymerase I Promoter Escape R-HSA-73772,0.2474551387592752,0.3628602258936457,3.601814882032668,5.03002802527972,1,POLR2F
Fibro-NPCs,up_in_severe,GO:BP,GO_Biological_Process_2025,361,Membrane Organization (GO:0061024),0.3297351441767614,0.3635307129705015,2.555813953488372,2.8355875084960434,1,LMNA
Fibro-reg NPCs,up_in_severe,GO:BP,GO_Biological_Process_2025,428,Positive Regulation of MAPK Cascade (GO:0043410),0.30954987192688116,0.36379342425051686,1.8127777777777778,2.125728595986109,2,GADD45B;CD81
Hom/Reg-like NPCs,up_in_severe,REAC,Reactome_2022,255,Regulation Of PTEN Gene Transcription R-HSA-8943724,0.27052900974435656,0.3638880405580953,3.241339869281046,4.237649763484751,1,ATN1
Hom-NPCs,up_in_severe,REAC,Reactome_2022,224,Interferon Signaling R-HSA-913531,0.24940679099284982,0.3640893779225977,2.117558564367075,2.9405900871231445,2,MT2A;IFITM2
ECM/Adh-NPCs,up_in_severe,REAC,Reactome_2022,153,Signaling By Interleukins R-HSA-449147,0.32180351154456116,0.3645537335917071,1.7646047332458483,2.000733784455978,2,COL1A2;IL1R1
ECM/Adh-NPCs,up_in_severe,REAC,Reactome_2022,154,Interleukin-1 Family Signaling R-HSA-446652,0.3226510055926603,0.3645537335917071,2.622251655629139,2.9662491638590933,1,IL1R1
Fibro-NPCs,up_in_severe,KEGG,KEGG_2021_Human,56,Pathways in cancer,0.3461992946091601,0.3647456853917937,1.6691012201409177,1.770483552836253,2,GADD45B;MMP2
Fibro-reg NPCs,up_in_severe,GO:BP,GO_Biological_Process_2025,429,Regulation of Transforming Growth Factor Beta Receptor Signaling Pathway (GO:0017015),0.3118109003092281,0.36474623919893423,2.73026587684254,3.18173817462444,1,ASPN
Fibro-reg NPCs,up_in_severe,GO:BP,GO_Biological_Process_2025,430,Negative Regulation of Catabolic Process (GO:0009895),0.3118109003092281,0.36474623919893423,2.73026587684254,3.18173817462444,1,CST3
Hom-NPCs,up_in_severe,GO:BP,GO_Biological_Process_2025,626,Myeloid Leukocyte Differentiation (GO:0002573),0.3000227571516145,0.36520342004717293,2.859552992069214,3.4426071256038537,1,MT1G
Hom/Reg-like NPCs,up_in_severe,GO:BP,GO_Biological_Process_2025,692,Negative Regulation of Cellular Process (GO:0048523),0.2925807889791878,0.3653268118721755,1.485059321871466,1.8251593639179735,4,TSPYL2;LMNA;CLU;S100A11
Hom/Reg-like NPCs,up_in_severe,GO:BP,GO_Biological_Process_2025,693,Negative Regulation of Cytokine-Mediated Signaling Pathway (GO:0001960),0.29285136591829525,0.3653268118721755,2.9457813428401662,3.6176848515666884,1,GSTP1
Hom/Reg-like NPCs,up_in_severe,GO:BP,GO_Biological_Process_2025,694,Cell-Cell Junction Assembly (GO:0007043),0.29285136591829525,0.3653268118721755,2.9457813428401662,3.6176848515666884,1,ZNF703
Hom/Reg-like NPCs,up_in_severe,GO:BP,GO_Biological_Process_2025,695,Chordate Embryonic Development (GO:0043009),0.29285136591829525,0.3653268118721755,2.9457813428401662,3.6176848515666884,1,COL1A1
Fibro-reg NPCs,up_in_severe,GO:BP,GO_Biological_Process_2025,431,Negative Regulation of Defense Response (GO:0031348),0.3139571606720469,0.36555660143064717,2.707377049180328,3.136492882209244,1,TMSB4X
Fibro-reg NPCs,up_in_severe,GO:BP,GO_Biological_Process_2025,432,Negative Regulation of Inflammatory Response (GO:0050728),0.3139571606720469,0.36555660143064717,2.707377049180328,3.136492882209244,1,TMSB4X
ECM/Adh-NPCs,up_in_severe,KEGG,KEGG_2021_Human,56,Amyotrophic lateral sclerosis,0.23755334951244708,0.36572230957342955,2.208478971699177,3.1743860732875473,2,GPX3;FUS
ECM/Adh-NPCs,up_in_severe,KEGG,KEGG_2021_Human,57,Th17 cell differentiation,0.23961116834121243,0.36572230957342955,3.7439622641509436,5.349140413750351,1,IL1R1
Eff-NPCs,up_in_severe,REAC,Reactome_2022,51,Metabolism Of RNA R-HSA-8953854,0.3110811500264278,0.3659778235605033,2.9058646616541353,3.3931824320336568,1,ZFP36
Hom/Reg-like NPCs,up_in_severe,REAC,Reactome_2022,256,MAP Kinase Activation R-HSA-450294,0.27429727286114186,0.36608546533607644,3.1880424300867887,4.123869405699682,1,MAPKAPK2
Hom/Reg-like NPCs,up_in_severe,REAC,Reactome_2022,257,Signaling By BRAF And RAF1 Fusions R-HSA-6802952,0.27429727286114186,0.36608546533607644,3.1880424300867887,4.123869405699682,1,LMNA
Fibro-reg NPCs,up_in_severe,GO:BP,GO_Biological_Process_2025,433,- Reg of Transmembrane Receptor Prot Serine/Threonine Kinase Sgnlng Pway (GO:0090101),0.31609683513055803,0.36719794011702234,2.6848665492480692,3.0921787183379186,1,ASPN
Hom-NPCs,up_in_severe,GO:BP,GO_Biological_Process_2025,627,Positive Regulation of Secretion by Cell (GO:1903532),0.3033951203966583,0.3681322957679198,2.8207681365576103,3.364384583945817,1,RGCC
Hom-NPCs,up_in_severe,GO:BP,GO_Biological_Process_2025,628,Regulation of Stress Fiber Assembly (GO:0051492),0.3033951203966583,0.3681322957679198,2.8207681365576103,3.364384583945817,1,RGCC
Hom/Reg-like NPCs,up_in_severe,GO:BP,GO_Biological_Process_2025,696,Regulation of Angiogenesis (GO:0045765),0.2963164563630691,0.36829541029211793,1.8653654839168128,2.2688949372224387,2,ZC3H12A;HSPB1
Hom/Reg-like NPCs,up_in_severe,GO:BP,GO_Biological_Process_2025,697,Extrinsic Apoptotic Signaling Pathway (GO:0097191),0.2965054168211053,0.36829541029211793,2.9016681299385425,3.52752832388744,1,SIVA1
Hom/Reg-like NPCs,up_in_severe,GO:BP,GO_Biological_Process_2025,698,Regulation of Cell Communication (GO:0010646),0.2965054168211053,0.36829541029211793,2.9016681299385425,3.52752832388744,1,TSPYL2
Hom-NPCs,up_in_severe,REAC,Reactome_2022,225,Signaling By FGFR In Disease R-HSA-1226099,0.2546836733385793,0.3685024831049355,3.4814035087719297,4.7616304673106,1,POLR2F
Hom-NPCs,up_in_severe,REAC,Reactome_2022,226,Nuclear Events (Kinase And Transcription Factor Activation) R-HSA-198725,0.2546836733385793,0.3685024831049355,3.4814035087719297,4.7616304673106,1,ID1
Fibro-reg NPCs,up_in_severe,GO:BP,GO_Biological_Process_2025,434,Response to Cytokine (GO:0034097),0.31822994353078937,0.368824105059878,2.6627250739048645,3.0487697899726136,1,COL3A1
Hom-NPCs,up_in_severe,REAC,Reactome_2022,227,RHO GTPases Activate PKNs R-HSA-5625740,0.25827213118896564,0.370416609205227,3.4241587575496117,4.6354257369801735,1,MYL6
Hom-NPCs,up_in_severe,REAC,Reactome_2022,228,Signaling By BRAF And RAF1 Fusions R-HSA-6802952,0.25827213118896564,0.370416609205227,3.4241587575496117,4.6354257369801735,1,FN1
Hom-NPCs,up_in_severe,GO:BP,GO_Biological_Process_2025,629,Apoptotic Process (GO:0006915),0.30627563916048545,0.37103662486532574,1.8199814986123959,2.1535291455407943,2,NDUFA2;CIB1
Fibro-NPCs,up_in_severe,KEGG,KEGG_2021_Human,57,Transcriptional misregulation in cancer,0.358685210365546,0.3712706563432845,2.2993600930773708,2.357557187907574,1,GADD45B
ECM/Adh-NPCs,up_in_severe,GO:BP,GO_Biological_Process_2025,436,Actin Filament Organization (GO:0007015),0.333028239288524,0.3719833773704385,2.5212738853503183,2.7722112072197054,1,GSN
Hom/Reg-like NPCs,up_in_severe,GO:BP,GO_Biological_Process_2025,699,Regulation of Translational Initiation (GO:0006446),0.30014076844918286,0.372277605501347,2.8588523644752017,3.440639358990668,1,HSPB1
ECM/Adh-NPCs,up_in_severe,KEGG,KEGG_2021_Human,58,TNF signaling pathway,0.24930937929220168,0.3732957901792761,3.5744144144144143,4.965078469364473,1,JUNB
ECM/Adh-NPCs,up_in_severe,KEGG,KEGG_2021_Human,59,Leukocyte transendothelial migration,0.2531546163284746,0.3732957901792761,3.510796460176991,4.822973647631635,1,THY1
Hom-NPCs,up_in_severe,GO:BP,GO_Biological_Process_2025,630,Cellular Response to Lipid (GO:0071396),0.3098152437305191,0.3738763678816832,1.8041085840058695,2.1140168179151395,2,GSTP1;NDUFA2
Hom-NPCs,up_in_severe,GO:BP,GO_Biological_Process_2025,631,Positive Regulation of Lymphocyte Proliferation (GO:0050671),0.31009168569714407,0.3738763678816832,2.7462603878116343,3.2155613142375117,1,CD81
Hom-NPCs,up_in_severe,GO:BP,GO_Biological_Process_2025,632,Cellular Response to Hypoxia (GO:0071456),0.31009168569714407,0.3738763678816832,2.7462603878116343,3.2155613142375117,1,RGCC
Hom-NPCs,up_in_severe,REAC,Reactome_2022,229,Cytosolic Sensors Of Pathogen-Associated DNA R-HSA-1834949,0.2618434908943032,0.3738987839407736,3.368760611205433,4.514167236027909,1,POLR2F
Hom/Reg-like NPCs,up_in_severe,REAC,Reactome_2022,258,Hedgehog Ligand Biogenesis R-HSA-5358346,0.2817760630989103,0.37395223321443505,3.086523498288204,3.909522229071847,1,P4HB
Hom/Reg-like NPCs,up_in_severe,REAC,Reactome_2022,259,Post-translational Protein Modification R-HSA-597592,0.2823720944680428,0.37395223321443505,1.2907414289696182,1.632180734964474,9,CST3;LGALS1;FBXO2;PLAUR;MELTF;TIMP1;P4HB;MFGE8;PNPLA2
Hom-NPCs,up_in_severe,REAC,Reactome_2022,230,Oxygen-dependent Proline Hydroxylation Of Hypoxia-inducible Factor Alpha R-HSA-1234176,0.26539783303141073,0.374073669833066,3.315121136173768,4.397592132741052,1,ELOB
Hom-NPCs,up_in_severe,REAC,Reactome_2022,231,Gap-filling DNA Repair Synthesis And Ligation In TC-NER R-HSA-6782210,0.26539783303141073,0.374073669833066,3.315121136173768,4.397592132741052,1,POLR2F
Hom-NPCs,up_in_severe,REAC,Reactome_2022,232,Semaphorin Interactions R-HSA-373755,0.26539783303141073,0.374073669833066,3.315121136173768,4.397592132741052,1,MYL6
Hom/Reg-like NPCs,up_in_severe,GO:BP,GO_Biological_Process_2025,700,Negative Regulation of Immune Response (GO:0050777),0.30375751562056863,0.37408773585658095,2.817277635691958,3.3568582614089344,1,COL3A1
Hom/Reg-like NPCs,up_in_severe,GO:BP,GO_Biological_Process_2025,701,Regulation of Heart Contraction (GO:0008016),0.30375751562056863,0.37408773585658095,2.817277635691958,3.3568582614089344,1,S100A1
Hom/Reg-like NPCs,up_in_severe,GO:BP,GO_Biological_Process_2025,702,Peptidyl-Serine Phosphorylation (GO:0018105),0.30375751562056863,0.37408773585658095,2.817277635691958,3.3568582614089344,1,MAPKAPK2
Hom/Reg-like NPCs,up_in_severe,GO:BP,GO_Biological_Process_2025,703,Lysosomal Transport (GO:0007041),0.30375751562056863,0.37408773585658095,2.817277635691958,3.3568582614089344,1,LAMP1
Hom/Reg-like NPCs,up_in_severe,GO:BP,GO_Biological_Process_2025,704,Negative Regulation of TOR Signaling (GO:0032007),0.30375751562056863,0.37408773585658095,2.817277635691958,3.3568582614089344,1,DDIT4
Fibro-NPCs,up_in_severe,GO:BP,GO_Biological_Process_2025,362,Neuron Differentiation (GO:0030182),0.342077216545398,0.3760959452626199,2.4412345679012346,2.6187581869792482,1,ID3
Hom/Reg-like NPCs,up_in_severe,GO:BP,GO_Biological_Process_2025,705,Regulation of Canonical Wnt Signaling Pathway (GO:0060828),0.30582414699930305,0.3760986318416961,1.821319515129083,2.157799234907399,2,COL1A1;ZNF703
Hom/Reg-like NPCs,up_in_severe,GO:BP,GO_Biological_Process_2025,706,Phagocytosis (GO:0006909),0.3073557525998097,0.3769129243338543,2.776890756302521,3.2760352009267617,1,NDUFA2
Hom/Reg-like NPCs,up_in_severe,GO:BP,GO_Biological_Process_2025,707,Positive Regulation of Proteasomal Ubiquitin-Dependent Protein Catabolic Process (GO:0032436),0.3073557525998097,0.3769129243338543,2.776890756302521,3.2760352009267617,1,CLU
Hom-NPCs,up_in_severe,GO:BP,GO_Biological_Process_2025,633,Cellular Response to Decreased Oxygen Levels (GO:0036294),0.31341603908580734,0.3772875541601662,2.7104579630895422,3.1447377636449794,1,RGCC
Hom-NPCs,up_in_severe,REAC,Reactome_2022,233,Dual Incision In TC-NER R-HSA-6782135,0.26893523781429146,0.37743271573078674,3.263157894736842,4.285455271531161,1,POLR2F
Fibro-reg NPCs,up_in_severe,REAC,Reactome_2022,145,Mitotic Prophase R-HSA-68875,0.29440131831324873,0.377645829008719,2.9282233052724855,3.580664880929442,1,LMNA
Fibro-reg NPCs,up_in_severe,GO:BP,GO_Biological_Process_2025,435,Regulation of Anatomical Structure Morphogenesis (GO:0022603),0.3266971119820211,0.37776700534932556,2.577673692427791,2.883699753994032,1,SPARC
Fibro-NPCs,up_in_severe,REAC,Reactome_2022,134,Signaling By Receptor Tyrosine Kinases R-HSA-9006934,0.31655905904333287,0.37798096602188996,1.7905778432094221,2.059604024816365,2,COL6A2;ID3
Hom/Reg-like NPCs,up_in_severe,GO:BP,GO_Biological_Process_2025,708,Protein Modification Process (GO:0036211),0.30882122591976546,0.3781751453000518,1.4455833753430796,1.698549951442963,4,UBL5;COL3A1;FBXO2;MAPKAPK2
ECM/Adh-NPCs,up_in_severe,GO:BP,GO_Biological_Process_2025,437,+ Reg of Phosphatidylinositol 3-Kinase/Prot Kinase B Signal Transduction (GO:0051897),0.3398596343779712,0.3787451760688146,2.4581366459627327,2.6528765894654613,1,IL1R1
Hom/Reg-like NPCs,up_in_severe,GO:BP,GO_Biological_Process_2025,709,Negative Regulation of Cell Population Proliferation (GO:0008285),0.3101108798712185,0.37921880514576367,1.5575265957446809,1.8235916503337288,3,GSTP1;LMNA;S100A11
Hom/Reg-like NPCs,up_in_severe,GO:BP,GO_Biological_Process_2025,710,Negative Regulation of Extrinsic Apoptotic Signaling Pathway (GO:2001237),0.3109355731721739,0.3796917492116546,2.7376415354874344,3.1980294764149266,1,GSTP1
Fibro-NPCs,up_in_severe,KEGG,KEGG_2021_Human,58,Epstein-Barr virus infection,0.37342703565623203,0.3798654328227188,2.183858485351023,2.151171903381706,1,GADD45B
Hom-NPCs,up_in_severe,GO:BP,GO_Biological_Process_2025,634,Positive Regulation of Growth (GO:0045927),0.316724539977527,0.3800694479730324,2.6755735492577597,3.0761680248455487,1,CIB1
Hom-NPCs,up_in_severe,GO:BP,GO_Biological_Process_2025,635,Regulation of Cell Cycle G1/S Phase Transition (GO:1902806),0.316724539977527,0.3800694479730324,2.6755735492577597,3.0761680248455487,1,TMSB4X
Fibro-reg NPCs,up_in_severe,REAC,Reactome_2022,146,Signaling By NTRK1 (TRKA) R-HSA-187037,0.29879391256303567,0.3806552584707167,2.8761061946902653,3.474339731290158,1,ID3
ECM/Adh-NPCs,up_in_severe,KEGG,KEGG_2021_Human,60,"Growth hormone synthesis, secretion and action",0.26268342634803604,0.38089096820465224,3.361186440677966,4.49325310504947,1,JUNB
Fibro-reg NPCs,up_in_severe,GO:BP,GO_Biological_Process_2025,436,Regulation of Protein Catabolic Process (GO:0042176),0.3308918123904228,0.3817398661293181,2.537141393442623,2.805986556461057,1,OAZ1
Hom-NPCs,up_in_severe,GO:BP,GO_Biological_Process_2025,636,Proteolysis Involved in Protein Catabolic Process (GO:0051603),0.32001726317195495,0.3822149757633694,2.641572285143238,3.0097555210668694,1,FAU
Hom-NPCs,up_in_severe,GO:BP,GO_Biological_Process_2025,637,Response to Tumor Necrosis Factor (GO:0034612),0.32001726317195495,0.3822149757633694,2.641572285143238,3.0097555210668694,1,CIB1
Hom-NPCs,up_in_severe,GO:BP,GO_Biological_Process_2025,638,Signal Transduction in Response to DNA Damage (GO:0042770),0.32001726317195495,0.3822149757633694,2.641572285143238,3.0097555210668694,1,RPS27L
Fibro-reg NPCs,up_in_severe,GO:BP,GO_Biological_Process_2025,437,Negative Regulation of Programmed Cell Death (GO:0043069),0.3323846786233288,0.38239427750658056,1.7156140350877194,1.8896841985921051,2,COMP;HSPB1
Fibro-reg NPCs,up_in_severe,GO:BP,GO_Biological_Process_2025,438,Positive Regulation of Defense Response (GO:0031349),0.33297951003555126,0.38239427750658056,2.517346549752192,2.768261361142325,1,LGALS1
Hom/Reg-like NPCs,up_in_severe,GO:BP,GO_Biological_Process_2025,711,Positive Regulation of Cell-Substrate Adhesion (GO:0010811),0.31449707070442484,0.38242490925769473,2.6994825708061003,3.1227088439446202,1,P4HB
Hom/Reg-like NPCs,up_in_severe,GO:BP,GO_Biological_Process_2025,712,Heterochromatin Formation (GO:0031507),0.31449707070442484,0.38242490925769473,2.6994825708061003,3.1227088439446202,1,LMNA
Hom/Reg-like NPCs,up_in_severe,GO:BP,GO_Biological_Process_2025,713,Positive Regulation of Protein Transport (GO:0051222),0.31449707070442484,0.38242490925769473,2.6994825708061003,3.1227088439446202,1,OAZ1
Eff-NPCs,up_in_severe,REAC,Reactome_2022,52,Cellular Responses To Stress R-HSA-2262752,0.33272112347133526,0.3826796068734492,2.672399445214979,2.9408435914360163,1,GPX3
Eff-NPCs,up_in_severe,REAC,Reactome_2022,53,Cellular Responses To Stimuli R-HSA-8953897,0.33803365273821345,0.3826796068734492,2.6195918367346938,2.8412350413622107,1,GPX3
Fibro-reg NPCs,up_in_severe,GO:BP,GO_Biological_Process_2025,439,Regulation of Tumor Necrosis Factor Production (GO:0032680),0.3350607985306605,0.38366347446271315,2.4978562421185373,2.731264111042341,1,HSPB1
Fibro-reg NPCs,up_in_severe,GO:BP,GO_Biological_Process_2025,440,Epithelial Cell Differentiation (GO:0030855),0.3371356972415889,0.38366347446271315,2.4786634964334877,2.694975882830027,1,BASP1
Fibro-reg NPCs,up_in_severe,GO:BP,GO_Biological_Process_2025,441,Protein Localization to Plasma Membrane (GO:0072659),0.3371356972415889,0.38366347446271315,2.4786634964334877,2.694975882830027,1,CD81
Fibro-reg NPCs,up_in_severe,GO:BP,GO_Biological_Process_2025,442,Circulatory System Development (GO:0072359),0.3371356972415889,0.38366347446271315,2.4786634964334877,2.694975882830027,1,COL3A1
Hom-NPCs,up_in_severe,GO:BP,GO_Biological_Process_2025,639,Positive Regulation of JNK Cascade (GO:0046330),0.3232942831563663,0.3849222558830487,2.608421052631579,2.9454089082907395,1,GADD45B
Hom-NPCs,up_in_severe,GO:BP,GO_Biological_Process_2025,640,Regulation of Catabolic Process (GO:0009894),0.3232942831563663,0.3849222558830487,2.608421052631579,2.9454089082907395,1,HSPB1
Hom/Reg-like NPCs,up_in_severe,GO:BP,GO_Biological_Process_2025,714,Regulation of Cell Growth (GO:0001558),0.3172030102202174,0.3851750838388354,1.7711071107110712,2.0336087389873256,2,TSPYL2;MELTF
Hom-NPCs,up_in_severe,REAC,Reactome_2022,234,RNA Polymerase II Transcription Termination R-HSA-73856,0.2759595545346783,0.3856357877471786,3.163955342902711,4.073595558926187,1,SNRPB
Hom/Reg-like NPCs,up_in_severe,GO:BP,GO_Biological_Process_2025,715,Myeloid Leukocyte Differentiation (GO:0002573),0.31804033806812926,0.3856517106364588,2.662369057211926,3.0499489038195406,1,MT1G
Fibro-NPCs,up_in_severe,GO:BP,GO_Biological_Process_2025,363,Small GTPase-mediated Signal Transduction (GO:0007264),0.3526939473641132,0.3867002508289726,2.3490196078431373,2.448041596261333,1,COL1A2
Fibro-reg NPCs,up_in_severe,KEGG,KEGG_2021_Human,27,Ovarian steroidogenesis,0.14661432628051652,0.38741790461875547,6.520655737704918,12.519331488414107,1,CYP1B1
Fibro-reg NPCs,up_in_severe,KEGG,KEGG_2021_Human,28,Endometrial cancer,0.16501064277049549,0.38741790461875547,5.71786022433132,10.302127816821818,1,GADD45B
Fibro-reg NPCs,up_in_severe,KEGG,KEGG_2021_Human,29,VEGF signaling pathway,0.16760663440662368,0.38741790461875547,5.618993781797625,10.036284307014343,1,HSPB1
Fibro-reg NPCs,up_in_severe,KEGG,KEGG_2021_Human,30,Steroid hormone biosynthesis,0.17277481801059041,0.38741790461875547,5.4311475409836065,9.53582507511925,1,CYP1B1
Fibro-reg NPCs,up_in_severe,KEGG,KEGG_2021_Human,31,Basal cell carcinoma,0.1779114276898999,0.38741790461875547,5.255420412480169,9.07332278789932,1,GADD45B
Fibro-reg NPCs,up_in_severe,KEGG,KEGG_2021_Human,32,Melanoma,0.20064050517227286,0.38741790461875547,4.587162318171323,7.368085912659957,1,GADD45B
Fibro-reg NPCs,up_in_severe,KEGG,KEGG_2021_Human,33,Non-small cell lung cancer,0.20064050517227286,0.38741790461875547,4.587162318171323,7.368085912659957,1,GADD45B
Fibro-reg NPCs,up_in_severe,KEGG,KEGG_2021_Human,34,p53 signaling pathway,0.2031274691226287,0.38741790461875547,4.523224043715847,7.2096643705392935,1,GADD45B
Fibro-reg NPCs,up_in_severe,KEGG,KEGG_2021_Human,35,Glioma,0.2080785808658528,0.38741790461875547,4.400531679220204,6.908128354239152,1,GADD45B
Fibro-reg NPCs,up_in_severe,KEGG,KEGG_2021_Human,36,Metabolism of xenobiotics by cytochrome P450,0.210542774482205,0.38741790461875547,4.341639344262295,6.764562566916031,1,CYP1B1
Fibro-reg NPCs,up_in_severe,KEGG,KEGG_2021_Human,37,Chronic myeloid leukemia,0.210542774482205,0.38741790461875547,4.341639344262295,6.764562566916031,1,GADD45B
Fibro-reg NPCs,up_in_severe,KEGG,KEGG_2021_Human,38,Pancreatic cancer,0.210542774482205,0.38741790461875547,4.341639344262295,6.764562566916031,1,GADD45B
Fibro-reg NPCs,up_in_severe,KEGG,KEGG_2021_Human,39,Pertussis,0.210542774482205,0.38741790461875547,4.341639344262295,6.764562566916031,1,SERPING1
Fibro-reg NPCs,up_in_severe,KEGG,KEGG_2021_Human,40,Arrhythmogenic right ventricular cardiomyopathy,0.21299942361490137,0.38741790461875547,4.284296807592752,6.625518572719858,1,LMNA
Fibro-reg NPCs,up_in_severe,KEGG,KEGG_2021_Human,41,B cell receptor signaling pathway,0.2227510290868698,0.38741790461875547,4.069262295081967,6.110813600471095,1,CD81
Fibro-reg NPCs,up_in_severe,KEGG,KEGG_2021_Human,42,MAPK signaling pathway,0.23138285950205384,0.38741790461875547,2.242694063926941,3.282589901217113,2,GADD45B;HSPB1
Fibro-reg NPCs,up_in_severe,KEGG,KEGG_2021_Human,43,Complement and coagulation cascades,0.2323837289121735,0.38741790461875547,3.8747072599531616,5.654613205593275,1,SERPING1
Fibro-reg NPCs,up_in_severe,KEGG,KEGG_2021_Human,44,Colorectal cancer,0.23477349240113526,0.38741790461875547,3.828929604628737,5.548632425072559,1,GADD45B
Fibro-reg NPCs,up_in_severe,KEGG,KEGG_2021_Human,45,Hypertrophic cardiomyopathy,0.24425956401742951,0.38741790461875547,3.656106096887088,5.153368676440941,1,LMNA
Fibro-reg NPCs,up_in_severe,KEGG,KEGG_2021_Human,46,Small cell lung cancer,0.24895911767810758,0.38741790461875547,3.5753918212934606,4.9714628451688165,1,GADD45B
Fibro-reg NPCs,up_in_severe,KEGG,KEGG_2021_Human,47,MicroRNAs in cancer,0.24974502673553617,0.38741790461875547,2.1244588744588744,2.947293184614824,2,DDIT4;CYP1B1
Fibro-reg NPCs,up_in_severe,KEGG,KEGG_2021_Human,48,Salivary secretion,0.2512981002932468,0.38741790461875547,3.5363506771204563,4.88410835867801,1,CST3
Fibro-reg NPCs,up_in_severe,GO:BP,GO_Biological_Process_2025,443,Regulation of GTPase Activity (GO:0043087),0.34126640246236895,0.3874875856401164,2.441143843214594,2.6244538940049575,1,THY1
Hom/Reg-like NPCs,up_in_severe,GO:BP,GO_Biological_Process_2025,716,Regulation of Fat Cell Differentiation (GO:0045598),0.3215654676682483,0.38775696866254694,2.6262586115527293,2.979632538679963,1,ZC3H12A
Hom/Reg-like NPCs,up_in_severe,GO:BP,GO_Biological_Process_2025,717,Peptidyl-Serine Modification (GO:0018209),0.3215654676682483,0.38775696866254694,2.6262586115527293,2.979632538679963,1,MAPKAPK2
Hom/Reg-like NPCs,up_in_severe,GO:BP,GO_Biological_Process_2025,718,Positive Regulation of Protein Localization to Nucleus (GO:1900182),0.3215654676682483,0.38775696866254694,2.6262586115527293,2.979632538679963,1,ZC3H12A
Hom/Reg-like NPCs,up_in_severe,GO:BP,GO_Biological_Process_2025,719,Positive Regulation of Protein Serine/Threonine Kinase Activity (GO:0071902),0.3215654676682483,0.38775696866254694,2.6262586115527293,2.979632538679963,1,TPD52L1
ECM/Adh-NPCs,up_in_severe,KEGG,KEGG_2021_Human,61,Cell cycle,0.2720930145939598,0.3880670863881066,3.223739837398374,4.196056219070629,1,GADD45B
Hom-NPCs,up_in_severe,GO:BP,GO_Biological_Process_2025,641,Negative Regulation of Blood Vessel Morphogenesis (GO:2000181),0.3265556739650601,0.3881987887072945,2.5760883690708254,2.8830417337920933,1,RGCC
Fibro-reg NPCs,up_in_severe,REAC,Reactome_2022,147,Transcriptional Regulation By RUNX2 R-HSA-8878166,0.3096580340527248,0.38916482657977575,2.7535426507363154,3.227941444804239,1,COL1A1
Fibro-reg NPCs,up_in_severe,REAC,Reactome_2022,148,Signaling By TGFB Family Members R-HSA-9006936,0.3096580340527248,0.38916482657977575,2.7535426507363154,3.227941444804239,1,COL1A2
Fibro-reg NPCs,up_in_severe,REAC,Reactome_2022,149,Glycosaminoglycan Metabolism R-HSA-1630316,0.3118109003092281,0.38924045273500957,2.73026587684254,3.18173817462444,1,BGN
Fibro-reg NPCs,up_in_severe,REAC,Reactome_2022,150,HCMV Infection R-HSA-9609646,0.3139571606720469,0.3893068792333381,2.707377049180328,3.136492882209244,1,CEBPD
Fibro-reg NPCs,up_in_severe,REAC,Reactome_2022,151,SARS-CoV Infections R-HSA-9679506,0.31756086503405034,0.389412957215308,1.7775658492279747,2.039020505333675,2,RPS14;RPS9
Fibro-reg NPCs,up_in_severe,REAC,Reactome_2022,152,Immunoregulatory Interactions Between A Lymphoid And A non-Lymphoid Cell R-HSA-198933,0.31822994353078937,0.389412957215308,2.6627250739048645,3.0487697899726136,1,CD81
Hom/Reg-like NPCs,up_in_severe,KEGG,KEGG_2021_Human,23,Hypertrophic cardiomyopathy,0.07858153842968034,0.3894911035210243,4.457470747074708,11.338104998256958,2,LMNA;ITGA11
Fibro-reg NPCs,up_in_severe,GO:BP,GO_Biological_Process_2025,444,Protein Localization to Cell Periphery (GO:1990778),0.34537177937357016,0.3895112220289368,2.404735883424408,2.556556047748366,1,CD81
Fibro-reg NPCs,up_in_severe,GO:BP,GO_Biological_Process_2025,445,Protein Targeting (GO:0006605),0.34537177937357016,0.3895112220289368,2.404735883424408,2.556556047748366,1,TSPO
Fibro-reg NPCs,up_in_severe,GO:BP,GO_Biological_Process_2025,446,Receptor-Mediated Endocytosis (GO:0006898),0.34537177937357016,0.3895112220289368,2.404735883424408,2.556556047748366,1,CD81
Hom/Reg-like NPCs,up_in_severe,GO:BP,GO_Biological_Process_2025,720,Negative Regulation of Supramolecular Fiber Organization (GO:1902904),0.32507255139463415,0.38981729192136627,2.591111111111111,2.9116493992557615,1,CLU
Hom/Reg-like NPCs,up_in_severe,GO:BP,GO_Biological_Process_2025,721,Positive Regulation of Protein Localization to Membrane (GO:1905477),0.32507255139463415,0.38981729192136627,2.591111111111111,2.9116493992557615,1,CD81
Hom/Reg-like NPCs,up_in_severe,GO:BP,GO_Biological_Process_2025,722,Protein Deubiquitination (GO:0016579),0.32507255139463415,0.38981729192136627,2.591111111111111,2.9116493992557615,1,ZC3H12A
Hom/Reg-like NPCs,up_in_severe,GO:BP,GO_Biological_Process_2025,723,Regulation of Rho Protein Signal Transduction (GO:0035023),0.32507255139463415,0.38981729192136627,2.591111111111111,2.9116493992557615,1,COL3A1
Fibro-reg NPCs,up_in_severe,KEGG,KEGG_2021_Human,49,Dilated cardiomyopathy,0.25827213118896564,0.3900436266935399,3.4241587575496117,4.6354257369801735,1,LMNA
Fibro-reg NPCs,up_in_severe,GO:BP,GO_Biological_Process_2025,447,Regulation of Protein Phosphorylation (GO:0001932),0.3474150174537504,0.3909390464859876,2.386933461909354,2.5235500711559498,1,HSPB1
Hom-NPCs,up_in_severe,GO:BP,GO_Biological_Process_2025,642,Regulation of Interleukin-8 Production (GO:0032677),0.329801509344508,0.39144665127806094,2.5445442875481388,2.8225721184096106,1,NDUFA2
Fibro-NPCs,up_in_severe,GO:BP,GO_Biological_Process_2025,364,Generation of Neurons (GO:0048699),0.358685210365546,0.39218877397111895,2.2993600930773708,2.357557187907574,1,ID3
Fibro-reg NPCs,up_in_severe,GO:BP,GO_Biological_Process_2025,448,protein-RNA Complex Assembly (GO:0022618),0.3494519807242441,0.3923534515720866,2.3693909297594833,2.4911518468406877,1,RPS14
Hom/Reg-like NPCs,up_in_severe,GO:BP,GO_Biological_Process_2025,724,Regulation of Non-Canonical NF-kappaB Signal Transduction (GO:1901222),0.3285616808126937,0.3923732469209441,2.556888544891641,2.845895430711821,1,ZC3H12A
Hom/Reg-like NPCs,up_in_severe,GO:BP,GO_Biological_Process_2025,725,Cellular Response to UV (GO:0034644),0.3285616808126937,0.3923732469209441,2.556888544891641,2.845895430711821,1,TIMP1
Hom/Reg-like NPCs,up_in_severe,GO:BP,GO_Biological_Process_2025,726,Positive Regulation of Lymphocyte Proliferation (GO:0050671),0.3285616808126937,0.3923732469209441,2.556888544891641,2.845895430711821,1,CD81
Hom-NPCs,up_in_severe,GO:BP,GO_Biological_Process_2025,643,Macromolecule Modification (GO:0043412),0.3330318627916693,0.39466606445917884,2.5137603043753964,2.7639224638930866,1,UBL5
ECM/Adh-NPCs,up_in_severe,GO:BP,GO_Biological_Process_2025,438,Heart Development (GO:0007507),0.3549804396255481,0.39469286323662545,2.326941176470588,2.4099957353980943,1,COL3A1
ECM/Adh-NPCs,up_in_severe,GO:BP,GO_Biological_Process_2025,439,Nitrogen Compound Transport (GO:0071705),0.3566394210119313,0.3956341640838509,2.3132163742690057,2.3849955542321597,1,SLC7A5
Hom/Reg-like NPCs,up_in_severe,REAC,Reactome_2022,260,Interleukin-17 Signaling R-HSA-448424,0.30014076844918286,0.3959549368387297,2.8588523644752017,3.440639358990668,1,MAPKAPK2
Fibro-NPCs,up_in_severe,GO:BP,GO_Biological_Process_2025,365,Regulation of Programmed Cell Death (GO:0043067),0.36314302392632064,0.3959751329388373,2.263459335624284,2.292790411927153,1,LGALS1
Hom/Reg-like NPCs,up_in_severe,GO:BP,GO_Biological_Process_2025,727,Regulation of Autophagy (GO:0010506),0.3323093407837158,0.3963028864642113,1.7082681952405767,1.8819802703954802,2,ZC3H12A;HSPB1
Fibro-NPCs,up_in_severe,GO:BP,GO_Biological_Process_2025,366,Endomembrane System Organization (GO:0010256),0.36462221451707266,0.3965017523983468,2.251737891737892,2.271763700458163,1,LMNA
ECM/Adh-NPCs,up_in_severe,GO:BP,GO_Biological_Process_2025,440,Membrane Organization (GO:0061024),0.35829421894402896,0.3965665559675957,2.2996511627906977,2.360363769020994,1,LMNA
Hom-NPCs,up_in_severe,GO:BP,GO_Biological_Process_2025,644,Regulation of Inflammatory Response (GO:0050727),0.3362357799258719,0.39724041426843565,1.6932552330088724,1.845551077409442,2,LGALS1;TMSB4X
Hom-NPCs,up_in_severe,GO:BP,GO_Biological_Process_2025,645,Regulation of Cell Division (GO:0051302),0.3362468073532034,0.39724041426843565,2.4837092731829573,2.7070191839217608,1,CIB1
ECM/Adh-NPCs,up_in_severe,GO:BP,GO_Biological_Process_2025,441,Positive Regulation of DNA-binding Transcription Factor Activity (GO:0051091),0.3599448438068066,0.3974901109612581,2.286242774566474,2.336093088655641,1,CLU
Hom/Reg-like NPCs,up_in_severe,GO:BP,GO_Biological_Process_2025,728,RNA Catabolic Process (GO:0006401),0.33548644012711026,0.3989941613034357,2.491075917546506,2.720687702227928,1,ZC3H12A
Hom/Reg-like NPCs,up_in_severe,GO:BP,GO_Biological_Process_2025,729,Positive Regulation of Protein Modification by Small Protein Conjugation or Removal (GO:1903322),0.33548644012711026,0.3989941613034357,2.491075917546506,2.720687702227928,1,ZC3H12A
Fibro-NPCs,up_in_severe,REAC,Reactome_2022,135,Apoptosis R-HSA-109581,0.33747521614547465,0.39997062654278476,2.482988072818581,2.697178581978964,1,LMNA
ECM/Adh-NPCs,up_in_severe,KEGG,KEGG_2021_Human,62,FoxO signaling pathway,0.28506892612655743,0.40001607375823384,3.0490769230769232,3.8266655758285544,1,GADD45B
Hom-NPCs,up_in_severe,GO:BP,GO_Biological_Process_2025,646,Integrin-Mediated Signaling Pathway (GO:0007229),0.3394464157511476,0.4003996421089388,2.4543653250773994,2.6517924525695524,1,FN1
Hom/Reg-like NPCs,up_in_severe,GO:BP,GO_Biological_Process_2025,730,Regulation of Double-Strand Break Repair via Homologous Recombination (GO:0010569),0.338922250782982,0.4014284035913188,2.4594192107222637,2.6610535796837214,1,FUS
Hom/Reg-like NPCs,up_in_severe,GO:BP,GO_Biological_Process_2025,731,Regulation of TOR Signaling (GO:0032006),0.338922250782982,0.4014284035913188,2.4594192107222637,2.6610535796837214,1,DDIT4
Hom/Reg-like NPCs,up_in_severe,GO:BP,GO_Biological_Process_2025,732,Negative Regulation of Cellular Component Organization (GO:0051129),0.338922250782982,0.4014284035913188,2.4594192107222637,2.6610535796837214,1,CLU
Hom/Reg-like NPCs,up_in_severe,GO:BP,GO_Biological_Process_2025,733,Aerobic Respiration (GO:0009060),0.3423404683983466,0.40272616838720016,2.4285539215686276,2.6032871995667577,1,NDUFA2
Hom/Reg-like NPCs,up_in_severe,GO:BP,GO_Biological_Process_2025,734,Wound Healing (GO:0042060),0.3423404683983466,0.40272616838720016,2.4285539215686276,2.6032871995667577,1,COL3A1
Hom/Reg-like NPCs,up_in_severe,GO:BP,GO_Biological_Process_2025,735,Protein Modification by Small Protein Removal (GO:0070646),0.3423404683983466,0.40272616838720016,2.4285539215686276,2.6032871995667577,1,ZC3H12A
Hom/Reg-like NPCs,up_in_severe,GO:BP,GO_Biological_Process_2025,736,Regulation of Catabolic Process (GO:0009894),0.3423404683983466,0.40272616838720016,2.4285539215686276,2.6032871995667577,1,HSPB1
Hom/Reg-like NPCs,up_in_severe,GO:BP,GO_Biological_Process_2025,737,Negative Regulation of Cell Cycle (GO:0045786),0.3423404683983466,0.40272616838720016,2.4285539215686276,2.6032871995667577,1,TSPYL2
Hom-NPCs,up_in_severe,GO:BP,GO_Biological_Process_2025,647,Regulation of Endothelial Cell Proliferation (GO:0001936),0.34263076034933154,0.4029083941144917,2.425703794369645,2.598175972333266,1,RGCC
Hom-NPCs,up_in_severe,GO:BP,GO_Biological_Process_2025,648,Calcium Ion Transmembrane Transport (GO:0070588),0.34263076034933154,0.4029083941144917,2.425703794369645,2.598175972333266,1,SMDT1
Fibro-NPCs,up_in_severe,GO:BP,GO_Biological_Process_2025,367,Regulation of Cell Differentiation (GO:0045595),0.37196790006266006,0.4033875319480619,2.194888888888889,2.1706303592171725,1,ZFP36L1
Hom/Reg-like NPCs,up_in_severe,REAC,Reactome_2022,261,Diseases Of Programmed Cell Death R-HSA-9645723,0.3073557525998097,0.40391962889553534,2.776890756302521,3.2760352009267617,1,LMNA
Hom/Reg-like NPCs,up_in_severe,REAC,Reactome_2022,262,Class I MHC Mediated Antigen Processing And Presentation R-HSA-983169,0.30870127134918174,0.40413945065942497,1.56176,1.835663388336436,3,S100A1;FBXO2;NDUFA2
Hom-NPCs,up_in_severe,GO:BP,GO_Biological_Process_2025,649,Positive Regulation of Protein Kinase Activity (GO:0045860),0.3457999132280331,0.40476118875539363,2.3977011494252873,2.5461067581623245,1,CIB1
Hom-NPCs,up_in_severe,GO:BP,GO_Biological_Process_2025,650,Regulation of Mitotic Cell Cycle Phase Transition (GO:1901990),0.3457999132280331,0.40476118875539363,2.3977011494252873,2.5461067581623245,1,RGCC
Hom-NPCs,up_in_severe,GO:BP,GO_Biological_Process_2025,651,Regulation of Type II Interferon Production (GO:0032649),0.3457999132280331,0.40476118875539363,2.3977011494252873,2.5461067581623245,1,NDUFA2
Hom-NPCs,up_in_severe,GO:BP,GO_Biological_Process_2025,652,Cytokine-Mediated Signaling Pathway (GO:0019221),0.3467270987023978,0.4052240018577103,1.6525943991253889,1.7504565237726049,2,TMSB4X;CRLF1
ECM/Adh-NPCs,up_in_severe,KEGG,KEGG_2021_Human,63,Autophagy,0.2960104282608464,0.4059709062437792,2.913676470588235,3.5469949209045577,1,LAMP1
ECM/Adh-NPCs,up_in_severe,KEGG,KEGG_2021_Human,64,Fluid shear stress and atherosclerosis,0.2996209827028665,0.4059709062437792,2.871159420289855,3.460427549199035,1,IL1R1
ECM/Adh-NPCs,up_in_severe,KEGG,KEGG_2021_Human,65,Breast cancer,0.31388253085629436,0.4059709062437792,2.7127397260273973,3.1433504504276693,1,GADD45B
ECM/Adh-NPCs,up_in_severe,KEGG,KEGG_2021_Human,66,Phospholipase D signaling pathway,0.3156450823843028,0.4059709062437792,2.6941496598639456,3.1067232619580896,1,ARF1
ECM/Adh-NPCs,up_in_severe,KEGG,KEGG_2021_Human,67,Gastric cancer,0.31740319466081307,0.4059709062437792,2.6758108108108107,3.070713407860483,1,GADD45B
ECM/Adh-NPCs,up_in_severe,KEGG,KEGG_2021_Human,68,Spliceosome,0.3191568786941822,0.4059709062437792,2.6577181208053693,3.035306816641573,1,FUS
ECM/Adh-NPCs,up_in_severe,KEGG,KEGG_2021_Human,69,mTOR signaling pathway,0.32612755026805335,0.4059709062437792,2.5877124183006535,2.899445634369992,1,SLC7A5
ECM/Adh-NPCs,up_in_severe,KEGG,KEGG_2021_Human,70,Cellular senescence,0.3295865994208529,0.4059709062437792,2.5540645161290323,2.8347974261674986,1,GADD45B
ECM/Adh-NPCs,up_in_severe,KEGG,KEGG_2021_Human,71,Hepatitis C,0.33130959015296924,0.4059709062437792,2.5375641025641027,2.803252197745521,1,CD81
Hom-NPCs,up_in_severe,REAC,Reactome_2022,235,Interferon Alpha/Beta Signaling R-HSA-909733,0.29322948838838486,0.40629679111441463,2.940400296515938,3.6072823184222926,1,IFITM2
Hom-NPCs,up_in_severe,REAC,Reactome_2022,236,Signaling By FGFR2 R-HSA-5654738,0.29322948838838486,0.40629679111441463,2.940400296515938,3.6072823184222926,1,POLR2F
Hom-NPCs,up_in_severe,GO:BP,GO_Biological_Process_2025,653,Cellular Response to Hormone Stimulus (GO:0032870),0.34895394611836394,0.40657936841313963,2.370334928229665,2.4955249379020694,1,WBP2
Hom-NPCs,up_in_severe,GO:BP,GO_Biological_Process_2025,654,Positive Regulation of Canonical Wnt Signaling Pathway (GO:0090263),0.34895394611836394,0.40657936841313963,2.370334928229665,2.4955249379020694,1,COL1A1
Fibro-NPCs,up_in_severe,GO:BP,GO_Biological_Process_2025,368,Positive Regulation of Canonical NF-kappaB Signal Transduction (GO:0043123),0.3763353646025233,0.4070148780212073,2.1621237000547344,2.1129885870694256,1,LGALS1
Hom/Reg-like NPCs,up_in_severe,KEGG,KEGG_2021_Human,24,Dilated cardiomyopathy,0.08774320819988234,0.40771649630276813,4.171687381504108,10.15113718978479,2,LMNA;ITGA11
Hom/Reg-like NPCs,up_in_severe,KEGG,KEGG_2021_Human,25,Proteoglycans in cancer,0.08941151234709828,0.40771649630276813,2.925,7.062429557534666,3,COL1A1;COL1A2;PLAUR
Fibro-reg NPCs,up_in_severe,KEGG,KEGG_2021_Human,50,NF-kappa B signaling pathway,0.2765585937098446,0.40781321230634043,3.156931402196403,4.057706747190802,1,GADD45B
Fibro-reg NPCs,up_in_severe,KEGG,KEGG_2021_Human,51,"Parathyroid hormone synthesis, secretion and action",0.28106045713004546,0.40781321230634043,3.0964871194379393,3.9300164998561837,1,MMP14
Hom-NPCs,up_in_severe,REAC,Reactome_2022,237,Cellular Response To Hypoxia R-HSA-1234174,0.2966342386868027,0.4083570335632892,2.8994152046783626,3.5235300385346275,1,ELOB
Hom-NPCs,up_in_severe,REAC,Reactome_2022,238,Positive Epigenetic Regulation Of rRNA Expression R-HSA-5250913,0.3000227571516145,0.4083570335632892,2.859552992069214,3.4426071256038537,1,POLR2F
Hom-NPCs,up_in_severe,REAC,Reactome_2022,239,RNA Polymerase II Transcribes snRNA Genes R-HSA-6807505,0.3000227571516145,0.4083570335632892,2.859552992069214,3.4426071256038537,1,POLR2F
Hom-NPCs,up_in_severe,REAC,Reactome_2022,240,NoRC Negatively Regulates rRNA Expression R-HSA-427413,0.3000227571516145,0.4083570335632892,2.859552992069214,3.4426071256038537,1,POLR2F
Hom-NPCs,up_in_severe,REAC,Reactome_2022,241,HIV Infection R-HSA-162906,0.3009603825344119,0.4083570335632892,1.8443153060268067,2.214610740666204,2,POLR2F;ELOB
Fibro-reg NPCs,up_in_severe,GO:BP,GO_Biological_Process_2025,449,Negative Regulation of Protein Metabolic Process (GO:0051248),0.365524054535726,0.4085746654032671,2.23776144714528,2.2521350124717383,1,CST3
Fibro-reg NPCs,up_in_severe,GO:BP,GO_Biological_Process_2025,450,Negative Regulation of Wnt Signaling Pathway (GO:0030178),0.365524054535726,0.4085746654032671,2.23776144714528,2.2521350124717383,1,SFRP4
Hom-NPCs,up_in_severe,GO:BP,GO_Biological_Process_2025,655,Regulation of Protein Localization to Plasma Membrane (GO:1903076),0.35209293036278594,0.4096104014296838,2.343583678296866,2.4463735666438886,1,CIB1
Fibro-reg NPCs,up_in_severe,REAC,Reactome_2022,153,Signaling By NTRKs R-HSA-166520,0.3371356972415889,0.4098512397838924,2.4786634964334877,2.694975882830027,1,ID3
Fibro-reg NPCs,up_in_severe,GO:BP,GO_Biological_Process_2025,451,Antimicrobial Humoral Response (GO:0019730),0.3675053903149375,0.40987851735790143,2.222322030092073,2.2245827825440747,1,RPL39
Hom/Reg-like NPCs,up_in_severe,GO:BP,GO_Biological_Process_2025,738,Regulation of Interleukin-8 Production (GO:0032677),0.3491244809530869,0.4101503048595208,2.3690817790530847,2.4930481087222915,1,NDUFA2
Hom-NPCs,up_in_severe,GO:BP,GO_Biological_Process_2025,656,Lipid Metabolic Process (GO:0006629),0.3536922705766064,0.41084376551733853,1.626541932279162,1.690510632042299,2,TSPO;CLU
Fibro-NPCs,up_in_severe,REAC,Reactome_2022,136,Metabolism Of Vitamins And Cofactors R-HSA-196854,0.34967781757340943,0.4113856677334229,2.3746546546546545,2.495151921207943,1,RBP4
Fibro-NPCs,up_in_severe,REAC,Reactome_2022,137,ESR-mediated Signaling R-HSA-8939211,0.3526939473641132,0.41190533998728546,2.3490196078431373,2.448041596261333,1,MMP2
Hom-NPCs,up_in_severe,GO:BP,GO_Biological_Process_2025,657,Calcium-Mediated Signaling (GO:0019722),0.3552169370160284,0.4119867671327453,2.3174269005847954,2.398598453124844,1,DEFB1
ECM/Adh-NPCs,up_in_severe,GO:BP,GO_Biological_Process_2025,442,Positive Regulation of Catabolic Process (GO:0009896),0.37461437181963614,0.4127538440637168,2.172197802197802,2.132790058875667,1,CLU
Hom-NPCs,up_in_severe,GO:BP,GO_Biological_Process_2025,658,RNA Splicing (GO:0008380),0.3583260368275664,0.41370369706455395,2.291844997108155,2.3521479989227614,1,SNRPB
Hom-NPCs,up_in_severe,GO:BP,GO_Biological_Process_2025,659,Sensory Perception of Mechanical Stimulus (GO:0050954),0.3583260368275664,0.41370369706455395,2.291844997108155,2.3521479989227614,1,COL1A1
Hom-NPCs,up_in_severe,GO:BP,GO_Biological_Process_2025,660,Positive Regulation of Cell Adhesion (GO:0045785),0.3583260368275664,0.41370369706455395,2.291844997108155,2.3521479989227614,1,CIB1
ECM/Adh-NPCs,up_in_severe,KEGG,KEGG_2021_Human,72,Pathways of neurodegeneration,0.34242822158200426,0.4137674344115885,1.680631660698106,1.8011215481322098,2,GPX3;FUS
Hom-NPCs,up_in_severe,REAC,Reactome_2022,242,Transcriptional Regulation By Small RNAs R-HSA-5578749,0.3067514046072819,0.4144946665561206,2.783017543859649,3.2887408583424422,1,POLR2F
Hom/Reg-like NPCs,up_in_severe,REAC,Reactome_2022,263,"Cell Death Signaling Via NRAGE, NRIF And NADE R-HSA-204998",0.31804033806812926,0.4147826462257351,2.662369057211926,3.0499489038195406,1,NGEF
Hom-NPCs,up_in_severe,GO:BP,GO_Biological_Process_2025,661,Regulation of Epithelial Cell Proliferation (GO:0050678),0.36142030014992055,0.41538803727637924,2.2668192219679635,2.3069730491120866,1,GPX1
Hom-NPCs,up_in_severe,GO:BP,GO_Biological_Process_2025,662,Regulation of Protein Metabolic Process (GO:0051246),0.36142030014992055,0.41538803727637924,2.2668192219679635,2.3069730491120866,1,PLAUR
Hom-NPCs,up_in_severe,GO:BP,GO_Biological_Process_2025,663,Negative Regulation of Angiogenesis (GO:0016525),0.36142030014992055,0.41538803727637924,2.2668192219679635,2.3069730491120866,1,RGCC
Fibro-reg NPCs,up_in_severe,GO:BP,GO_Biological_Process_2025,452,Cellular Response to Growth Factor Stimulus (GO:0071363),0.37341294424654525,0.41554582069914214,2.1772472219166024,2.1447417538575357,1,HSPB1
Hom-NPCs,up_in_severe,REAC,Reactome_2022,243,Transcription-Coupled Nucleotide Excision Repair (TC-NER) R-HSA-6781827,0.31009168569714407,0.41557369353674634,2.7462603878116343,3.2155613142375117,1,POLR2F
Hom-NPCs,up_in_severe,REAC,Reactome_2022,244,Negative Epigenetic Regulation Of rRNA Expression R-HSA-5250941,0.31009168569714407,0.41557369353674634,2.7462603878116343,3.2155613142375117,1,POLR2F
Hom/Reg-like NPCs,up_in_severe,GO:BP,GO_Biological_Process_2025,739,Negative Regulation of Transforming Growth Factor Beta Receptor Signaling Pathway (GO:0030512),0.35583918617899707,0.4157851407239764,2.312441643323996,2.389391317235864,1,CILP
Hom/Reg-like NPCs,up_in_severe,GO:BP,GO_Biological_Process_2025,740,Cellular Respiration (GO:0045333),0.35583918617899707,0.4157851407239764,2.312441643323996,2.389391317235864,1,NDUFA2
Hom/Reg-like NPCs,up_in_severe,GO:BP,GO_Biological_Process_2025,741,Positive Regulation of Endocytosis (GO:0045807),0.35583918617899707,0.4157851407239764,2.312441643323996,2.389391317235864,1,CLU
Hom/Reg-like NPCs,up_in_severe,GO:BP,GO_Biological_Process_2025,742,Long-Chain Fatty Acid Metabolic Process (GO:0001676),0.35583918617899707,0.4157851407239764,2.312441643323996,2.389391317235864,1,GSTP1
ECM/Adh-NPCs,up_in_severe,REAC,Reactome_2022,155,mRNA Splicing - Major Pathway R-HSA-72163,0.3713832343478636,0.41603940253296695,2.1965555555555554,2.1757339064948926,1,FUS
ECM/Adh-NPCs,up_in_severe,REAC,Reactome_2022,156,Cellular Response To Chemical Stress R-HSA-9711123,0.3730008436502462,0.41603940253296695,2.1843093922651935,2.1541104358286467,1,GPX3
Hom-NPCs,up_in_severe,REAC,Reactome_2022,245,Oncogenic MAPK Signaling R-HSA-6802957,0.31341603908580734,0.4166140031750366,2.7104579630895422,3.1447377636449794,1,FN1
Hom-NPCs,up_in_severe,REAC,Reactome_2022,246,RNA Polymerase I Promoter Clearance R-HSA-73854,0.31341603908580734,0.4166140031750366,2.7104579630895422,3.1447377636449794,1,POLR2F
Fibro-NPCs,up_in_severe,GO:BP,GO_Biological_Process_2025,369,Regulation of Signal Transduction (GO:0009966),0.3864108925031152,0.41677922822829233,2.0893121693121692,1.9866308069743404,1,TIMP1
ECM/Adh-NPCs,up_in_severe,KEGG,KEGG_2021_Human,73,Hepatocellular carcinoma,0.3499782911387293,0.4170974154667048,2.3691017964071857,2.4872824299072454,1,GADD45B
ECM/Adh-NPCs,up_in_severe,KEGG,KEGG_2021_Human,74,Protein processing in endoplasmic reticulum,0.3549804396255481,0.4173418682084146,2.326941176470588,2.4099957353980943,1,RRBP1
Hom/Reg-like NPCs,up_in_severe,REAC,Reactome_2022,264,Nuclear Envelope (NE) Reassembly R-HSA-2995410,0.3215654676682483,0.4177914977659438,2.6262586115527293,2.979632538679963,1,LMNA
Hom-NPCs,up_in_severe,GO:BP,GO_Biological_Process_2025,664,Mitochondrial Translation (GO:0032543),0.364499797099579,0.41829645390042053,2.242331635540464,2.2630267514478994,1,MRPL57
Hom/Reg-like NPCs,up_in_severe,GO:BP,GO_Biological_Process_2025,743,Regulation of Innate Immune Response (GO:0045088),0.3591707678710129,0.41911313020749413,2.285121107266436,2.339866501030391,1,CDC37
Hom-NPCs,up_in_severe,REAC,Reactome_2022,247,RNA Polymerase I Transcription R-HSA-73864,0.316724539977527,0.419307386933811,2.6755735492577597,3.0761680248455487,1,POLR2F
Hom/Reg-like NPCs,up_in_severe,GO:BP,GO_Biological_Process_2025,744,Positive Regulation of Developmental Process (GO:0051094),0.3603721775100011,0.41994983588867063,1.6015971967567126,1.6346188559210975,2,ZNF703;SCX
Fibro-reg NPCs,up_in_severe,REAC,Reactome_2022,154,Infectious Disease R-HSA-5663205,0.3478976841691994,0.4201881120485136,1.3678521240946924,1.4442423612040156,4,RPS14;RPS9;CEBPD;RPL39
ECM/Adh-NPCs,up_in_severe,GO:BP,GO_Biological_Process_2025,443,Small GTPase-mediated Signal Transduction (GO:0007264),0.3826211474737002,0.4206241508345192,2.113582887700535,2.030540111295761,1,COL1A2
Hom-NPCs,up_in_severe,GO:BP,GO_Biological_Process_2025,665,Positive Regulation of Immune Response (GO:0050778),0.3675645972797949,0.4211792828980507,2.218365061590146,2.2202644276744072,1,CD81
Hom/Reg-like NPCs,up_in_severe,GO:BP,GO_Biological_Process_2025,745,Defense Response to Gram-negative Bacterium (GO:0050829),0.36248528515535094,0.4218452915834755,2.25843593251254,2.2917961889497196,1,RPS19
Hom/Reg-like NPCs,up_in_severe,REAC,Reactome_2022,265,Adaptive Immune System R-HSA-1280218,0.32630891826491615,0.4223545621315707,1.3434206100022426,1.5045111752114946,5,CD81;S100A1;FBXO2;NDUFA2;AP2M1
Fibro-reg NPCs,up_in_severe,GO:BP,GO_Biological_Process_2025,453,Negative Regulation of Response to External Stimulus (GO:0032102),0.3812053082719664,0.4232809493615874,2.1198971391835424,2.0444652253905944,1,TMSB4X
Fibro-NPCs,up_in_severe,GO:BP,GO_Biological_Process_2025,370,Regulation of Canonical Wnt Signaling Pathway (GO:0060828),0.39351002836599414,0.423289165647745,2.040206718346253,1.9027961974632905,1,COL1A1
Hom-NPCs,up_in_severe,REAC,Reactome_2022,248,TP53 Regulates Metabolic Genes R-HSA-5628897,0.3232942831563663,0.4237448626451375,2.608421052631579,2.9454089082907395,1,COX8A
Hom-NPCs,up_in_severe,REAC,Reactome_2022,249,Processing Of Capped Intron-Containing Pre-mRNA R-HSA-72203,0.3239368501236939,0.4237448626451375,1.7432624113475177,1.9650170511232625,2,POLR2F;SNRPB
Hom-NPCs,up_in_severe,REAC,Reactome_2022,250,Mitochondrial Translation Elongation R-HSA-5389840,0.3265556739650601,0.4237448626451375,2.5760883690708254,2.8830417337920933,1,MRPL57
Hom-NPCs,up_in_severe,REAC,Reactome_2022,251,Mitochondrial Translation Initiation R-HSA-5368286,0.3265556739650601,0.4237448626451375,2.5760883690708254,2.8830417337920933,1,MRPL57
Hom-NPCs,up_in_severe,REAC,Reactome_2022,252,Mitochondrial Translation Termination R-HSA-5419276,0.3265556739650601,0.4237448626451375,2.5760883690708254,2.8830417337920933,1,MRPL57
Hom/Reg-like NPCs,up_in_severe,GO:BP,GO_Biological_Process_2025,746,Regulation of Endothelial Cell Migration (GO:0010594),0.36578282452867106,0.42397554661277786,2.232364210051837,2.2451232816725217,1,ZC3H12A
Hom/Reg-like NPCs,up_in_severe,GO:BP,GO_Biological_Process_2025,747,T Cell Receptor Signaling Pathway (GO:0050852),0.36578282452867106,0.42397554661277786,2.232364210051837,2.2451232816725217,1,ZC3H12A
Hom/Reg-like NPCs,up_in_severe,GO:BP,GO_Biological_Process_2025,748,Positive Regulation of Ubiquitin-Dependent Protein Catabolic Process (GO:2000060),0.36578282452867106,0.42397554661277786,2.232364210051837,2.2451232816725217,1,CLU
Hom-NPCs,up_in_severe,GO:BP,GO_Biological_Process_2025,666,Sensory Perception of Sound (GO:0007605),0.3706147702541442,0.42403671911960644,2.1949030470914126,2.178643448840774,1,COL1A1
Hom/Reg-like NPCs,up_in_severe,GO:BP,GO_Biological_Process_2025,749,Regulation of Inflammatory Response (GO:0050727),0.3677868120560934,0.4255026999121469,1.5753397202068384,1.5757364281563677,2,LGALS1;IL1R1
Hom/Reg-like NPCs,up_in_severe,GO:BP,GO_Biological_Process_2025,750,Nuclear-Transcribed mRNA Catabolic Process (GO:0000956),0.3690634721267987,0.4255026999121469,2.206885026737968,2.199793507468689,1,ZC3H12A
Hom/Reg-like NPCs,up_in_severe,GO:BP,GO_Biological_Process_2025,751,Cellular Response to Hormone Stimulus (GO:0032870),0.3690634721267987,0.4255026999121469,2.206885026737968,2.199793507468689,1,WBP2
Hom/Reg-like NPCs,up_in_severe,GO:BP,GO_Biological_Process_2025,752,Positive Regulation of Canonical Wnt Signaling Pathway (GO:0090263),0.3690634721267987,0.4255026999121469,2.206885026737968,2.199793507468689,1,COL1A1
ECM/Adh-NPCs,up_in_severe,REAC,Reactome_2022,157,mRNA Splicing R-HSA-72172,0.38421039971331045,0.4258127996822676,2.1022340425531914,2.0109234239301528,1,FUS
Hom/Reg-like NPCs,up_in_severe,REAC,Reactome_2022,266,Oncogenic MAPK Signaling R-HSA-6802957,0.3320329468609451,0.4265441976528246,2.523554876496053,2.7822724414547797,1,LMNA
Hom/Reg-like NPCs,up_in_severe,REAC,Reactome_2022,267,G Alpha (12/13) Signaling Events R-HSA-416482,0.3320329468609451,0.4265441976528246,2.523554876496053,2.7822724414547797,1,NGEF
Hom/Reg-like NPCs,up_in_severe,GO:BP,GO_Biological_Process_2025,753,Regulation of Protein Localization to Plasma Membrane (GO:1903076),0.3723273136525041,0.4275599747506239,2.1819784093412644,2.155755253525734,1,AP2M1
Hom/Reg-like NPCs,up_in_severe,GO:BP,GO_Biological_Process_2025,754,Establishment of Protein Localization to Organelle (GO:0072594),0.3723273136525041,0.4275599747506239,2.1819784093412644,2.155755253525734,1,LAMP1
Hom/Reg-like NPCs,up_in_severe,GO:BP,GO_Biological_Process_2025,755,Mitotic Spindle Organization (GO:0007052),0.3723273136525041,0.4275599747506239,2.1819784093412644,2.155755253525734,1,SUN2
Fibro-NPCs,up_in_severe,GO:BP,GO_Biological_Process_2025,371,Negative Regulation of Cell Differentiation (GO:0045596),0.39913142717955663,0.42817872780987476,2.002536783358701,1.8392589953268488,1,COL5A1
Fibro-NPCs,up_in_severe,GO:BP,GO_Biological_Process_2025,372,Defense Response to Bacterium (GO:0042742),0.4005287933471227,0.4285227412692334,1.9933333333333334,1.8238394456369662,1,RPS19
Fibro-NPCs,up_in_severe,GO:BP,GO_Biological_Process_2025,373,Regulation of Cell Growth (GO:0001558),0.4019229803785059,0.42886151793738697,1.9842131724484666,1.8085999884157233,1,MMP14
ECM/Adh-NPCs,up_in_severe,KEGG,KEGG_2021_Human,75,Tuberculosis,0.3697615337680406,0.4289233791709271,2.2089385474860337,2.197666299740351,1,LAMP1
Hom-NPCs,up_in_severe,REAC,Reactome_2022,253,Diseases Of Metabolism R-HSA-5668914,0.3327279158388,0.43004754339639373,1.707251411202779,1.878710999140836,2,BGN;PRELP
Hom-NPCs,up_in_severe,GO:BP,GO_Biological_Process_2025,667,rRNA Metabolic Process (GO:0016072),0.37667151024895884,0.43032037602654666,2.1494302767227347,2.098664596023561,1,RPS19
Hom/Reg-like NPCs,up_in_severe,GO:BP,GO_Biological_Process_2025,756,ERAD Pathway (GO:0036503),0.3755744342997057,0.4307182996532339,2.157625272331155,2.1129594090781154,1,FBXO2
ECM/Adh-NPCs,up_in_severe,GO:BP,GO_Biological_Process_2025,444,Regulation of Programmed Cell Death (GO:0043067),0.39366202772655495,0.43119603789524646,2.0365979381443298,1.8986439575096752,1,CLU
ECM/Adh-NPCs,up_in_severe,GO:BP,GO_Biological_Process_2025,445,Negative Regulation of Cellular Process (GO:0048523),0.3940086999248145,0.43119603789524646,1.4983989815207746,1.3955822730950533,2,LMNA;CLU
Fibro-reg NPCs,up_in_severe,REAC,Reactome_2022,155,Diseases Of Glycosylation R-HSA-3781865,0.3595433355077127,0.43145200260925526,2.2853844377741863,2.3377667409096534,1,BGN
ECM/Adh-NPCs,up_in_severe,GO:BP,GO_Biological_Process_2025,446,Endomembrane System Organization (GO:0010256),0.3952234102180409,0.4315556071214931,2.026051282051282,1.880791668340162,1,LMNA
Hom/Reg-like NPCs,up_in_severe,GO:BP,GO_Biological_Process_2025,757,RNA Splicing (GO:0008380),0.37880491893888857,0.4327060141238688,2.1338073691014867,2.071359217904193,1,FUS
Hom/Reg-like NPCs,up_in_severe,GO:BP,GO_Biological_Process_2025,758,Sensory Perception of Mechanical Stimulus (GO:0050954),0.37880491893888857,0.4327060141238688,2.1338073691014867,2.071359217904193,1,COL1A1
Hom/Reg-like NPCs,up_in_severe,GO:BP,GO_Biological_Process_2025,759,Positive Regulation of Cell Adhesion (GO:0045785),0.37880491893888857,0.4327060141238688,2.1338073691014867,2.071359217904193,1,P4HB
Fibro-reg NPCs,up_in_severe,GO:BP,GO_Biological_Process_2025,454,Regulation of Cellular Component Organization (GO:0051128),0.3908117928501157,0.43299192027226474,2.052293006847894,1.928189172188061,1,SPARC
Hom/Reg-like NPCs,up_in_severe,GO:BP,GO_Biological_Process_2025,760,Positive Regulation of Signal Transduction (GO:0009967),0.3806828558639224,0.43427899478160625,1.5313791221641848,1.4789885747259433,2,IL1R1;TPD52L1
ECM/Adh-NPCs,up_in_severe,KEGG,KEGG_2021_Human,76,RNA transport,0.37943057009008674,0.4343481526031256,2.1366486486486487,2.0705912709826917,1,FUS
Hom-NPCs,up_in_severe,GO:BP,GO_Biological_Process_2025,668,Positive Regulation of Intracellular Signal Transduction (GO:1902533),0.3822932653361644,0.43456776632059674,1.2920021470746108,1.2423469575131267,4,LGALS1;CD81;FN1;CLU
Hom-NPCs,up_in_severe,GO:BP,GO_Biological_Process_2025,669,Mitochondrial Gene Expression (GO:0140053),0.38267056588073545,0.43456776632059674,2.105794790005316,2.022786046627892,1,MRPL57
Hom-NPCs,up_in_severe,GO:BP,GO_Biological_Process_2025,670,Response to UV (GO:0009411),0.38267056588073545,0.43456776632059674,2.105794790005316,2.022786046627892,1,GPX1
Hom-NPCs,up_in_severe,GO:BP,GO_Biological_Process_2025,671,Monoatomic Ion Transport (GO:0006811),0.38267056588073545,0.43456776632059674,2.105794790005316,2.022786046627892,1,TSPO
Hom-NPCs,up_in_severe,KEGG,KEGG_2021_Human,33,Platelet activation,0.11958135095222543,0.43484127618991064,3.4499476805022673,7.326855290531365,2,COL1A1;COL1A2
Hom/Reg-like NPCs,up_in_severe,GO:BP,GO_Biological_Process_2025,761,Positive Regulation of Cellular Component Biogenesis (GO:0044089),0.3820188519715645,0.4352304134814013,2.1105072463768115,2.0309101428042693,1,CLU
Hom-NPCs,up_in_severe,REAC,Reactome_2022,254,Cell Junction Organization R-HSA-446728,0.3394464157511476,0.4352901096102952,2.4543653250773994,2.6517924525695524,1,CD151
Hom-NPCs,up_in_severe,REAC,Reactome_2022,255,Signaling By FGFR R-HSA-190236,0.3394464157511476,0.4352901096102952,2.4543653250773994,2.6517924525695524,1,POLR2F
Hom-NPCs,up_in_severe,GO:BP,GO_Biological_Process_2025,672,Visual Perception (GO:0007601),0.3856486321780265,0.4360003823733771,2.0846315789473686,1.9862965959816892,1,COL1A1
Hom-NPCs,up_in_severe,GO:BP,GO_Biological_Process_2025,673,Cell Junction Assembly (GO:0034329),0.3856486321780265,0.4360003823733771,2.0846315789473686,1.9862965959816892,1,FN1
Hom-NPCs,up_in_severe,GO:BP,GO_Biological_Process_2025,674,Sensory Perception of Light Stimulus (GO:0050953),0.3856486321780265,0.4360003823733771,2.0846315789473686,1.9862965959816892,1,COL1A1
Fibro-NPCs,up_in_severe,GO:BP,GO_Biological_Process_2025,374,Negative Regulation of DNA-templated Transcription (GO:0045892),0.40981716124806566,0.4361155887078346,1.3182081661990772,1.1758999054490642,3,RPS14;BASP1;ID3
Hom/Reg-like NPCs,up_in_severe,REAC,Reactome_2022,268,TP53 Regulates Metabolic Genes R-HSA-5628897,0.3423404683983466,0.4365159132365535,2.4285539215686276,2.6032871995667577,1,DDIT4
Hom/Reg-like NPCs,up_in_severe,REAC,Reactome_2022,269,Regulation Of HSF1-mediated Heat Shock Response R-HSA-3371453,0.3423404683983466,0.4365159132365535,2.4285539215686276,2.6032871995667577,1,MAPKAPK2
Hom/Reg-like NPCs,up_in_severe,GO:BP,GO_Biological_Process_2025,762,Regulation of Immune Response (GO:0050776),0.38521631738428525,0.4371499308536326,2.087708201560194,1.9915697381425963,1,COL3A1
Hom/Reg-like NPCs,up_in_severe,GO:BP,GO_Biological_Process_2025,763,Positive Regulation of Double-Strand Break Repair (GO:2000781),0.38521631738428525,0.4371499308536326,2.087708201560194,1.9915697381425963,1,FUS
Hom/Reg-like NPCs,up_in_severe,GO:BP,GO_Biological_Process_2025,764,Positive Regulation of Phosphorylation (GO:0042327),0.38521631738428525,0.4371499308536326,2.087708201560194,1.9915697381425963,1,PLAUR
Hom/Reg-like NPCs,up_in_severe,GO:BP,GO_Biological_Process_2025,765,Lipid Metabolic Process (GO:0006629),0.38617683443296436,0.43766707902402624,1.5132719497630698,1.4398175691110384,2,TSPO;CLU
Hom/Reg-like NPCs,up_in_severe,REAC,Reactome_2022,270,Hemostasis R-HSA-109582,0.345075733246499,0.43837398705018205,1.3650490923218197,1.4524004530165815,4,PLAUR;SERPING1;TIMP1;CLU
ECM/Adh-NPCs,up_in_severe,GO:BP,GO_Biological_Process_2025,447,Regulation of Translation (GO:0006417),0.4029713860072365,0.4390314652920004,1.9749,1.7949663120166688,1,HSPB1
Hom/Reg-like NPCs,up_in_severe,GO:BP,GO_Biological_Process_2025,766,Regulation of MAPK Cascade (GO:0043408),0.3880035845546186,0.43903591220637084,1.5073298027477167,1.4270504738785903,2,CD81;GSTP1
Hom/Reg-like NPCs,up_in_severe,GO:BP,GO_Biological_Process_2025,767,Positive Regulation of Immune Response (GO:0050778),0.3883973986877583,0.43903591220637084,2.0653942428035044,1.95329753156195,1,CD81
ECM/Adh-NPCs,up_in_severe,GO:BP,GO_Biological_Process_2025,448,Positive Regulation of Protein Metabolic Process (GO:0051247),0.404509261747695,0.4397232376587667,1.9649751243781095,1.7784609548778074,1,CLU
Hom-NPCs,up_in_severe,REAC,Reactome_2022,256,Regulation Of mRNA Stability By Proteins That Bind AU-rich Elements R-HSA-450531,0.3457999132280331,0.43998666002166076,2.3977011494252873,2.5461067581623245,1,HSPB1
Hom-NPCs,up_in_severe,REAC,Reactome_2022,257,Mitochondrial Translation R-HSA-5368287,0.3457999132280331,0.43998666002166076,2.3977011494252873,2.5461067581623245,1,MRPL57
Hom/Reg-like NPCs,up_in_severe,KEGG,KEGG_2021_Human,26,NF-kappa B signaling pathway,0.10042249475303347,0.44031401545560833,3.842943117841196,8.832501505645107,2,GADD45B;IL1R1
Fibro-reg NPCs,up_in_severe,GO:BP,GO_Biological_Process_2025,455,Positive Regulation of Response to External Stimulus (GO:0032103),0.3983912014685029,0.4404192842607845,2.0012143290831816,1.841759248725616,1,LGALS1
Fibro-reg NPCs,up_in_severe,KEGG,KEGG_2021_Human,52,"Growth hormone synthesis, secretion and action",0.3096580340527248,0.44056974224221124,2.7535426507363154,3.227941444804239,1,JUNB
Fibro-reg NPCs,up_in_severe,KEGG,KEGG_2021_Human,53,Cell cycle,0.32035650568220503,0.44056974224221124,2.6409436225509797,3.0062411180729196,1,GADD45B
Fibro-reg NPCs,up_in_severe,KEGG,KEGG_2021_Human,54,Osteoclast differentiation,0.3266971119820211,0.44056974224221124,2.577673692427791,2.883699753994032,1,JUNB
Fibro-reg NPCs,up_in_severe,KEGG,KEGG_2021_Human,55,FoxO signaling pathway,0.3350607985306605,0.44056974224221124,2.4978562421185373,2.731264111042341,1,GADD45B
Fibro-reg NPCs,up_in_severe,KEGG,KEGG_2021_Human,56,Autophagy,0.3474150174537504,0.44056974224221124,2.386933461909354,2.5235500711559498,1,DDIT4
Fibro-reg NPCs,up_in_severe,KEGG,KEGG_2021_Human,57,Fluid shear stress and atherosclerosis,0.351482688075452,0.44056974224221124,2.352102637205987,2.4593463347652045,1,MMP2
Fibro-reg NPCs,up_in_severe,KEGG,KEGG_2021_Human,58,Signaling pathways regulating pluripotency of stem cells,0.3595433355077127,0.44056974224221124,2.2853844377741863,2.3377667409096534,1,ID3
Fibro-reg NPCs,up_in_severe,KEGG,KEGG_2021_Human,59,Breast cancer,0.3675053903149375,0.44056974224221124,2.222322030092073,2.2245827825440747,1,GADD45B
Fibro-reg NPCs,up_in_severe,KEGG,KEGG_2021_Human,60,Cell adhesion molecules,0.36948063828291855,0.44056974224221124,2.2070926731348277,2.197507136661272,1,CD276
Fibro-reg NPCs,up_in_severe,KEGG,KEGG_2021_Human,61,Gastric cancer,0.37144981679415184,0.44056974224221124,2.1920691182986265,2.170897033192682,1,GADD45B
Fibro-reg NPCs,up_in_severe,KEGG,KEGG_2021_Human,62,Phagosome,0.37732111898678994,0.44056974224221124,2.148192378677668,2.093754347301683,1,COMP
Fibro-reg NPCs,up_in_severe,KEGG,KEGG_2021_Human,63,mTOR signaling pathway,0.3812053082719664,0.44056974224221124,2.1198971391835424,2.0444652253905944,1,DDIT4
Fibro-reg NPCs,up_in_severe,KEGG,KEGG_2021_Human,64,Cellular senescence,0.38506565676789845,0.44056974224221124,2.092332099418297,1.9967991914205656,1,GADD45B
Fibro-reg NPCs,up_in_severe,KEGG,KEGG_2021_Human,65,Hepatitis C,0.3869869357532937,0.44056974224221124,2.078814627994956,1.9735524861561435,1,CD81
Hom-NPCs,up_in_severe,REAC,Reactome_2022,258,Interferon Gamma Signaling R-HSA-877300,0.34895394611836394,0.44057119838110037,2.370334928229665,2.4955249379020694,1,MT2A
Hom-NPCs,up_in_severe,REAC,Reactome_2022,259,ER-Phagosome Pathway R-HSA-1236974,0.34895394611836394,0.44057119838110037,2.370334928229665,2.4955249379020694,1,NDUFA2
Hom/Reg-like NPCs,up_in_severe,GO:BP,GO_Biological_Process_2025,768,Sensory Perception of Sound (GO:0007605),0.3915621790125016,0.44146217061617543,2.043550051599587,1.9160549127172235,1,COL1A1
Hom/Reg-like NPCs,up_in_severe,GO:BP,GO_Biological_Process_2025,769,Regulation of Actin Filament-Based Process (GO:0032970),0.3915621790125016,0.44146217061617543,2.043550051599587,1.9160549127172235,1,NGEF
Hom-NPCs,up_in_severe,REAC,Reactome_2022,260,MAPK6/MAPK4 Signaling R-HSA-5687128,0.35209293036278594,0.44165756047240035,2.343583678296866,2.4463735666438886,1,HSPB1
Hom-NPCs,up_in_severe,REAC,Reactome_2022,261,Activation Of HOX Genes During Differentiation R-HSA-5619507,0.3552169370160284,0.44165756047240035,2.3174269005847954,2.398598453124844,1,POLR2F
Hom-NPCs,up_in_severe,REAC,Reactome_2022,262,EPH-Ephrin Signaling R-HSA-2682334,0.3552169370160284,0.44165756047240035,2.3174269005847954,2.398598453124844,1,MYL6
Hom-NPCs,up_in_severe,REAC,Reactome_2022,263,Signaling By TGF-beta Receptor Complex R-HSA-170834,0.3552169370160284,0.44165756047240035,2.3174269005847954,2.398598453124844,1,COL1A2
Fibro-NPCs,up_in_severe,REAC,Reactome_2022,138,Programmed Cell Death R-HSA-5357801,0.382112459179198,0.44169420282193605,2.119914117015566,2.039442851148534,1,LMNA
Fibro-NPCs,up_in_severe,REAC,Reactome_2022,139,Hemostasis R-HSA-109582,0.38372183870155696,0.44169420282193605,1.5346848273677542,1.4699784746267963,2,TAGLN2;TIMP1
Eff-NPCs,up_in_severe,GO:BP,GO_Biological_Process_2025,203,Negative Regulation of DNA-templated Transcription (GO:0045892),0.4332546092568507,0.4417916458924537,1.8889552238805971,1.579978273231178,1,ZFP36
ECM/Adh-NPCs,up_in_severe,GO:BP,GO_Biological_Process_2025,449,Positive Regulation of Canonical NF-kappaB Signal Transduction (GO:0043123),0.40757337122395215,0.44206733137208176,1.9454187192118226,1.7460800486363166,1,IL1R1
ECM/Adh-NPCs,up_in_severe,REAC,Reactome_2022,158,Interferon Signaling R-HSA-913531,0.4014296166851454,0.4420807171089576,1.984924623115578,1.8116864795932899,1,MT2A
Hom-NPCs,up_in_severe,REAC,Reactome_2022,264,Telomere Maintenance R-HSA-157579,0.3583260368275664,0.44216080770797817,2.291844997108155,2.3521479989227614,1,POLR2F
Hom-NPCs,up_in_severe,REAC,Reactome_2022,265,Post-translational Modification: Synthesis Of GPI-anchored Proteins R-HSA-163125,0.3583260368275664,0.44216080770797817,2.291844997108155,2.3521479989227614,1,PLAUR
Fibro-reg NPCs,up_in_severe,REAC,Reactome_2022,156,Cytokine Signaling In Immune System R-HSA-1280215,0.371783547983696,0.4432803841344068,1.399505346621081,1.3847314044920191,3,COL1A2;CEBPD;MMP2
Hom-NPCs,up_in_severe,GO:BP,GO_Biological_Process_2025,675,Negative Regulation of RNA Biosynthetic Process (GO:1902679),0.393215702426408,0.4438968374058117,1.342612419700214,1.253190346369254,3,BASP1;ID1;CRYAB
Hom-NPCs,up_in_severe,REAC,Reactome_2022,266,VEGFA-VEGFR2 Pathway R-HSA-4420097,0.36142030014992055,0.4443023990564813,2.2668192219679635,2.3069730491120866,1,HSPB1
Hom/Reg-like NPCs,up_in_severe,GO:BP,GO_Biological_Process_2025,770,Positive Regulation of Proteasomal Protein Catabolic Process (GO:1901800),0.3978431673580627,0.44738005979175144,2.0012128562765312,1.8445126929219609,1,CLU
Hom/Reg-like NPCs,up_in_severe,GO:BP,GO_Biological_Process_2025,771,rRNA Metabolic Process (GO:0016072),0.3978431673580627,0.44738005979175144,2.0012128562765312,1.8445126929219609,1,RPS19
Hom-NPCs,up_in_severe,GO:BP,GO_Biological_Process_2025,676,Positive Regulation of Protein-Containing Complex Assembly (GO:0031334),0.3974193911948428,0.44797866285572524,2.0040485829959516,1.8492621930167095,1,CLU
Fibro-reg NPCs,up_in_severe,REAC,Reactome_2022,157,Metabolism Of Steroids R-HSA-8957322,0.37926620276053014,0.4493217433978255,2.1339516824849007,2.0689023021108937,1,TSPO
Hom/Reg-like NPCs,up_in_severe,GO:BP,GO_Biological_Process_2025,772,Positive Regulation of Autophagy (GO:0010508),0.40095953952092706,0.44971787938505015,1.9806922769107642,1.8101442845569529,1,ZC3H12A
Hom/Reg-like NPCs,up_in_severe,GO:BP,GO_Biological_Process_2025,773,Cytosolic Transport (GO:0016482),0.40095953952092706,0.44971787938505015,1.9806922769107642,1.8101442845569529,1,LAMP1
Hom-NPCs,up_in_severe,KEGG,KEGG_2021_Human,34,Relaxin signaling pathway,0.12753744643616155,0.44971964481363214,3.313285307421679,6.823198392753208,2,COL1A1;COL1A2
Hom-NPCs,up_in_severe,KEGG,KEGG_2021_Human,35,Systemic lupus erythematosus,0.13724481586565648,0.44971964481363214,3.162853943369061,6.281393047707864,2,HLA-DPB1;SNRPB
Hom-NPCs,up_in_severe,KEGG,KEGG_2021_Human,36,Asthma,0.1386635571508699,0.44971964481363214,6.973333333333334,13.77724766471137,1,HLA-DPB1
Hom-NPCs,up_in_severe,KEGG,KEGG_2021_Human,37,RNA polymerase,0.1386635571508699,0.44971964481363214,6.973333333333334,13.77724766471137,1,POLR2F
Hom-NPCs,up_in_severe,REAC,Reactome_2022,267,Drug ADME R-HSA-9748784,0.3675645972797949,0.4501633831853668,2.218365061590146,2.2202644276744072,1,GSTP1
Hom-NPCs,up_in_severe,GO:BP,GO_Biological_Process_2025,677,Steroid Metabolic Process (GO:0008202),0.4003270378587071,0.45058966447316806,1.984862155388471,1.8170886473975005,1,TSPO
ECM/Adh-NPCs,up_in_severe,GO:BP,GO_Biological_Process_2025,450,Regulation of Signal Transduction (GO:0009966),0.4181765161919752,0.45155645983479364,1.879904761904762,1.6389980648532216,1,CLU
ECM/Adh-NPCs,up_in_severe,GO:BP,GO_Biological_Process_2025,451,Regulation of Angiogenesis (GO:0045765),0.4181765161919752,0.45155645983479364,1.879904761904762,1.6389980648532216,1,HSPB1
Hom/Reg-like NPCs,up_in_severe,GO:BP,GO_Biological_Process_2025,774,Cellular Response to Chemical Stress (GO:0062197),0.4040599390731852,0.4520257640986472,1.9605862547039017,1.776667673398047,1,ZC3H12A
Hom/Reg-like NPCs,up_in_severe,GO:BP,GO_Biological_Process_2025,775,Monoatomic Ion Transport (GO:0006811),0.4040599390731852,0.4520257640986472,1.9605862547039017,1.776667673398047,1,TSPO
Hom-NPCs,up_in_severe,GO:BP,GO_Biological_Process_2025,678,Cell-Matrix Adhesion (GO:0007160),0.4032207996447776,0.45250994010209206,1.9660377358490566,1.785695015423773,1,FN1
Hom-NPCs,up_in_severe,GO:BP,GO_Biological_Process_2025,679,Positive Regulation of Cell Growth (GO:0030307),0.4032207996447776,0.45250994010209206,1.9660377358490566,1.785695015423773,1,CIB1
ECM/Adh-NPCs,up_in_severe,KEGG,KEGG_2021_Human,77,Epstein-Barr virus infection,0.404509261747695,0.4528943983280082,1.9649751243781095,1.7784609548778074,1,GADD45B
ECM/Adh-NPCs,up_in_severe,KEGG,KEGG_2021_Human,78,Viral carcinogenesis,0.4060432536733867,0.4528943983280082,1.955148514851485,1.7621667321066776,1,GSN
Hom-NPCs,up_in_severe,GO:BP,GO_Biological_Process_2025,680,Positive Regulation of Translation (GO:0045727),0.4061007421264993,0.4538192463699113,1.9475651746187899,1.7550561801729816,1,RPS27L
Hom-NPCs,up_in_severe,GO:BP,GO_Biological_Process_2025,681,Positive Regulation of DNA Metabolic Process (GO:0051054),0.4061007421264993,0.4538192463699113,1.9475651746187899,1.7550561801729816,1,RGCC
Hom-NPCs,up_in_severe,GO:BP,GO_Biological_Process_2025,682,Nervous System Development (GO:0007399),0.4061741811342251,0.4538192463699113,1.3137891391086765,1.183688796655828,3,GSTP1;FN1;SCRG1
Fibro-reg NPCs,up_in_severe,GO:BP,GO_Biological_Process_2025,456,Brain Development (GO:0007420),0.4114325406557936,0.45383896480233377,1.917644776408963,1.7030799003390924,1,DDIT4
Hom/Reg-like NPCs,up_in_severe,GO:BP,GO_Biological_Process_2025,776,Sensory Perception of Light Stimulus (GO:0050953),0.407144447139396,0.45430403561114074,1.9408823529411765,1.7440521351863065,1,COL1A1
Hom/Reg-like NPCs,up_in_severe,GO:BP,GO_Biological_Process_2025,777,Visual Perception (GO:0007601),0.407144447139396,0.45430403561114074,1.9408823529411765,1.7440521351863065,1,COL1A1
Hom/Reg-like NPCs,up_in_severe,REAC,Reactome_2022,271,Signaling By FGFR R-HSA-190236,0.3591707678710129,0.4545962117334222,2.285121107266436,2.339866501030391,1,FGFRL1
Fibro-reg NPCs,up_in_severe,GO:BP,GO_Biological_Process_2025,457,Heart Development (GO:0007507),0.4132727380261702,0.4548713068428088,1.906268081002893,1.6844690648026526,1,COL3A1
Hom-NPCs,up_in_severe,GO:BP,GO_Biological_Process_2025,683,RNA Processing (GO:0006396),0.408384872176002,0.45560351034787955,1.4440845174114703,1.2932430085950901,2,RPS19;SNRPB
Hom-NPCs,up_in_severe,GO:BP,GO_Biological_Process_2025,684,Positive Regulation of Vasculature Development (GO:1904018),0.4089669305484903,0.45560351034787955,1.9294346978557504,1.7251480440753342,1,HSPB1
Fibro-reg NPCs,up_in_severe,GO:BP,GO_Biological_Process_2025,458,Nitrogen Compound Transport (GO:0071705),0.4151072743185921,0.45589292354203453,1.8950244463618062,1.6661401718492108,1,HBB
Hom-NPCs,up_in_severe,REAC,Reactome_2022,268,Potential Therapeutics For SARS R-HSA-9679191,0.37365038495554814,0.4559092383599412,2.1719298245614036,2.138123125116582,1,COMT
Fibro-reg NPCs,up_in_severe,GO:BP,GO_Biological_Process_2025,459,Membrane Organization (GO:0061024),0.4169361667758497,0.45690390389597474,1.8839115516584064,1.6480875468294445,1,LMNA
Fibro-reg NPCs,up_in_severe,KEGG,KEGG_2021_Human,66,Hepatocellular carcinoma,0.4077350942211654,0.4571575298843369,1.9408069107686268,1.7411708429675188,1,GADD45B
ECM/Adh-NPCs,up_in_severe,GO:BP,GO_Biological_Process_2025,452,Regulation of Canonical Wnt Signaling Pathway (GO:0060828),0.425636053605298,0.4585945975791596,1.8357209302325581,1.5680189073802462,1,COL1A1
Hom-NPCs,up_in_severe,GO:BP,GO_Biological_Process_2025,685,Negative Regulation of Developmental Process (GO:0051093),0.4146583051988673,0.4592581810487455,1.8941626794258373,1.667432275865109,1,CST3
Hom-NPCs,up_in_severe,GO:BP,GO_Biological_Process_2025,686,Regulation of G1/S Transition of Mitotic Cell Cycle (GO:2000045),0.4146583051988673,0.4592581810487455,1.8941626794258373,1.667432275865109,1,RGCC
Hom-NPCs,up_in_severe,GO:BP,GO_Biological_Process_2025,687,Positive Regulation of T Cell Activation (GO:0050870),0.4146583051988673,0.4592581810487455,1.8941626794258373,1.667432275865109,1,CD81
Hom-NPCs,up_in_severe,GO:BP,GO_Biological_Process_2025,688,Regulation of Cellular Response to Stress (GO:0080135),0.4146583051988673,0.4592581810487455,1.8941626794258373,1.667432275865109,1,CHCHD2
Fibro-NPCs,up_in_severe,GO:BP,GO_Biological_Process_2025,375,Positive Regulation of Developmental Process (GO:0051094),0.43312789504818366,0.4596930726111389,1.7950819672131149,1.501984977603579,1,BASP1
Hom/Reg-like NPCs,up_in_severe,GO:BP,GO_Biological_Process_2025,778,Regulation of Defense Response (GO:0031347),0.4132661110372163,0.46054205433067674,1.902633602460592,1.6812879765611624,1,IL1R1
Hom/Reg-like NPCs,up_in_severe,REAC,Reactome_2022,272,PCP/CE Pathway R-HSA-4086400,0.36578282452867106,0.4612629000490227,2.232364210051837,2.2451232816725217,1,AP2M1
Hom-NPCs,up_in_severe,REAC,Reactome_2022,269,Cellular Response To Heat Stress R-HSA-3371556,0.3796782145208595,0.46154191876699274,2.1273899033297528,2.060230733325135,1,CRYAB
ECM/Adh-NPCs,up_in_severe,GO:BP,GO_Biological_Process_2025,453,Regulation of Phosphatidylinositol 3-Kinase/Protein Kinase B Signal Transduction (GO:0051896),0.43006668400907017,0.46234541967421006,1.8101834862385322,1.5274599842821681,1,IL1R1
Hom-NPCs,up_in_severe,GO:BP,GO_Biological_Process_2025,689,Positive Regulation of Cell Differentiation (GO:0045597),0.4184028425798921,0.46273289701869047,1.4142805625676163,1.2322776063996286,2,COL1A1;RGCC
Hom/Reg-like NPCs,up_in_severe,GO:BP,GO_Biological_Process_2025,779,Regulation of RNA Splicing (GO:0043484),0.4163034269347755,0.4627372707082697,1.8840662478583667,1.6510842979828917,1,FUS
Hom/Reg-like NPCs,up_in_severe,GO:BP,GO_Biological_Process_2025,780,Regulation of Actin Cytoskeleton Organization (GO:0032956),0.4163034269347755,0.4627372707082697,1.8840662478583667,1.6510842979828917,1,NGEF
Hom/Reg-like NPCs,up_in_severe,REAC,Reactome_2022,273,Antimicrobial Peptides R-HSA-6803157,0.3690634721267987,0.4636951316464906,2.206885026737968,2.199793507468689,1,CLU
Fibro-NPCs,up_in_severe,GO:BP,GO_Biological_Process_2025,376,Regulation of Inflammatory Response (GO:0050727),0.4383897719447355,0.4640402373244807,1.7657706093189964,1.4561372132440034,1,LGALS1
Hom/Reg-like NPCs,up_in_severe,REAC,Reactome_2022,274,MAPK6/MAPK4 Signaling R-HSA-5687128,0.3723273136525041,0.4641928039028074,2.1819784093412644,2.155755253525734,1,HSPB1
Hom/Reg-like NPCs,up_in_severe,REAC,Reactome_2022,275,Respiratory Electron Transport R-HSA-611105,0.3723273136525041,0.4641928039028074,2.1819784093412644,2.155755253525734,1,NDUFA2
Hom/Reg-like NPCs,up_in_severe,REAC,Reactome_2022,276,Diseases Of Signal Transduction By Growth Factor Receptors And Second Messengers R-HSA-5663202,0.3735195739859325,0.4641928039028074,1.3878384798099763,1.3667223353370663,3,CDC37;LMNA;RRBP1
ECM/Adh-NPCs,up_in_severe,GO:BP,GO_Biological_Process_2025,454,Defense Response to Bacterium (GO:0042742),0.43300180403358635,0.46447550344571925,1.7935454545454546,1.5012215513950575,1,RPS19
Hom/Reg-like NPCs,up_in_severe,REAC,Reactome_2022,277,Signaling By TGF-beta Receptor Complex R-HSA-170834,0.3755744342997057,0.46506148362743344,2.157625272331155,2.1129594090781154,1,COL1A2
Hom/Reg-like NPCs,up_in_severe,GO:BP,GO_Biological_Process_2025,781,Positive Regulation of NF-kappaB Transcription Factor Activity (GO:0051092),0.4193251715675787,0.46549926216272824,1.8658559577677225,1.6216314485277494,1,CLU
Hom-NPCs,up_in_severe,KEGG,KEGG_2021_Human,38,Nicotinate and nicotinamide metabolism,0.15510903343194013,0.4667131229591326,6.151702786377709,11.464479210986868,1,NNMT
Hom-NPCs,up_in_severe,KEGG,KEGG_2021_Human,39,Tyrosine metabolism,0.15917161362853124,0.4667131229591326,5.975639097744361,10.981864174896383,1,COMT
Hom-NPCs,up_in_severe,KEGG,KEGG_2021_Human,40,African trypanosomiasis,0.16321486184296569,0.4667131229591326,5.809356725146199,10.530549918517721,1,HBB
Hom-NPCs,up_in_severe,KEGG,KEGG_2021_Human,41,Thyroid cancer,0.16321486184296569,0.4667131229591326,5.809356725146199,10.530549918517721,1,GADD45B
Hom-NPCs,up_in_severe,KEGG,KEGG_2021_Human,42,Phagosome,0.1655534397665309,0.4667131229591326,2.801985815602837,5.0392628770901355,2,COMP;HLA-DPB1
Hom-NPCs,up_in_severe,KEGG,KEGG_2021_Human,43,Allograft rejection,0.16723886906035584,0.4667131229591326,5.652062588904694,10.107765156158749,1,HLA-DPB1
Hom-NPCs,up_in_severe,REAC,Reactome_2022,270,TRAF6 Mediated Induction Of NFkB And MAP Kinases Upon TLR7/8 Or 9 Activation R-HSA-975138,0.3856486321780265,0.4670633434156098,2.0846315789473686,1.9862965959816892,1,NDUFA2
Hom-NPCs,up_in_severe,REAC,Reactome_2022,271,MyD88 Dependent Cascade Initiated On Endosome R-HSA-975155,0.3886124808534803,0.4671922104378238,2.0638874413757167,1.9507299108194924,1,NDUFA2
Hom-NPCs,up_in_severe,REAC,Reactome_2022,272,Signaling By VEGF R-HSA-194138,0.3886124808534803,0.4671922104378238,2.0638874413757167,1.9507299108194924,1,HSPB1
Hom-NPCs,up_in_severe,GO:BP,GO_Biological_Process_2025,690,Positive Regulation of Wnt Signaling Pathway (GO:0030177),0.4230938271753206,0.46724274827187584,1.8435957149510946,1.5857897069044022,1,COL1A1
ECM/Adh-NPCs,up_in_severe,KEGG,KEGG_2021_Human,79,Regulation of actin cytoskeleton,0.4285935431688877,0.46769751885986377,1.8186175115207373,1.5408168868088301,1,GSN
ECM/Adh-NPCs,up_in_severe,KEGG,KEGG_2021_Human,80,Human T-cell leukemia virus 1 infection,0.43006668400907017,0.46769751885986377,1.8101834862385322,1.5274599842821681,1,IL1R1
Hom/Reg-like NPCs,up_in_severe,GO:BP,GO_Biological_Process_2025,782,Steroid Metabolic Process (GO:0008202),0.4223314239251286,0.46823701348220786,1.8479925303454716,1.592904712202544,1,TSPO
Hom-NPCs,up_in_severe,REAC,Reactome_2022,273,Toll Like Receptor 7/8 (TLR7/8) Cascade R-HSA-168181,0.3915621790125016,0.46901403859739205,2.043550051599587,1.9160549127172235,1,NDUFA2
Hom-NPCs,up_in_severe,GO:BP,GO_Biological_Process_2025,691,Regulation of JNK Cascade (GO:0046328),0.4258788460041272,0.4696377433504268,1.827331486611265,1.559810837128259,1,GADD45B
Fibro-reg NPCs,up_in_severe,GO:BP,GO_Biological_Process_2025,460,Negative Regulation of RNA Biosynthetic Process (GO:1902679),0.4297532690253517,0.469925857216852,1.3867521367521367,1.1711732353284503,2,BASP1;ID3
Hom-NPCs,up_in_severe,REAC,Reactome_2022,274,Antigen processing-Cross Presentation R-HSA-1236975,0.3944977936526413,0.4708057610380062,2.02360756259581,1.8822418421105442,1,NDUFA2
Hom/Reg-like NPCs,up_in_severe,GO:BP,GO_Biological_Process_2025,783,Protein Catabolic Process (GO:0030163),0.42532226272779805,0.47095070470625916,1.8304661487236404,1.5648803961758824,1,FBXO2
ECM/Adh-NPCs,up_in_severe,KEGG,KEGG_2021_Human,81,Human cytomegalovirus infection,0.43882765490145853,0.47133340711638144,1.7611607142857142,1.4505774310107813,1,IL1R1
Hom/Reg-like NPCs,up_in_severe,REAC,Reactome_2022,278,Oxidative Stress Induced Senescence R-HSA-2559580,0.3820188519715645,0.47133980656923247,2.1105072463768115,2.0309101428042693,1,MAPKAPK2
Fibro-NPCs,up_in_severe,REAC,Reactome_2022,140,Mitotic Anaphase R-HSA-68882,0.415691542413852,0.47324961314255504,1.8973544973544973,1.665520125461526,1,LMNA
Fibro-NPCs,up_in_severe,REAC,Reactome_2022,141,Mitotic Metaphase And Anaphase R-HSA-2555396,0.4170512215818766,0.47324961314255504,1.889080459770115,1.6520881965199934,1,LMNA
Hom-NPCs,up_in_severe,REAC,Reactome_2022,275,Metabolism Of Carbohydrates R-HSA-71387,0.39828614315005517,0.4735984320366111,1.475152244192166,1.3580024082440745,2,BGN;PRELP
Fibro-reg NPCs,up_in_severe,GO:BP,GO_Biological_Process_2025,461,Positive Regulation of Catabolic Process (GO:0009896),0.4349184105268127,0.4736928794935197,1.779499189335255,1.481605379566424,1,OAZ1
Fibro-reg NPCs,up_in_severe,GO:BP,GO_Biological_Process_2025,462,Negative Regulation of Apoptotic Process (GO:0043066),0.4350817302703898,0.4736928794935197,1.3717406624383368,1.1415919069082061,2,COMP;HSPB1
Hom-NPCs,up_in_severe,REAC,Reactome_2022,276,Toll Like Receptor 9 (TLR9) Cascade R-HSA-168138,0.4003270378587071,0.47430051224564207,1.984862155388471,1.8170886473975005,1,NDUFA2
Hom/Reg-like NPCs,up_in_severe,REAC,Reactome_2022,279,P75 NTR Receptor-Mediated Signaling R-HSA-193704,0.3883973986877583,0.47578681339250395,2.0653942428035044,1.95329753156195,1,NGEF
Hom/Reg-like NPCs,up_in_severe,REAC,Reactome_2022,280,Drug ADME R-HSA-9748784,0.3883973986877583,0.47578681339250395,2.0653942428035044,1.95329753156195,1,GSTP1
Hom-NPCs,up_in_severe,REAC,Reactome_2022,277,MyD88-independent TLR4 Cascade R-HSA-166166,0.4032207996447776,0.47596753647084333,1.9660377358490566,1.785695015423773,1,NDUFA2
Hom-NPCs,up_in_severe,REAC,Reactome_2022,278,Nucleotide Excision Repair R-HSA-5696398,0.4061007421264993,0.47596753647084333,1.9475651746187899,1.7550561801729816,1,POLR2F
Hom-NPCs,up_in_severe,REAC,Reactome_2022,279,Gene Silencing By RNA R-HSA-211000,0.4061007421264993,0.47596753647084333,1.9475651746187899,1.7550561801729816,1,POLR2F
Hom/Reg-like NPCs,up_in_severe,REAC,Reactome_2022,281,Signal Transduction R-HSA-162582,0.3908707243531219,0.47626179929534773,1.1196714021793444,1.0517951324538934,14,ATN1;HSPB1;FGFRL1;COL1A2;CILP;CDC37;COL6A2;MAPKAPK2;ID1;COL9A3;P4HB;AP2M1;NGEF;FKBP5
Hom/Reg-like NPCs,up_in_severe,REAC,Reactome_2022,282,MyD88 Cascade Initiated On Plasma Membrane R-HSA-975871,0.3915621790125016,0.47626179929534773,2.043550051599587,1.9160549127172235,1,MAPKAPK2
ECM/Adh-NPCs,up_in_severe,GO:BP,GO_Biological_Process_2025,455,Cilium Organization (GO:0044782),0.4460274920878088,0.47634953650605893,1.7222707423580785,1.390517802245611,1,GSN
ECM/Adh-NPCs,up_in_severe,GO:BP,GO_Biological_Process_2025,456,Regulation of Autophagy (GO:0010506),0.4460274920878088,0.47634953650605893,1.7222707423580785,1.390517802245611,1,HSPB1
Hom/Reg-like NPCs,up_in_severe,GO:BP,GO_Biological_Process_2025,784,Regulation of Proteasomal Ubiquitin-Dependent Protein Catabolic Process (GO:0032434),0.4312580121479863,0.4769141537401838,1.7963870733478577,1.510849070068202,1,CLU
Fibro-NPCs,up_in_severe,GO:BP,GO_Biological_Process_2025,377,Regulation of MAPK Cascade (GO:0043408),0.4526147894891007,0.47782675389035034,1.6898326898326899,1.3395538105070415,1,CD81
Eff-NPCs,up_in_severe,GO:BP,GO_Biological_Process_2025,204,Regulation of Gene Expression (GO:0010468),0.47173777311008946,0.4786750933028849,1.675222024866785,1.2586479365419756,1,CLU
Hom/Reg-like NPCs,up_in_severe,GO:BP,GO_Biological_Process_2025,785,Positive Regulation of Intracellular Signal Transduction (GO:1902533),0.43387595503767595,0.4789491969069045,1.200211996508293,1.0021729407095896,4,LGALS1;CD81;IL1R1;CLU
Hom/Reg-like NPCs,up_in_severe,GO:BP,GO_Biological_Process_2025,786,"Negative Regulation of Gene Expression, Epigenetic (GO:0045814)",0.43420307816473697,0.4789491969069045,1.7798165137614679,1.4847993473688252,1,LMNA
Hom/Reg-like NPCs,up_in_severe,GO:BP,GO_Biological_Process_2025,787,Negative Regulation of Developmental Process (GO:0051093),0.43713304124752766,0.4797396794450715,1.7635472370766487,1.4593665323144238,1,CST3
Hom/Reg-like NPCs,up_in_severe,GO:BP,GO_Biological_Process_2025,788,Positive Regulation of T Cell Activation (GO:0050870),0.43713304124752766,0.4797396794450715,1.7635472370766487,1.4593665323144238,1,CD81
Hom/Reg-like NPCs,up_in_severe,GO:BP,GO_Biological_Process_2025,789,Positive Regulation of Cellular Component Organization (GO:0051130),0.43713304124752766,0.4797396794450715,1.7635472370766487,1.4593665323144238,1,CLU
Hom/Reg-like NPCs,up_in_severe,GO:BP,GO_Biological_Process_2025,790,Regulation of Cellular Response to Stress (GO:0080135),0.43713304124752766,0.4797396794450715,1.7635472370766487,1.4593665323144238,1,MAPKAPK2
Hom-NPCs,up_in_severe,KEGG,KEGG_2021_Human,44,Graft-versus-host disease,0.18314429392565884,0.48000262369949154,5.099614890885751,8.656499106359142,1,HLA-DPB1
Hom-NPCs,up_in_severe,KEGG,KEGG_2021_Human,45,Type I diabetes mellitus,0.18707344688876218,0.48000262369949154,4.977944862155389,8.344299863156749,1,HLA-DPB1
Hom-NPCs,up_in_severe,KEGG,KEGG_2021_Human,46,Vasopressin-regulated water reabsorption,0.19098389620174758,0.48000262369949154,4.8619339045287635,8.049253281298896,1,RAB11B
Hom-NPCs,up_in_severe,KEGG,KEGG_2021_Human,47,Hepatocellular carcinoma,0.1930358531709941,0.48000262369949154,2.5298641374006663,4.16132125161692,2,GADD45B;GSTP1
Hom-NPCs,up_in_severe,KEGG,KEGG_2021_Human,48,ABC transporters,0.19487572995053168,0.48000262369949154,4.751196172248804,7.770073939870431,1,DEFB1
Hom-NPCs,up_in_severe,KEGG,KEGG_2021_Human,49,Protein processing in endoplasmic reticulum,0.19825681330040762,0.48000262369949154,2.4845776155105126,4.020523749605022,2,SSR4;CRYAB
Hom-NPCs,up_in_severe,KEGG,KEGG_2021_Human,50,Influenza A,0.20000109320812148,0.48000262369949154,2.469837296620776,3.975036282531163,2,HLA-DPB1;RAB11B
Hom-NPCs,up_in_severe,GO:BP,GO_Biological_Process_2025,692,Protein Transport (GO:0015031),0.43654762748352965,0.48038601643254897,1.362675566680573,1.1294642688186196,2,ROMO1;CLU
Hom-NPCs,up_in_severe,GO:BP,GO_Biological_Process_2025,693,Positive Regulation of Cell Cycle Process (GO:0090068),0.43688649525952283,0.48038601643254897,1.7650312221231044,1.4615903265578027,1,RGCC
Fibro-reg NPCs,up_in_severe,GO:BP,GO_Biological_Process_2025,463,Small GTPase-mediated Signal Transduction (GO:0007264),0.4437037823413914,0.4820367225004749,1.7314806697641798,1.4069978956615745,1,COL1A2
Hom/Reg-like NPCs,up_in_severe,GO:BP,GO_Biological_Process_2025,791,Regulation of Wnt Signaling Pathway (GO:0030111),0.4400479781330113,0.48232818842139163,1.747571100512277,1.4345313399986037,1,ZNF703
Hom-NPCs,up_in_severe,GO:BP,GO_Biological_Process_2025,694,Negative Regulation of Catabolic Process (GO:0009895),0.43960561338379955,0.48267936224561275,1.750110570544007,1.438376128080515,1,CST3
Hom/Reg-like NPCs,up_in_severe,GO:BP,GO_Biological_Process_2025,792,Regulation of Primary Metabolic Process (GO:0080090),0.44294796512449364,0.4841295778910488,1.7318802521008403,1.4102752434506796,1,FUS
Hom/Reg-like NPCs,up_in_severe,GO:BP,GO_Biological_Process_2025,793,Mitotic Cell Cycle Phase Transition (GO:0044772),0.44294796512449364,0.4841295778910488,1.7318802521008403,1.4102752434506796,1,TPD52L1
Hom/Reg-like NPCs,up_in_severe,GO:BP,GO_Biological_Process_2025,794,RNA Processing (GO:0006396),0.4433666491874195,0.4841295778910488,1.3435198191099387,1.0927628626960757,2,RPS19;FUS
Hom/Reg-like NPCs,up_in_severe,REAC,Reactome_2022,283,Cellular Response To Heat Stress R-HSA-3371556,0.40095953952092706,0.4842574720270352,1.9806922769107642,1.8101442845569529,1,MAPKAPK2
Hom/Reg-like NPCs,up_in_severe,REAC,Reactome_2022,284,L1CAM Interactions R-HSA-373760,0.40095953952092706,0.4842574720270352,1.9806922769107642,1.8101442845569529,1,AP2M1
Hom-NPCs,up_in_severe,GO:BP,GO_Biological_Process_2025,695,Negative Regulation of Defense Response (GO:0031348),0.4423117376750096,0.4849518620264133,1.735438596491228,1.4156672996394302,1,TMSB4X
Hom/Reg-like NPCs,up_in_severe,GO:BP,GO_Biological_Process_2025,795,Antigen Receptor-Mediated Signaling Pathway (GO:0050851),0.44583307810639555,0.4855995963797047,1.7164671178205795,1.3865804376354065,1,ZC3H12A
Hom/Reg-like NPCs,up_in_severe,GO:BP,GO_Biological_Process_2025,796,Positive Regulation of Wnt Signaling Pathway (GO:0030177),0.44583307810639555,0.4855995963797047,1.7164671178205795,1.3865804376354065,1,COL1A1
Hom-NPCs,up_in_severe,KEGG,KEGG_2021_Human,51,Intestinal immune network for IgA production,0.2064404126728171,0.485742147465452,4.447256438969765,7.016629791356106,1,HLA-DPB1
Hom/Reg-like NPCs,up_in_severe,REAC,Reactome_2022,285,TNFR2 Non-Canonical NF-kB Pathway R-HSA-5668541,0.4040599390731852,0.48628968106000886,1.9605862547039017,1.776667673398047,1,TNFRSF12A
Fibro-reg NPCs,up_in_severe,GO:BP,GO_Biological_Process_2025,464,Negative Regulation of Cytokine Production (GO:0001818),0.44891035461818135,0.48664204390720955,1.7038826574633306,1.36469425844811,1,SRGN
Hom-NPCs,up_in_severe,REAC,Reactome_2022,280,MyD88:MAL(TIRAP) Cascade Initiated On Plasma Membrane R-HSA-166058,0.41748362042956616,0.48756122814452907,1.8770033191085822,1.6395811091445014,1,NDUFA2
Hom-NPCs,up_in_severe,GO:BP,GO_Biological_Process_2025,696,Protein-Containing Complex Organization (GO:0043933),0.44768525052120817,0.48943495107196644,1.706816220880069,1.371708217975582,1,ELOB
Hom-NPCs,up_in_severe,GO:BP,GO_Biological_Process_2025,697,Response to Cytokine (GO:0034097),0.44768525052120817,0.48943495107196644,1.706816220880069,1.371708217975582,1,IFITM2
ECM/Adh-NPCs,up_in_severe,REAC,Reactome_2022,159,Mitotic Anaphase R-HSA-68882,0.4488820000883255,0.4897054275460644,1.7071861471861471,1.3674479637232215,1,LMNA
ECM/Adh-NPCs,up_in_severe,REAC,Reactome_2022,160,Mitotic Metaphase And Anaphase R-HSA-2555396,0.45030384142166846,0.4897054275460644,1.6997413793103449,1.3561092894910187,1,LMNA
Fibro-NPCs,up_in_severe,GO:BP,GO_Biological_Process_2025,378,Regulation of Canonical NF-kappaB Signal Transduction (GO:0043122),0.4652403628964856,0.48985625511323094,1.6261875258157785,1.2443604794814556,1,LGALS1
Fibro-reg NPCs,up_in_severe,REAC,Reactome_2022,158,Fatty Acid Metabolism R-HSA-8978868,0.4169361667758497,0.4908235887361269,1.8839115516584064,1.6480875468294445,1,CYP1B1
Fibro-NPCs,up_in_severe,REAC,Reactome_2022,142,Diseases Of Metabolism R-HSA-5668914,0.4357648339591579,0.49100262981313564,1.7803071364046974,1.4788166676219552,1,BGN
Hom/Reg-like NPCs,up_in_severe,GO:BP,GO_Biological_Process_2025,797,Regulation of DNA Metabolic Process (GO:0051052),0.4515589839495097,0.49121912055737127,1.6864450127877237,1.3408068842062524,1,LMNA
Fibro-reg NPCs,up_in_severe,REAC,Reactome_2022,159,Ion Channel Transport R-HSA-983712,0.4205770883252906,0.49199583917298145,1.8620689655172413,1.6127891211427023,1,TSC22D3
Hom-NPCs,up_in_severe,REAC,Reactome_2022,281,Signaling By NTRK1 (TRKA) R-HSA-187037,0.4230938271753206,0.4923547383855154,1.8435957149510946,1.5857897069044022,1,ID1
Fibro-reg NPCs,up_in_severe,GO:BP,GO_Biological_Process_2025,465,Regulation of Programmed Cell Death (GO:0043067),0.45577793490083596,0.49302430377445267,1.6684130471522731,1.310954839304073,1,LGALS1
Hom-NPCs,up_in_severe,KEGG,KEGG_2021_Human,52,Cholesterol metabolism,0.2140587201245348,0.4939816618258495,4.26530612244898,6.5749903239841245,1,TSPO
Hom/Reg-like NPCs,up_in_severe,REAC,Reactome_2022,286,Toll Like Receptor 3 (TLR3) Cascade R-HSA-168164,0.4132661110372163,0.49409022643123873,1.902633602460592,1.6812879765611624,1,MAPKAPK2
Hom/Reg-like NPCs,up_in_severe,REAC,Reactome_2022,287,Phase I - Functionalization Of Compounds R-HSA-211945,0.4163034269347755,0.49409022643123873,1.8840662478583667,1.6510842979828917,1,CYB5R3
Hom/Reg-like NPCs,up_in_severe,REAC,Reactome_2022,288,Cargo Recognition For Clathrin-Mediated Endocytosis R-HSA-8856825,0.4163034269347755,0.49409022643123873,1.8840662478583667,1.6510842979828917,1,AP2M1
Hom/Reg-like NPCs,up_in_severe,REAC,Reactome_2022,289,MHC Class II Antigen Presentation R-HSA-2132295,0.4163034269347755,0.49409022643123873,1.8840662478583667,1.6510842979828917,1,AP2M1
Fibro-NPCs,up_in_severe,KEGG,KEGG_2021_Human,59,MAPK signaling pathway,0.4943907954460892,0.4943907954460892,1.4911642017444064,1.0504192935091237,1,GADD45B
ECM/Adh-NPCs,up_in_severe,GO:BP,GO_Biological_Process_2025,457,Negative Regulation of Multicellular Organismal Process (GO:0051241),0.4643259113524632,0.49480682457034914,1.6286776859504133,1.2494703446175865,1,RPS19
Hom-NPCs,up_in_severe,REAC,Reactome_2022,282,Signaling By Receptor Tyrosine Kinases R-HSA-9006934,0.42674199342048885,0.4948391200301413,1.270104037165478,1.0815897081545498,3,ID1;HSPB1;POLR2F
Fibro-reg NPCs,up_in_severe,REAC,Reactome_2022,160,Apoptosis R-HSA-109581,0.4259965669029252,0.4952210090246506,1.83023061961656,1.5617796979869245,1,LMNA
Hom-NPCs,up_in_severe,REAC,Reactome_2022,283,Epigenetic Regulation Of Gene Expression R-HSA-212165,0.42865055949038705,0.49529587616027054,1.8113501144164759,1.5344186616979538,1,POLR2F
Hom/Reg-like NPCs,up_in_severe,GO:BP,GO_Biological_Process_2025,798,Positive Regulation of Epithelial Cell Proliferation (GO:0050679),0.45722629545621113,0.49676089995054523,1.657449304508128,1.2970814302222602,1,ZNF703
Hom-NPCs,up_in_severe,GO:BP,GO_Biological_Process_2025,698,Positive Regulation of Angiogenesis (GO:0045766),0.4556495931251261,0.497428352380152,1.6656,1.3092135683776756,1,HSPB1
Fibro-reg NPCs,up_in_severe,GO:BP,GO_Biological_Process_2025,466,Defense Response to Virus (GO:0051607),0.4608732953304373,0.49746623938027884,1.6427560955313305,1.2725316388995522,1,DDIT4
Fibro-NPCs,up_in_severe,GO:BP,GO_Biological_Process_2025,379,Negative Regulation of Signal Transduction (GO:0009968),0.47390829714178995,0.49766623288240736,1.5843800322061192,1.1831222298457535,1,MMP14
Fibro-reg NPCs,up_in_severe,KEGG,KEGG_2021_Human,67,Transcriptional misregulation in cancer,0.45063520128126117,0.4977164909673631,1.6948759763110464,1.350980781723384,1,GADD45B
Hom-NPCs,up_in_severe,REAC,Reactome_2022,284,Chromosome Maintenance R-HSA-73886,0.4341543216302979,0.49777659912844585,1.7802069275753487,1.4853249574640084,1,POLR2F
Hom-NPCs,up_in_severe,REAC,Reactome_2022,285,Transcriptional Regulation By RUNX2 R-HSA-8878166,0.43688649525952283,0.49777659912844585,1.7650312221231044,1.4615903265578027,1,COL1A1
Hom-NPCs,up_in_severe,REAC,Reactome_2022,286,Estrogen-dependent Gene Expression R-HSA-9018519,0.43688649525952283,0.49777659912844585,1.7650312221231044,1.4615903265578027,1,POLR2F
Hom-NPCs,up_in_severe,REAC,Reactome_2022,287,Signaling By TGFB Family Members R-HSA-9006936,0.43688649525952283,0.49777659912844585,1.7650312221231044,1.4615903265578027,1,COL1A2
Hom-NPCs,up_in_severe,GO:BP,GO_Biological_Process_2025,699,Protein Localization to Nucleus (GO:0034504),0.45827903503311507,0.4988694638503338,1.652297410192147,1.2892497218269579,1,COL1A1
Hom-NPCs,up_in_severe,GO:BP,GO_Biological_Process_2025,700,Negative Regulation of MAPK Cascade (GO:0043409),0.45827903503311507,0.4988694638503338,1.652297410192147,1.2892497218269579,1,GSTP1
Hom-NPCs,up_in_severe,REAC,Reactome_2022,288,Cell-Cell Communication R-HSA-1500931,0.43960561338379955,0.4991355401961891,1.750110570544007,1.438376128080515,1,CD151
Hom/Reg-like NPCs,up_in_severe,GO:BP,GO_Biological_Process_2025,799,MAPK Cascade (GO:0000165),0.4600381641196863,0.4991903483000851,1.643320039880359,1.2759489881512094,1,MAPKAPK2
ECM/Adh-NPCs,up_in_severe,GO:BP,GO_Biological_Process_2025,458,Cilium Assembly (GO:0060271),0.46983601486686183,0.49958545685624833,1.601869918699187,1.2100069629023735,1,GSN
ECM/Adh-NPCs,up_in_severe,KEGG,KEGG_2021_Human,82,Salmonella infection,0.47257019015360613,0.4996164212764624,1.5887903225806452,1.1909079613766118,1,ARF1
ECM/Adh-NPCs,up_in_severe,KEGG,KEGG_2021_Human,83,Endocytosis,0.476645551332717,0.4996164212764624,1.569561752988048,1.1630172317407566,1,ARF1
Fibro-reg NPCs,up_in_severe,GO:BP,GO_Biological_Process_2025,467,Transcription by RNA Polymerase II (GO:0006366),0.46424409609515765,0.4996985525029041,1.6260812258011368,1.2477649663473405,1,CEBPD
Fibro-reg NPCs,up_in_severe,GO:BP,GO_Biological_Process_2025,468,Regulation of Translation (GO:0006417),0.46592171197586885,0.4996985525029041,1.6178688524590163,1.2356273699814389,1,HSPB1
Fibro-reg NPCs,up_in_severe,GO:BP,GO_Biological_Process_2025,469,Regulation of Cell Differentiation (GO:0045595),0.46592171197586885,0.4996985525029041,1.6178688524590163,1.2356273699814389,1,CEBPD
ECM/Adh-NPCs,up_in_severe,GO:BP,GO_Biological_Process_2025,459,Regulation of Inflammatory Response (GO:0050727),0.47257019015360613,0.5003080056626221,1.5887903225806452,1.1909079613766118,1,IL1R1
ECM/Adh-NPCs,up_in_severe,GO:BP,GO_Biological_Process_2025,460,Positive Regulation of Cell Motility (GO:2000147),0.47257019015360613,0.5003080056626221,1.5887903225806452,1.1909079613766118,1,COL1A1
ECM/Adh-NPCs,up_in_severe,REAC,Reactome_2022,161,Processing Of Capped Intron-Containing Pre-mRNA R-HSA-72203,0.4629396363936863,0.5003198554813753,1.6355186721991701,1.25960878451969,1,FUS
Fibro-reg NPCs,up_in_severe,REAC,Reactome_2022,161,Cellular Response To Chemical Stress R-HSA-9711123,0.4331450258130174,0.5004035701939207,1.7894212480753555,1.4971777555814552,1,SOD3
Fibro-reg NPCs,up_in_severe,GO:BP,GO_Biological_Process_2025,470,Positive Regulation of Protein Metabolic Process (GO:0051247),0.4675941591934485,0.5004252384559672,1.609738194274529,1.2236497973847376,1,OAZ1
Hom/Reg-like NPCs,up_in_severe,GO:BP,GO_Biological_Process_2025,800,Regulation of Intracellular Signal Transduction (GO:1902531),0.46235738938886833,0.5009718736608609,1.2935313531353134,0.9978522269852408,2,HSPB1;NGEF
Hom/Reg-like NPCs,up_in_severe,GO:BP,GO_Biological_Process_2025,801,Negative Regulation of Catabolic Process (GO:0009895),0.4628356064617643,0.5009718736608609,1.6294282418849892,1.2552843868882833,1,CST3
Fibro-reg NPCs,up_in_severe,GO:BP,GO_Biological_Process_2025,471,DNA-templated Transcription (GO:0006351),0.4692614534210488,0.5011433356067676,1.6016880376562246,1.2118294745949436,1,CEBPD
Hom-NPCs,up_in_severe,REAC,Reactome_2022,289,RNA Polymerase II Transcription R-HSA-73857,0.44305348697479086,0.5013096548123066,1.1209522579534204,0.9125277511687379,7,COX8A;COL1A1;COL1A2;RGCC;POLR2F;ELOB;SNRPB
Hom-NPCs,up_in_severe,KEGG,KEGG_2021_Human,53,Autoimmune thyroid disease,0.22535067707618797,0.5014656625372917,4.018623481781376,5.988140905299795,1,HLA-DPB1
Hom-NPCs,up_in_severe,KEGG,KEGG_2021_Human,54,Endometrial cancer,0.24381489891757835,0.5014656625372917,3.665189289012004,5.172850068462446,1,GADD45B
Hom-NPCs,up_in_severe,KEGG,KEGG_2021_Human,55,VEGF signaling pathway,0.2474551387592752,0.5014656625372917,3.601814882032668,5.03002802527972,1,HSPB1
Hom-NPCs,up_in_severe,KEGG,KEGG_2021_Human,56,Viral myocarditis,0.2510780363139976,0.5014656625372917,3.5405887600356825,4.893063523640772,1,HLA-DPB1
Hom-NPCs,up_in_severe,KEGG,KEGG_2021_Human,57,Pathways in cancer,0.251318886700007,0.5014656625372917,1.5986304760333305,2.2077609326726892,4,GADD45B;GSTP1;FN1;ELOB
Hom-NPCs,up_in_severe,KEGG,KEGG_2021_Human,58,Epstein-Barr virus infection,0.2529617740925925,0.5014656625372917,2.0961702127659576,2.8812213664006427,2,GADD45B;HLA-DPB1
Hom-NPCs,up_in_severe,KEGG,KEGG_2021_Human,59,Steroid hormone biosynthesis,0.2546836733385793,0.5014656625372917,3.4814035087719297,4.7616304673106,1,COMT
Hom-NPCs,up_in_severe,KEGG,KEGG_2021_Human,60,Basal cell carcinoma,0.2618434908943032,0.5014656625372917,3.368760611205433,4.514167236027909,1,GADD45B
Hom-NPCs,up_in_severe,KEGG,KEGG_2021_Human,61,Cytosolic DNA-sensing pathway,0.2618434908943032,0.5014656625372917,3.368760611205433,4.514167236027909,1,POLR2F
Hom-NPCs,up_in_severe,KEGG,KEGG_2021_Human,62,Inflammatory bowel disease,0.26893523781429146,0.5014656625372917,3.263157894736842,4.285455271531161,1,HLA-DPB1
Hom-NPCs,up_in_severe,KEGG,KEGG_2021_Human,63,Regulation of actin cytoskeleton,0.28142516758145086,0.5014656625372917,1.9393223010244287,2.458844833583616,2,TMSB4X;FN1
Hom-NPCs,up_in_severe,KEGG,KEGG_2021_Human,64,Renal cell carcinoma,0.282917075565896,0.5014656625372917,3.070588235294118,3.876929138212587,1,ELOB
Hom-NPCs,up_in_severe,KEGG,KEGG_2021_Human,65,Human T-cell leukemia virus 1 infection,0.2832033066633088,0.5014656625372917,1.9302872830669673,2.435231598952018,2,HLA-DPB1;TSPO
Hom-NPCs,up_in_severe,KEGG,KEGG_2021_Human,66,Melanoma,0.29322948838838486,0.5014656625372917,2.940400296515938,3.6072823184222926,1,GADD45B
Hom-NPCs,up_in_severe,KEGG,KEGG_2021_Human,67,Non-small cell lung cancer,0.29322948838838486,0.5014656625372917,2.940400296515938,3.6072823184222926,1,GADD45B
Hom-NPCs,up_in_severe,KEGG,KEGG_2021_Human,68,Glioma,0.3033951203966583,0.5014656625372917,2.8207681365576103,3.364384583945817,1,GADD45B
Hom-NPCs,up_in_severe,KEGG,KEGG_2021_Human,69,Chronic myeloid leukemia,0.3067514046072819,0.5014656625372917,2.783017543859649,3.2887408583424422,1,GADD45B
Hom-NPCs,up_in_severe,KEGG,KEGG_2021_Human,70,Metabolism of xenobiotics by cytochrome P450,0.3067514046072819,0.5014656625372917,2.783017543859649,3.2887408583424422,1,GSTP1
Hom-NPCs,up_in_severe,KEGG,KEGG_2021_Human,71,Pancreatic cancer,0.3067514046072819,0.5014656625372917,2.783017543859649,3.2887408583424422,1,GADD45B
Hom-NPCs,up_in_severe,KEGG,KEGG_2021_Human,72,Pertussis,0.3067514046072819,0.5014656625372917,2.783017543859649,3.2887408583424422,1,SERPING1
Hom-NPCs,up_in_severe,KEGG,KEGG_2021_Human,73,Bacterial invasion of epithelial cells,0.31009168569714407,0.5014656625372917,2.7462603878116343,3.2155613142375117,1,FN1
Hom-NPCs,up_in_severe,KEGG,KEGG_2021_Human,74,Leishmaniasis,0.31009168569714407,0.5014656625372917,2.7462603878116343,3.2155613142375117,1,HLA-DPB1
Hom-NPCs,up_in_severe,KEGG,KEGG_2021_Human,75,Antigen processing and presentation,0.31341603908580734,0.5014656625372917,2.7104579630895422,3.1447377636449794,1,HLA-DPB1
Hom-NPCs,up_in_severe,REAC,Reactome_2022,290,Metabolism Of Water-Soluble Vitamins And Cofactors R-HSA-196849,0.445004929704951,0.5017814207362723,1.7210091344062637,1.393449326261265,1,NNMT
Fibro-reg NPCs,up_in_severe,GO:BP,GO_Biological_Process_2025,472,Positive Regulation of Canonical NF-kappaB Signal Transduction (GO:0043123),0.47092361025188306,0.501852915162494,1.5937171929257854,1.2001636882459743,1,LGALS1
Hom/Reg-like NPCs,up_in_severe,GO:BP,GO_Biological_Process_2025,802,Cellular Response to Oxidative Stress (GO:0034599),0.4656186956569971,0.5027290275649022,1.6157679738562092,1.2350740207679667,1,ZC3H12A
Hom/Reg-like NPCs,up_in_severe,GO:BP,GO_Biological_Process_2025,803,Negative Regulation of Cell Growth (GO:0030308),0.4656186956569971,0.5027290275649022,1.6157679738562092,1.2350740207679667,1,TSPYL2
Hom-NPCs,up_in_severe,REAC,Reactome_2022,291,Immunoregulatory Interactions Between A Lymphoid And A non-Lymphoid Cell R-HSA-198933,0.44768525052120817,0.5030689928537287,1.706816220880069,1.371708217975582,1,CD81
Hom-NPCs,up_in_severe,GO:BP,GO_Biological_Process_2025,701,Positive Regulation of Cytokine Production (GO:0001819),0.46398691386786395,0.5043623799819007,1.2898359791845069,0.9904636683229804,2,RGCC;NDUFA2
ECM/Adh-NPCs,up_in_severe,REAC,Reactome_2022,162,SLC-mediated Transmembrane Transport R-HSA-425407,0.46983601486686183,0.5046386826347776,1.601869918699187,1.2100069629023735,1,SLC7A5
Hom/Reg-like NPCs,up_in_severe,GO:BP,GO_Biological_Process_2025,804,- Reg of Transmembrane Receptor Prot Serine/Threonine Kinase Sgnlng Pway (GO:0090101),0.46838750473054797,0.5050895106982402,1.6023334953816237,1.2153047799022396,1,CILP
Hom-NPCs,up_in_severe,GO:BP,GO_Biological_Process_2025,702,Fatty Acid Metabolic Process (GO:0006631),0.4660921802919265,0.5052094472012062,1.6136270909832722,1.231797501903365,1,GPX1
Hom-NPCs,up_in_severe,GO:BP,GO_Biological_Process_2025,703,Positive Regulation of Defense Response (GO:0031349),0.4660921802919265,0.5052094472012062,1.6136270909832722,1.231797501903365,1,LGALS1
Eff-NPCs,up_in_severe,REAC,Reactome_2022,54,Developmental Biology R-HSA-1266738,0.45486708184387364,0.5054078687154152,1.7646455223880597,1.3900995641261007,1,COL6A2
Fibro-NPCs,up_in_severe,REAC,Reactome_2022,143,Signaling By Nuclear Receptors R-HSA-9006931,0.4526147894891007,0.5064221420857071,1.6898326898326899,1.3395538105070415,1,MMP2
Hom/Reg-like NPCs,up_in_severe,GO:BP,GO_Biological_Process_2025,805,Transcription Initiation at RNA Polymerase II Promoter (GO:0006367),0.4711421061515651,0.5067992630687431,1.5891192542590806,1.1959640297484144,1,WBP2
Hom/Reg-like NPCs,up_in_severe,GO:BP,GO_Biological_Process_2025,806,Protein-Containing Complex Organization (GO:0043933),0.4711421061515651,0.5067992630687431,1.5891192542590806,1.1959640297484144,1,AP2M1
Hom-NPCs,up_in_severe,REAC,Reactome_2022,292,MAPK Family Signaling Cascades R-HSA-5683057,0.45278022700889575,0.5070518295613319,1.3188796121734447,1.0450121786078252,2,FN1;HSPB1
ECM/Adh-NPCs,up_in_severe,GO:BP,GO_Biological_Process_2025,461,Cytokine-Mediated Signaling Pathway (GO:0019221),0.4806900355743335,0.5078005364960964,1.550787401574803,1.136002378944564,1,IL1R1
Fibro-NPCs,up_in_severe,GO:BP,GO_Biological_Process_2025,380,Regulation of Apoptotic Process (GO:0042981),0.4850251911576881,0.5080000686335786,1.2465682465682466,0.9019600006148079,2,LGALS1;GADD45B
ECM/Adh-NPCs,up_in_severe,GO:BP,GO_Biological_Process_2025,462,Positive Regulation of Signal Transduction (GO:0009967),0.48203137516115246,0.5081153240335092,1.5446274509803921,1.127185817148824,1,IL1R1
Hom-NPCs,up_in_severe,GO:BP,GO_Biological_Process_2025,704,Epithelial Cell Differentiation (GO:0030855),0.47123888452332924,0.5086176062418937,1.5888308557653676,1.195420650489219,1,BASP1
Hom-NPCs,up_in_severe,GO:BP,GO_Biological_Process_2025,705,Protein Localization to Plasma Membrane (GO:0072659),0.47123888452332924,0.5086176062418937,1.5888308557653676,1.195420650489219,1,CD81
Hom-NPCs,up_in_severe,GO:BP,GO_Biological_Process_2025,706,Circulatory System Development (GO:0072359),0.47123888452332924,0.5086176062418937,1.5888308557653676,1.195420650489219,1,FN1
Fibro-reg NPCs,up_in_severe,KEGG,KEGG_2021_Human,68,Epstein-Barr virus infection,0.4675941591934485,0.5088524673575763,1.609738194274529,1.2236497973847376,1,GADD45B
Fibro-NPCs,up_in_severe,GO:BP,GO_Biological_Process_2025,381,Cellular Response to Cytokine Stimulus (GO:0071345),0.48844891335139806,0.5102432218211456,1.5174382716049384,1.0872754645584466,1,ZFP36L1
Hom-NPCs,up_in_severe,KEGG,KEGG_2021_Human,76,B cell receptor signaling pathway,0.3232942831563663,0.5104646576153152,2.608421052631579,2.9454089082907395,1,CD81
ECM/Adh-NPCs,up_in_severe,GO:BP,GO_Biological_Process_2025,463,Lipid Metabolic Process (GO:0006629),0.4860350464842491,0.5112290877706898,1.5264341085271318,1.1012833547984002,1,CLU
Fibro-NPCs,up_in_severe,GO:BP,GO_Biological_Process_2025,382,RNA Processing (GO:0006396),0.4908338186654833,0.5113923032169172,1.5068199233716475,1.072327891170645,1,RPS19
ECM/Adh-NPCs,up_in_severe,GO:BP,GO_Biological_Process_2025,464,Regulation of MAPK Cascade (GO:0043408),0.48736284920356393,0.5115209214701198,1.5204633204633204,1.0928274817999104,1,CD81
Hom/Reg-like NPCs,up_in_severe,GO:BP,GO_Biological_Process_2025,807,Regulation of Protein-Containing Complex Assembly (GO:0043254),0.4793213850410477,0.5149586627392668,1.5507450980392157,1.1403930658372556,1,CLU
Hom-NPCs,up_in_severe,GO:BP,GO_Biological_Process_2025,707,Mitochondrion Organization (GO:0007005),0.47886702170705686,0.5161197603122734,1.5530243519245877,1.1435420498365516,1,CHCHD2
Fibro-reg NPCs,up_in_severe,KEGG,KEGG_2021_Human,69,Pathways in cancer,0.4928986751356827,0.5161760081163831,1.2229993698802772,0.865212926049121,2,GADD45B;MMP2
Fibro-reg NPCs,up_in_severe,KEGG,KEGG_2021_Human,70,Regulation of actin cytoskeleton,0.4936630150468234,0.5161760081163831,1.489839087406512,1.0516806154667868,1,TMSB4X
Fibro-reg NPCs,up_in_severe,KEGG,KEGG_2021_Human,71,Human T-cell leukemia virus 1 infection,0.4952499537332865,0.5161760081163831,1.482929763874267,1.0420439001486919,1,TSPO
Fibro-NPCs,up_in_severe,GO:BP,GO_Biological_Process_2025,383,Cell Surface Receptor Protein Tyrosine Kinase Signaling Pathway (GO:0007169),0.49674859641477276,0.5162035022795811,1.4809039548022598,1.036145881336269,1,MMP2
Hom-NPCs,up_in_severe,GO:BP,GO_Biological_Process_2025,708,Protein Localization to Cell Periphery (GO:1990778),0.48138545388216614,0.5166418533214233,1.5414424951267056,1.1269285237633286,1,CD81
Hom-NPCs,up_in_severe,GO:BP,GO_Biological_Process_2025,709,Protein Targeting (GO:0006605),0.48138545388216614,0.5166418533214233,1.5414424951267056,1.1269285237633286,1,TSPO
Hom-NPCs,up_in_severe,GO:BP,GO_Biological_Process_2025,710,Receptor-Mediated Endocytosis (GO:0006898),0.48138545388216614,0.5166418533214233,1.5414424951267056,1.1269285237633286,1,CD81
Hom/Reg-like NPCs,up_in_severe,GO:BP,GO_Biological_Process_2025,808,Negative Regulation of MAPK Cascade (GO:0043409),0.4820198744002198,0.5172168701794437,1.5383597883597884,1.122648719044528,1,GSTP1
Fibro-NPCs,up_in_severe,REAC,Reactome_2022,144,Immune System R-HSA-168256,0.4665921309081881,0.5184357010090979,1.1336806866520677,0.8642045428839233,5,COL1A2;C1R;CD81;MMP2;TIMP1
Hom/Reg-like NPCs,up_in_severe,REAC,Reactome_2022,290,"Respiratory Electron Transport, ATP Synthesis By Chemiosmotic Coupling, Heat Production By Uncoupling Proteins R-HSA-163200",0.4400479781330113,0.5186819810983604,1.747571100512277,1.4345313399986037,1,NDUFA2
Hom/Reg-like NPCs,up_in_severe,REAC,Reactome_2022,291,Mitotic Prophase R-HSA-68875,0.4400479781330113,0.5186819810983604,1.747571100512277,1.4345313399986037,1,LMNA
Hom/Reg-like NPCs,up_in_severe,GO:BP,GO_Biological_Process_2025,809,RNA Biosynthetic Process (GO:0032774),0.48470451351307703,0.5194546516883037,1.5261695229272811,1.1052761189182199,1,SCX
Fibro-reg NPCs,up_in_severe,REAC,Reactome_2022,162,Metabolism R-HSA-1430728,0.4530544907501111,0.5201736745649423,1.1154126969993767,0.8831200523008877,7,RPS14;RPS9;BGN;TSPO;CYP1B1;RPL39;OAZ1
Hom-NPCs,up_in_severe,REAC,Reactome_2022,293,Host Interactions Of HIV Factors R-HSA-162909,0.4660921802919265,0.5201779623053241,1.6136270909832722,1.231797501903365,1,ELOB
Eff-NPCs,up_in_severe,GO:BP,GO_Biological_Process_2025,205,Positive Regulation of DNA-templated Transcription (GO:0045893),0.5152871117860562,0.5203143031205544,1.470227808326787,0.9748066655131999,1,COL1A1
Hom/Reg-like NPCs,up_in_severe,GO:BP,GO_Biological_Process_2025,810,Regulation of Protein Catabolic Process (GO:0042176),0.4873753727528206,0.521672158242834,1.5141697303921569,1.0882650783702972,1,OAZ1
Hom/Reg-like NPCs,up_in_severe,REAC,Reactome_2022,292,Interleukin-1 Signaling R-HSA-9020702,0.44583307810639555,0.5237011842140193,1.7164671178205795,1.3865804376354065,1,IL1R1
Hom/Reg-like NPCs,up_in_severe,GO:BP,GO_Biological_Process_2025,811,Positive Regulation of Defense Response (GO:0031349),0.49003252214240667,0.5238695397009453,1.5023559811521507,1.0716057600665565,1,LGALS1
Hom-NPCs,up_in_severe,REAC,Reactome_2022,294,Signaling By NTRKs R-HSA-166520,0.47123888452332924,0.5241330450310498,1.5888308557653676,1.195420650489219,1,ID1
Fibro-NPCs,up_in_severe,GO:BP,GO_Biological_Process_2025,384,Negative Regulation of Transcription by RNA Polymerase II (GO:0000122),0.5058660719590041,0.5243091058325094,1.197011207970112,0.8157431776525813,2,RPS14;ID3
Hom-NPCs,up_in_severe,GO:BP,GO_Biological_Process_2025,711,Intracellular Calcium Ion Homeostasis (GO:0006874),0.4913393063708963,0.5265830540852644,1.4967815221507006,1.0636433914552832,1,SMDT1
Hom/Reg-like NPCs,up_in_severe,GO:BP,GO_Biological_Process_2025,812,Regulation of Response to External Stimulus (GO:0032101),0.49530596989750814,0.5275556215001714,1.4792695704235892,1.039304602912729,1,IL1R1
Hom/Reg-like NPCs,up_in_severe,GO:BP,GO_Biological_Process_2025,813,Epithelial Cell Differentiation (GO:0030855),0.49530596989750814,0.5275556215001714,1.4792695704235892,1.039304602912729,1,ZNF703
Hom/Reg-like NPCs,up_in_severe,GO:BP,GO_Biological_Process_2025,814,Protein Localization to Plasma Membrane (GO:0072659),0.49530596989750814,0.5275556215001714,1.4792695704235892,1.039304602912729,1,CD81
Hom-NPCs,up_in_severe,REAC,Reactome_2022,295,Cell Surface Interactions At Vascular Wall R-HSA-202733,0.47633648784049415,0.528006886521497,1.5647803719825881,1.1604892678731156,1,FN1
Hom-NPCs,up_in_severe,GO:BP,GO_Biological_Process_2025,712,Cellular Response to Starvation (GO:0009267),0.49379808352888677,0.528474915237376,1.486015037593985,1.048574685511171,1,SMDT1
Hom-NPCs,up_in_severe,KEGG,KEGG_2021_Human,77,Colorectal cancer,0.3394464157511476,0.5290074011706196,2.4543653250773994,2.6517924525695524,1,GADD45B
Fibro-reg NPCs,up_in_severe,GO:BP,GO_Biological_Process_2025,473,Defense Response to Bacterium (GO:0042742),0.4984091645896213,0.5300207395107389,1.4692995529061104,1.023123122702649,1,RPL39
Hom-NPCs,up_in_severe,GO:BP,GO_Biological_Process_2025,713,Regulation of Cell Adhesion (GO:0030155),0.4962450985342284,0.5303488991347574,1.4754012691302725,1.0337920163475458,1,PLAUR
Fibro-reg NPCs,up_in_severe,GO:BP,GO_Biological_Process_2025,474,Regulation of Cell Growth (GO:0001558),0.4999814664946715,0.5305710498878055,1.4625769601661598,1.0138353106516667,1,MMP14
ECM/Adh-NPCs,up_in_severe,GO:BP,GO_Biological_Process_2025,465,Negative Regulation of Signal Transduction (GO:0009968),0.5094276721651902,0.5312447030930357,1.4255797101449275,0.9615070332600425,1,CILP
ECM/Adh-NPCs,up_in_severe,GO:BP,GO_Biological_Process_2025,466,Cellular Component Assembly (GO:0022607),0.5094276721651902,0.5312447030930357,1.4255797101449275,0.9615070332600425,1,GSN
ECM/Adh-NPCs,up_in_severe,GO:BP,GO_Biological_Process_2025,467,Plasma Membrane Bounded Cell Projection Assembly (GO:0120031),0.5094276721651902,0.5312447030930357,1.4255797101449275,0.9615070332600425,1,GSN
Hom/Reg-like NPCs,up_in_severe,GO:BP,GO_Biological_Process_2025,815,Regulation of GTPase Activity (GO:0043087),0.5005254101378563,0.5321294112220676,1.4568774878372401,1.0083004105081415,1,NGEF
Hom/Reg-like NPCs,up_in_severe,GO:BP,GO_Biological_Process_2025,816,Positive Regulation of Cytokine Production (GO:0001819),0.5008276811501813,0.5321294112220676,1.2000122612880484,0.8298003028310783,2,IL1R1;NDUFA2
Fibro-NPCs,up_in_severe,REAC,Reactome_2022,145,Metabolism Of Carbohydrates R-HSA-71387,0.48364627322467124,0.5336786463168786,1.5391236306729263,1.1180216830767538,1,BGN
Eff-NPCs,up_in_severe,REAC,Reactome_2022,55,Generic Transcription Pathway R-HSA-212436,0.4908195017200664,0.5354394564218906,1.5811606391925987,1.1252785575039292,1,COL1A1
Hom/Reg-like NPCs,up_in_severe,GO:BP,GO_Biological_Process_2025,817,Protein Localization to Cell Periphery (GO:1990778),0.505691390433942,0.5366394559439751,1.4351488743645606,0.9785256856997366,1,CD81
Hom/Reg-like NPCs,up_in_severe,REAC,Reactome_2022,293,Transcriptional Regulation By RUNX2 R-HSA-8878166,0.4600381641196863,0.5367111914729674,1.643320039880359,1.2759489881512094,1,COL1A1
Hom/Reg-like NPCs,up_in_severe,REAC,Reactome_2022,294,Signaling By TGFB Family Members R-HSA-9006936,0.4600381641196863,0.5367111914729674,1.643320039880359,1.2759489881512094,1,COL1A2
Fibro-NPCs,up_in_severe,GO:BP,GO_Biological_Process_2025,385,Regulation of Cell Cycle (GO:0051726),0.521984887349074,0.539610351077744,1.3765860497721696,0.8949415014195338,1,GADD45B
Hom-NPCs,up_in_severe,KEGG,KEGG_2021_Human,78,Th1 and Th2 cell differentiation,0.3583260368275664,0.5399996994067837,2.291844997108155,2.3521479989227614,1,HLA-DPB1
Hom-NPCs,up_in_severe,KEGG,KEGG_2021_Human,79,Salivary secretion,0.36142030014992055,0.5399996994067837,2.2668192219679635,2.3069730491120866,1,CST3
Hom-NPCs,up_in_severe,KEGG,KEGG_2021_Human,80,Rheumatoid arthritis,0.36142030014992055,0.5399996994067837,2.2668192219679635,2.3069730491120866,1,HLA-DPB1
Hom-NPCs,up_in_severe,KEGG,KEGG_2021_Human,81,TGF-beta signaling pathway,0.364499797099579,0.5399996994067837,2.242331635540464,2.2630267514478994,1,ID1
Fibro-reg NPCs,up_in_severe,KEGG,KEGG_2021_Human,72,Chemical carcinogenesis,0.5259805197464289,0.5405910897393852,1.3569362171097947,0.8718194449763643,1,CYP1B1
Fibro-reg NPCs,up_in_severe,GO:BP,GO_Biological_Process_2025,475,Regulation of Autophagy (GO:0010506),0.5123865353330668,0.5425903732053318,1.4109098718591166,0.9434415510671434,1,HSPB1
Hom-NPCs,up_in_severe,REAC,Reactome_2022,296,Toll Like Receptor 4 (TLR4) Cascade R-HSA-166016,0.4913393063708963,0.5427971391327132,1.4967815221507006,1.0636433914552832,1,NDUFA2
Hom/Reg-like NPCs,up_in_severe,GO:BP,GO_Biological_Process_2025,818,Regulation of Cytoskeleton Organization (GO:0051493),0.5133413085074516,0.5440915824889493,1.4037368570616653,0.936031860695148,1,NGEF
Fibro-reg NPCs,up_in_severe,GO:BP,GO_Biological_Process_2025,476,Apoptotic Process (GO:0006915),0.5154401841960249,0.5446773375012616,1.3985522674047264,0.9268681618748114,1,DDIT4
Fibro-reg NPCs,up_in_severe,REAC,Reactome_2022,163,Programmed Cell Death R-HSA-5357801,0.4775211742959504,0.5449014626935386,1.5626039439296746,1.1549936672724268,1,LMNA
Hom-NPCs,up_in_severe,GO:BP,GO_Biological_Process_2025,714,Regulation of Cold-Induced Thermogenesis (GO:0120161),0.5106832837539101,0.5450149330819041,1.414751163623344,0.9507208147578562,1,ID1
Hom-NPCs,up_in_severe,GO:BP,GO_Biological_Process_2025,715,Positive Regulation of Transcription by RNA Polymerase II (GO:0045944),0.5124336722465667,0.5461181234292081,1.0632823209510327,0.7108935433916211,5,CHCHD2;RGCC;CD81;WBP2;PTMS
Hom-NPCs,up_in_severe,KEGG,KEGG_2021_Human,82,Prostate cancer,0.37365038495554814,0.5466722369724792,2.1719298245614036,2.138123125116582,1,GSTP1
Hom-NPCs,up_in_severe,KEGG,KEGG_2021_Human,83,Hematopoietic cell lineage,0.3796782145208595,0.5466722369724792,2.1273899033297528,2.060230733325135,1,HLA-DPB1
Hom-NPCs,up_in_severe,KEGG,KEGG_2021_Human,84,Viral protein interaction with cytokine and cytokine receptor,0.38267056588073545,0.5466722369724792,2.105794790005316,2.022786046627892,1,CXCL14
Hom/Reg-like NPCs,up_in_severe,REAC,Reactome_2022,295,Immunoregulatory Interactions Between A Lymphoid And A non-Lymphoid Cell R-HSA-198933,0.4711421061515651,0.5478025166440232,1.5891192542590806,1.1959640297484144,1,CD81
Hom-NPCs,up_in_severe,KEGG,KEGG_2021_Human,85,Longevity regulating pathway,0.3886124808534803,0.5486293847343252,2.0638874413757167,1.9507299108194924,1,CRYAB
Hom/Reg-like NPCs,up_in_severe,GO:BP,GO_Biological_Process_2025,819,Cellular Response to Starvation (GO:0009267),0.5183759996375417,0.5487570106053097,1.3835434173669467,0.9090633342610038,1,ZC3H12A
Hom-NPCs,up_in_severe,KEGG,KEGG_2021_Human,86,NF-kappa B signaling pathway,0.3944977936526413,0.5504620376548484,2.02360756259581,1.8822418421105442,1,GADD45B
Hom-NPCs,up_in_severe,KEGG,KEGG_2021_Human,87,Th17 cell differentiation,0.4032207996447776,0.5505278511159114,1.9660377358490566,1.785695015423773,1,HLA-DPB1
Hom-NPCs,up_in_severe,KEGG,KEGG_2021_Human,88,Drug metabolism,0.4061007421264993,0.5505278511159114,1.9475651746187899,1.7550561801729816,1,GSTP1
Hom-NPCs,up_in_severe,KEGG,KEGG_2021_Human,89,HIF-1 signaling pathway,0.4089669305484903,0.5505278511159114,1.9294346978557504,1.7251480440753342,1,ELOB
Hom-NPCs,up_in_severe,KEGG,KEGG_2021_Human,90,MAPK signaling pathway,0.4134041832313526,0.5505278511159114,1.4290294374817838,1.2623038766401142,2,GADD45B;HSPB1
Hom-NPCs,up_in_severe,KEGG,KEGG_2021_Human,91,Toxoplasmosis,0.41748362042956616,0.5505278511159114,1.8770033191085822,1.6395811091445014,1,HLA-DPB1
ECM/Adh-NPCs,up_in_severe,KEGG,KEGG_2021_Human,84,Cytokine-cytokine receptor interaction,0.53177554188093,0.5507675255195347,1.3370748299319728,0.8444079381080255,1,IL1R1
Hom-NPCs,up_in_severe,GO:BP,GO_Biological_Process_2025,716,Protein Localization to Organelle (GO:0033365),0.5177480394199429,0.5510111816173134,1.3862456140350876,0.9125191392137553,1,COL1A1
ECM/Adh-NPCs,up_in_severe,GO:BP,GO_Biological_Process_2025,468,Cell Surface Receptor Protein Tyrosine Kinase Signaling Pathway (GO:0007169),0.5329873859413455,0.5535181434320399,1.3324745762711865,0.8384696489899355,1,HSPB1
ECM/Adh-NPCs,up_in_severe,GO:BP,GO_Biological_Process_2025,469,Negative Regulation of Intracellular Signal Transduction (GO:1902532),0.5341961548522766,0.5535181434320399,1.3279054054054054,0.8325863000390515,1,CILP
ECM/Adh-NPCs,up_in_severe,GO:BP,GO_Biological_Process_2025,470,Positive Regulation of Cell Differentiation (GO:0045597),0.5341961548522766,0.5535181434320399,1.3279054054054054,0.8325863000390515,1,COL1A1
Hom/Reg-like NPCs,up_in_severe,GO:BP,GO_Biological_Process_2025,820,Negative Regulation of Transcription by RNA Polymerase II (GO:0000122),0.523670343524863,0.5536855949220197,1.063880563880564,0.6882167917842305,4,RPS14;ID1;ATN1;JDP2
Hom-NPCs,up_in_severe,GO:BP,GO_Biological_Process_2025,717,Positive Regulation of ERK1 and ERK2 Cascade (GO:0070374),0.5224017023828647,0.5551884201056386,1.3678670360110803,0.8881812930312777,1,CIB1
Hom/Reg-like NPCs,up_in_severe,GO:BP,GO_Biological_Process_2025,821,Regulation of Gene Expression (GO:0010468),0.5265502421486769,0.5560524481643153,1.0360410899693757,0.6645255876444579,6,FUS;CILP;ZC3H12A;ZNF703;SCX;CLU
Hom-NPCs,up_in_severe,GO:BP,GO_Biological_Process_2025,718,Negative Regulation of Response to External Stimulus (GO:0032102),0.5247118410135561,0.5568668841954453,1.358857929136567,0.8763356878188902,1,TMSB4X
ECM/Adh-NPCs,up_in_severe,KEGG,KEGG_2021_Human,85,Huntington disease,0.5449379500778905,0.5577600194914879,1.2881311475409836,0.782002964390653,1,GPX3
ECM/Adh-NPCs,up_in_severe,GO:BP,GO_Biological_Process_2025,471,Regulation of Intracellular Signal Transduction (GO:1902531),0.5401941395211627,0.5585446835388668,1.305514950166113,0.8039709458103915,1,HSPB1
Hom/Reg-like NPCs,up_in_severe,REAC,Reactome_2022,296,Glycerophospholipid Biosynthesis R-HSA-1483206,0.4820198744002198,0.5585568139164709,1.5383597883597884,1.122648719044528,1,PNPLA2
Fibro-reg NPCs,up_in_severe,REAC,Reactome_2022,164,Biological Oxidations R-HSA-211859,0.4936630150468234,0.5598861024311533,1.489839087406512,1.0516806154667868,1,CYP1B1
Fibro-reg NPCs,up_in_severe,GO:BP,GO_Biological_Process_2025,477,Negative Regulation of Multicellular Organismal Process (GO:0051241),0.531901944914305,0.5608945037565942,1.3342365533125593,0.8422983602013885,1,SRGN
Hom/Reg-like NPCs,up_in_severe,GO:BP,GO_Biological_Process_2025,822,Positive Regulation of Metabolic Process (GO:0009893),0.533172647494211,0.5623609311161568,1.3262825678216492,0.8341123574824278,1,ZC3H12A
Hom-NPCs,up_in_severe,REAC,Reactome_2022,297,Generic Transcription Pathway R-HSA-212436,0.5109586351487451,0.5625706184971031,1.054054054054054,0.7077621349850508,6,COX8A;COL1A1;COL1A2;RGCC;POLR2F;ELOB
Fibro-reg NPCs,up_in_severe,GO:BP,GO_Biological_Process_2025,478,Positive Regulation of Developmental Process (GO:0051094),0.5348353052411551,0.5628078630466549,1.3231658156409567,0.8280324306923497,1,BASP1
Hom/Reg-like NPCs,up_in_severe,GO:BP,GO_Biological_Process_2025,823,Organelle Assembly (GO:0070925),0.5343993717694004,0.5629699335650914,1.1255468570112825,0.7052809784581728,2,ALKBH5;FUS
Hom/Reg-like NPCs,up_in_severe,GO:BP,GO_Biological_Process_2025,824,Regulation of Cold-Induced Thermogenesis (GO:0120161),0.5355946035851543,0.5635443219761271,1.3171935440843003,0.8224263290844437,1,ID1
Eff-NPCs,up_in_severe,REAC,Reactome_2022,56,RNA Polymerase II Transcription R-HSA-73857,0.5260005205696285,0.563571986324602,1.4247139588100686,0.9153118660680674,1,COL1A1
Hom-NPCs,up_in_severe,GO:BP,GO_Biological_Process_2025,719,Negative Regulation of DNA-templated Transcription (GO:0045892),0.5331991811105768,0.5650873101616962,1.0375887848415322,0.6524983182289499,5,RPS14;BASP1;ID1;CRYAB;JDP2
Hom-NPCs,up_in_severe,GO:BP,GO_Biological_Process_2025,720,Protein Localization (GO:0008104),0.5341748563859127,0.5653350563417576,1.126391051144554,0.7062832867528462,2,ID1;ROMO1
Hom/Reg-like NPCs,up_in_severe,REAC,Reactome_2022,297,Host Interactions Of HIV Factors R-HSA-162909,0.49003252214240667,0.5659298151341599,1.5023559811521507,1.0716057600665565,1,AP2M1
Fibro-reg NPCs,up_in_severe,REAC,Reactome_2022,165,Signal Transduction R-HSA-162582,0.5022184683256621,0.5661371824762008,1.0540406095961652,0.7259389098732529,8,SPARC;COL1A2;BASP1;MMP2;COL6A2;HSPB1;ID3;FKBP5
Fibro-reg NPCs,up_in_severe,REAC,Reactome_2022,166,Generic Transcription Pathway R-HSA-212436,0.5081804878146462,0.5694070526115915,1.0904227481537478,0.7381274439384898,4,COL1A1;COL1A2;DDIT4;FKBP5
Fibro-NPCs,up_in_severe,REAC,Reactome_2022,146,MAPK Family Signaling Cascades R-HSA-5683057,0.521984887349074,0.5720382327113139,1.3765860497721696,0.8949415014195338,1,MMP2
Fibro-reg NPCs,up_in_severe,REAC,Reactome_2022,167,Mitotic Anaphase R-HSA-68882,0.5154401841960249,0.5723485107275859,1.3985522674047264,0.9268681618748114,1,LMNA
Fibro-reg NPCs,up_in_severe,REAC,Reactome_2022,168,Mitotic Metaphase And Anaphase R-HSA-2555396,0.5169599451733033,0.5723485107275859,1.3924533634821934,0.918726641721861,1,LMNA
Hom-NPCs,up_in_severe,REAC,Reactome_2022,298,Metabolism Of Steroids R-HSA-8957322,0.5224017023828647,0.5732394519436131,1.3678670360110803,0.8881812930312777,1,TSPO
Hom-NPCs,up_in_severe,KEGG,KEGG_2021_Human,92,AMPK signaling pathway,0.43960561338379955,0.573398626152782,1.750110570544007,1.438376128080515,1,RAB11B
Hom-NPCs,up_in_severe,GO:BP,GO_Biological_Process_2025,721,+ Reg of Phosphatidylinositol 3-Kinase/Prot Kinase B Signal Transduction (GO:0051897),0.542799219929216,0.573665749772625,1.2908139915004904,0.7887077283668514,1,FN1
Hom-NPCs,up_in_severe,GO:BP,GO_Biological_Process_2025,722,Positive Regulation of Response to External Stimulus (GO:0032103),0.5450116988754113,0.5752062528297277,1.2827810266406758,0.7785814025748058,1,LGALS1
Hom/Reg-like NPCs,up_in_severe,GO:BP,GO_Biological_Process_2025,825,Positive Regulation of RNA Biosynthetic Process (GO:1902680),0.5476556047718703,0.5755362537420746,1.0513586956521739,0.6330321628467518,3,COL1A1;WBP2;SCX
ECM/Adh-NPCs,up_in_severe,GO:BP,GO_Biological_Process_2025,472,Regulation of Cell Cycle (GO:0051726),0.5588833284803316,0.5766444512074608,1.2386119873817034,0.7206424665446304,1,GADD45B
Fibro-reg NPCs,up_in_severe,GO:BP,GO_Biological_Process_2025,479,Cytokine-Mediated Signaling Pathway (GO:0019221),0.5492329794176511,0.5767519595972412,1.2704272621659998,0.7612813767500394,1,TMSB4X
Fibro-NPCs,up_in_severe,GO:BP,GO_Biological_Process_2025,386,Intracellular Signaling Cassette (GO:0141124),0.5606346818698816,0.5780637393373391,1.233931381806736,0.7140585398768503,1,ZFP36L1
Hom/Reg-like NPCs,up_in_severe,REAC,Reactome_2022,298,Signaling By Hedgehog R-HSA-5358351,0.5031150487533808,0.5790887977262067,1.4459321041849575,0.9932634085793117,1,P4HB
Hom-NPCs,up_in_severe,KEGG,KEGG_2021_Human,93,Cell cycle,0.4503527610239784,0.5811003368051334,1.6928540864356012,1.3504304854874238,1,GADD45B
ECM/Adh-NPCs,up_in_severe,GO:BP,GO_Biological_Process_2025,473,Protein-Containing Complex Assembly (GO:0065003),0.5645694540857352,0.581279755052332,1.2190683229813664,0.696931444948421,1,CLU
Fibro-reg NPCs,up_in_severe,GO:BP,GO_Biological_Process_2025,480,Regulation of MAPK Cascade (GO:0043408),0.5562664851417028,0.5829209208880761,1.2455851636179505,0.7305454261470283,1,CD81
ECM/Adh-NPCs,up_in_severe,GO:BP,GO_Biological_Process_2025,474,Intracellular Protein Transport (GO:0006886),0.5679465711939595,0.5835231649186884,1.2076307692307693,0.6831904546589669,1,ARF1
Hom/Reg-like NPCs,up_in_severe,GO:BP,GO_Biological_Process_2025,826,Regulation of Small GTPase Mediated Signal Transduction (GO:0051056),0.5568397557182236,0.5844795014621064,1.2406359979889392,0.7263648001576186,1,NGEF
Hom/Reg-like NPCs,up_in_severe,REAC,Reactome_2022,299,PTEN Regulation R-HSA-6807070,0.5133413085074516,0.5869202293935197,1.4037368570616653,0.936031860695148,1,ATN1
Hom/Reg-like NPCs,up_in_severe,REAC,Reactome_2022,300,Death Receptor Signaling R-HSA-73887,0.5133413085074516,0.5869202293935197,1.4037368570616653,0.936031860695148,1,NGEF
Hom/Reg-like NPCs,up_in_severe,KEGG,KEGG_2021_Human,27,Osteoclast differentiation,0.13931158838083463,0.5882044842746351,3.1321980198019803,6.173694511985472,2,IL1R1;JUNB
Hom/Reg-like NPCs,up_in_severe,GO:BP,GO_Biological_Process_2025,827,Regulation of Cellular Component Organization (GO:0051128),0.5614285835671052,0.588583533195502,1.2248076445768181,0.7070455682527605,1,MELTF
Hom-NPCs,up_in_severe,KEGG,KEGG_2021_Human,94,FoxO signaling pathway,0.4686716991821424,0.5890336104028517,1.6011336032388663,1.2134235161728557,1,GADD45B
Hom-NPCs,up_in_severe,KEGG,KEGG_2021_Human,95,Dopaminergic synapse,0.47123888452332924,0.5890336104028517,1.5888308557653676,1.195420650489219,1,COMT
Hom-NPCs,up_in_severe,KEGG,KEGG_2021_Human,96,Vascular smooth muscle contraction,0.4737937947277701,0.5890336104028517,1.5767145135566187,1.1777790701778137,1,MYL6
Hom-NPCs,up_in_severe,KEGG,KEGG_2021_Human,97,Yersinia infection,0.48389184150633274,0.5890336104028517,1.530030959752322,1.110640087250758,1,FN1
Hom-NPCs,up_in_severe,KEGG,KEGG_2021_Human,98,Fluid shear stress and atherosclerosis,0.48886871116727404,0.5890336104028517,1.5077040427154844,1.0790054501153088,1,GSTP1
Hom-NPCs,up_in_severe,KEGG,KEGG_2021_Human,99,Ubiquitin mediated proteolysis,0.4913393063708963,0.5890336104028517,1.4967815221507006,1.0636433914552832,1,ELOB
Hom-NPCs,up_in_severe,KEGG,KEGG_2021_Human,100,Apoptosis,0.4962450985342284,0.5890336104028517,1.4754012691302725,1.0337920163475458,1,GADD45B
Hom-NPCs,up_in_severe,KEGG,KEGG_2021_Human,101,Signaling pathways regulating pluripotency of stem cells,0.4986804070937809,0.5890336104028517,1.464936990363232,1.019288296347739,1,ID1
Hom-NPCs,up_in_severe,KEGG,KEGG_2021_Human,102,Breast cancer,0.5083056813962635,0.5890336104028517,1.4245133381398702,0.9639286846225495,1,GADD45B
Hom-NPCs,up_in_severe,KEGG,KEGG_2021_Human,103,Cell adhesion molecules,0.5106832837539101,0.5890336104028517,1.414751163623344,0.9507208147578562,1,HLA-DPB1
Hom-NPCs,up_in_severe,KEGG,KEGG_2021_Human,104,Gastric cancer,0.5130495083859004,0.5890336104028517,1.4051209103840683,0.9377537114312574,1,GADD45B
Hom-NPCs,up_in_severe,KEGG,KEGG_2021_Human,105,Spliceosome,0.5154044091024953,0.5890336104028517,1.3956199222889438,0.9250216659997843,1,SNRPB
Hom-NPCs,up_in_severe,KEGG,KEGG_2021_Human,106,Oxytocin signaling pathway,0.5247118410135561,0.5906401292722903,1.358857929136567,0.8763356878188902,1,MYL6
Hom-NPCs,up_in_severe,KEGG,KEGG_2021_Human,107,Cellular senescence,0.5292989957734835,0.5906401292722903,1.341188455008489,0.8532665057189259,1,GADD45B
Hom-NPCs,up_in_severe,KEGG,KEGG_2021_Human,108,Hepatitis C,0.5315761163450612,0.5906401292722903,1.332523616734143,0.8420335075844174,1,CD81
Hom/Reg-like NPCs,up_in_severe,REAC,Reactome_2022,301,Beta-catenin Independent WNT Signaling R-HSA-3858494,0.5208739677736554,0.5915886455177608,1.3736615213461272,0.8959668411512248,1,AP2M1
Hom/Reg-like NPCs,up_in_severe,REAC,Reactome_2022,302,Clathrin-mediated Endocytosis R-HSA-8856828,0.5208739677736554,0.5915886455177608,1.3736615213461272,0.8959668411512248,1,AP2M1
Eff-NPCs,up_in_severe,REAC,Reactome_2022,57,Gene Expression (Transcription) R-HSA-74160,0.5628625589346131,0.592486904141698,1.2804558011049725,0.7359033061698551,1,COL1A1
Hom-NPCs,up_in_severe,GO:BP,GO_Biological_Process_2025,723,Heart Development (GO:0007507),0.5623342760934364,0.5926676602810492,1.2219195046439628,0.7034087262374212,1,FN1
Hom-NPCs,up_in_severe,REAC,Reactome_2022,299,Toll-like Receptor Cascades R-HSA-168898,0.542799219929216,0.5932891245622836,1.2908139915004904,0.7887077283668514,1,NDUFA2
Hom-NPCs,up_in_severe,REAC,Reactome_2022,300,Class I MHC Mediated Antigen Processing And Presentation R-HSA-983169,0.5443019491397096,0.5932891245622836,1.1050248981439565,0.672132645787374,2,NDUFA2;ELOB
Hom-NPCs,up_in_severe,GO:BP,GO_Biological_Process_2025,724,Nitrogen Compound Transport (GO:0071705),0.5644531823102289,0.5940791780668431,1.214712219144352,0.694691288756235,1,HBB
Fibro-NPCs,up_in_severe,GO:BP,GO_Biological_Process_2025,387,Protein Localization (GO:0008104),0.5778064447672938,0.5942298837658474,1.1762162162162162,0.6451738104815858,1,LMNA
Hom-NPCs,up_in_severe,REAC,Reactome_2022,301,Gene Expression (Transcription) R-HSA-74160,0.5493308115582546,0.5948854599468761,1.0069815643067526,0.6032367849519114,7,COX8A;COL1A1;COL1A2;RGCC;POLR2F;ELOB;SNRPB
Hom-NPCs,up_in_severe,REAC,Reactome_2022,302,Cellular Senescence R-HSA-2559583,0.5494049201955858,0.5948854599468761,1.2670089858793325,0.7588364513915655,1,ID1
Hom/Reg-like NPCs,up_in_severe,GO:BP,GO_Biological_Process_2025,828,+ Reg of Phosphatidylinositol 3-Kinase/Prot Kinase B Signal Transduction (GO:0051897),0.5682237376409389,0.5949878991964904,1.2018024601144806,0.6793068628437204,1,IL1R1
ECM/Adh-NPCs,up_in_severe,REAC,Reactome_2022,163,MAPK Family Signaling Cascades R-HSA-5683057,0.5588833284803316,0.5965993813225626,1.2386119873817034,0.7206424665446304,1,HSPB1
Hom/Reg-like NPCs,up_in_severe,GO:BP,GO_Biological_Process_2025,829,Positive Regulation of Response to External Stimulus (GO:0032103),0.5704655376257164,0.5966147420042173,1.194323408375696,0.6703767374087433,1,LGALS1
Hom/Reg-like NPCs,up_in_severe,GO:BP,GO_Biological_Process_2025,830,Protein Localization (GO:0008104),0.5723372854140466,0.5978511162096125,1.0479486973087553,0.5847834597671959,2,ID1;LMNA
Hom-NPCs,up_in_severe,KEGG,KEGG_2021_Human,109,Hippo signaling pathway,0.5450116988754113,0.6000128794958657,1.2827810266406758,0.7785814025748058,1,ID1
Hom-NPCs,up_in_severe,GO:BP,GO_Biological_Process_2025,725,Regulation of Neuron Projection Development (GO:0010975),0.5728277661121118,0.6012324487292414,1.1867067669172933,0.661197634978932,1,CIB1
Hom-NPCs,up_in_severe,GO:BP,GO_Biological_Process_2025,726,Double-Strand Break Repair (GO:0006302),0.5728277661121118,0.6012324487292414,1.1867067669172933,0.661197634978932,1,CIB1
ECM/Adh-NPCs,up_in_severe,GO:BP,GO_Biological_Process_2025,475,Positive Regulation of Cell Migration (GO:0030335),0.5876765883590002,0.602458941170915,1.1432069970845482,0.6077042632119116,1,COL1A1
ECM/Adh-NPCs,up_in_severe,GO:BP,GO_Biological_Process_2025,476,Regulation of Cell Population Proliferation (GO:0042127),0.5888510390089436,0.602458941170915,1.0207806721123913,0.5405871027930821,2,LMNA;CLU
Hom/Reg-like NPCs,up_in_severe,REAC,Reactome_2022,303,RHOA GTPase Cycle R-HSA-8980692,0.533172647494211,0.6035584755462521,1.3262825678216492,0.8341123574824278,1,NGEF
Fibro-reg NPCs,up_in_severe,GO:BP,GO_Biological_Process_2025,481,Positive Regulation of Cellular Process (GO:0048522),0.5787189627977457,0.6051884371876634,1.0386021505376344,0.568051297722764,2,RPS9;MMP14
Fibro-NPCs,up_in_severe,GO:BP,GO_Biological_Process_2025,388,Cellular Response to Oxygen-Containing Compound (GO:1901701),0.590493104554869,0.6057119990021594,1.1355381491151726,0.5981984545201605,1,ZFP36L1
Hom-NPCs,up_in_severe,GO:BP,GO_Biological_Process_2025,727,Positive Regulation of DNA-templated Transcription (GO:0045893),0.578853551123934,0.6067213286883599,0.9798107255520505,0.5356681747744306,6,COL1A1;CHCHD2;RGCC;CD81;WBP2;PTMS
Hom/Reg-like NPCs,up_in_severe,REAC,Reactome_2022,304,CDC42 GTPase Cycle R-HSA-9013148,0.5380041155490991,0.6070243803728322,1.308227344992051,0.8109558310976601,1,NGEF
Hom-NPCs,up_in_severe,KEGG,KEGG_2021_Human,110,Tight junction,0.5580658136851857,0.608799069474748,1.2365914786967418,0.7212770717987871,1,MYL6
Hom-NPCs,up_in_severe,GO:BP,GO_Biological_Process_2025,728,Neuron Differentiation (GO:0030182),0.5830722213308616,0.6103036162831271,1.1534502923976608,0.6222220950448746,1,ID1
Hom/Reg-like NPCs,up_in_severe,GO:BP,GO_Biological_Process_2025,831,Regulation of Macromolecule Biosynthetic Process (GO:0010556),0.5858386437040639,0.610483298186807,1.1444483118691264,0.6119489632242455,1,ZC3H12A
Hom/Reg-like NPCs,up_in_severe,GO:BP,GO_Biological_Process_2025,832,Brain Development (GO:0007420),0.5858386437040639,0.610483298186807,1.1444483118691264,0.6119489632242455,1,DDIT4
Hom/Reg-like NPCs,up_in_severe,GO:BP,GO_Biological_Process_2025,833,"RNA Splicing, via Transesterification Reactions With Bulged Adenosine as Nucleophile (GO:0000377)",0.5879898534581441,0.6105235963451627,1.1376585928489042,0.604148575536237,1,UBL5
Hom/Reg-like NPCs,up_in_severe,GO:BP,GO_Biological_Process_2025,834,Cell-Cell Adhesion via Plasma-Membrane Adhesion Molecules (GO:0098742),0.5879898534581441,0.6105235963451627,1.1376585928489042,0.604148575536237,1,FGFRL1
Hom/Reg-like NPCs,up_in_severe,GO:BP,GO_Biological_Process_2025,835,Positive Regulation of Protein Phosphorylation (GO:0001934),0.5879898534581441,0.6105235963451627,1.1376585928489042,0.604148575536237,1,PLAUR
Hom/Reg-like NPCs,up_in_severe,KEGG,KEGG_2021_Human,28,Autophagy,0.15710793948054458,0.6110485218223143,2.8987165383204987,5.365008912651797,2,LAMP1;DDIT4
Hom/Reg-like NPCs,up_in_severe,KEGG,KEGG_2021_Human,29,Fluid shear stress and atherosclerosis,0.16071826006809273,0.6110485218223143,2.856110428561104,5.221262284539747,2,IL1R1;GSTP1
Hom/Reg-like NPCs,up_in_severe,KEGG,KEGG_2021_Human,30,Nicotinate and nicotinamide metabolism,0.16545570143097044,0.6110485218223143,5.727508650519031,10.304084661682172,1,NNMT
Hom/Reg-like NPCs,up_in_severe,KEGG,KEGG_2021_Human,31,Apoptosis,0.1661623173376469,0.6110485218223143,2.7944837340876947,5.015511888906642,2,GADD45B;LMNA
Hom-NPCs,up_in_severe,REAC,Reactome_2022,303,Fatty Acid Metabolism R-HSA-8978868,0.5665619364091213,0.611438129392022,1.2075887392900857,0.6861143327944853,1,GPX1
Hom/Reg-like NPCs,up_in_severe,REAC,Reactome_2022,305,Interleukin-1 Family Signaling R-HSA-446652,0.5451586185299994,0.6130800201829173,1.2820412933385275,0.7777868676134466,1,IL1R1
Hom/Reg-like NPCs,up_in_severe,REAC,Reactome_2022,306,Metabolism Of Steroids R-HSA-8957322,0.5475189841486342,0.6137222600097436,1.2735423116615068,0.7671285827102932,1,TSPO
Hom/Reg-like NPCs,up_in_severe,GO:BP,GO_Biological_Process_2025,836,Membrane Organization (GO:0061024),0.5922591320470021,0.6142208941205153,1.1243160054719563,0.5889291100516374,1,LMNA
Hom/Reg-like NPCs,up_in_severe,GO:BP,GO_Biological_Process_2025,837,Positive Regulation of DNA-binding Transcription Factor Activity (GO:0051091),0.594377313347594,0.6156811597041385,1.1177603989572709,0.5815047358751091,1,CLU
Hom/Reg-like NPCs,up_in_severe,GO:BP,GO_Biological_Process_2025,838,Negative Regulation of DNA-templated Transcription (GO:0045892),0.5963170932623338,0.6169533649862093,0.9631185141389224,0.49791562692842556,5,RPS14;ZNF703;ID1;ATN1;JDP2
Fibro-reg NPCs,up_in_severe,GO:BP,GO_Biological_Process_2025,482,Central Nervous System Development (GO:0007417),0.5937038212340486,0.619570585229723,1.122465299594448,0.5852250104321705,1,DDIT4
Hom/Reg-like NPCs,up_in_severe,KEGG,KEGG_2021_Human,32,Thyroid cancer,0.17404456698359316,0.6200337698790507,5.408769063180828,9.456929169416776,1,GADD45B
Hom-NPCs,up_in_severe,REAC,Reactome_2022,304,Apoptosis R-HSA-109581,0.5769551017288301,0.6206063100833139,1.1731787094855783,0.6452375307564646,1,NDUFA2
ECM/Adh-NPCs,up_in_severe,KEGG,KEGG_2021_Human,86,Alzheimer disease,0.6136210970716292,0.6207562261073458,1.0641847826086956,0.5197240601777614,1,LRP1
Fibro-reg NPCs,up_in_severe,REAC,Reactome_2022,169,Immune System R-HSA-168256,0.5667133957896011,0.623720068738851,0.9957039604690612,0.5654618502196027,6,CST3;COL1A2;CEBPD;CD81;MMP2;SERPING1
Hom-NPCs,up_in_severe,GO:BP,GO_Biological_Process_2025,729,Small GTPase-mediated Signal Transduction (GO:0007264),0.5970071914020634,0.624032208296807,1.1098789755136504,0.5725045653451658,1,COL1A2
Hom/Reg-like NPCs,up_in_severe,KEGG,KEGG_2021_Human,33,Phagosome,0.18452954829834414,0.6252366072131388,2.6068646864686467,4.405459702067618,2,COMP;LAMP1
Hom/Reg-like NPCs,up_in_severe,KEGG,KEGG_2021_Human,34,Ferroptosis,0.19096054855395206,0.6252366072131388,4.866911764705883,8.0580894711265465,1,FTL
Hom/Reg-like NPCs,up_in_severe,KEGG,KEGG_2021_Human,35,Cellular senescence,0.19195860747771806,0.6252366072131388,2.5386395782435387,4.189962468473986,2,GADD45B;MAPKAPK2
Hom-NPCs,up_in_severe,KEGG,KEGG_2021_Human,111,Tuberculosis,0.5810429703135941,0.6281545625011828,1.1599529550132315,0.6297739139734856,1,HLA-DPB1
Fibro-reg NPCs,up_in_severe,GO:BP,GO_Biological_Process_2025,483,Positive Regulation of Intracellular Signal Transduction (GO:1902533),0.604650338034886,0.6288162022997087,0.9891282051282051,0.49763528796717327,2,LGALS1;CD81
Fibro-reg NPCs,up_in_severe,GO:BP,GO_Biological_Process_2025,484,Positive Regulation of Cell Differentiation (GO:0045597),0.6050637016164195,0.6288162022997087,1.087837837837838,0.5465531558455933,1,COL1A1
Hom-NPCs,up_in_severe,GO:BP,GO_Biological_Process_2025,730,Generation of Neurons (GO:0048699),0.6047620452359205,0.6312721622873582,1.0864149903554698,0.5463800572467752,1,ID1
Fibro-reg NPCs,up_in_severe,GO:BP,GO_Biological_Process_2025,485,Negative Regulation of DNA-templated Transcription (GO:0045892),0.6094286544385437,0.6320466251187371,0.9599168595907194,0.47538288317781296,3,RPS14;BASP1;ID3
Fibro-reg NPCs,up_in_severe,GO:BP,GO_Biological_Process_2025,486,Regulation of Intracellular Signal Transduction (GO:1902531),0.6112391087429165,0.6326199006125247,1.0694951255378247,0.5264772172391211,1,HSPB1
Hom/Reg-like NPCs,up_in_severe,REAC,Reactome_2022,307,Citric Acid (TCA) Cycle And Respiratory Electron Transport R-HSA-1428517,0.5704655376257164,0.6373605192365496,1.194323408375696,0.6703767374087433,1,NDUFA2
Fibro-NPCs,up_in_severe,REAC,Reactome_2022,147,M Phase R-HSA-68886,0.5866297713139997,0.6385085946274828,1.1477572559366755,0.612169384062268,1,LMNA
Hom-NPCs,up_in_severe,REAC,Reactome_2022,305,ESR-mediated Signaling R-HSA-8939211,0.5970071914020634,0.6400700052081139,1.1098789755136504,0.5725045653451658,1,POLR2F
Fibro-reg NPCs,up_in_severe,REAC,Reactome_2022,170,RNA Polymerase II Transcription R-HSA-73857,0.5868276830410761,0.6415871194557446,0.9822840873141411,0.5235810498831742,4,COL1A1;COL1A2;DDIT4;FKBP5
Fibro-reg NPCs,up_in_severe,REAC,Reactome_2022,171,Metabolism Of Carbohydrates R-HSA-71387,0.5898462227254426,0.6415871194557446,1.1344954975756176,0.5988927030881253,1,BGN
Hom-NPCs,up_in_severe,KEGG,KEGG_2021_Human,112,Transcriptional misregulation in cancer,0.6047620452359205,0.6422251807815085,1.0864149903554698,0.5463800572467752,1,GADD45B
Hom-NPCs,up_in_severe,KEGG,KEGG_2021_Human,113,Chemokine signaling pathway,0.6047620452359205,0.6422251807815085,1.0864149903554698,0.5463800572467752,1,CXCL14
Hom-NPCs,up_in_severe,GO:BP,GO_Biological_Process_2025,731,Defense Response to Virus (GO:0051607),0.6161182537368698,0.642246387616272,1.0530056104728827,0.5099878480309171,1,IFITM2
Hom/Reg-like NPCs,up_in_severe,KEGG,KEGG_2021_Human,36,Vasopressin-regulated water reabsorption,0.20342196154949266,0.6423226465119338,4.5266757865937075,7.208608195736441,1,RAB11B
Hom/Reg-like NPCs,up_in_severe,KEGG,KEGG_2021_Human,37,Huntington disease,0.20928886696041174,0.6423226465119338,1.94,3.0342372948866543,3,GPX3;NDUFA2;AP2M1
Hom/Reg-like NPCs,up_in_severe,KEGG,KEGG_2021_Human,38,Hepatocellular carcinoma,0.21446485416824776,0.6423226465119338,2.353691995705595,3.6237663308736257,2,GADD45B;GSTP1
Hom/Reg-like NPCs,up_in_severe,KEGG,KEGG_2021_Human,39,Amino sugar and nucleotide sugar metabolism,0.21974195801724053,0.6423226465119338,4.140592407175636,6.274245219426223,1,CYB5R3
Hom-NPCs,up_in_severe,GO:BP,GO_Biological_Process_2025,732,Protein Localization to Membrane (GO:0072657),0.6179793042966518,0.6433063249645473,1.0476342371079213,0.5042266833782214,1,CD81
Hom/Reg-like NPCs,up_in_severe,GO:BP,GO_Biological_Process_2025,839,Small GTPase-mediated Signal Transduction (GO:0007264),0.6229124912438171,0.6437009891637537,1.033343818810947,0.489132504631589,1,COL1A2
Hom-NPCs,up_in_severe,REAC,Reactome_2022,306,Diseases Of Signal Transduction By Growth Factor Receptors And Second Messengers R-HSA-5663202,0.6070413398987125,0.6487010396956829,0.9822526973883231,0.49029967006273606,2,FN1;POLR2F
Hom/Reg-like NPCs,up_in_severe,GO:BP,GO_Biological_Process_2025,840,Negative Regulation of Cytokine Production (GO:0001818),0.6287635278968903,0.6489737841507189,1.0168730650154798,0.47182914513807267,1,ZC3H12A
Hom-NPCs,up_in_severe,GO:BP,GO_Biological_Process_2025,733,DNA-templated Transcription (GO:0006351),0.6253346411951417,0.6500750294552496,1.0266805627931215,0.4819940263242707,1,POLR2F
Hom-NPCs,up_in_severe,GO:BP,GO_Biological_Process_2025,734,Positive Regulation of Canonical NF-kappaB Signal Transduction (GO:0043123),0.6271514694656477,0.6510755037231928,1.0215711693025669,0.4766315892635776,1,LGALS1
Fibro-reg NPCs,up_in_severe,GO:BP,GO_Biological_Process_2025,487,Regulation of Cell Cycle (GO:0051726),0.6303688784335066,0.6510791495935397,1.0146868697316027,0.4682273672719443,1,GADD45B
Hom-NPCs,up_in_severe,REAC,Reactome_2022,307,Muscle Contraction R-HSA-397014,0.6123691954332491,0.6522629540933956,1.0639136302294196,0.5217644351328214,1,MYL6
Fibro-NPCs,up_in_severe,GO:BP,GO_Biological_Process_2025,389,Organelle Organization (GO:0006996),0.6384658581983035,0.6532375618584184,0.9948012232415903,0.4463544528822903,1,THY1
Eff-NPCs,up_in_severe,REAC,Reactome_2022,58,Disease R-HSA-1643685,0.6317758425106261,0.653561216390303,1.0521037463976946,0.48314774242726016,1,PRELP
Fibro-reg NPCs,up_in_severe,REAC,Reactome_2022,172,Cell Cycle R-HSA-1640170,0.6063366840032869,0.6556896699105311,0.9859918200408998,0.49331129235030474,2,SUN2;LMNA
Hom-NPCs,up_in_severe,GO:BP,GO_Biological_Process_2025,735,Modification-Dependent Protein Catabolic Process (GO:0019941),0.6343320069863223,0.6576339990796974,1.0016272565471651,0.455923490464215,1,FAU
Hom/Reg-like NPCs,up_in_severe,GO:BP,GO_Biological_Process_2025,841,Endomembrane System Organization (GO:0010256),0.638316111263599,0.6580500219566472,0.9905480140774259,0.4446784450634853,1,LMNA
Hom/Reg-like NPCs,up_in_severe,REAC,Reactome_2022,308,Fatty Acid Metabolism R-HSA-8978868,0.5922591320470021,0.6595613061432523,1.1243160054719563,0.5889291100516374,1,MAPKAPK2
Hom/Reg-like NPCs,up_in_severe,GO:BP,GO_Biological_Process_2025,842,DNA Damage Response (GO:0006974),0.6414193373208172,0.6604638544621717,0.9205321486802618,0.40878240832424356,2,ZC3H12A;MAPKAPK2
Hom/Reg-like NPCs,up_in_severe,KEGG,KEGG_2021_Human,40,Endocrine and other factor-regulated calcium reabsorption,0.23967701748244924,0.6605557968691578,3.7415158371040724,5.344617021322101,1,AP2M1
Hom/Reg-like NPCs,up_in_severe,KEGG,KEGG_2021_Human,41,Regulation of lipolysis in adipocytes,0.2475090637397272,0.6605557968691578,3.602578068264343,5.030308852843138,1,PNPLA2
Hom/Reg-like NPCs,up_in_severe,KEGG,KEGG_2021_Human,42,Endometrial cancer,0.2591075689457492,0.6605557968691578,3.412452700378397,4.6085582509659355,1,GADD45B
Hom/Reg-like NPCs,up_in_severe,KEGG,KEGG_2021_Human,43,Transcriptional misregulation in cancer,0.26007680221830415,0.6605557968691578,2.053882230328296,2.7661240153561577,2,GADD45B;FUS
Hom/Reg-like NPCs,up_in_severe,KEGG,KEGG_2021_Human,44,Arachidonic acid metabolism,0.27052900974435656,0.6605557968691578,3.241339869281046,4.237649763484751,1,GPX3
Hom/Reg-like NPCs,up_in_severe,KEGG,KEGG_2021_Human,45,Glycerolipid metabolism,0.27052900974435656,0.6605557968691578,3.241339869281046,4.237649763484751,1,PNPLA2
Hom/Reg-like NPCs,up_in_severe,KEGG,KEGG_2021_Human,46,Basal cell carcinoma,0.27804625811579087,0.6605557968691578,3.1364642631246045,4.0145732094364295,1,GADD45B
Hom/Reg-like NPCs,up_in_severe,KEGG,KEGG_2021_Human,47,Amyotrophic lateral sclerosis,0.28900503045848097,0.6605557968691578,1.6234903047091414,2.015256673309639,3,FUS;GPX3;NDUFA2
Hom/Reg-like NPCs,up_in_severe,KEGG,KEGG_2021_Human,48,Melanoma,0.3109355731721739,0.6605557968691578,2.7376415354874344,3.1980294764149266,1,GADD45B
Hom/Reg-like NPCs,up_in_severe,KEGG,KEGG_2021_Human,49,Non-small cell lung cancer,0.3109355731721739,0.6605557968691578,2.7376415354874344,3.1980294764149266,1,GADD45B
Hom/Reg-like NPCs,up_in_severe,KEGG,KEGG_2021_Human,50,Human T-cell leukemia virus 1 infection,0.3115182056820916,0.6605557968691578,1.795866222566957,2.0945142807848613,2,IL1R1;TSPO
Hom/Reg-like NPCs,up_in_severe,KEGG,KEGG_2021_Human,51,Thyroid hormone synthesis,0.3215654676682483,0.6605557968691578,2.6262586115527293,2.979632538679963,1,GPX3
Hom/Reg-like NPCs,up_in_severe,KEGG,KEGG_2021_Human,52,Glioma,0.3215654676682483,0.6605557968691578,2.6262586115527293,2.979632538679963,1,GADD45B
Hom/Reg-like NPCs,up_in_severe,KEGG,KEGG_2021_Human,53,Chronic myeloid leukemia,0.32507255139463415,0.6605557968691578,2.591111111111111,2.9116493992557615,1,GADD45B
Hom/Reg-like NPCs,up_in_severe,KEGG,KEGG_2021_Human,54,Metabolism of xenobiotics by cytochrome P450,0.32507255139463415,0.6605557968691578,2.591111111111111,2.9116493992557615,1,GSTP1
Hom/Reg-like NPCs,up_in_severe,KEGG,KEGG_2021_Human,55,Pancreatic cancer,0.32507255139463415,0.6605557968691578,2.591111111111111,2.9116493992557615,1,GADD45B
Hom/Reg-like NPCs,up_in_severe,KEGG,KEGG_2021_Human,56,Pertussis,0.32507255139463415,0.6605557968691578,2.591111111111111,2.9116493992557615,1,SERPING1
Hom/Reg-like NPCs,up_in_severe,KEGG,KEGG_2021_Human,57,Synaptic vesicle cycle,0.3320329468609451,0.6605557968691578,2.523554876496053,2.7822724414547797,1,AP2M1
Hom/Reg-like NPCs,up_in_severe,KEGG,KEGG_2021_Human,58,Thermogenesis,0.3360722475299224,0.6605557968691578,1.6932414980628498,1.8463598362102038,2,NDUFA2;PNPLA2
Hom/Reg-like NPCs,up_in_severe,KEGG,KEGG_2021_Human,59,B cell receptor signaling pathway,0.3423404683983466,0.6614714135154494,2.4285539215686276,2.6032871995667577,1,CD81
Hom-NPCs,up_in_severe,GO:BP,GO_Biological_Process_2025,736,Regulation of Signal Transduction (GO:0009966),0.6396274439995959,0.6622229787061034,0.9871679197994987,0.44113512701308283,1,CLU
Hom/Reg-like NPCs,up_in_severe,GO:BP,GO_Biological_Process_2025,843,Protein Localization to Membrane (GO:0072657),0.6439303936500358,0.6622629315475457,0.9753911665676371,0.42933270472847695,1,CD81
ECM/Adh-NPCs,up_in_severe,REAC,Reactome_2022,164,M Phase R-HSA-68886,0.6245231335814935,0.6626038124584138,1.0327176781002638,0.4861693068524064,1,LMNA
Fibro-reg NPCs,up_in_severe,KEGG,KEGG_2021_Human,73,Neuroactive ligand-receptor interaction,0.6562554435148835,0.6652452441109779,0.944937319189971,0.3980124843869263,1,TSPO
Hom/Reg-like NPCs,up_in_severe,REAC,Reactome_2022,309,Membrane Trafficking R-HSA-199991,0.5997411984078991,0.6657321393330401,0.9715268456375838,0.49669995182156185,3,TPD52L1;AP2M1;FTL
Hom/Reg-like NPCs,up_in_severe,REAC,Reactome_2022,310,RAC1 GTPase Cycle R-HSA-9013149,0.6027416165681786,0.6669044338157589,1.0922787193973635,0.5529843106977304,1,NGEF
Hom/Reg-like NPCs,up_in_severe,GO:BP,GO_Biological_Process_2025,844,DNA-templated Transcription (GO:0006351),0.6512820622992554,0.6690302701581214,0.9558823529411765,0.40989425863652124,1,SCX
Hom-NPCs,up_in_severe,KEGG,KEGG_2021_Human,114,Rap1 signaling pathway,0.6378707852291535,0.6692615684678731,0.9919415764291111,0.4459963223817134,1,ID1
Hom-NPCs,up_in_severe,KEGG,KEGG_2021_Human,115,Human immunodeficiency virus 1 infection,0.6413756697817118,0.6692615684678731,0.9824395111000249,0.43634061119966816,1,ELOB
Hom-NPCs,up_in_severe,GO:BP,GO_Biological_Process_2025,737,Regulation of Canonical Wnt Signaling Pathway (GO:0060828),0.648285040034943,0.6702757130347715,0.9639657282741738,0.4178066556350681,1,COL1A1
Hom/Reg-like NPCs,up_in_severe,REAC,Reactome_2022,311,mRNA Splicing - Major Pathway R-HSA-72163,0.6089025402229256,0.6715548916284999,1.0739106753812637,0.5327639250579977,1,FUS
Hom/Reg-like NPCs,up_in_severe,REAC,Reactome_2022,312,Neurotransmitter Receptors And Postsynaptic Signal Transmission R-HSA-112314,0.6109350800591554,0.6716369630137511,1.067923301917452,0.5262347745699735,1,AP2M1
Hom/Reg-like NPCs,up_in_severe,KEGG,KEGG_2021_Human,60,Colorectal cancer,0.3591707678710129,0.6721968750792012,2.285121107266436,2.339866501030391,1,GADD45B
Hom/Reg-like NPCs,up_in_severe,KEGG,KEGG_2021_Human,61,Endocytosis,0.37332647552474585,0.6721968750792012,1.5561980198019802,1.5333249787604242,2,AP2M1;RAB11B
Hom/Reg-like NPCs,up_in_severe,KEGG,KEGG_2021_Human,62,Small cell lung cancer,0.37880491893888857,0.6721968750792012,2.1338073691014867,2.071359217904193,1,GADD45B
Hom/Reg-like NPCs,up_in_severe,KEGG,KEGG_2021_Human,63,Salivary secretion,0.3820188519715645,0.6721968750792012,2.1105072463768115,2.0309101428042693,1,CST3
Hom/Reg-like NPCs,up_in_severe,KEGG,KEGG_2021_Human,64,TGF-beta signaling pathway,0.38521631738428525,0.6721968750792012,2.087708201560194,1.9915697381425963,1,ID1
Hom/Reg-like NPCs,up_in_severe,KEGG,KEGG_2021_Human,65,Prostate cancer,0.3947107411849564,0.6721968750792012,2.0221609477124183,1.8798050294414548,1,GSTP1
Hom/Reg-like NPCs,up_in_severe,KEGG,KEGG_2021_Human,66,mRNA surveillance pathway,0.3978431673580627,0.6721968750792012,2.0012128562765312,1.8445126929219609,1,FUS
Hom/Reg-like NPCs,up_in_severe,KEGG,KEGG_2021_Human,67,Inflammatory mediator regulation of TRP channels,0.3978431673580627,0.6721968750792012,2.0012128562765312,1.8445126929219609,1,IL1R1
Hom/Reg-like NPCs,up_in_severe,KEGG,KEGG_2021_Human,68,Hematopoietic cell lineage,0.40095953952092706,0.6721968750792012,1.9806922769107642,1.8101442845569529,1,IL1R1
Fibro-reg NPCs,up_in_severe,REAC,Reactome_2022,173,Innate Immune System R-HSA-168249,0.6289352315729377,0.6726535684878209,0.9315135987386677,0.4319680047912342,3,CST3;CD81;SERPING1
Fibro-reg NPCs,up_in_severe,REAC,Reactome_2022,174,Post-translational Protein Modification R-HSA-597592,0.6292565640692518,0.6726535684878209,0.928158835738041,0.4299382213661274,4,CST3;LGALS1;THY1;MFGE8
Hom-NPCs,up_in_severe,REAC,Reactome_2022,308,Programmed Cell Death R-HSA-5357801,0.6343320069863223,0.6734628775471669,1.0016272565471651,0.455923490464215,1,NDUFA2
Hom/Reg-like NPCs,up_in_severe,KEGG,KEGG_2021_Human,69,C-type lectin receptor signaling pathway,0.4163034269347755,0.6764520402133478,1.8840662478583667,1.6510842979828917,1,MAPKAPK2
Hom/Reg-like NPCs,up_in_severe,KEGG,KEGG_2021_Human,70,Th17 cell differentiation,0.42532226272779805,0.6764520402133478,1.8304661487236404,1.5648803961758824,1,IL1R1
Hom/Reg-like NPCs,up_in_severe,KEGG,KEGG_2021_Human,71,Drug metabolism,0.4282977661631979,0.6764520402133478,1.8132673630199743,1.5375357807565957,1,GSTP1
Hom/Reg-like NPCs,up_in_severe,KEGG,KEGG_2021_Human,72,HIF-1 signaling pathway,0.4312580121479863,0.6764520402133478,1.7963870733478577,1.510849070068202,1,TIMP1
Hom/Reg-like NPCs,up_in_severe,KEGG,KEGG_2021_Human,73,TNF signaling pathway,0.4400479781330113,0.6764520402133478,1.747571100512277,1.4345313399986037,1,JUNB
Hom/Reg-like NPCs,up_in_severe,KEGG,KEGG_2021_Human,74,Pathways of neurodegeneration,0.443999183308652,0.6764520402133478,1.2346398305084745,1.0024442732581387,3,FUS;GPX3;NDUFA2
Hom/Reg-like NPCs,up_in_severe,KEGG,KEGG_2021_Human,75,Cytokine-cytokine receptor interaction,0.4503148210158834,0.6764520402133478,1.3249079174129017,1.0570225843465557,2,TNFRSF12A;IL1R1
Hom/Reg-like NPCs,up_in_severe,KEGG,KEGG_2021_Human,76,"Growth hormone synthesis, secretion and action",0.4600381641196863,0.6764520402133478,1.643320039880359,1.2759489881512094,1,JUNB
Hom/Reg-like NPCs,up_in_severe,KEGG,KEGG_2021_Human,77,Neurotrophin signaling pathway,0.4600381641196863,0.6764520402133478,1.643320039880359,1.2759489881512094,1,MAPKAPK2
Hom/Reg-like NPCs,up_in_severe,KEGG,KEGG_2021_Human,78,AMPK signaling pathway,0.4628356064617643,0.6764520402133478,1.6294282418849892,1.2552843868882833,1,RAB11B
Fibro-NPCs,up_in_severe,REAC,Reactome_2022,148,Diseases Of Signal Transduction By Growth Factor Receptors And Second Messengers R-HSA-5663202,0.6272345803995878,0.6780914382698247,1.0260572629366955,0.47858868791890313,1,LMNA
Hom-NPCs,up_in_severe,GO:BP,GO_Biological_Process_2025,738,Regulation of Cell Growth (GO:0001558),0.658402826874893,0.6798143009196049,0.9375089306977852,0.39182092255232087,1,CIB1
Hom/Reg-like NPCs,up_in_severe,REAC,Reactome_2022,313,ESR-mediated Signaling R-HSA-8939211,0.6229124912438171,0.6825841058061954,1.033343818810947,0.489132504631589,1,FKBP5
Hom/Reg-like NPCs,up_in_severe,REAC,Reactome_2022,314,mRNA Splicing R-HSA-72172,0.6248729131870127,0.6825841058061954,1.0277951606174385,0.48327646760044074,1,FUS
Hom/Reg-like NPCs,up_in_severe,GO:BP,GO_Biological_Process_2025,845,"mRNA Splicing, via Spliceosome (GO:0000398)",0.6655374093161079,0.682865010505403,0.919094304388422,0.3742188325355694,1,UBL5
Hom/Reg-like NPCs,up_in_severe,KEGG,KEGG_2021_Human,79,Cell cycle,0.4738825721876221,0.6838305472074546,1.5761198788458473,1.1770395891541714,1,GADD45B
Hom/Reg-like NPCs,up_in_severe,KEGG,KEGG_2021_Human,80,Lysosome,0.48470451351307703,0.6845586451508596,1.5261695229272811,1.1052761189182199,1,LAMP1
Hom/Reg-like NPCs,up_in_severe,KEGG,KEGG_2021_Human,81,FoxO signaling pathway,0.49267603140886124,0.6845586451508596,1.4907239819004525,1.0552886617859483,1,GADD45B
Hom/Reg-like NPCs,up_in_severe,KEGG,KEGG_2021_Human,82,Oxidative phosphorylation,0.49792240657594544,0.6845586451508596,1.4679887106357694,1.0236447113063267,1,NDUFA2
Hom/Reg-like NPCs,up_in_severe,KEGG,KEGG_2021_Human,83,Estrogen signaling pathway,0.508254502873238,0.6845586451508596,1.4245242214532872,0.9640794838440134,1,FKBP5
Hom/Reg-like NPCs,up_in_severe,KEGG,KEGG_2021_Human,84,Ubiquitin mediated proteolysis,0.515865135191815,0.6845586451508596,1.3935674989420228,0.9224161427785792,1,FBXO2
Hom/Reg-like NPCs,up_in_severe,KEGG,KEGG_2021_Human,85,Signaling pathways regulating pluripotency of stem cells,0.5233591051628356,0.6845586451508596,1.3639188069594035,0.8831202762085767,1,ID1
Hom/Reg-like NPCs,up_in_severe,KEGG,KEGG_2021_Human,86,Breast cancer,0.533172647494211,0.6845586451508596,1.3262825678216492,0.8341123574824278,1,GADD45B
Hom/Reg-like NPCs,up_in_severe,KEGG,KEGG_2021_Human,87,Retrograde endocannabinoid signaling,0.5355946035851543,0.6845586451508596,1.3171935440843003,0.8224263290844437,1,NDUFA2
Hom/Reg-like NPCs,up_in_severe,KEGG,KEGG_2021_Human,88,Gastric cancer,0.5380041155490991,0.6845586451508596,1.308227344992051,0.8109558310976601,1,GADD45B
Hom/Reg-like NPCs,up_in_severe,KEGG,KEGG_2021_Human,89,Spliceosome,0.5404012467225968,0.6845586451508596,1.2993814975654692,0.7996957224006555,1,FUS
Hom/Reg-like NPCs,up_in_severe,KEGG,KEGG_2021_Human,90,mTOR signaling pathway,0.5498672191217879,0.6845586451508596,1.2651544277841855,0.756661598775755,1,DDIT4
Hom/Reg-like NPCs,up_in_severe,KEGG,KEGG_2021_Human,91,Non-alcoholic fatty liver disease,0.5522033851102792,0.6845586451508596,1.2568754774637128,0.7463814872250639,1,NDUFA2
Hom/Reg-like NPCs,up_in_severe,KEGG,KEGG_2021_Human,92,Hepatitis C,0.5568397557182236,0.6845586451508596,1.2406359979889392,0.7263648001576186,1,CD81
Hom/Reg-like NPCs,up_in_severe,KEGG,KEGG_2021_Human,93,Necroptosis,0.5614285835671052,0.6845586451508596,1.2248076445768181,0.7070455682527605,1,FTL
Hom/Reg-like NPCs,up_in_severe,KEGG,KEGG_2021_Human,94,Alzheimer disease,0.5693849406622009,0.6845586451508596,1.0537675020908086,0.59348033155249,2,LRP1;NDUFA2
Hom/Reg-like NPCs,up_in_severe,KEGG,KEGG_2021_Human,95,Hippo signaling pathway,0.5704655376257164,0.6845586451508596,1.194323408375696,0.6703767374087433,1,ID1
Fibro-reg NPCs,up_in_severe,KEGG,KEGG_2021_Human,74,Alzheimer disease,0.6853713249649692,0.6853713249649692,0.8717925873129009,0.3293584510365662,1,LRP1
Fibro-reg NPCs,up_in_severe,GO:BP,GO_Biological_Process_2025,488,Negative Regulation of Transcription by RNA Polymerase II (GO:0000122),0.6679812724876324,0.6885134837321293,0.8770776255707763,0.3538965602297616,2,RPS14;ID3
Fibro-reg NPCs,up_in_severe,GO:BP,GO_Biological_Process_2025,489,Intracellular Signaling Cassette (GO:0141124),0.6700891068386735,0.6889357513622775,0.9095342033158408,0.36412708876637745,1,CEBPD
Fibro-reg NPCs,up_in_severe,GO:BP,GO_Biological_Process_2025,490,Positive Regulation of Macromolecule Biosynthetic Process (GO:0010557),0.6711302548061947,0.6889357513622775,0.9069185884968046,0.3616719144040677,1,SFRP4
Fibro-NPCs,up_in_severe,REAC,Reactome_2022,149,RHO GTPase Cycle R-HSA-9012999,0.6418545434554885,0.689239778207236,0.9855555555555555,0.4369889950174901,1,BASP1
Fibro-NPCs,up_in_severe,GO:BP,GO_Biological_Process_2025,390,Positive Regulation of Cell Population Proliferation (GO:0008284),0.6763762478334007,0.6902506324043421,0.8958362088796872,0.3502771339362676,1,TIMP1
ECM/Adh-NPCs,up_in_severe,GO:BP,GO_Biological_Process_2025,477,Organelle Organization (GO:0006996),0.6763615582828553,0.6905410458778837,0.8950917431192661,0.3500054833507079,1,THY1
Hom-NPCs,up_in_severe,GO:BP,GO_Biological_Process_2025,739,Regulation of Autophagy (GO:0010506),0.6714464412787737,0.6923439624552444,0.904389795449322,0.36023747124806016,1,HSPB1
Hom/Reg-like NPCs,up_in_severe,GO:BP,GO_Biological_Process_2025,846,Regulation of Phosphatidylinositol 3-Kinase/Protein Kinase B Signal Transduction (GO:0051896),0.6792154324997689,0.6960753900440895,0.8850062960964202,0.34233541199008205,1,IL1R1
Fibro-reg NPCs,up_in_severe,GO:BP,GO_Biological_Process_2025,491,Negative Regulation of Gene Expression (GO:0010629),0.6803562848573684,0.6969841370331086,0.8840265546673892,0.34047281124877543,1,SRGN
Hom-NPCs,up_in_severe,REAC,Reactome_2022,309,Post-translational Protein Modification R-HSA-597592,0.6595849255560602,0.698007348403986,0.8969740982812878,0.3732708757414456,6,CST3;LGALS1;PLAUR;FN1;ELOB;MFGE8
Hom/Reg-like NPCs,up_in_severe,KEGG,KEGG_2021_Human,96,Influenza A,0.5901299975078774,0.7007793720406045,1.1309482857470474,0.5964761853922328,1,RAB11B
Hom/Reg-like NPCs,up_in_severe,GO:BP,GO_Biological_Process_2025,847,Regulation of ERK1 and ERK2 Cascade (GO:0070372),0.6858452218068111,0.7020399141753308,0.8688835894718248,0.32765886968900393,1,GSTP1
Fibro-reg NPCs,up_in_severe,GO:BP,GO_Biological_Process_2025,492,Protein Localization (GO:0008104),0.6873555931173745,0.7027232994675597,0.8669915817456801,0.32503819396790634,1,LMNA
Hom/Reg-like NPCs,up_in_severe,KEGG,KEGG_2021_Human,97,Tuberculosis,0.606859485700572,0.7035010012802396,1.0799649468726038,0.5393971373007973,1,LAMP1
Hom/Reg-like NPCs,up_in_severe,KEGG,KEGG_2021_Human,98,NOD-like receptor signaling pathway,0.6089025402229256,0.7035010012802396,1.0739106753812637,0.5327639250579977,1,GBP2
Hom/Reg-like NPCs,up_in_severe,KEGG,KEGG_2021_Human,99,Axon guidance,0.6109350800591554,0.7035010012802396,1.067923301917452,0.5262347745699735,1,NGEF
Fibro-reg NPCs,up_in_severe,REAC,Reactome_2022,175,Gene Expression (Transcription) R-HSA-74160,0.6662260726942194,0.7041614343050469,0.8826154396850018,0.3584532700718532,4,COL1A1;COL1A2;DDIT4;FKBP5
Fibro-reg NPCs,up_in_severe,REAC,Reactome_2022,176,Metabolism Of Lipids R-HSA-556833,0.6679812724876324,0.7041614343050469,0.8770776255707763,0.3538965602297616,2,TSPO;CYP1B1
Fibro-reg NPCs,up_in_severe,REAC,Reactome_2022,177,Transcriptional Regulation By TP53 R-HSA-3700989,0.6700891068386735,0.7041614343050469,0.9095342033158408,0.36412708876637745,1,DDIT4
Hom/Reg-like NPCs,up_in_severe,KEGG,KEGG_2021_Human,100,RNA transport,0.6189611595233554,0.7056157218566251,1.0446210916799152,0.5011180622401419,1,FUS
Hom/Reg-like NPCs,up_in_severe,GO:BP,GO_Biological_Process_2025,848,mRNA Processing (GO:0006397),0.6907283471867771,0.7062045719468583,0.8571677559912854,0.31715949492049195,1,UBL5
Eff-NPCs,up_in_severe,REAC,Reactome_2022,59,Metabolism R-HSA-1430728,0.6955541988126146,0.7073432530297775,0.876025390625,0.31803781427949446,1,PRELP
Hom-NPCs,up_in_severe,GO:BP,GO_Biological_Process_2025,740,Negative Regulation of Transcription by RNA Polymerase II (GO:0000122),0.6875087864973933,0.7079482369067752,0.8484888711889906,0.317912378034648,3,RPS14;ID1;JDP2
Hom-NPCs,up_in_severe,KEGG,KEGG_2021_Human,116,Chemical carcinogenesis,0.6855320597058929,0.7091710962474755,0.8697921273772667,0.32839872667675374,1,GSTP1
Hom/Reg-like NPCs,up_in_severe,GO:BP,GO_Biological_Process_2025,849,Regulation of RNA Biosynthetic Process (GO:2001141),0.6947713679971765,0.7095015030077173,0.8311699420482005,0.30268919786023063,2,FUS;ZNF703
ECM/Adh-NPCs,up_in_severe,GO:BP,GO_Biological_Process_2025,478,Regulation of RNA Biosynthetic Process (GO:2001141),0.6991876984882315,0.7123523204262945,0.8398706896551724,0.3005360088295367,1,FUS
Hom/Reg-like NPCs,up_in_severe,KEGG,KEGG_2021_Human,101,Kaposi sarcoma-associated herpesvirus infection,0.6326141788551276,0.7139053375203378,1.0061785130718954,0.46072366223519845,1,MAPKAPK2
Hom/Reg-like NPCs,up_in_severe,KEGG,KEGG_2021_Human,102,Pathogenic Escherichia coli infection,0.640197211301413,0.7139053375203378,0.9854441776710684,0.4394874162414859,1,IL1R1
Hom/Reg-like NPCs,up_in_severe,KEGG,KEGG_2021_Human,103,Epstein-Barr virus infection,0.6494583602643423,0.7139053375203378,0.9606867622670959,0.41464831112327394,1,GADD45B
Hom/Reg-like NPCs,up_in_severe,KEGG,KEGG_2021_Human,104,Viral carcinogenesis,0.6512820622992554,0.7139053375203378,0.9558823529411765,0.40989425863652124,1,MAPKAPK2
Hom-NPCs,up_in_severe,GO:BP,GO_Biological_Process_2025,741,Positive Regulation of Developmental Process (GO:0051094),0.6945887583805365,0.7142734600350455,0.8481449525452976,0.30909397982485387,1,BASP1
Hom/Reg-like NPCs,up_in_severe,GO:BP,GO_Biological_Process_2025,850,Negative Regulation of RNA Biosynthetic Process (GO:1902679),0.7004056292099774,0.7144137417941769,0.8220783616823221,0.2927385215392818,2,ZNF703;ID1
Eff-NPCs,up_in_severe,GO:BP,GO_Biological_Process_2025,206,Regulation of DNA-templated Transcription (GO:0006355),0.711934174463202,0.7153901656013728,0.8349391955098223,0.28368714304209247,1,COL1A1
Hom/Reg-like NPCs,up_in_severe,REAC,Reactome_2022,315,Phospholipid Metabolism R-HSA-1483257,0.6602605834578337,0.7189504130985299,0.9325565975182344,0.38712354611801364,1,PNPLA2
Hom-NPCs,up_in_severe,REAC,Reactome_2022,310,Neddylation R-HSA-8951664,0.6824544940660117,0.7198794179341479,0.8772524531668153,0.33516257179059816,1,ELOB
Hom/Reg-like NPCs,up_in_severe,KEGG,KEGG_2021_Human,105,Rap1 signaling pathway,0.6637875485618187,0.7206836241528316,0.9235387935078337,0.37845985996823267,1,ID1
ECM/Adh-NPCs,up_in_severe,GO:BP,GO_Biological_Process_2025,479,Nervous System Development (GO:0007399),0.7107588102129518,0.7226295210307048,0.8129436325678497,0.277556948935393,1,GSN
Hom-NPCs,up_in_severe,KEGG,KEGG_2021_Human,117,Endocytosis,0.7048290906954197,0.7229016314824817,0.8241979450618578,0.2883043835752833,1,RAB11B
Fibro-NPCs,up_in_severe,GO:BP,GO_Biological_Process_2025,391,Negative Regulation of Cellular Process (GO:0048523),0.7103887976613379,0.7231067556757352,0.8144234800838575,0.2784862911693965,1,LMNA
Hom/Reg-like NPCs,up_in_severe,REAC,Reactome_2022,316,RHO GTPase Cycle R-HSA-9012999,0.6665192560535458,0.7234686861593868,0.8776923250411601,0.3560677066635085,2,CDC37;NGEF
Hom-NPCs,up_in_severe,REAC,Reactome_2022,311,Adaptive Immune System R-HSA-1280218,0.6884040367354305,0.7238203215835555,0.8472823685373398,0.3163577406436894,3,CD81;NDUFA2;ELOB
Hom/Reg-like NPCs,up_in_severe,GO:BP,GO_Biological_Process_2025,851,Nervous System Development (GO:0007399),0.7114185717663439,0.7247942440909755,0.8044658022287584,0.2739160313598727,2,GSTP1;ATN1
Fibro-reg NPCs,up_in_severe,REAC,Reactome_2022,178,M Phase R-HSA-68886,0.696133499669146,0.7274203985306806,0.8460141009559237,0.30643800534822974,1,LMNA
Hom/Reg-like NPCs,up_in_severe,KEGG,KEGG_2021_Human,106,Regulation of actin cytoskeleton,0.6775364513939521,0.7286712779142503,0.8891298454865817,0.34613106901781576,1,ITGA11
Hom-NPCs,up_in_severe,REAC,Reactome_2022,312,Transmission Across Chemical Synapses R-HSA-112315,0.6960729064755199,0.7295379500560738,0.8446401718582169,0.30601387201558616,1,COMT
Fibro-NPCs,up_in_severe,REAC,Reactome_2022,150,Signal Transduction R-HSA-162582,0.6849235367085813,0.7305851058224867,0.8672417211976998,0.3282059575129728,5,COL1A2;BASP1;MMP2;COL6A2;ID3
Fibro-NPCs,up_in_severe,GO:BP,GO_Biological_Process_2025,392,Protein Modification Process (GO:0036211),0.7198259371042511,0.7308436810395204,0.7928921568627451,0.26066000624150365,1,COL3A1
Eff-NPCs,up_in_severe,GO:BP,GO_Biological_Process_2025,207,Regulation of Transcription by RNA Polymerase II (GO:0006357),0.7310311652533965,0.7310311652533965,0.7887950200088928,0.247128838017442,1,ZFP36
ECM/Adh-NPCs,up_in_severe,REAC,Reactome_2022,165,Post-translational Protein Modification R-HSA-597592,0.6943928111942214,0.732268782713906,0.8409873188405798,0.3067227657431481,3,CST3;THY1;MFGE8
Hom/Reg-like NPCs,up_in_severe,KEGG,KEGG_2021_Human,107,Human cytomegalovirus infection,0.6891090488913106,0.7341909492860692,0.8610381652661064,0.3206125111535865,1,IL1R1
Fibro-NPCs,up_in_severe,GO:BP,GO_Biological_Process_2025,393,Positive Regulation of RNA Biosynthetic Process (GO:1902680),0.7263818843240587,0.7356233841246193,0.7781789009225832,0.24876775712604482,1,COL1A1
Fibro-reg NPCs,up_in_severe,GO:BP,GO_Biological_Process_2025,493,Positive Regulation of Multicellular Organismal Process (GO:0051240),0.7210379046149858,0.7356634199215779,0.7886618751514173,0.2579425690388969,1,COL1A1
Fibro-NPCs,up_in_severe,REAC,Reactome_2022,151,Innate Immune System R-HSA-168249,0.6956867594175016,0.7371515331576176,0.8325706239549415,0.3021030617137007,2,C1R;CD81
Hom-NPCs,up_in_severe,GO:BP,GO_Biological_Process_2025,742,Chromatin Remodeling (GO:0006338),0.7188712960784431,0.7382478808784012,0.7922161726154466,0.26148912227831156,1,GPX1
Fibro-NPCs,up_in_severe,REAC,Reactome_2022,152,"Cell Cycle, Mitotic R-HSA-69278",0.7048572659578665,0.7419550167977541,0.8272456364410388,0.289337397652488,1,LMNA
ECM/Adh-NPCs,up_in_severe,KEGG,KEGG_2021_Human,87,Pathways in cancer,0.7469295552256691,0.7469295552256691,0.7327924528301887,0.21381740754850648,1,GADD45B
Hom-NPCs,up_in_severe,REAC,Reactome_2022,313,Signaling By Nuclear Receptors R-HSA-9006931,0.7161167802478483,0.7481475627509468,0.7984149563096932,0.26660035438552704,1,POLR2F
Hom/Reg-like NPCs,up_in_severe,KEGG,KEGG_2021_Human,108,Chemical carcinogenesis,0.7110344360530004,0.750536349167056,0.8098121601581809,0.2761738179875005,1,GSTP1
Hom/Reg-like NPCs,up_in_severe,KEGG,KEGG_2021_Human,109,Shigellosis,0.7214156985431176,0.7521418830793177,0.7863945578231293,0.2567890819439828,1,IL1R1
Hom/Reg-like NPCs,up_in_severe,KEGG,KEGG_2021_Human,110,Parkinson disease,0.7257509398133768,0.7521418830793177,0.7767631246046806,0.2489901621084865,1,NDUFA2
Hom/Reg-like NPCs,up_in_severe,REAC,Reactome_2022,317,HIV Infection R-HSA-162906,0.6955362959282526,0.7525834369192134,0.8457602339181286,0.30707192914320747,1,AP2M1
Hom/Reg-like NPCs,up_in_severe,REAC,Reactome_2022,318,Mitotic Anaphase R-HSA-68882,0.7002702140695947,0.7546343335665925,0.8346490111195993,0.29737626012550644,1,LMNA
Hom/Reg-like NPCs,up_in_severe,REAC,Reactome_2022,319,Mitotic Metaphase And Anaphase R-HSA-2555396,0.7018319312179097,0.7546343335665925,0.8310091277890467,0.2942281869220483,1,LMNA
Hom/Reg-like NPCs,up_in_severe,GO:BP,GO_Biological_Process_2025,852,Inflammatory Response (GO:0006954),0.7424338348166643,0.7555048530352676,0.7404600301659126,0.22052493437406245,1,MAPKAPK2
Hom-NPCs,up_in_severe,GO:BP,GO_Biological_Process_2025,743,Cellular Component Assembly (GO:0022607),0.7387041613066512,0.7575943080964579,0.7485888634630053,0.2267159472324142,1,ELOB
Hom/Reg-like NPCs,up_in_severe,REAC,Reactome_2022,320,Neddylation R-HSA-8951664,0.7079986238618236,0.7580225935733415,0.8167580591558657,0.2820372810335195,1,FBXO2
Hom/Reg-like NPCs,up_in_severe,REAC,Reactome_2022,321,Transport Of Small Molecules R-HSA-382551,0.7094030686211155,0.7580225935733415,0.8190896159317212,0.2812191935691211,3,P4HB;AP2M1;FTL
Fibro-reg NPCs,up_in_severe,GO:BP,GO_Biological_Process_2025,494,Positive Regulation of Gene Expression (GO:0010628),0.7455517190576763,0.7584204358031983,0.734991520633126,0.21581612775671588,1,SFRP4
Fibro-reg NPCs,up_in_severe,GO:BP,GO_Biological_Process_2025,495,Organelle Organization (GO:0006996),0.7463580829474813,0.7584204358031983,0.733268160625658,0.21451744639913042,1,THY1
Hom-NPCs,up_in_severe,REAC,Reactome_2022,314,RHO GTPase Effectors R-HSA-195258,0.7283054399186121,0.7584582129088732,0.771249018067557,0.24451274614669904,1,MYL6
Hom-NPCs,up_in_severe,GO:BP,GO_Biological_Process_2025,744,Protein Modification Process (GO:0036211),0.740682976068019,0.7586027254890195,0.7586301477214843,0.22772755333929184,2,UBL5;FN1
Hom-NPCs,up_in_severe,REAC,Reactome_2022,315,RAF/MAP Kinase Cascade R-HSA-5673001,0.7309428881172022,0.7587883314740481,0.765458089668616,0.23990983673847596,1,FN1
Hom/Reg-like NPCs,up_in_severe,REAC,Reactome_2022,322,Processing Of Capped Intron-Containing Pre-mRNA R-HSA-72203,0.7155296436379758,0.7621946203969743,0.7996094703441543,0.26765507727578786,1,FUS
Hom/Reg-like NPCs,up_in_severe,GO:BP,GO_Biological_Process_2025,853,Positive Regulation of Transcription by RNA Polymerase II (GO:0045944),0.7514490310459677,0.7637823093984221,0.7807595877054508,0.22310353176423228,4,CD81;WBP2;ZC3H12A;SCX
Hom-NPCs,up_in_severe,REAC,Reactome_2022,316,MAPK1/MAPK3 Signaling R-HSA-5684996,0.7387041613066512,0.7644185466685915,0.7485888634630053,0.2267159472324142,1,FN1
Fibro-reg NPCs,up_in_severe,REAC,Reactome_2022,179,Diseases Of Signal Transduction By Growth Factor Receptors And Second Messengers R-HSA-5663202,0.735676393711655,0.7644458616221667,0.7563074061155679,0.23215985708522371,1,LMNA
Eff-NPCs,up_in_severe,REAC,Reactome_2022,60,Signal Transduction R-HSA-162582,0.764783766749005,0.764783766749005,0.7112418831168831,0.19072814753618425,1,COL6A2
Hom/Reg-like NPCs,up_in_severe,REAC,Reactome_2022,323,Transmission Across Chemical Synapses R-HSA-112315,0.7214156985431176,0.7660854012392859,0.7863945578231293,0.2567890819439828,1,AP2M1
Hom-NPCs,up_in_severe,GO:BP,GO_Biological_Process_2025,745,Positive Regulation of RNA Biosynthetic Process (GO:1902680),0.7498010752138725,0.7669106299502965,0.7445269516371051,0.21438455578883137,2,COL1A1;WBP2
ECM/Adh-NPCs,up_in_severe,GO:BP,GO_Biological_Process_2025,480,Protein Modification Process (GO:0036211),0.7560571401014042,0.7670829733945498,0.7134191176470588,0.19949932602171477,1,COL3A1
Hom-NPCs,up_in_severe,GO:BP,GO_Biological_Process_2025,746,Central Nervous System Development (GO:0007417),0.7523620912860473,0.7684985436460697,0.7194938565927013,0.2047230311015433,1,GSTP1
ECM/Adh-NPCs,up_in_severe,GO:BP,GO_Biological_Process_2025,481,Positive Regulation of RNA Biosynthetic Process (GO:1902680),0.7623784371581411,0.7718883552931698,0.7001805054151624,0.18996752024482574,1,COL1A1
Hom-NPCs,up_in_severe,KEGG,KEGG_2021_Human,118,Cytokine-cytokine receptor interaction,0.760683143060586,0.7735760776887315,0.7021124239169352,0.19205469290804375,1,CXCL14
Hom/Reg-like NPCs,up_in_severe,GO:BP,GO_Biological_Process_2025,854,Negative Regulation of Signal Transduction (GO:0009968),0.7631239258988736,0.7738344371395596,0.6969664677465189,0.18841431967387837,1,CILP
Hom/Reg-like NPCs,up_in_severe,GO:BP,GO_Biological_Process_2025,855,Cellular Component Assembly (GO:0022607),0.7631239258988736,0.7738344371395596,0.6969664677465189,0.18841431967387837,1,AP2M1
Fibro-reg NPCs,up_in_severe,REAC,Reactome_2022,180,RHO GTPase Cycle R-HSA-9012999,0.7495584719097387,0.7745437543067301,0.7264530551415798,0.20941531228262744,1,BASP1
Hom/Reg-like NPCs,up_in_severe,REAC,Reactome_2022,324,Metabolism Of Lipids R-HSA-556833,0.7323265971583423,0.7752716753867636,0.7888065843621399,0.2457358846853684,3,MAPKAPK2;TSPO;PNPLA2
Hom/Reg-like NPCs,up_in_severe,KEGG,KEGG_2021_Human,111,Prion disease,0.7581111385548537,0.7760914311980219,0.7073601499423299,0.1958859099198729,1,NDUFA2
Hom/Reg-like NPCs,up_in_severe,KEGG,KEGG_2021_Human,112,Pathways in cancer,0.762475792054197,0.7760914311980219,0.7249995320893148,0.19660864947925796,2,GADD45B;GSTP1
Hom-NPCs,up_in_severe,GO:BP,GO_Biological_Process_2025,747,Cell Surface Receptor Protein Tyrosine Kinase Signaling Pathway (GO:0007169),0.7618490540043423,0.7771472277795299,0.6996966993755576,0.19032228450042474,1,HSPB1
ECM/Adh-NPCs,up_in_severe,REAC,Reactome_2022,166,"Cell Cycle, Mitotic R-HSA-69278",0.7415643304714845,0.7773023704942066,0.7443295019157088,0.22254958167019812,1,LMNA
Hom/Reg-like NPCs,up_in_severe,REAC,Reactome_2022,325,Generic Transcription Pathway R-HSA-212436,0.7408263399057582,0.7797282814238025,0.8056488418152071,0.24168582283787188,5,COL1A1;COL1A2;DDIT4;ZNF703;FKBP5
Hom/Reg-like NPCs,up_in_severe,REAC,Reactome_2022,326,Signaling By Nuclear Receptors R-HSA-9006931,0.7410828563969668,0.7797282814238025,0.7433568021803316,0.22274154552198297,1,FKBP5
Hom-NPCs,up_in_severe,GO:BP,GO_Biological_Process_2025,748,DNA Metabolic Process (GO:0006259),0.7687274066019472,0.7810270451075784,0.6855394299702745,0.18030979255485707,1,PTMS
Hom-NPCs,up_in_severe,GO:BP,GO_Biological_Process_2025,749,DNA Repair (GO:0006281),0.7687274066019472,0.7810270451075784,0.6855394299702745,0.18030979255485707,1,CIB1
Hom-NPCs,up_in_severe,GO:BP,GO_Biological_Process_2025,750,Regulation of Intracellular Signal Transduction (GO:1902531),0.7687274066019472,0.7810270451075784,0.6855394299702745,0.18030979255485707,1,HSPB1
Hom-NPCs,up_in_severe,GO:BP,GO_Biological_Process_2025,751,Monoatomic Cation Transmembrane Transport (GO:0098655),0.7709762118007513,0.7822688061147436,0.6809449365989231,0.17711225241374987,1,ROMO1
Hom/Reg-like NPCs,up_in_severe,REAC,Reactome_2022,327,PIP3 Activates AKT Signaling R-HSA-1257604,0.7516972009505742,0.7884774921285841,0.7207901887346699,0.2057291569981272,1,ATN1
Fibro-reg NPCs,up_in_severe,REAC,Reactome_2022,181,Neutrophil Degranulation R-HSA-6798695,0.770145672622713,0.7914204149603571,0.6835047565556218,0.17851476271135847,1,CST3
Fibro-reg NPCs,up_in_severe,GO:BP,GO_Biological_Process_2025,496,Positive Regulation of Cell Population Proliferation (GO:0008284),0.7815499706398775,0.79257990974165,0.66031972304246,0.16275308899385188,1,RPS9
Hom-NPCs,up_in_severe,GO:BP,GO_Biological_Process_2025,752,Protein Modification by Small Protein Conjugation (GO:0032446),0.7840217251311453,0.7944475459440595,0.6546031746031746,0.15927709421540692,1,FAU
Hom-NPCs,up_in_severe,GO:BP,GO_Biological_Process_2025,753,Regulation of Cell Cycle (GO:0051726),0.7861233031003293,0.7955191991533213,0.650406774032874,0.15651494280806713,1,GADD45B
Fibro-NPCs,up_in_severe,REAC,Reactome_2022,153,Sensory Perception R-HSA-9709957,0.7632427899718164,0.7976090679761999,0.6987895212285457,0.1887983196687183,1,RBP4
Fibro-NPCs,up_in_severe,REAC,Reactome_2022,154,Generic Transcription Pathway R-HSA-212436,0.7676987279270925,0.7976090679761999,0.718013468013468,0.18981253554966257,2,COL1A1;COL1A2
Hom/Reg-like NPCs,up_in_severe,GO:BP,GO_Biological_Process_2025,856,Phosphorylation (GO:0016310),0.7878007594378169,0.7979243673277888,0.6469928038555489,0.15431429534468924,1,MAPKAPK2
Hom-NPCs,up_in_severe,REAC,Reactome_2022,317,Antigen Processing: Ubiquitination And Proteasome Degradation R-HSA-983168,0.7743089069647635,0.7987350554494563,0.6741658066735466,0.172441083152139,1,ELOB
Hom-NPCs,up_in_severe,REAC,Reactome_2022,318,DNA Repair R-HSA-73894,0.7775936031471251,0.7996009692739307,0.6675183103389541,0.16791506688238342,1,POLR2F
Fibro-NPCs,up_in_severe,REAC,Reactome_2022,155,Signaling By Rho GTPases R-HSA-194315,0.7784909008951072,0.8018020567680773,0.6673924313115603,0.16711371384623383,1,BASP1
Fibro-NPCs,up_in_severe,REAC,Reactome_2022,156,Cell Cycle R-HSA-1640170,0.7837003386644525,0.8018020567680773,0.6568317168623448,0.16008864377617488,1,LMNA
Fibro-NPCs,up_in_severe,REAC,Reactome_2022,157,"Signaling By Rho GTPases, Miro GTPases And RHOBTB3 R-HSA-9716542",0.7867682682036758,0.8018020567680773,0.6506491316809981,0.15603966600684818,1,BASP1
Hom/Reg-like NPCs,up_in_severe,GO:BP,GO_Biological_Process_2025,857,Positive Regulation of DNA-templated Transcription (GO:0045893),0.7929497015630032,0.8022023235182306,0.7489426030459465,0.1737513042286754,5,COL1A1;CD81;WBP2;ZC3H12A;SCX
Hom-NPCs,up_in_severe,GO:BP,GO_Biological_Process_2025,754,Intracellular Protein Transport (GO:0006886),0.7943291479574678,0.8027570434265126,0.6341376518218623,0.14601486133626582,1,ROMO1
Hom-NPCs,up_in_severe,GO:BP,GO_Biological_Process_2025,755,Regulation of Gene Expression (GO:0010468),0.7967187847656169,0.8041055814455629,0.727128421541678,0.16524248213077636,4,GPX1;RGCC;FN1;CLU
Hom/Reg-like NPCs,up_in_severe,GO:BP,GO_Biological_Process_2025,858,Protein Transport (GO:0015031),0.7986392755630461,0.8070166106213997,0.625598773711439,0.1406633224687024,1,CLU
Hom/Reg-like NPCs,up_in_severe,KEGG,KEGG_2021_Human,113,MicroRNAs in cancer,0.8007402581455423,0.8078264551202816,0.6214861349070373,0.13810581391961946,1,DDIT4
Fibro-NPCs,up_in_severe,GO:BP,GO_Biological_Process_2025,394,Positive Regulation of DNA-templated Transcription (GO:0045893),0.800355264162417,0.8084806983163502,0.6675957690108634,0.14867329048265962,2,COL1A1;CD81
Hom/Reg-like NPCs,up_in_severe,GO:BP,GO_Biological_Process_2025,859,Protein Modification by Small Protein Conjugation (GO:0032446),0.8069138259404314,0.8144287393368499,0.6094615624027389,0.13075290823705032,1,FBXO2
Hom-NPCs,up_in_severe,KEGG,KEGG_2021_Human,119,Neuroactive ligand-receptor interaction,0.8088842461367732,0.8156815927429646,0.6056965944272446,0.1284679174583975,1,TSPO
Hom/Reg-like NPCs,up_in_severe,GO:BP,GO_Biological_Process_2025,860,Proteolysis (GO:0006508),0.8119134815146983,0.8185220796200505,0.5997855392156862,0.12497221124412629,1,FBXO2
Hom/Reg-like NPCs,up_in_severe,REAC,Reactome_2022,328,Signaling By WNT R-HSA-195721,0.7833053403384042,0.8191272309026604,0.655959312052466,0.1602067118318867,1,AP2M1
Fibro-NPCs,up_in_severe,REAC,Reactome_2022,158,RNA Polymerase II Transcription R-HSA-73857,0.8137839593604763,0.8240850221371913,0.646911866759195,0.13330288852809827,2,COL1A1;COL1A2
Fibro-reg NPCs,up_in_severe,REAC,Reactome_2022,182,"Cell Cycle, Mitotic R-HSA-69278",0.8070672849962843,0.8248050275236751,0.6097606934237799,0.1307011299252107,1,LMNA
Fibro-NPCs,up_in_severe,REAC,Reactome_2022,159,Adaptive Immune System R-HSA-1280218,0.8208507016716189,0.8260132847010001,0.5835458409228901,0.11520013931554285,1,CD81
Hom-NPCs,up_in_severe,GO:BP,GO_Biological_Process_2025,756,Intracellular Signaling Cassette (GO:0141124),0.8206709329742108,0.827184194347022,0.5830028328611898,0.11522063520645769,1,DEFB1
Hom/Reg-like NPCs,up_in_severe,REAC,Reactome_2022,329,Intracellular Signaling By Second Messengers R-HSA-9006925,0.7965163573865487,0.8290004132785256,0.6297653487624558,0.14327641141217068,1,ATN1
Hom/Reg-like NPCs,up_in_severe,REAC,Reactome_2022,330,Antigen Processing: Ubiquitination And Proteasome Degradation R-HSA-983168,0.7975805725420217,0.8290004132785256,0.627675253107779,0.1419628297303496,1,FBXO2
Hom/Reg-like NPCs,up_in_severe,REAC,Reactome_2022,331,DNA Repair R-HSA-73894,0.8007402581455423,0.8297701164468911,0.6214861349070373,0.13810581391961946,1,ALKBH5
Fibro-reg NPCs,up_in_severe,GO:BP,GO_Biological_Process_2025,497,Protein Modification Process (GO:0036211),0.8201431635146068,0.8300442882250448,0.5844382835101254,0.11588029801847802,1,COL3A1
Hom/Reg-like NPCs,up_in_severe,KEGG,KEGG_2021_Human,114,Neuroactive ligand-receptor interaction,0.8306619240332963,0.8306619240332963,0.5639273356401384,0.10462679042195921,1,TSPO
ECM/Adh-NPCs,up_in_severe,REAC,Reactome_2022,167,Sensory Perception R-HSA-9709957,0.7976027082837519,0.831035157133969,0.6287479674796748,0.14218799834871815,1,GSN
Fibro-reg NPCs,up_in_severe,GO:BP,GO_Biological_Process_2025,498,Positive Regulation of RNA Biosynthetic Process (GO:1902680),0.8257946503228587,0.8340857612698753,0.5735929454932829,0.10979093454437559,1,COL1A1
Hom-NPCs,up_in_severe,GO:BP,GO_Biological_Process_2025,757,Negative Regulation of Gene Expression (GO:0010629),0.8292454747177571,0.8347226575098162,0.5666521676091054,0.10609941821745313,1,RGCC
Hom-NPCs,up_in_severe,REAC,Reactome_2022,319,Vesicle-mediated Transport R-HSA-5653656,0.8147504011288412,0.8351830130693764,0.6456357848885911,0.13227364291607419,2,COL1A1;COL1A2
Hom/Reg-like NPCs,up_in_severe,GO:BP,GO_Biological_Process_2025,861,Proteasome-Mediated Ubiquitin-Dependent Protein Catabolic Process (GO:0043161),0.8297700872940367,0.8355524572403366,0.5656197582277749,0.1055483911886548,1,FBXO2
Hom/Reg-like NPCs,up_in_severe,REAC,Reactome_2022,332,MAPK Family Signaling Cascades R-HSA-5683057,0.8089292883038413,0.8357311623139082,0.6055545246489763,0.1284040655843532,1,HSPB1
Hom/Reg-like NPCs,up_in_severe,GO:BP,GO_Biological_Process_2025,862,Regulation of Transcription by RNA Polymerase II (GO:0006357),0.832559238449741,0.8373884683711432,0.7543364949158335,0.13823284337799946,9,RPS14;CD81;FUS;WBP2;ZC3H12A;ID1;ATN1;SCX;JDP2
Hom-NPCs,up_in_severe,REAC,Reactome_2022,320,Signaling By Rho GTPases R-HSA-194315,0.8195406129975907,0.8374680639069131,0.6383641545701597,0.12704169544317065,2,MYL6;BASP1
Hom-NPCs,up_in_severe,GO:BP,GO_Biological_Process_2025,758,Protein Ubiquitination (GO:0016567),0.8333793134745371,0.8377770934928724,0.5588100686498856,0.10185228951994078,1,FAU
Hom/Reg-like NPCs,up_in_severe,REAC,Reactome_2022,333,RNA Polymerase II Transcription R-HSA-73857,0.8137286430568472,0.8381649386441399,0.7256843058570023,0.14958409472314457,5,COL1A1;COL1A2;DDIT4;ZNF703;FKBP5
ECM/Adh-NPCs,up_in_severe,REAC,Reactome_2022,168,Generic Transcription Pathway R-HSA-212436,0.8153247205409733,0.8410697685065013,0.6445750017178589,0.1316021142676597,2,COL1A1;COL1A2
ECM/Adh-NPCs,up_in_severe,REAC,Reactome_2022,169,Cell Cycle R-HSA-1640170,0.8169010969976939,0.8410697685065013,0.5909954058192955,0.11952128430957841,1,LMNA
Hom-NPCs,up_in_severe,REAC,Reactome_2022,321,"Signaling By Rho GTPases, Miro GTPases And RHOBTB3 R-HSA-9716542",0.8300802746322578,0.8455957937842625,0.6223242579059691,0.11589723040735071,2,MYL6;BASP1
Hom/Reg-like NPCs,up_in_severe,GO:BP,GO_Biological_Process_2025,863,Intracellular Signaling Cassette (GO:0141124),0.8418432538282331,0.8457451924323038,0.5427984224851413,0.09344895881473231,1,MAPKAPK2
ECM/Adh-NPCs,up_in_severe,GO:BP,GO_Biological_Process_2025,482,Positive Regulation of DNA-templated Transcription (GO:0045893),0.8445947152461196,0.853356071213403,0.5993133102297523,0.10122305536714755,2,COL1A1;CD81
Fibro-NPCs,up_in_severe,REAC,Reactome_2022,160,Gene Expression (Transcription) R-HSA-74160,0.8558924155664083,0.8558924155664083,0.581359552679525,0.09046570502276079,2,COL1A1;COL1A2
Hom/Reg-like NPCs,up_in_severe,GO:BP,GO_Biological_Process_2025,864,Protein Ubiquitination (GO:0016567),0.853838749258348,0.8568034671377174,0.5202738704177323,0.08220999409946589,1,FBXO2
Hom/Reg-like NPCs,up_in_severe,GO:BP,GO_Biological_Process_2025,865,Proteasomal Protein Catabolic Process (GO:0010498),0.856127426464085,0.8578718754868286,0.5159875270863062,0.08015146494031096,1,FBXO2
Hom/Reg-like NPCs,up_in_severe,GO:BP,GO_Biological_Process_2025,866,Protein Phosphorylation (GO:0006468),0.8568824038888047,0.8578718754868286,0.5145741092135779,0.07947833210219903,1,MAPKAPK2
ECM/Adh-NPCs,up_in_severe,GO:BP,GO_Biological_Process_2025,483,Negative Regulation of Transcription by RNA Polymerase II (GO:0000122),0.851033460918444,0.8580813570751185,0.5258002735978112,0.08481359881584814,1,RPS14
Hom-NPCs,up_in_severe,REAC,Reactome_2022,322,Neuronal System R-HSA-112316,0.8467073333525974,0.8598549627524824,0.5336705399863294,0.08880287245874269,1,COMT
ECM/Adh-NPCs,up_in_severe,REAC,Reactome_2022,170,Transport Of Small Molecules R-HSA-382551,0.8404140465849059,0.8601884947398448,0.5459290780141844,0.09491555486920251,1,SLC7A5
Hom-NPCs,up_in_severe,GO:BP,GO_Biological_Process_2025,759,Regulation of Transcription by RNA Polymerase II (GO:0006357),0.8594761239006659,0.8628732627303127,0.7161625172329901,0.10845008960654742,8,RPS14;CHCHD2;RGCC;CD81;WBP2;ID1;JDP2;PTMS
Hom/Reg-like NPCs,up_in_severe,REAC,Reactome_2022,334,Transcriptional Regulation By TP53 R-HSA-3700989,0.8418432538282331,0.8645276528834849,0.5427984224851413,0.09344895881473231,1,DDIT4
ECM/Adh-NPCs,up_in_severe,REAC,Reactome_2022,171,Adaptive Immune System R-HSA-1280218,0.8514277524265581,0.8663650814164978,0.5250546448087432,0.08445011979961646,1,CD81
ECM/Adh-NPCs,up_in_severe,REAC,Reactome_2022,172,RNA Polymerase II Transcription R-HSA-73857,0.8564336110220692,0.866392141382791,0.5807446642779249,0.09000292310999837,2,COL1A1;COL1A2
Hom/Reg-like NPCs,up_in_severe,REAC,Reactome_2022,335,Signaling By Rho GTPases R-HSA-194315,0.8486450481591252,0.8689111985629252,0.5939051849110145,0.09746831132992288,2,CDC37;NGEF
Hom/Reg-like NPCs,up_in_severe,REAC,Reactome_2022,336,Cell Cycle R-HSA-1640170,0.8547251848024903,0.8725319594858754,0.5844924983295876,0.09175087533427129,2,SUN2;LMNA
Hom-NPCs,up_in_severe,GO:BP,GO_Biological_Process_2025,760,DNA Damage Response (GO:0006974),0.870914512094247,0.8732063923892317,0.48832080200501254,0.06749152908517617,1,CIB1
Hom/Reg-like NPCs,up_in_severe,REAC,Reactome_2022,337,"Signaling By Rho GTPases, Miro GTPases And RHOBTB3 R-HSA-9716542",0.8582667197977513,0.8735474329098774,0.5789822143308556,0.088491853294937875,2,CDC37;NGEF
Hom/Reg-like NPCs,up_in_severe,REAC,Reactome_2022,338,M Phase R-HSA-68886,0.8620585094402874,0.8748108542544928,0.5048890268508459,0.0749417558103818,1,LMNA
Hom/Reg-like NPCs,up_in_severe,REAC,Reactome_2022,339,Neuronal System R-HSA-112316,0.8663473133251417,0.8765697005030194,0.4968678380443086,0.07128532870182777,1,AP2M1
Fibro-reg NPCs,up_in_severe,GO:BP,GO_Biological_Process_2025,499,Regulation of Gene Expression (GO:0010468),0.871398193991858,0.8783833498555202,0.5574222222222223,0.07673264599799326,2,SFRP4;CD276
Hom-NPCs,up_in_severe,REAC,Reactome_2022,323,Metabolism Of Lipids R-HSA-556833,0.8710161564415544,0.8818027342303042,0.558845817545905,0.07717367513921349,2,GPX1;TSPO
Hom-NPCs,up_in_severe,GO:BP,GO_Biological_Process_2025,761,Organelle Organization (GO:0006996),0.8806808978092435,0.8818381657432898,0.47001448575567356,0.059720004457205766,1,CHCHD2
Hom/Reg-like NPCs,up_in_severe,REAC,Reactome_2022,340,Gene Expression (Transcription) R-HSA-74160,0.8753119319499386,0.8830352725259675,0.6519941771722539,0.08682930009266596,5,COL1A1;COL1A2;DDIT4;ZNF703;FKBP5
Fibro-reg NPCs,up_in_severe,REAC,Reactome_2022,183,Signaling By Rho GTPases R-HSA-194315,0.8689782013225852,0.883223745606562,0.4919307549142085,0.06908539690858093,1,BASP1
Fibro-reg NPCs,up_in_severe,REAC,Reactome_2022,184,"Signaling By Rho GTPases, Miro GTPases And RHOBTB3 R-HSA-9716542",0.8755365659539497,0.885053267757797,0.47958904450359463,0.06374619038822248,1,BASP1
Fibro-NPCs,up_in_severe,GO:BP,GO_Biological_Process_2025,395,Regulation of DNA-templated Transcription (GO:0006355),0.8828611617510547,0.8895664363972653,0.5819832767180559,0.07250773990343462,3,COL1A1;BASP1;ID3
Hom-NPCs,up_in_severe,REAC,Reactome_2022,324,RHO GTPase Cycle R-HSA-9012999,0.8830059576876446,0.891181938777345,0.4656459330143541,0.057937218193252635,1,BASP1
ECM/Adh-NPCs,up_in_severe,REAC,Reactome_2022,173,Signal Transduction R-HSA-162582,0.888940392158065,0.8927193696546991,0.6047705914392177,0.07119667603015942,4,COL1A2;CILP;COL6A2;HSPB1
ECM/Adh-NPCs,up_in_severe,REAC,Reactome_2022,174,Gene Expression (Transcription) R-HSA-74160,0.8927193696546991,0.8927193696546991,0.5218961115890723,0.059226338101600065,2,COL1A1;COL1A2
Fibro-reg NPCs,up_in_severe,REAC,Reactome_2022,185,Transport Of Small Molecules R-HSA-382551,0.8926452665030813,0.8974703760517465,0.44722706662016043,0.05078979574904092,1,TSC22D3
Fibro-reg NPCs,up_in_severe,REAC,Reactome_2022,186,Adaptive Immune System R-HSA-1280218,0.9015863956213744,0.9015863956213744,0.430126310131685,0.0445608300288015,1,CD81
Fibro-NPCs,up_in_severe,GO:BP,GO_Biological_Process_2025,396,Positive Regulation of Transcription by RNA Polymerase II (GO:0045944),0.9018262882155672,0.9056836165987032,0.42932790224032585,0.044363895793610074,1,CD81
Fibro-NPCs,up_in_severe,GO:BP,GO_Biological_Process_2025,397,Regulation of Transcription by RNA Polymerase II (GO:0006357),0.9034080296223245,0.9056836165987032,0.5497873133169808,0.05584792724790719,3,RPS14;CD81;ID3
Hom-NPCs,up_in_severe,KEGG,KEGG_2021_Human,120,Herpes simplex virus 1 infection,0.9116534456401728,0.9116534456401728,0.4110346288255851,0.03801879388558672,1,HLA-DPB1
Fibro-reg NPCs,up_in_severe,GO:BP,GO_Biological_Process_2025,500,Regulation of DNA-templated Transcription (GO:0006355),0.9098727624979883,0.9153319990729762,0.5750787369781152,0.054316480387614,4,COL1A1;CEBPD;BASP1;ID3
Fibro-reg NPCs,up_in_severe,GO:BP,GO_Biological_Process_2025,501,Positive Regulation of DNA-templated Transcription (GO:0045893),0.9121789500485722,0.9158203829828979,0.4891509433962264,0.04496231007747848,2,COL1A1;CD81
ECM/Adh-NPCs,up_in_severe,GO:BP,GO_Biological_Process_2025,484,Positive Regulation of Transcription by RNA Polymerase II (GO:0045944),0.9237416072599846,0.9294672783793646,0.38629327902240324,0.030641900156969017,1,CD81
Fibro-NPCs,up_in_severe,GO:BP,GO_Biological_Process_2025,398,Regulation of Gene Expression (GO:0010468),0.9308218334141072,0.9308218334141072,0.37158081705150975,0.02663765940087883,1,ZFP36L1
Fibro-reg NPCs,up_in_severe,GO:BP,GO_Biological_Process_2025,502,Regulation of Transcription by RNA Polymerase II (GO:0006357),0.9291900585336075,0.9310410347458258,0.5432493014401081,0.03989730275341631,4,RPS14;CEBPD;CD81;ID3
ECM/Adh-NPCs,up_in_severe,GO:BP,GO_Biological_Process_2025,485,Negative Regulation of DNA-templated Transcription (GO:0045892),0.9283116110225306,0.9321397001401492,0.37699502487562186,0.028043836098594434,1,RPS14
Hom/Reg-like NPCs,up_in_severe,GO:BP,GO_Biological_Process_2025,867,Regulation of DNA-templated Transcription (GO:0006355),0.9335970780793221,0.9335970780793221,0.607581887116948,0.041747150598632994,7,COL1A1;FUS;WBP2;ZNF703;ID1;SCX;JDP2
ECM/Adh-NPCs,up_in_severe,GO:BP,GO_Biological_Process_2025,486,Regulation of Transcription by RNA Polymerase II (GO:0006357),0.9366982801711693,0.9386256428875708,0.4923787271918113,0.03219864147797987,3,RPS14;CD81;FUS
Hom/Reg-like NPCs,up_in_severe,REAC,Reactome_2022,341,"Cell Cycle, Mitotic R-HSA-69278",0.9351932363876511,0.9406782407066402,0.36389076703478324,0.024381445967105262,1,LMNA
Hom-NPCs,up_in_severe,GO:BP,GO_Biological_Process_2025,762,Regulation of DNA-templated Transcription (GO:0006355),0.9520555975264875,0.9520555975264875,0.5554305360212534,0.02728932707788696,6,COL1A1;BASP1;WBP2;ID1;CRYAB;JDP2
Fibro-reg NPCs,up_in_severe,GO:BP,GO_Biological_Process_2025,503,Positive Regulation of Transcription by RNA Polymerase II (GO:0045944),0.9562643969574744,0.9562643969574744,0.31645020199659446,0.014151918317581572,1,CD81
Hom-NPCs,up_in_severe,REAC,Reactome_2022,325,Cell Cycle R-HSA-1640170,0.9592117559055242,0.9628940607680384,0.3103248166357701,0.012922986488064789,1,POLR2F
Hom-NPCs,up_in_severe,REAC,Reactome_2022,326,Signal Transduction R-HSA-162582,0.9599494306127845,0.9628940607680384,0.558241376473062,0.022817933357070032,7,MYL6;COL1A2;BASP1;ID1;FN1;HSPB1;POLR2F
Hom/Reg-like NPCs,up_in_severe,REAC,Reactome_2022,342,GPCR Downstream Signaling R-HSA-388396,0.9610935403099521,0.9639037553400982,0.3058411066692049,0.012136857275719627,1,NGEF
Hom-NPCs,up_in_severe,REAC,Reactome_2022,327,Transport Of Small Molecules R-HSA-382551,0.9685188965142886,0.9685188965142886,0.2866592011944756,0.009169449626974835,1,SMDT1
Hom/Reg-like NPCs,up_in_severe,REAC,Reactome_2022,343,Signaling By GPCR R-HSA-372790,0.9732237984929129,0.9732237984929129,0.27372606019151846,0.007429257718140542,1,NGEF
ECM/Adh-NPCs,up_in_severe,GO:BP,GO_Biological_Process_2025,487,Regulation of DNA-templated Transcription (GO:0006355),0.9779117059256175,0.9779117059256175,0.3402060871143029,0.0075988068490313015,2,COL1A1;FUS
