p_val,avg_log2FC,pct.1,pct.2,p_val_adj,cluster,gene
0,2.637383563490226,0.819,0.194,0,0,AQP9
0,2.8237778164373966,0.779,0.167,0,0,IL1B
0,2.628321714972191,0.792,0.199,0,0,FCGR3B
0,2.3393279493195784,0.941,0.359,0,0,C5AR1
0,2.4022583507868625,0.991,0.41,0,0,NAMPT
0,2.57653678742831,0.976,0.403,0,0,CXCL8
0,2.1079589413142896,0.88,0.322,0,0,G0S2
0,3.680043109090824,0.654,0.104,0,0,HCAR2
0,1.9587577936528184,0.918,0.372,0,0,BCL2A1
0,2.709036378842462,0.916,0.373,0,0,PLAUR
0,2.4987985053248485,0.801,0.264,0,0,CSF3R
0,2.4076928078452866,0.85,0.338,0,0,PLEK
0,3.8419465108710216,0.655,0.155,0,0,PPIF
0,2.15338255981091,0.735,0.276,0,0,TNFAIP3
0,2.061590979914702,0.971,0.514,0,0,IFITM2
0,2.0621316116357864,0.806,0.352,0,0,SMAP2
0,3.0033614490997103,0.574,0.124,0,0,CXCR2
0,2.939463598345143,0.575,0.128,0,0,PRKDC
0,2.0369365069626677,0.746,0.307,0,0,AC026785.2
0,1.536709317746558,0.709,0.273,0,0,FPR1
0,2.0609011429612885,0.753,0.318,0,0,PTGS2
0,1.452423851456305,0.892,0.459,0,0,LCP1
0,1.8254566165373243,0.793,0.362,0,0,MXD1
0,1.7129349825813764,0.756,0.331,0,0,MNDA
0,1.8922098519836816,0.663,0.243,0,0,CLEC4E
0,1.752585932043858,0.996,0.58,0,0,SRGN
0,1.4859046132462095,0.799,0.399,0,0,BASP1
0,0.771896329322252,0.811,0.418,0,0,ALOX5AP
0,1.8623203121117724,0.961,0.568,0,0,SOD2
0,3.2169807618953925,0.451,0.077,0,0,TLR2
0,3.2187223690585873,0.446,0.075,0,0,PHACTR1
0,2.1953219213373387,0.547,0.178,0,0,IL1R2
0,1.4325047150736743,0.722,0.353,0,0,CTSS
0,1.9979213366271718,0.683,0.315,0,0,SYAP1
0,2.7313394237678477,0.981,0.616,0,0,SAT1
0,2.3113757545197005,0.579,0.22,0,0,KDM6B
0,1.6805334178515632,0.702,0.344,0,0,RNF149
0,2.3750671272200496,0.512,0.156,0,0,RIPOR2
0,2.7223898210132025,0.495,0.14,0,0,NABP1
0,1.8202838726334747,0.917,0.563,0,0,LITAF
0,1.6483545169478475,0.786,0.434,0,0,RGS2
0,2.8090124641753436,0.457,0.108,0,0,OSM
0,1.8288660858723587,0.805,0.457,0,0,NFKBIA
0,2.34685768849184,0.595,0.249,0,0,NFE2L2
0,2.0304839533927432,0.793,0.45,0,0,IVNS1ABP
0,2.5843446094372093,0.486,0.143,0,0,PLAU
0,2.1414269933454984,0.648,0.308,0,0,PPP1R15A
0,1.546504749580941,0.81,0.472,0,0,SDCBP
0,2.533393876058505,0.446,0.111,0,0,TREM1
0,1.5571852562706403,0.61,0.275,0,0,SELL
0,2.5043456578057137,0.535,0.201,0,0,CDC42EP3
0,1.554971943356327,0.667,0.333,0,0,HCLS1
0,1.816106137588704,0.786,0.453,0,0,DUSP1
0,2.212304905356988,0.514,0.182,0,0,FGD4
0,1.5393323167156399,0.656,0.326,0,0,SAMSN1
0,1.5360257811690348,0.916,0.589,0,0,CD55
0,2.8939495509069944,0.415,0.089,0,0,FCGR2A
0,2.5818302584573845,0.469,0.143,0,0,ZNF267
0,1.6730587933220784,0.791,0.469,0,0,NEAT1
0,3.24073765822767,0.424,0.105,0,0,TAGAP
0,1.3907381195323318,0.515,0.198,0,0,VNN2
0,2.2707511435545102,0.492,0.179,0,0,ETS2
0,2.2773965748246647,0.453,0.141,0,0,GPR65
0,2.066507147244449,0.539,0.231,0,0,VMP1
0,1.9942006980216167,0.515,0.208,0,0,LCP2
0,1.5721781757739084,0.575,0.268,0,0,NCF2
0,1.5270678623646798,0.621,0.317,0,0,SLC25A37
0,1.5706465904927072,0.596,0.295,0,0,CD53
0,1.9825281754165027,0.615,0.315,0,0,ELL2
0,1.937918697147448,0.564,0.272,0,0,FYB1
0,1.3221136859082798,0.669,0.379,0,0,PTPRC
0,1.2477572085261288,0.625,0.335,0,0,EVI2B
0,3.6016812605401776,0.354,0.064,0,0,NSMAF
0,3.6597621921173635,0.352,0.067,0,0,GLA
0,2.794574043043899,0.37,0.087,0,0,MX2
0,1.4267088427174341,0.775,0.494,0,0,HLA-E
0,2.4844289059784805,0.426,0.148,0,0,CXCL1
0,1.7415414688699322,0.528,0.256,0,0,NR4A3
0,1.5893982905347133,0.527,0.256,0,0,SMCHD1
0,1.8983428901532435,0.576,0.305,0,0,CHD1
0,1.6179983282852204,0.591,0.321,0,0,CXCR4
0,2.255320857450236,0.391,0.123,0,0,FAM129A
0,1.8953545801365228,0.447,0.179,0,0,PREX1
0,2.0275595374433153,0.464,0.198,0,0,SORL1
0,3.2967194227529815,0.307,0.048,0,0,LUCAT1
0,1.7100011645247553,0.501,0.246,0,0,PTPRE
0,1.6071864323228855,0.966,0.714,0,0,HLA-B
0,1.4268190476091664,0.575,0.323,0,0,NFKBIZ
0,1.3793687473211516,0.608,0.359,0,0,TRIB1
0,2.000491522636574,0.434,0.186,0,0,JOSD1
0,1.9414681344663969,0.503,0.258,0,0,IFITM3
0,1.8428892864678357,0.43,0.186,0,0,CPD
0,1.4495515045891993,0.944,0.701,0,0,HLA-C
0,2.3897443815541655,0.378,0.138,0,0,ARL5B
0,1.8047434694609374,0.426,0.186,0,0,PDE4B
0,1.4753736001425146,0.493,0.253,0,0,SLA
0,2.5454099497588776,0.319,0.082,0,0,C9orf72
0,2.2386423708877876,0.347,0.111,0,0,IGSF6
0,1.5611649008448238,0.585,0.35,0,0,TAGLN2
0,2.1092114060914122,0.425,0.193,0,0,SPAG9
0,2.059365523183446,0.378,0.15,0,0,TNFAIP2
0,2.1006779085910807,0.397,0.17,0,0,JMJD1C
0,2.604140214927782,0.297,0.071,0,0,PMAIP1
0,1.6736233405381442,0.494,0.269,0,0,RILPL2
0,1.2630529797641121,0.608,0.385,0,0,GLUL
0,1.6540824550748061,0.586,0.364,0,0,CEBPB
0,2.04049559211434,0.351,0.13,0,0,RUBCNL
0,3.254712211512134,0.271,0.051,0,0,ITGAX
0,1.4601888302706512,0.464,0.246,0,0,LYN
0,1.3775601522391971,0.845,0.629,0,0,ITM2B
0,1.2354882419084037,0.887,0.671,0,0,MCL1
0,1.966670824124412,0.399,0.191,0,0,CSRNP1
0,1.568944516448168,0.544,0.34,0,0,ETF1
0,2.6653103242551213,0.277,0.075,0,0,CYB5D1
0,1.775602462015818,0.326,0.126,0,0,LRRK2
0,1.4076678403747707,0.324,0.124,0,0,MME
0,2.081624823028585,0.322,0.124,0,0,ICAM1
0,2.3274443447270428,0.274,0.078,0,0,LIMK2
0,1.2251047094321184,0.92,0.725,0,0,HLA-A
0,1.917709524360311,0.301,0.11,0,0,SLC11A1
0,1.4471882441591215,0.617,0.427,0,0,RAB7A
0,2.0320243816586867,0.289,0.102,0,0,CSF2RB
0,2.378036140312109,0.273,0.092,0,0,CPPED1
0,2.245284911411694,0.285,0.104,0,0,PROK2
0,1.4741023869014098,0.828,0.647,0,0,FTL
0,1.873188292687122,0.27,0.092,0,0,CMTM2
0,2.256836700118693,0.258,0.08,0,0,PTAFR
0,2.3777861717187303,0.257,0.079,0,0,XPO6
0,2.09547786021192,0.252,0.081,0,0,JAML
0,1.716190732762632,0.993,0.824,0,0,MALAT1
0,1.2318752149890635,0.719,0.551,0,0,ZFP36
0,2.1737379053967847,0.252,0.085,0,0,DOCK5
0,1.6003397180376178,0.997,0.867,0,0,B2M
0,1.3825087945745373,0.964,0.838,0,0,H3F3B
7.270523102280226e-303,1.8883810965819523,0.291,0.11,1.3360313252750145e-298,0,CXCR1
1.7412729250323514e-300,1.7793622307773114,0.355,0.161,3.199763127039449e-296,0,OXSR1
2.5727606904413013e-300,1.8064544142344363,0.345,0.154,4.727705044754935e-296,0,NUMB
8.238812284520148e-300,1.7911749649757027,0.348,0.155,1.5139641454034226e-295,0,EGR3
4.0092407127878716e-298,0.8837706872702586,0.736,0.551,7.367380733818993e-294,0,IER3
9.09694315208031e-295,1.2607995344398302,0.579,0.391,1.671654273626278e-290,0,TSC22D3
2.9918515387368574e-292,1.0680663958740513,0.644,0.46,5.497826387582849e-288,0,S100A11
5.659041514384908e-284,0.7927047148132984,0.626,0.356,1.0399054686833707e-279,0,AC245128.3
1.8611034624886942e-282,1.1516893543835467,0.632,0.474,3.4199637226692244e-278,0,YPEL5
1.3431712673867593e-281,1.224431067836118,0.461,0.247,2.468211520949909e-277,0,ACSL1
3.978657802908598e-276,2.1628922035139353,0.254,0.094,7.311181578624839e-272,0,CASP4
7.082152692276642e-276,1.7545613991189937,0.32,0.139,1.301416378732756e-271,0,TMEM154
1.468782600685964e-274,1.7065022055557564,0.317,0.136,2.6990349070205276e-270,0,KIAA1551
3.323139809646347e-273,1.8589828649570546,0.338,0.159,6.106601714206127e-269,0,SEC14L1
8.838221640245782e-271,1.8059670379108088,0.407,0.229,1.6241116086115648e-266,0,PPP1R15B
2.8092217676011015e-266,1.2772362214257251,0.51,0.316,5.162225920143784e-262,0,IRS2
8.420239510096071e-260,1.2720172940146646,0.463,0.261,1.547303212375254e-255,0,TYROBP
6.245988000746444e-252,1.577237271131111,0.388,0.202,1.1477627550171666e-247,0,ATP2B1
2.6085178107350097e-248,1.692855724542373,0.385,0.207,4.793412329006654e-244,0,ATP6V0D1
3.984947842776022e-246,1.6886640071086139,0.382,0.206,7.3227401558852184e-242,0,PNPLA8
2.352722446922552e-240,0.7739443293931614,0.586,0.341,4.3233627684648815e-236,0,GCA
2.8995873467831237e-238,1.4904661737090312,0.392,0.215,5.328281708448668e-234,0,FKBP5
2.5340287182703283e-236,1.5673492989947613,0.365,0.189,4.656531172693555e-232,0,NBN
1.2892180626171814e-232,1.6413347985203766,0.358,0.189,2.3690671118653325e-228,0,YPEL3
1.5038353556589783e-231,1.6447202666301903,0.272,0.114,2.7634478495589383e-227,0,TLR4
2.454028233407792e-230,1.4261821032551747,0.377,0.199,4.509522281710159e-226,0,TNFRSF1B
1.457241712929223e-225,1.683005673737529,0.257,0.106,2.67782737167874e-221,0,FPR2
7.266839700736452e-225,1.5292636647692577,0.398,0.228,1.3353544634073304e-220,0,ZC3H12A
1.1335525037066634e-222,1.7009543989705853,0.346,0.183,2.0830160808113648e-218,0,ATG3
7.544008949920476e-219,0.4048710719839477,0.977,0.885,1.3862870846373866e-214,0,ACTB
6.256450513296131e-212,1.2577300565667993,0.467,0.283,1.149685346323297e-207,0,FGR
2.9769702316896888e-207,1.0893740310792204,0.472,0.292,5.470480497752973e-203,0,LAPTM5
8.391672203319401e-201,0.6956691308668388,0.502,0.297,1.5420536840819733e-196,0,TNFAIP6
2.2004322287577343e-200,1.3286726666307818,0.448,0.287,4.0435142635652127e-196,0,CFLAR
3.343897445045598e-199,1.3791995870481424,0.411,0.251,6.1447459450157906e-195,0,HECA
2.146082750839462e-198,1.7191977418329007,0.338,0.186,3.943641662942596e-194,0,MAFF
1.338112334239684e-191,1.5485902752574843,0.34,0.189,2.458915225398843e-187,0,ATP6V1B2
8.769967631710018e-188,1.7977894814521598,0.29,0.148,1.6115692520030329e-183,0,NFKBID
3.506079748340689e-186,1.501999977928623,0.341,0.191,6.44277214555085e-182,0,USP15
1.0351774845838383e-185,1.259202046402413,0.396,0.233,1.902242145671261e-181,0,REL
1.1243662734843387e-181,1.0892727927036518,0.553,0.422,2.066135464154821e-177,0,SKIL
7.885197130542691e-179,1.5598950772141014,0.275,0.134,1.4489838247085248e-174,0,ADAM8
6.353120575570923e-171,1.691418846428667,0.253,0.122,1.1674494369669127e-166,0,SIRPB1
3.1844808947590167e-170,1.508473453331765,0.265,0.129,5.851802092209169e-166,0,PLXNC1
2.3041385145297197e-165,1.4868487900540712,0.323,0.183,4.234084934299813e-161,0,ITPRIP
3.607802851277612e-164,1.0671726645777007,0.418,0.262,6.629698519507741e-160,0,MARCKS
1.3578414807016293e-161,1.4655872662439469,0.329,0.189,2.495169504937314e-157,0,USP10
2.5268726849663535e-161,1.4965288731937485,0.303,0.165,4.6433812458941715e-157,0,VSIR
1.101510675529327e-160,1.7514394331744134,0.254,0.128,2.0241360173526913e-156,0,PAK1
3.5155927911769787e-158,1.7721108230018243,0.252,0.127,6.460253313066815e-154,0,ZCCHC6
3.517524969402665e-158,1.185346569209964,0.51,0.381,6.463803883774337e-154,0,TXNIP
2.0675067668925836e-153,1.5646437091692396,0.264,0.135,3.799250434841812e-149,0,CARD16
1.2719880775550443e-150,0.9799886581587041,0.472,0.327,2.3374052913151494e-146,0,VASP
2.5830318744922114e-147,1.7585253486090395,0.268,0.145,4.746579372566888e-143,0,SH3BP5
4.024221210391355e-147,1.4022893343215828,0.311,0.18,7.394908896215154e-143,0,WAS
1.3674995749714008e-144,1.6226757208065503,0.325,0.199,2.512917218967446e-140,0,DNTTIP2
2.254121799843018e-144,1.3616736822551863,0.264,0.136,4.1421742193915296e-140,0,DUSP2
2.7147477853873786e-144,1.230751931283158,0.33,0.194,4.9886205304278465e-140,0,STX3
8.952394888521511e-143,1.502467085439277,0.321,0.19,1.645092084714713e-138,0,CREM
8.005221655520392e-138,1.4495777681136417,0.324,0.202,1.4710395314184271e-133,0,NDEL1
1.5791528313874462e-135,1.3129651317788664,0.342,0.213,2.901851242957571e-131,0,BOD1L1
2.562974235543468e-135,1.1653609378902243,0.362,0.233,4.709721455234677e-131,0,FAM49B
1.4522482587431198e-134,0.9620812495958218,0.41,0.267,2.668651400266357e-130,0,MEGF9
2.0436732433954752e-134,0.9257221888309894,0.488,0.357,3.755453952063525e-130,0,ANP32A
7.142100814341908e-134,1.498168471407379,0.256,0.138,1.3124324456434691e-129,0,STX11
3.9525319990020154e-131,1.5318516899180066,0.277,0.159,7.263172801366104e-127,0,MEF2D
1.0170132953916918e-130,0.6161586896574938,0.725,0.651,1.868863631611773e-126,0,BTG1
5.169305490127797e-128,1.3006720433748358,0.31,0.189,9.499115768658841e-124,0,PTEN
1.8659308090016995e-121,1.4205122015114928,0.25,0.137,3.428834454621523e-117,0,RASSF3
1.7002777547260583e-118,1.2825090955810885,0.382,0.267,3.124430402084605e-114,0,FOSL2
9.027832812522183e-118,0.9897450931704748,0.378,0.247,1.6589545576290762e-113,0,DOK3
1.1129647082085593e-117,1.105842999817375,0.362,0.237,2.0451839478040486e-113,0,GMFG
1.2535823565714392e-117,1.4623344845885988,0.274,0.163,2.3035829384356766e-113,0,CSNK1D
7.856624335296341e-116,0.9155909427654989,0.631,0.579,1.4437332878540557e-111,0,PNRC1
2.9292088678093044e-115,1.3412767672844532,0.285,0.173,5.382714215486378e-111,0,ERGIC1
4.815556530070751e-114,1.2027264001093363,0.332,0.215,8.849066679658013e-110,0,WIPF1
1.8569933430859287e-113,0.7542292009680094,0.572,0.467,3.4124109672547024e-109,0,KLF6
6.257710371367666e-113,1.1927384076822218,0.337,0.221,1.1499168578425223e-108,0,RASSF5
2.0551032382123553e-112,1.2529389699441875,0.364,0.257,3.7764577105390244e-108,0,UBE2R2
4.579326008130446e-112,1.2972133240707775,0.426,0.334,8.414969472540508e-108,0,IRF2BP2
3.263934160418487e-107,1.1292028500526192,0.455,0.374,5.997805413185012e-103,0,MAP1LC3B
7.851928601685978e-106,1.109763436101233,0.502,0.435,1.4428703998458154e-101,0,WSB1
1.895258585073269e-105,1.4215029828612258,0.259,0.156,3.4827271759306394e-101,0,IFNGR1
2.601107018388257e-103,0.6900489222280961,0.498,0.378,4.779794256990261e-99,0,SERPINA1
5.144389667313716e-103,0.9589268152827217,0.563,0.487,9.453330452655685e-99,0,BTG2
3.924100107783691e-100,1.4099311298798514,0.294,0.191,7.21092635806331e-96,0,MAP2K3
6.159213063134618e-98,1.145640643150666,0.327,0.219,1.1318169924816174e-93,0,ARRB2
9.592704017880538e-97,0.5951686253603361,0.697,0.654,1.7627552903257275e-92,0,DNAJA1
3.4905471119127514e-94,0.8521270468787141,0.49,0.413,6.414229372850872e-90,0,DAZAP2
1.839536849051568e-91,1.2161107062549856,0.315,0.217,3.380332913817161e-87,0,BCL6
1.8300254313601116e-88,1.2995007834791055,0.284,0.187,3.3628547326673413e-84,0,RXRA
2.8827358029898823e-84,0.5801561300058209,0.521,0.397,5.297315311574208e-80,0,ARHGDIB
4.594894851713155e-84,1.165223266899322,0.328,0.236,8.443578779508094e-80,0,ELF1
5.535087352802524e-80,1.1914816700487831,0.321,0.231,1.0171276519509917e-75,0,CHD2
6.992031043444133e-79,1.0966462445326208,0.34,0.251,1.2848556245432938e-74,0,MIR22HG
2.61670488895517e-78,1.0642012698590901,0.336,0.244,4.80845690394402e-74,0,FOXO3
5.510068518286244e-78,1.052584203229618,0.349,0.259,1.0125301909202803e-73,0,MAP3K2
1.3049164921088434e-77,1.1485507497530152,0.365,0.286,2.3979145458992108e-73,0,GPBP1
1.0451867490357278e-76,0.9716472181419737,0.33,0.236,1.9206351700280534e-72,0,LRP10
5.1952930738726227e-76,1.2877312768769236,0.255,0.166,9.54687055254833e-72,0,IL2RG
1.587552949409249e-72,1.0663101930197982,0.293,0.204,2.917287299834436e-68,0,CELF2
1.8845222056418972e-71,0.5939505537120136,0.684,0.612,3.46299800508755e-67,0,FOS
4.114660805791058e-71,1.1327681566968648,0.306,0.224,7.561100696721648e-67,0,CD46
6.681464942041712e-71,1.010781685837504,0.303,0.216,1.227785997749585e-66,0,COTL1
5.798411292617857e-70,1.0630053920455234,0.334,0.253,1.0655160591314573e-65,0,MAPKAPK2
2.565537145603776e-69,0.7016279956437352,0.489,0.416,4.7144310587614995e-65,0,IQGAP1
1.057201278597427e-68,1.4815897619153007,0.288,0.214,1.942713069550632e-64,0,PFKFB3
3.977941355062577e-68,1.5091382216601001,0.266,0.184,7.309865034062992e-64,0,DUSP6
1.1259551242083902e-66,0.7476030564984391,0.38,0.282,2.069055136245338e-62,0,ZFP36L1
9.2647189374418e-66,1.0420293507787366,0.359,0.285,1.7024847519443052e-61,0,IFRD1
1.3968194491912677e-64,1.0876219539077645,0.352,0.284,2.5667954198338735e-60,0,UBE2B
9.118426956876673e-64,1.0127898937522475,0.316,0.234,1.6756021375956574e-59,0,ADM
1.4667529054308896e-63,1.2786387235686205,0.281,0.204,2.6953051390198027e-59,0,CREBRF
2.3082079254912136e-63,1.032222404744632,0.366,0.3,4.241562883882654e-59,0,CCNL1
1.2022869594548234e-62,0.9440187296154696,0.342,0.263,2.2093225166941836e-58,0,EFHD2
4.007024482958528e-62,1.206181723662983,0.261,0.182,7.363308189884592e-58,0,IL6R
1.2525058774304852e-60,0.9901107144787449,0.332,0.256,2.3016048003662595e-56,0,CMTM6
2.5680907454900834e-59,0.9086151440453047,0.34,0.262,4.719123553912577e-55,0,TPM4
9.988713426291179e-55,0.38732332177041107,0.52,0.403,1.8355259792152671e-50,0,RAC2
1.4856312615810239e-52,0.7020450340749091,0.514,0.495,2.7299960062812894e-48,0,PCBP1
3.055701880035639e-51,0.49176043561194227,0.425,0.324,5.61515777475349e-47,0,FCER1G
2.1120445134426646e-49,0.7489175991794363,0.38,0.311,3.8810929979022406e-45,0,PPP1R18
2.26309054336616e-49,0.8830323019150539,0.29,0.217,4.158655182489655e-45,0,IRAK3
4.268619873270753e-48,1.106374042381177,0.28,0.216,7.844015879122336e-44,0,STAT3
1.8396172135301903e-47,1.1369659666788006,0.256,0.19,3.3804805915830777e-43,0,DEDD2
1.1420904237033026e-46,0.7885100360687947,0.306,0.234,2.0987053625971887e-42,0,MAP4K4
2.2658204089284782e-46,0.9645867655806328,0.476,0.448,4.163671583446972e-42,0,JUNB
5.292326525932128e-45,0.8732412321158796,0.316,0.251,9.725179224052879e-41,0,MSL1
9.106482885433983e-45,0.9253588941040143,0.289,0.224,1.6734072950273488e-40,0,SKAP2
1.8081022213443011e-44,0.8027931992618329,0.345,0.28,3.3225686419422878e-40,0,GRB2
6.723822573482011e-41,0.9493596953397239,0.277,0.219,1.2355696361030544e-36,0,RNF19B
1.5236044772422723e-40,0.3044271374982275,0.907,0.89,2.7997755873803996e-36,0,ACTG1
4.6634953017592615e-39,0.7708294203530561,0.318,0.256,8.569638966512819e-35,0,STK17B
8.940804721764513e-38,1.0194184306025977,0.331,0.287,1.642962275671447e-33,0,SERINC3
2.7925991290108215e-37,0.8993829305012453,0.28,0.223,5.131680159470285e-33,0,CLIC1
6.4970812703555e-36,1.0255237115630038,0.262,0.206,1.1939036542405266e-31,0,NR4A2
5.610875844545805e-35,0.9859205641875559,0.28,0.229,1.031054545193737e-30,0,NOP10
2.2932382410494373e-34,0.5685928020346203,0.541,0.53,4.214054591752446e-30,0,DDX3X
1.3894346233726364e-33,0.49366189943671657,0.499,0.458,2.5532250639095566e-29,0,TPM3
2.4887476157832593e-32,0.752204267349075,0.39,0.36,4.573322618763317e-28,0,ATP6V0E1
8.737118014161005e-31,0.8301082311858172,0.337,0.3,1.6055328062822262e-26,0,GABARAPL1
2.149034990835241e-27,0.9956230576679066,0.269,0.23,3.949066699158839e-23,0,SELENOK
2.6037904536789042e-27,0.8931292885801512,0.294,0.255,4.7847253376803546e-23,0,IER2
4.064457930574253e-27,0.6959512483981962,0.362,0.323,7.468847893223247e-23,0,ROCK1
6.9797389481849785e-25,0.8408351111357124,0.288,0.251,1.2825968291184716e-20,0,QKI
4.605327108558329e-24,0.7375459589477706,0.279,0.235,8.462749094686786e-20,0,PHF20L1
9.971449205547192e-24,0.8293398369296634,0.264,0.224,1.832353506011352e-19,0,TLN1
1.2392350600684695e-22,0.7814789370338524,0.315,0.284,2.2772183463818194e-18,0,ASAH1
3.4875103970924526e-22,0.7784959283465602,0.283,0.244,6.4086491056970906e-18,0,BRI3
2.4478996020797912e-21,0.747832093464242,0.338,0.313,4.498260308781824e-17,0,RYBP
4.415653743862691e-21,0.47984087021328303,0.452,0.434,8.11420531972208e-17,0,ACTR3
6.758694547211376e-21,0.8669465567696084,0.303,0.279,1.2419777099955624e-16,0,MORF4L2
1.2088649085380591e-20,0.4694823635916139,0.489,0.484,2.2214101559295377e-16,0,CDC42
2.526117167240242e-20,0.7100373362955337,0.26,0.222,4.641992906520669e-16,0,TALDO1
4.549957994327657e-20,0.4105184483795936,0.394,0.347,8.361002810376502e-16,0,SLC2A3
4.398759618589263e-19,0.44340700499458086,0.356,0.301,8.08316067511963e-15,0,S100P
3.030805192755985e-18,0.6081784643202919,0.354,0.33,5.569407622208398e-14,0,CAPZA1
1.2666281803750922e-17,0.8495023357799785,0.254,0.224,2.3275559442572693e-13,0,EP300
5.2250010085018717e-17,0.6727825199892363,0.341,0.316,9.60146185322304e-13,0,BAZ1A
7.25266397083088e-17,0.7503843202199583,0.309,0.293,1.3327495312798826e-12,0,LAMP2
1.0605881951183316e-16,0.9297748105832608,0.256,0.232,1.9489368673494463e-12,0,RABGEF1
1.3252953869753482e-16,0.6887603893065031,0.303,0.278,2.4353628031059e-12,0,PRR13
2.137642820546283e-16,0.7545225866742784,0.305,0.289,3.92813244703585e-12,0,HNRNPA3
5.823760154164544e-15,0.5358502797460325,0.263,0.225,1.0701741659292765e-10,0,CYP4F3
1.2709965358662591e-13,0.3281313225678031,0.348,0.307,2.335583234307838e-9,0,CNN2
9.908943223114484e-13,0.6467696982006419,0.261,0.235,1.8208674066795175e-8,0,STK4
1.5268477714820262e-11,0.7583071817665152,0.286,0.277,2.805735464875371e-7,0,MAPRE1
5.768717059136981e-11,0.28613223477054417,0.429,0.408,1.0600594467870116e-6,0,RTN3
7.785070627150816e-11,0.4419151936679069,0.379,0.374,1.4305845784452338e-6,0,MSN
1.0163332397804188e-10,0.3050101205730451,0.619,0.66,1.8676139614204975e-6,0,HNRNPA2B1
9.421874739690011e-10,0.2510001286207484,0.212,0.276,1.7313637021654364e-5,0,DNAJB6
2.823763184873989e-9,0.636061388341655,0.254,0.24,5.1889472285244425e-5,0,IDS
3.159314990621133e-9,0.25128475076590107,0.217,0.281,5.805557226765394e-5,0,TAX1BP1
5.013516281303634e-9,0.684405866144129,0.277,0.27,9.212837518523558e-5,0,GNAI3
1.614694757567457e-8,0.6612074421749585,0.294,0.285,2.967163086505959e-4,0,PRRC2C
1.483213516656733e-6,0.3496408301115428,0.211,0.268,0.027255531582084123,0,CSNK1A1
1.267439237185466e-5,0.3125082208194576,0.343,0.429,0.23290463422520125,0,ZFAND5
8.844647797148227e-5,0.27543725445897804,0.271,0.253,1,0,MCEMP1
1.2063748245769754e-4,0.30700393860095065,0.303,0.377,1,0,ARF1
1.2224324732288452e-4,0.5980137417938969,0.259,0.259,1,0,TOP1
4.672140000522037e-4,0.38701727408663134,0.355,0.366,1,0,LRRFIP1
7.535182349069478e-4,0.3736416456219982,0.233,0.279,1,0,KMT2E
9.567044920768713e-4,0.3091553502040454,0.256,0.309,1,0,PTP4A1
0.0012499854277289312,0.26181501743316504,0.35,0.426,1,0,RBM39
0.0013100805641657566,0.3075032676118916,0.256,0.311,1,0,SERINC1
0.00782897781262761,0.5020597974481449,0.279,0.289,1,0,KPNB1
0,4.030971412537955,0.894,0.097,0,1,C2orf40
0,4.1857521024127875,0.936,0.143,0,1,SCRG1
0,3.9631539252977026,0.918,0.155,0,1,MGP
0,3.483251778239506,0.919,0.157,0,1,CYR61
0,2.43734178350101,0.974,0.23,0,1,LUM
0,2.5205245965536536,0.88,0.144,0,1,DSTN
0,3.05515035328808,0.887,0.153,0,1,FGFBP2
0,3.1035706734790445,0.99,0.259,0,1,DCN
0,2.409581936675157,0.814,0.11,0,1,PCOLCE2
0,3.9300253483368,0.818,0.118,0,1,MT1X
0,2.7386471075343577,0.883,0.185,0,1,CTGF
0,2.9882876970675887,0.853,0.166,0,1,OGN
0,1.995690520512973,0.909,0.224,0,1,PRELP
0,2.8773325087872523,0.757,0.079,0,1,CDR1
0,2.4599025611514116,0.831,0.157,0,1,KLF4
0,1.885978288596387,0.819,0.15,0,1,ANXA2
0,2.518454235871342,0.971,0.304,0,1,CLU
0,2.1875521350731315,0.863,0.198,0,1,SOD1
0,1.723195425175871,0.822,0.161,0,1,HTRA1
0,3.052266150906022,0.811,0.152,0,1,EMP1
0,3.4923237750757266,0.855,0.198,0,1,MT2A
0,2.6482912491363217,0.77,0.114,0,1,SERPINE2
0,2.1988626814727805,0.896,0.242,0,1,RPS23
0,1.8809624229529325,0.918,0.276,0,1,RPL10A
0,1.653476887158158,0.819,0.177,0,1,FMOD
0,2.9493925396447978,0.951,0.309,0,1,RGCC
0,2.0327938635866647,0.799,0.158,0,1,LAPTM4A
0,2.073368490448751,0.868,0.23,0,1,RPS25
0,2.230132708906905,0.878,0.242,0,1,TOMM7
0,2.0638703341959395,0.738,0.108,0,1,PLOD2
0,1.2064780455930455,0.87,0.241,0,1,SPARC
0,1.8771303108690502,0.892,0.265,0,1,RPS4X
0,1.809530334721455,0.883,0.265,0,1,NPM1
0,2.0389168436361502,0.939,0.322,0,1,RPL15
0,1.8454937235030942,0.913,0.307,0,1,RPS21
0,2.8303394290063357,0.68,0.078,0,1,TSC22D1
0,1.75658969784129,0.944,0.344,0,1,RPL5
0,1.8845061902517877,0.945,0.347,0,1,RPL32
0,2.471297517256385,0.691,0.094,0,1,CDK2AP1
0,1.859904051202631,0.809,0.214,0,1,RPS5
0,2.1641357109534605,0.671,0.079,0,1,SDC2
0,1.517204110712421,0.906,0.315,0,1,RPS17
0,1.9281939752559678,0.772,0.182,0,1,LGALS3
0,2.555928973270351,0.678,0.088,0,1,SOX9
0,2.2666695823395155,0.76,0.17,0,1,RPL24
0,3.3340279282357237,0.62,0.038,0,1,CNMD
0,1.97138713074968,0.944,0.365,0,1,RPL35A
0,4.183002667786421,0.601,0.022,0,1,S100B
0,2.576624966676687,0.704,0.126,0,1,TMEM258
0,2.7290098336680946,0.681,0.106,0,1,SEC61G
0,2.9761073722587406,0.628,0.054,0,1,PRDX4
0,2.005120226553821,0.792,0.221,0,1,RPL26
0,1.8081805651961842,0.782,0.215,0,1,RPL13
0,2.0439777142120974,0.684,0.118,0,1,S100A10
0,3.0999924085006048,0.622,0.059,0,1,ITM2A
0,0.2631182509539416,0.899,0.337,0,1,FN1
0,2.1447275006758186,0.699,0.138,0,1,CYCS
0,1.7684891412686143,0.821,0.26,0,1,HERPUD1
0,1.8456462064056502,0.982,0.422,0,1,RPS12
0,2.28325626218121,0.726,0.166,0,1,EIF3H
0,3.1240107251864413,0.6,0.041,0,1,CPE
0,3.781640190308523,0.609,0.052,0,1,MT1E
0,2.049089855827525,0.718,0.163,0,1,AC112491.1
0,1.408027443373503,0.844,0.289,0,1,ANXA5
0,1.7020740565478554,0.777,0.223,0,1,RPL7A
0,1.990962874092645,0.714,0.16,0,1,NBEAL1
0,1.2578043481322796,0.843,0.295,0,1,NAP1L1
0,1.5153509746363882,0.855,0.308,0,1,NACA
0,2.02005556258914,0.978,0.434,0,1,RPS13
0,1.688640687003186,0.784,0.241,0,1,UQCRB
0,4.088049825804329,0.577,0.034,0,1,CLEC3A
0,1.563146241328238,0.682,0.14,0,1,CD99
0,1.5292807047878982,0.884,0.343,0,1,RPL38
0,1.24879757230208,0.908,0.368,0,1,RPL11
0,1.9179385522388024,0.635,0.097,0,1,PAPSS2
0,1.9355362759867076,0.685,0.149,0,1,RPL12
0,1.4809693380455085,0.859,0.323,0,1,RPS15A
0,1.3921576604845045,0.797,0.262,0,1,RPL4
0,1.9882185243441999,0.978,0.443,0,1,RPL31
0,2.0095492594223625,0.835,0.301,0,1,EGR1
0,2.057047448141895,0.986,0.452,0,1,RPS27A
0,1.8952467114267262,0.664,0.132,0,1,TMED10
0,1.7831354448473358,0.748,0.218,0,1,CDKN1A
0,2.4530113479998397,0.597,0.067,0,1,PMP22
0,2.0832531017026263,0.986,0.456,0,1,RPL37A
0,1.8723307984850452,0.696,0.168,0,1,COMMD6
0,1.3687729278009009,0.952,0.426,0,1,RPS24
0,0.9495646928971362,0.905,0.384,0,1,PTMA
0,3.456742593659717,0.551,0.035,0,1,CDO1
0,1.893180541550188,0.621,0.105,0,1,CRTAP
0,3.186930745283391,0.558,0.043,0,1,GEM
0,1.8027048537736912,0.978,0.464,0,1,RPS8
0,2.007122339574738,0.729,0.216,0,1,RHOB
0,1.5806796833525327,0.954,0.441,0,1,RPS29
0,1.7184361265651977,0.67,0.158,0,1,CD59
0,1.7633543280110304,0.676,0.164,0,1,RPL6
0,1.3114683618900904,0.922,0.413,0,1,RPL27A
0,3.364698174861985,0.559,0.05,0,1,CRYAB
0,1.8093450263887614,0.651,0.143,0,1,EEF1B2
0,2.9689692366464477,0.559,0.051,0,1,HSPB8
0,2.269371778987628,0.566,0.059,0,1,HAPLN1
0,1.1244959884645747,0.81,0.306,0,1,BTF3
0,2.3074820757098538,0.578,0.074,0,1,ERRFI1
0,1.766782443739677,0.961,0.459,0,1,EEF1A1
0,1.3437168383993292,0.725,0.223,0,1,ID2
0,1.9196562087007418,0.591,0.091,0,1,SLC39A14
0,1.4349426852313583,0.817,0.32,0,1,RPL27
0,1.6181245656512468,0.679,0.187,0,1,TMEM59
0,1.9215231952544856,0.981,0.489,0,1,RPL23
0,2.150911641773995,0.588,0.097,0,1,EID1
0,1.9633948050823034,0.577,0.086,0,1,PEBP1
0,2.041235606257665,0.99,0.499,0,1,RPS20
0,3.121301402072817,0.523,0.034,0,1,BEX3
0,1.886398084538699,0.649,0.16,0,1,COX7C
0,1.9038965797171614,0.626,0.137,0,1,EIF3E
0,1.128909285700857,0.739,0.25,0,1,LRRC75A
0,1.3846040980490022,0.958,0.47,0,1,RPL37
0,2.3891685965304554,0.542,0.055,0,1,F13A1
0,2.9198665176439147,0.537,0.05,0,1,FHL1
0,1.8223789664454955,0.632,0.149,0,1,COX6C
0,1.5601669154030453,0.639,0.157,0,1,HINT1
0,1.2602458261055975,0.685,0.204,0,1,RAN
0,1.541497058770236,0.648,0.168,0,1,RPS7
0,1.8142332694478962,0.654,0.177,0,1,PNRC2
0,1.1226504151371675,0.715,0.24,0,1,HSP90B1
0,1.6459335754929212,0.902,0.429,0,1,ANXA1
0,1.4366846474056927,0.721,0.248,0,1,RPL19
0,1.985263532055785,0.547,0.075,0,1,SLC29A1
0,1.9883255649543297,0.587,0.115,0,1,DYNLL1
0,1.4750469106336777,0.662,0.192,0,1,PPIA
0,1.7668498246218096,0.994,0.525,0,1,RPS6
0,2.01088787105118,0.567,0.099,0,1,SBDS
0,2.094622986894455,0.988,0.523,0,1,RPL34
0,1.5085919585911332,0.611,0.149,0,1,INHBA
0,1.2347317721353375,0.747,0.286,0,1,ARF4
0,1.1952444786664507,0.834,0.373,0,1,ATF4
0,1.2077001481336853,0.705,0.244,0,1,PFDN5
0,1.4535747707911133,0.622,0.161,0,1,XBP1
0,3.2287615910239387,0.5,0.04,0,1,NNMT
0,1.3205881239389468,0.696,0.236,0,1,ENO1
0,1.8170746199199714,0.61,0.15,0,1,SKP1
0,2.232922890102722,0.536,0.078,0,1,UAP1
0,1.7379989784016245,0.563,0.105,0,1,ACAN
0,1.578830266782595,0.978,0.523,0,1,RPL30
0,1.339594845897492,0.744,0.29,0,1,RPLP1
0,0.7860374915639237,0.754,0.301,0,1,TIMP2
0,1.351776498275918,0.602,0.149,0,1,COL2A1
0,1.3590819222350286,0.77,0.319,0,1,SERPINA1
0,2.876719787980316,0.52,0.07,0,1,RCAN1
0,1.0808494794142236,0.749,0.3,0,1,EIF4A2
0,1.1866953000428908,0.861,0.413,0,1,LDHA
0,3.2829468411323846,0.488,0.04,0,1,TNFRSF11B
0,1.3522059552333303,0.659,0.213,0,1,SAP18
0,1.3207470985365584,0.748,0.302,0,1,RPS16
0,0.6118777242145539,0.596,0.15,0,1,ABI3BP
0,1.0329429517603466,0.547,0.102,0,1,TIMP3
0,3.1078363180400244,0.486,0.043,0,1,FHL2
0,1.8156467120309987,0.587,0.144,0,1,MAN1A2
0,1.1274074640492564,0.652,0.21,0,1,YWHAE
0,1.2109864897617837,0.674,0.234,0,1,RPL14
0,1.2441421562017492,0.648,0.209,0,1,TOB1
0,0.9764978694806423,0.875,0.436,0,1,CD63
0,2.33238216628591,0.528,0.092,0,1,PPDPF
0,1.345390455977085,0.705,0.269,0,1,RPL39
0,1.8390124700091461,0.519,0.085,0,1,KDELR2
0,2.721130472459476,0.465,0.032,0,1,SERPINA5
0,1.342238093254105,0.519,0.087,0,1,CCDC80
0,1.2647073033895566,0.656,0.224,0,1,MORF4L1
0,1.3639532179624259,0.625,0.193,0,1,SEC11A
0,1.0926677915371228,0.52,0.089,0,1,ISLR
0,1.872997044313892,0.519,0.088,0,1,P4HA1
0,2.0861234775656667,0.484,0.053,0,1,C1S
0,1.1323971020140298,0.688,0.258,0,1,SRSF3
0,2.2453915693182416,0.559,0.131,0,1,RPS28
0,1.8916612542476319,0.484,0.056,0,1,GFPT2
0,1.2265132353609118,0.828,0.401,0,1,DNAJB1
0,2.3018429905448397,0.493,0.067,0,1,OSTC
0,3.4125631590380565,0.479,0.054,0,1,GPX3
0,0.9588790939806398,0.637,0.218,0,1,RPS2
0,1.212218637532828,0.619,0.2,0,1,CNBP
0,1.4343963715719292,0.556,0.138,0,1,RPL22
0,2.7411249260220933,0.447,0.031,0,1,PID1
0,1.0135891676208877,0.652,0.236,0,1,TPI1
0,2.101170052856541,0.496,0.08,0,1,SSR3
0,2.467825134381974,0.482,0.067,0,1,MRPL33
0,1.6176409554895055,0.542,0.128,0,1,NPC2
0,1.2539640931096496,0.64,0.227,0,1,NDUFA1
0,1.5440729380158489,0.555,0.142,0,1,RPLP0
0,1.0650721093613582,0.7,0.287,0,1,H2AFZ
0,3.249948029341206,0.451,0.039,0,1,C11orf96
0,1.9652045342601099,0.505,0.093,0,1,DAD1
0,3.2105408299970266,0.442,0.03,0,1,DUSP14
0,1.55727065052272,0.542,0.13,0,1,NDUFS5
0,1.73076273436318,0.564,0.156,0,1,CHCHD2
0,0.9698402787655152,0.752,0.345,0,1,UBB
0,0.9579623725933684,0.864,0.457,0,1,CALM2
0,2.8558891214892936,0.437,0.033,0,1,NRN1
0,1.6017033841367558,0.511,0.107,0,1,RPL23A
0,1.48022319957596,0.488,0.084,0,1,CLIC4
0,1.4718037238015955,0.584,0.18,0,1,RSL24D1
0,3.7014003125726687,0.425,0.022,0,1,RBP4
0,1.239904245888539,0.699,0.296,0,1,RPS3
0,1.8865540370337315,0.525,0.123,0,1,COX7A2
0,1.7801328591752121,0.502,0.1,0,1,SERPINE1
0,2.9999919836650006,0.438,0.038,0,1,PRDX1
0,2.1209838574312774,0.459,0.063,0,1,SEM1
0,0.7921026083050569,0.731,0.335,0,1,RAB1A
0,2.993366721302522,0.424,0.029,0,1,FXYD6
0,4.935113695855311,0.415,0.021,0,1,MT1G
0,2.5339115513937847,0.427,0.035,0,1,TMEM45A
0,2.2716456501293316,0.437,0.045,0,1,UGDH
0,1.2312678306166474,0.478,0.087,0,1,ANKH
0,1.8591443701885233,0.488,0.098,0,1,SPCS1
0,1.501643203058893,0.513,0.123,0,1,TRAM1
0,2.7299208316993053,0.432,0.044,0,1,VKORC1
0,2.6145741682257135,0.432,0.045,0,1,ATRAID
0,1.535440313798052,0.849,0.462,0,1,FOSB
0,1.530042345916202,0.522,0.137,0,1,INSIG1
0,2.8576637750462304,0.415,0.031,0,1,RCN2
0,0.5121930601403069,0.694,0.31,0,1,HSPA1B
0,1.1759127100612208,0.58,0.197,0,1,JTB
0,1.8821201326048353,0.474,0.094,0,1,CST3
0,1.1919531462935598,0.536,0.156,0,1,SRSF7
0,3.0081761396303692,0.408,0.028,0,1,BNIP3
0,1.9833835456532345,0.475,0.096,0,1,HMOX1
0,0.8129836586332597,0.637,0.26,0,1,SLC25A3
0,1.3263701676625619,0.535,0.159,0,1,RPL36AL
0,2.0310007094354003,0.457,0.081,0,1,TUBA1C
0,1.672967780066127,0.451,0.075,0,1,YBX3
0,1.442027185581177,0.505,0.13,0,1,C11orf58
0,2.75943375717977,0.416,0.041,0,1,KRT10
0,1.461889677458009,0.509,0.135,0,1,GADD45B
0,0.9637652112284987,0.526,0.153,0,1,PLXDC2
0,1.3886020550017477,0.522,0.15,0,1,ATP5G2
0,0.9977349228666879,0.542,0.17,0,1,OAT
0,1.7899946180354984,0.471,0.099,0,1,PSMB1
0,0.8910315091395165,0.549,0.179,0,1,PDIA3
0,0.8685980519255088,0.474,0.104,0,1,CALU
0,1.940206745332413,0.426,0.056,0,1,CD9
0,2.3089914515127625,0.426,0.057,0,1,ATF3
0,1.1563619923886574,0.453,0.084,0,1,BCAT1
0,1.0599484359073021,0.886,0.517,0,1,S100A6
0,0.6172032088514348,0.831,0.462,0,1,GNAS
0,0.8928715574792441,0.646,0.278,0,1,HSPA5
0,1.6746068476145275,0.507,0.14,0,1,BHLHE40
0,1.8164866256551226,0.445,0.078,0,1,SSBP1
0,2.6821368179248504,0.397,0.032,0,1,ID4
0,1.7364979490921393,0.528,0.164,0,1,RPL36
0,2.3258375795843333,0.406,0.046,0,1,ACKR3
0,0.8802904214146128,0.592,0.232,0,1,PKM
0,1.510892297863546,0.486,0.126,0,1,ST13
0,1.4862286442492152,0.488,0.129,0,1,ATP6V1G1
0,2.1846146354648903,0.407,0.048,0,1,TSPAN3
0,2.3303713645290194,0.396,0.039,0,1,ATP1B1
0,2.328492863864399,0.401,0.044,0,1,GLO1
0,1.8897999955133136,0.436,0.079,0,1,PARK7
0,3.4520832869111358,0.397,0.041,0,1,MMP3
0,1.4372215661436576,0.533,0.178,0,1,RPL10
0,1.3568994220838217,0.466,0.112,0,1,YWHAQ
0,1.6899587119432873,0.455,0.101,0,1,OST4
0,1.4337192582330052,0.476,0.122,0,1,TMED2
0,1.9739749670368258,0.426,0.073,0,1,ERH
0,0.3260845500864322,0.615,0.262,0,1,TUBA1B
0,1.7206049826721055,0.448,0.096,0,1,SNRPG
0,1.748089258836329,0.419,0.068,0,1,CYBRD1
0,2.149551315356273,0.437,0.086,0,1,RPS3A
0,0.9276267938839706,0.543,0.193,0,1,C4orf3
0,1.4358345493012734,0.417,0.067,0,1,CAV1
0,2.204308093770713,0.389,0.041,0,1,GPRC5A
0,1.2066538863198926,0.429,0.081,0,1,BGN
0,0.6074920930757557,0.57,0.222,0,1,MORF4L2
0,2.1033108351738794,0.408,0.062,0,1,ODC1
0,1.5318198479870768,0.448,0.104,0,1,PRDX6
0,3.3344570413685295,0.357,0.014,0,1,TSPAN6
0,1.5826253946370965,0.404,0.062,0,1,PAM
0,2.2642032957579152,0.41,0.068,0,1,SEC61B
0,2.0376256385785254,0.402,0.061,0,1,NDUFAB1
0,0.7480311445700929,0.691,0.351,0,1,EIF5
0,2.669821776260621,0.369,0.029,0,1,SDC4
0,0.8458392060807085,0.461,0.122,0,1,NUCB2
0,2.114894698477378,0.396,0.059,0,1,MTHFD2
0,1.0838547703942258,0.526,0.189,0,1,SRP14
0,0.7652289306285165,0.596,0.259,0,1,GABARAPL2
0,1.0392196055248184,0.483,0.146,0,1,RBMX
0,1.4260480200630143,0.443,0.107,0,1,ATP5G3
0,0.8594134130115705,0.521,0.186,0,1,HNRNPA1
0,1.185303871675707,0.861,0.527,0,1,JUND
0,2.0581730288456153,0.38,0.047,0,1,ITM2C
0,3.5203349532579318,0.35,0.018,0,1,BAMBI
0,0.4362407036192981,0.524,0.193,0,1,CALR
0,0.8654824329397584,0.497,0.166,0,1,CSTB
0,2.005616956607699,0.375,0.045,0,1,FOXC1
0,0.6984738505218351,0.42,0.09,0,1,COL11A1
0,0.45981877459348963,0.611,0.281,0,1,HSPD1
0,1.2156817072332742,0.488,0.158,0,1,KLF10
0,1.0827358534710267,0.487,0.158,0,1,AMD1
0,1.1239276663502937,0.575,0.246,0,1,RPS19
0,1.831741395739385,0.408,0.08,0,1,DBI
0,2.301283857553777,0.374,0.047,0,1,NDUFC1
0,1.410116387081068,0.45,0.124,0,1,CIRBP
0,0.9512293831362193,0.602,0.276,0,1,RPLP2
0,3.107426576275051,0.345,0.019,0,1,S100A1
0,1.7270075718797981,0.403,0.078,0,1,LMO4
0,2.156869136961853,0.358,0.033,0,1,FGF2
0,1.541366992769245,0.423,0.098,0,1,NSA2
0,1.5306252694468614,0.407,0.083,0,1,CILP
0,3.4766864383118325,0.341,0.018,0,1,S100A13
0,1.1358877829470366,0.601,0.278,0,1,SERF2
0,1.3466689117908746,0.438,0.116,0,1,EIF2S2
0,1.9433081593399857,0.368,0.047,0,1,MXRA7
0,3.0310136884709893,0.342,0.021,0,1,SNAI2
0,2.4223241985383543,0.36,0.039,0,1,TNFRSF12A
0,2.18762678864852,0.37,0.049,0,1,TUBB2A
0,3.116716190546974,0.349,0.028,0,1,SLC14A1
0,1.6629980395255657,0.435,0.115,0,1,IDI1
0,0.6297384341504224,0.65,0.331,0,1,RPS11
0,0.8775723492157629,0.489,0.17,0,1,MRFAP1
0,1.1813078704066995,0.42,0.102,0,1,RPN2
0,4.058179602407932,0.33,0.013,0,1,CP
0,3.137247859704564,0.342,0.025,0,1,OMD
0,2.290892209490546,0.353,0.037,0,1,C1orf21
0,1.1658171028561384,0.416,0.1,0,1,TMED9
0,1.6645468523781013,0.382,0.067,0,1,BAG3
0,2.2978244564579478,0.34,0.025,0,1,CHAD
0,1.5644201743250874,0.409,0.094,0,1,C6orf48
0,0.52032732834089,0.585,0.27,0,1,HNRNPDL
0,3.014489039431443,0.346,0.031,0,1,TM4SF1
0,0.6670130190693084,0.525,0.211,0,1,MIR22HG
0,1.1549675038384262,0.414,0.1,0,1,CMPK1
0,3.5090190181175815,0.345,0.031,0,1,PLA2G2A
0,1.725477854529142,0.381,0.068,0,1,HBEGF
0,1.187061316267693,0.423,0.111,0,1,SLC1A5
0,1.733263218888531,0.354,0.043,0,1,FERMT2
0,1.6786567251105304,0.397,0.087,0,1,ATP5J
0,2.4950427586736397,0.339,0.029,0,1,PPIC
0,1.562960864418731,0.393,0.085,0,1,OCIAD1
0,2.308295595805678,0.353,0.045,0,1,SPTSSA
0,1.4711676169098777,0.401,0.094,0,1,SGK1
0,2.411692270722995,0.336,0.029,0,1,TCEAL9
0,1.8198054890599946,0.346,0.04,0,1,CTSK
0,1.5353505128744631,0.386,0.081,0,1,TOMM20
0,1.4539155003056017,0.434,0.129,0,1,ZNF90
0,2.9402865949947667,0.323,0.019,0,1,HOXC10
0,1.6015007926913254,0.354,0.05,0,1,PMEPA1
0,1.62814696774324,0.379,0.075,0,1,UFM1
0,0.5451914990217925,0.487,0.184,0,1,RPL13A
0,1.606358183339922,0.374,0.071,0,1,TMEM167A
0,2.051147638506849,0.338,0.038,0,1,EPB41L2
0,2.1200156267025627,0.358,0.058,0,1,SERTAD1
0,1.2720828581905568,0.501,0.202,0,1,RPL8
0,0.9318422376601647,0.462,0.164,0,1,REEP5
0,2.0139343715889697,0.35,0.053,0,1,CD81
0,0.5277250443957979,0.526,0.23,0,1,ARL6IP5
0,0.8535505104123297,0.39,0.094,0,1,LDHB
0,3.13660576471636,0.321,0.025,0,1,FAM162A
0,2.734832825674671,0.316,0.02,0,1,PAX1
0,2.350295754109039,0.344,0.048,0,1,RPS27L
0,2.0791376739353526,0.348,0.053,0,1,MRPS6
0,1.9786154828260787,0.366,0.071,0,1,RPL9
0,1.1363513191949692,0.406,0.112,0,1,CTNNB1
0,2.0879253424868685,0.332,0.038,0,1,RND3
0,2.1711066499507896,0.324,0.033,0,1,PDPN
0,2.253367178562667,0.334,0.045,0,1,SLIRP
0,2.08815662963327,0.361,0.072,0,1,SNHG8
0,0.6136804840528858,0.541,0.253,0,1,EEF1D
0,0.9201016357711511,0.456,0.168,0,1,RBM3
0,1.0673488087831624,0.41,0.122,0,1,MAP3K8
0,2.878597977817189,0.329,0.043,0,1,CHI3L2
0,1.7198860748532887,0.358,0.072,0,1,UQCRQ
0,0.7815803285728169,0.444,0.159,0,1,POMP
0,2.137993134531061,0.319,0.034,0,1,TMEM263
0,0.9376840366540679,0.475,0.19,0,1,ATP5L
0,2.440988717769376,0.322,0.038,0,1,A2M
0,1.6974732505864516,0.381,0.097,0,1,PIM1
0,1.8073853601634648,0.338,0.054,0,1,TPM1
0,1.2138947720014739,0.346,0.062,0,1,IGFBP7
0,1.046408332841888,0.476,0.192,0,1,RPL29
0,1.3437204971746555,0.376,0.093,0,1,ATP5H
0,1.2456139565875797,0.344,0.061,0,1,CTSL
0,2.345446895201855,0.315,0.033,0,1,HSPA2
0,1.230036618339547,0.378,0.096,0,1,PCNP
0,1.451186770431244,0.356,0.074,0,1,HMGCS1
0,0.97051570923623,0.441,0.161,0,1,MMADHC
0,2.345482000087384,0.309,0.03,0,1,KCNMA1
0,1.3429084871980104,0.373,0.094,0,1,UQCRHL
0,1.4756987582211154,0.338,0.06,0,1,COMP
0,1.4573121922302643,0.368,0.09,0,1,ELOC
0,1.3425353125967137,0.487,0.209,0,1,RPS18
0,2.343164155700289,0.305,0.027,0,1,ARL1
0,0.80639646977518,0.441,0.164,0,1,GLS
0,1.589159821297111,0.343,0.066,0,1,MGST3
0,2.762037036215504,0.304,0.027,0,1,MSMO1
0,1.1433689296733305,0.402,0.126,0,1,BRK1
0,1.164453894940363,0.392,0.116,0,1,UQCRH
0,2.623159520732603,0.293,0.017,0,1,DNER
0,4.231217502546715,0.285,0.009,0,1,WIF1
0,1.789095493679502,0.325,0.05,0,1,DPT
0,0.8019710574807957,0.423,0.148,0,1,GALNT1
0,0.6645629758091998,0.379,0.104,0,1,NUCKS1
0,3.1565931727794387,0.289,0.014,0,1,WISP3
0,1.6291039773069405,0.368,0.097,0,1,NDUFA4
0,3.1780809185602843,0.319,0.048,0,1,SLPI
0,1.5752166589309997,0.328,0.058,0,1,GNL3
0,1.6891908317850604,0.305,0.035,0,1,RCN1
0,1.5835786379994659,0.339,0.07,0,1,GSTP1
0,1.022089526041468,0.375,0.106,0,1,NDFIP1
0,2.400728544198791,0.301,0.033,0,1,NDUFS4
0,1.4818337316544523,0.353,0.085,0,1,COPZ1
0,1.0483630631115801,0.334,0.067,0,1,CAVIN1
0,1.099357132256906,0.342,0.075,0,1,METAP2
0,1.6111000569702907,0.347,0.08,0,1,NACA2
0,2.5586802733419405,0.29,0.023,0,1,PERP
0,0.7611600420801657,0.43,0.164,0,1,HNRNPA0
0,1.1135978499428734,0.35,0.085,0,1,PRDX3
0,2.6294242004039146,0.288,0.024,0,1,MYC
0,0.5580431571092497,0.439,0.177,0,1,DEK
0,0.9889656829964977,0.42,0.158,0,1,UGP2
0,0.6212297204604987,0.389,0.128,0,1,APP
0,0.6625183843876966,0.401,0.141,0,1,PRNP
0,1.8387030628195438,0.299,0.04,0,1,ERLEC1
0,1.445299626135689,0.341,0.083,0,1,ZC3H6
0,0.9124966595099833,0.371,0.114,0,1,LEPROT
0,1.4902357307426302,0.299,0.043,0,1,EDIL3
0,2.1913225025484584,0.286,0.03,0,1,RHOBTB3
0,0.783622367442321,0.344,0.089,0,1,DUT
0,1.7900911508173105,0.316,0.061,0,1,RHEB
0,1.0647380610729613,0.364,0.109,0,1,TGIF1
0,2.191482260955773,0.278,0.024,0,1,OAF
0,1.2470964844892456,0.496,0.242,0,1,RPS14
0,1.6864535042539526,0.317,0.063,0,1,TMED4
0,2.3325381451134612,0.292,0.039,0,1,PLK2
0,1.1777578320766078,0.347,0.095,0,1,EIF3I
0,1.5461344565442068,0.306,0.054,0,1,MDH1
0,2.076134923644611,0.29,0.038,0,1,NDUFA5
0,1.8814816230041926,0.292,0.04,0,1,SERPING1
0,1.7049582748333436,0.32,0.068,0,1,USMG5
0,5.391344969006873,0.259,0.008,0,1,FRZB
0,2.0731824784552977,0.297,0.046,0,1,GTF2A2
0,1.3681826548079492,0.308,0.057,0,1,SLC16A1
0,1.3075373718406018,0.345,0.094,0,1,TBCA
0,2.2873359365497152,0.309,0.059,0,1,HSPB1
0,2.1590105042414853,0.287,0.037,0,1,CFAP20
0,0.6666636052210451,0.362,0.114,0,1,PABPC4
0,0.6178486728479844,0.389,0.142,0,1,CKS2
0,1.9895347036829532,0.277,0.03,0,1,TCEAL4
0,1.5133349490561305,0.295,0.048,0,1,KDSR
0,1.6840322167332968,0.281,0.035,0,1,CNN3
0,1.2065553835060767,0.34,0.094,0,1,DNAJB9
0,1.2284143510959922,0.334,0.088,0,1,WWP2
0,3.29435112003309,0.258,0.012,0,1,TUBB2B
0,1.7204907630826782,0.278,0.033,0,1,P4HA2
0,2.216438788645848,0.282,0.037,0,1,CHCHD7
0,1.5402124319865358,0.316,0.072,0,1,MCMDC2
0,1.6870827171232623,0.296,0.052,0,1,MRPL20
0,1.8542995994173552,0.298,0.054,0,1,TMEM230
0,2.8978611172797257,0.255,0.013,0,1,BAALC
0,0.8867506982856921,0.368,0.126,0,1,KLHL21
0,1.5239306662423542,0.309,0.067,0,1,TMCO1
0,0.7928395972363105,0.395,0.154,0,1,COX7A2L
0,1.8392220575505756,0.286,0.045,0,1,RRAGA
0,3.945683693046286,0.252,0.012,0,1,CAPS
0,0.29669393024969115,0.308,0.068,0,1,FSTL1
0,1.8047726064849523,0.292,0.053,0,1,BANF1
0,0.9552381504652756,0.379,0.14,0,1,ENY2
0,1.8995674925944732,0.283,0.045,0,1,ESD
0,1.3613211886668437,0.291,0.053,0,1,PPA1
0,0.5520065252101516,0.368,0.131,0,1,C1orf43
0,1.041832172718013,0.339,0.103,0,1,EIF3L
0,2.2617049764278354,0.278,0.042,0,1,BMP2
0,1.0370495304749825,0.349,0.113,0,1,STMP1
0,2.0393255366312855,0.264,0.029,0,1,CFAP36
0,1.894712101376312,0.282,0.047,0,1,ITGB1BP1
0,1.3559950120048994,0.316,0.081,0,1,RPS27
0,1.3966083726345708,0.325,0.091,0,1,TIPARP
0,2.870156511018888,0.251,0.018,0,1,PIGP
0,0.5201137293299314,0.316,0.083,0,1,VCAN
0,2.201812277464498,0.255,0.023,0,1,SGCB
0,0.7259380786921907,0.354,0.123,0,1,G3BP1
0,1.905953140625693,0.262,0.032,0,1,PSMB5
0,1.7970983542086731,0.261,0.031,0,1,TWSG1
0,1.0028498963699977,0.338,0.109,0,1,FGFR1OP2
0,1.2507000519969265,0.268,0.039,0,1,PLS3
0,1.9005147091921413,0.262,0.033,0,1,TMED3
0,1.3719562005378563,0.303,0.074,0,1,PDCD6
0,1.9895120377504525,0.268,0.04,0,1,CEBPG
0,2.037611395537122,0.259,0.032,0,1,SLC19A2
0,1.600051905933464,0.279,0.053,0,1,EMC7
0,1.388174960296347,0.321,0.095,0,1,SPINT2
0,1.488703351848363,0.287,0.061,0,1,CAMLG
0,0.7902471768590276,0.352,0.126,0,1,SELENOF
0,1.924504490481246,0.254,0.029,0,1,ECM2
0,1.1445525941643202,0.305,0.08,0,1,CCDC59
0,1.1538301067027907,0.346,0.121,0,1,CITED2
0,1.9672931902249577,0.255,0.031,0,1,TXNDC15
0,1.2669289318074943,0.266,0.043,0,1,ANGPTL2
0,1.1460496499984218,0.267,0.044,0,1,MAGED1
0,2.31912922010453,0.25,0.029,0,1,SELENOW
0,1.341120387091295,0.298,0.078,0,1,NDUFB2
0,1.9473737371138529,0.261,0.042,0,1,CWC15
0,1.3639719608597685,0.268,0.05,0,1,PEA15
0,1.867166798945889,0.267,0.049,0,1,TM2D1
0,0.9080018639533679,0.309,0.091,0,1,EIF1AX
0,0.6667323250229219,0.344,0.126,0,1,CCT4
0,1.8368676227966785,0.271,0.054,0,1,POLR2K
0,2.3980630885037777,0.278,0.061,0,1,RPL18
0,1.5153693677475168,0.26,0.043,0,1,SNRPD1
0,1.1823741977074376,0.307,0.09,0,1,SNU13
0,0.8548915543164206,0.972,0.755,0,1,EIF1
0,1.1790520451621371,0.289,0.073,0,1,ASPN
0,1.1453622755853714,0.297,0.081,0,1,PSMA3
0,1.0117703266817855,0.296,0.08,0,1,RSL1D1
0,1.1620891418494605,0.285,0.069,0,1,SELENOS
0,1.6762538809706267,0.259,0.044,0,1,PGM1
0,1.5318716954349045,0.271,0.057,0,1,RWDD1
0,1.6139888817962795,0.267,0.053,0,1,THOC7
0,1.6321472168887339,0.267,0.053,0,1,UFC1
0,1.3333048627013846,0.277,0.065,0,1,DPM1
0,2.1932522939246546,0.254,0.043,0,1,RPS4Y1
0,1.3318416379995455,0.26,0.049,0,1,RTL8C
0,1.3944226439706187,0.287,0.076,0,1,BLOC1S2
0,1.739146065346836,0.265,0.055,0,1,RPL41
0,1.1194251272732678,0.264,0.054,0,1,VDAC1
0,1.0692363246099443,0.283,0.073,0,1,PDLIM5
0,0.8066518270598693,0.316,0.107,0,1,CLDND1
0,1.16774750582591,0.281,0.072,0,1,LBH
0,1.2206428532073652,0.295,0.086,0,1,ANAPC16
0,0.7320581099735632,0.309,0.101,0,1,GSTO1
0,1.1158184062704364,0.278,0.071,0,1,SUMO3
0,1.2201629728880108,0.266,0.06,0,1,TFG
0,0.8025764622239973,0.299,0.097,0,1,RPSA
0,1.4397830939626148,0.261,0.06,0,1,GTF2B
0,1.1345974257970464,0.274,0.073,0,1,SRI
0,1.282189195466207,0.263,0.063,0,1,SNRPB2
0,1.4017705173008368,0.253,0.054,0,1,CNIH1
0,1.3859858192772743,0.251,0.053,0,1,DARS
0,1.0826874119209888,0.269,0.071,0,1,ILF2
0,1.336726733315232,0.253,0.058,0,1,EIF2A
0,0.9546999205490765,0.282,0.087,0,1,COQ10B
0,1.3255080922677152,0.258,0.064,0,1,HMGCR
0,1.4052480117623403,0.257,0.064,0,1,SF3B6
0,0.9963765633743233,0.276,0.084,0,1,ANXA7
0,0.9024868535598539,0.272,0.081,0,1,CHMP5
0,0.6564198620604741,0.272,0.081,0,1,DDOST
0,1.0274400330682685,0.262,0.071,0,1,MRPL51
0,0.7629634252425194,0.272,0.083,0,1,COPB2
0,1.1579389201393253,0.263,0.075,0,1,CLTA
0,1.0391232866614004,0.263,0.075,0,1,ZRANB2
0,1.2615615958777346,0.268,0.083,0,1,NDUFB1
0,1.4166200560834552,0.25,0.065,0,1,SRP9
0,0.7738612405175216,0.253,0.073,0,1,CCT6A
0,1.6087016663789142,0.254,0.075,0,1,RPS15
0,1.2551803001271251,0.998,0.921,0,1,TPT1
4.972235857105154e-308,0.7952002163260738,0.26,0.079,9.136980611016432e-304,1,SOCS3
2.4086251298414837e-307,0.8684727567572481,0.306,0.106,4.4260895385967105e-303,1,SRSF6
2.8296859270473237e-307,0.41811423382784785,0.485,0.208,5.199830859542162e-303,1,SET
3.464746530627199e-303,0.7862364255503835,0.28,0.091,6.366818224680541e-299,1,FAM46A
6.264496859355205e-302,0.3497584675599892,0.483,0.209,1.1511639428751124e-297,1,CANX
2.3384890696976303e-300,0.7466963594148124,0.25,0.074,4.2972075144763653e-296,1,LMBRD1
1.7334051617941598e-299,0.43524737404408753,0.331,0.118,3.185305325312948e-295,1,SEC31A
2.3329142781641185e-293,0.8716065816650121,0.251,0.078,4.286963277554384e-289,1,SRSF10
2.5108224971017255e-293,0.5290256102896683,0.366,0.141,4.613887420674131e-289,1,HSPA9
8.243446219434968e-292,0.686318421603194,0.26,0.083,1.5148156772833697e-287,1,SRP72
2.005875795842549e-291,0.7585911558265421,0.516,0.248,3.6859973624402683e-287,1,FAU
1.4824710722298237e-289,0.2655751636909667,0.541,0.247,2.724188842329524e-285,1,ANP32B
4.586676872358083e-288,0.3434110602716518,0.443,0.19,8.428477420645214e-284,1,VEGFA
2.2070507983421393e-286,0.5612424657432061,0.26,0.082,4.055676547033515e-282,1,IL6ST
1.4241553485184996e-285,0.5685940080229832,0.709,0.395,2.6170278684375948e-281,1,SRSF5
2.791521370667815e-284,1.1431862603876817,0.286,0.101,5.129699670739177e-280,1,TSPAN2
3.2347787587882934e-282,0.3170545474660311,0.522,0.24,5.944229447149367e-278,1,NCL
4.3518779746783454e-282,0.8631870320772337,0.323,0.121,7.997010966268927e-278,1,C14orf2
1.2930234690050116e-280,0.7393721269616609,0.314,0.116,2.3760599266436093e-276,1,ATP5F1
2.907632172966894e-279,0.5783523840975789,0.369,0.147,5.343064881043964e-275,1,SSR2
2.5617121276268686e-278,0.36731918162868027,0.49,0.223,4.707402205727134e-274,1,EEF2
2.742683997653697e-275,0.8000750915695506,0.315,0.117,5.039956114088433e-271,1,EIF1B
3.953943424152381e-273,0.7924723047862946,0.312,0.117,7.265766436222416e-269,1,PSMB4
2.7554213711078878e-269,0.4825000513967609,0.423,0.182,5.063362311547855e-265,1,NPTN
3.913915968553741e-269,1.0133088050250467,0.28,0.1,7.192211983814354e-265,1,HSPE1
2.1949854232325605e-267,0.5635205937591397,0.643,0.345,4.033505213732153e-263,1,UBC
1.2790255758259944e-266,0.968901153032282,0.251,0.084,2.3503373981378473e-262,1,COX6A1
7.446814209399015e-265,0.8091677492605234,0.335,0.133,1.368426579119163e-260,1,SELENOT
9.944224270912004e-263,0.46355297318532196,0.328,0.126,1.8273506520227898e-258,1,CERS2
3.7005319046183336e-262,0.5002676231700831,0.315,0.119,6.80009742792665e-258,1,SSR1
9.817933386024808e-262,0.5814115283773702,0.32,0.122,1.8041434390159186e-257,1,TMEM30A
1.9173158103969822e-261,0.36371669611218094,0.671,0.355,3.523259533185495e-257,1,HNRNPC
2.099165116200403e-261,0.9538051804841077,0.436,0.21,3.85742581752986e-257,1,UBA52
2.9708395449222764e-261,0.47280176448783306,0.681,0.377,5.459214747749175e-257,1,MT-ND4L
7.201924391703866e-261,0.48809384253536403,0.449,0.201,1.3234256262195024e-256,1,NFIL3
2.3394895220414737e-260,0.4292167464285377,0.439,0.197,4.299045945703412e-256,1,MATR3
1.2087234004153704e-251,0.6921500936362964,0.314,0.122,2.2211501206032847e-247,1,GADD45A
1.576232934426283e-251,0.6809708813699098,0.271,0.097,2.8964856403017374e-247,1,ZC3H15
6.3349439726616816e-248,0.4864358855478239,0.368,0.155,1.1641093044163106e-243,1,KHDRBS1
7.136203916770554e-244,0.40199632951550135,0.433,0.196,1.311348831745757e-239,1,TRA2B
9.83059678434569e-243,0.43388721971306254,0.257,0.089,1.8064704650913642e-238,1,TTC3
1.3680938634821918e-242,0.8740168533480477,0.25,0.088,2.5140092835348758e-238,1,SCP2
3.189422431061493e-242,0.37981491204577444,0.354,0.146,5.8608826593185994e-238,1,PTTG1IP
4.0443764947018555e-242,1.2408061423492214,0.317,0.135,7.431946246664129e-238,1,RPL28
2.2946406286540674e-239,0.30643471506693376,0.401,0.172,4.216631619214714e-235,1,MAFF
1.8768928961478396e-236,0.7338961878845908,0.253,0.091,3.44897838596127e-232,1,ATPIF1
9.21435031484719e-234,0.342053317096657,0.254,0.09,1.6932290138563194e-229,1,ATP5A1
1.852284947184965e-232,0.4926035605930785,0.354,0.152,3.4037588189470915e-228,1,SLC25A5
1.3400581110325435e-231,0.5579528560336047,0.7,0.417,2.4624907848334017e-227,1,PGK1
4.190187299060345e-231,0.522972844590646,0.257,0.093,7.69988818075329e-227,1,HDLBP
5.114992662996984e-230,0.42654964080146685,0.523,0.262,9.399310517523258e-226,1,VAPA
1.6161289849211604e-228,0.4282685229226102,0.523,0.259,2.9697986226911243e-224,1,SNX3
1.2674915247038186e-227,0.3488180271414466,0.342,0.144,2.329142425795737e-223,1,YWHAG
5.7637639558909165e-226,0.42366445952862397,0.31,0.125,1.0591492645345148e-221,1,SEPT2
5.9243623099962795e-226,0.5199216079762854,0.303,0.121,1.0886608180849163e-221,1,SAR1A
2.2906914650696733e-225,0.5523902836635577,0.557,0.294,4.209374636212032e-221,1,TXN
1.847816644388606e-221,0.3221665561715963,0.497,0.245,3.3955478657285023e-217,1,RAB2A
2.5041988522282184e-220,0.43453738728284097,0.284,0.111,4.601715810854574e-216,1,HNRNPAB
7.785686188406135e-212,0.34448526138454416,0.46,0.225,1.4306976939815114e-207,1,PTGES3
1.595489919998931e-209,0.2991784279568668,0.256,0.096,2.9318722769900357e-205,1,EIF2AK1
3.46972656826651e-207,0.31291319112830185,0.378,0.172,6.375969541846538e-203,1,GDI2
1.0143516556059993e-202,0.6316350898812351,0.299,0.126,1.8639726023415843e-198,1,NDRG1
1.777098363376754e-201,0.37127087791068414,0.405,0.193,3.265595952541123e-197,1,CBX3
6.639933683309008e-199,0.5104162230927335,0.299,0.126,1.2201542136448634e-194,1,MTCH1
7.699043909144191e-191,0.38136133683136086,0.362,0.167,1.4147763087443366e-186,1,AP3S1
1.3012212133149202e-190,0.31286319657917727,0.467,0.244,2.3911241015874972e-186,1,RACK1
5.156970601105528e-189,0.4567380163202493,0.265,0.109,9.476449176591518e-185,1,P4HB
1.606844088352833e-186,0.5588793312313477,0.317,0.143,2.952736696757166e-182,1,COX6B1
2.592559427219146e-186,0.39248316081574863,0.819,0.584,4.7640872034579026e-182,1,MT-ND5
5.706015488575296e-186,0.34038798907233514,0.417,0.206,1.0485374061805963e-181,1,ARL6IP1
1.3942868560296161e-180,0.30416570276564237,0.904,0.646,2.5621415266400227e-176,1,HSP90AB1
2.5699192770833027e-180,0.44323941460906063,0.304,0.134,4.722483663568277e-176,1,UBE2D2
6.2720007859581605e-180,0.5015424536380213,0.274,0.115,1.1525428644276716e-175,1,TGFBR2
3.885939204167672e-177,0.4088568353400265,0.259,0.106,7.140801881578514e-173,1,CHMP2B
3.986490720143286e-174,0.2946410365073837,0.467,0.247,7.325575347335303e-170,1,HNRNPH1
2.9630179662841023e-173,0.6589345955147861,0.288,0.129,5.444841814843666e-169,1,UBL5
7.800670149106444e-170,0.29095565577117544,0.257,0.107,1.4334511465998e-165,1,ASPH
1.471771416061494e-167,0.2678068998460336,0.271,0.117,2.704527154154601e-163,1,SERBP1
5.9384204552028465e-161,0.5659630755142813,0.253,0.108,1.0912441428480751e-156,1,NHSL2
8.11513227643697e-158,0.25303055483250014,0.363,0.179,1.4912367071180575e-153,1,RNF130
1.6197460185465372e-153,0.40352772117718416,0.787,0.542,2.9764452836811168e-149,1,HSPA8
5.8337056455431334e-151,0.364363177533704,0.262,0.119,1.072001749425006e-146,1,SLC25A6
1.5404192393355178e-148,0.3662149306066338,0.846,0.621,2.830674394202947e-144,1,DDX5
5.707011468074829e-147,0.4443994647896148,0.261,0.117,1.0487204273734305e-142,1,PELI1
1.1910604512286854e-141,0.36473230523001754,0.348,0.179,2.188692685177832e-137,1,HEXIM1
9.766548149727226e-137,0.4503761804540938,0.887,0.794,1.794700887993875e-132,1,MT-ND3
5.504784546309396e-132,0.2580250126732657,0.341,0.176,1.0115592082298147e-127,1,JUN
1.2250565828159587e-118,0.3050662523011301,0.275,0.138,2.2511639765826055e-114,1,EIF4B
3.4300424831875564e-116,0.8006332162615195,0.346,0.203,6.303046067105454e-112,1,RPS9
2.0191997827051146e-108,0.33572719525605155,0.329,0.181,3.710481520698919e-104,1,TRIR
6.83959800107729e-87,0.4031503822597782,0.617,0.422,1.2568445286779628e-82,1,S100A4
0,1.8421043794227252,0.836,0.216,0,2,AQP9
0,1.8737152291973214,0.944,0.333,0,2,G0S2
0,1.6774179685424038,0.975,0.376,0,2,C5AR1
0,2.573831631062581,0.766,0.167,0,2,VNN2
0,1.9957805376684963,0.977,0.383,0,2,BCL2A1
0,2.0388689416103483,0.854,0.266,0,2,FPR1
0,2.0646914880345038,0.988,0.403,0,2,ALOX5AP
0,2.041442221895473,0.96,0.387,0,2,BASP1
0,1.6662893437039834,0.989,0.424,0,2,CXCL8
0,1.786023136520094,0.993,0.433,0,2,NAMPT
0,1.7393265474499575,0.781,0.225,0,2,FCGR3B
0,1.9940208389296217,0.804,0.255,0,2,SELL
0,2.061113301114086,0.853,0.305,0,2,SAMSN1
0,1.973210075782986,0.777,0.24,0,2,CLEC4E
0,1.4926490381430053,0.88,0.353,0,2,PLEK
0,0.57479819436316415,0.996,0.471,0,2,S100A8
0,1.7202205478483115,0.852,0.329,0,2,AC245128.3
0,2.381924529725554,0.729,0.21,0,2,ACSL1
0,1.714414556074411,0.86,0.344,0,2,CTSS
0,1.7250344632951116,0.88,0.364,0,2,MXD1
0,1.6161733735913808,0.961,0.464,0,2,LCP1
0,2.9163145943065523,0.584,0.088,0,2,MME
0,1.7706819218711125,0.919,0.426,0,2,RGS2
0,1.7526309632352168,0.805,0.314,0,2,AC026785.2
0,1.8103396214386227,0.748,0.263,0,2,TNFAIP6
0,1.1980342395771064,0.884,0.4,0,2,PLAUR
0,2.517934485502089,0.698,0.22,0,2,MARCKS
0,1.4413374681529927,0.762,0.292,0,2,CSF3R
0,1.4242321249243246,0.76,0.29,0,2,TNFAIP3
0,1.9957544278988775,0.752,0.288,0,2,SLC2A3
0,1.8314319637341332,0.761,0.301,0,2,NFKBIZ
0,1.7098167306403544,0.987,0.529,0,2,IFITM2
0,1.656762443350158,0.797,0.342,0,2,RNF149
0,1.9363536628768974,0.752,0.298,0,2,CKAP4
0,1.7696156555584648,0.706,0.258,0,2,NCF2
0,1.4114391342663213,0.81,0.369,0,2,SMAP2
0,1.7822331954461363,0.618,0.181,0,2,IL1R2
0,1.553082529042232,0.896,0.471,0,2,SDCBP
0,1.5971669235423636,0.746,0.326,0,2,EVI2B
0,1.5015253274899778,0.746,0.333,0,2,HCLS1
0,1.5076466987598929,0.986,0.579,0,2,SOD2
0,1.8219576796986354,1,0.596,0,2,SRGN
0,1.6993990533397096,0.549,0.146,0,2,PLAU
0,1.6386502716272089,0.653,0.253,0,2,S100P
0,1.5528615814654256,0.722,0.323,0,2,SYAP1
0,1.5901724658225191,0.689,0.291,0,2,CD53
0,1.3762782281268184,0.736,0.339,0,2,PTGS2
0,1.5922677666384129,0.964,0.569,0,2,LITAF
0,1.0104696990987576,0.74,0.351,0,2,MNDA
0,1.0336314788440597,0.714,0.329,0,2,GCA
0,1.4921765241417089,0.752,0.37,0,2,GLUL
0,1.7135224161763012,0.706,0.325,0,2,ANP32A
0,1.3747006856941049,0.845,0.464,0,2,NFKBIA
0,0.9636206431484737,0.696,0.315,0,2,S100A9
0,2.6708076006810195,0.464,0.085,0,2,TMCC3
0,1.2001808950253818,0.744,0.369,0,2,RAC2
0,1.8263448884470035,0.516,0.143,0,2,GPR65
0,1.7220798348394677,0.581,0.208,0,2,LCP2
0,1.7241341316477983,0.613,0.242,0,2,SLA
0,1.8533938995287587,0.586,0.217,0,2,DOK3
0,1.0833068796777083,0.745,0.377,0,2,PTPRC
0,1.602328260491257,0.616,0.252,0,2,SMCHD1
0,1.8176825829888643,0.539,0.177,0,2,CPD
0,1.5441339053220284,0.957,0.595,0,2,CD55
0,1.9379052591192674,0.556,0.195,0,2,MAP4K4
0,2.5801217515657564,0.474,0.113,0,2,QPCT
0,2.1037822468463676,0.444,0.084,0,2,PROK2
0,1.5453183142619813,0.66,0.301,0,2,VASP
0,2.044254118645526,0.525,0.169,0,2,NBN
0,1.7909784299616698,0.602,0.248,0,2,ZFP36L1
0,1.0648022954069498,0.981,0.63,0,2,SAT1
0,1.1620219817560122,0.839,0.494,0,2,HLA-E
0,1.2536998379363666,0.636,0.292,0,2,FCER1G
0,1.5893370311290798,0.586,0.242,0,2,MEGF9
0,1.6149874890697726,0.534,0.191,0,2,FGD4
0,0.255497576734383,0.57,0.227,0,2,IL1B
0,1.6586512082985294,0.638,0.302,0,2,IRS2
0,0.4810968195827532,0.531,0.195,0,2,S100A12
0,2.1997738693420956,0.448,0.113,0,2,LRRK2
0,1.4056271410352879,0.775,0.445,0,2,S100A11
0,2.662278775686605,0.404,0.076,0,2,IL1RN
0,1.4961597055044296,0.5,0.172,0,2,RIPOR2
0,2.350160456454494,0.422,0.094,0,2,TLR4
0,1.7846016232729704,0.51,0.183,0,2,TNFRSF1B
0,1.164551191689728,0.786,0.464,0,2,IVNS1ABP
0,1.4921550508793944,0.563,0.246,0,2,PTPRE
0,1.5661755296007926,0.526,0.21,0,2,MCEMP1
0,1.5118691921534155,0.504,0.19,0,2,ETS2
0,2.352075063384813,0.432,0.118,0,2,N4BP1
0,1.4166525689299552,0.573,0.259,0,2,NR4A3
0,1.6711635806101586,0.498,0.187,0,2,CYP4F3
0,1.0424158501123042,0.791,0.482,0,2,NEAT1
0,2.329203053414199,0.387,0.079,0,2,CMTM2
0,2.1738078491425314,0.407,0.099,0,2,SLC11A1
0,1.665880821811574,0.458,0.153,0,2,CXCL1
0,1.666331542321727,0.485,0.183,0,2,PREX1
0,0.7742063569610651,0.445,0.145,0,2,MMP9
0,1.610513351578028,0.512,0.216,0,2,ZC3H12A
0,2.492301120208502,0.37,0.074,0,2,CCL20
0,1.8183219120468006,0.459,0.165,0,2,ITPRIP
0,1.7142890336481726,0.481,0.187,0,2,IRAK3
0,1.7598533596683381,0.501,0.21,0,2,LRP10
0,0.7275630817526251,0.833,0.542,0,2,IER3
0,1.4165976645883287,0.557,0.267,0,2,RILPL2
0,1.1750977689400615,0.659,0.37,0,2,RTN3
0,1.8071881592897476,0.416,0.128,0,2,RUBCNL
0,2.1406414136567093,0.447,0.16,0,2,IFNGR2
0,1.3381925670804717,0.57,0.283,0,2,LAPTM5
0,1.2708758997201097,0.453,0.167,0,2,PRKDC
0,1.0797733786245551,0.73,0.444,0,2,KLF6
0,2.3109636695484177,0.387,0.103,0,2,MGAM
0,1.792282724097777,0.457,0.173,0,2,USP10
0,1.4040407860188153,0.525,0.244,0,2,LYN
0,1.0075756241228406,0.612,0.331,0,2,SLC25A37
0,1.5205949879694005,0.499,0.219,0,2,GMFG
0,1.6002749830580432,0.41,0.13,0,2,TREM1
0,1.197326404563749,0.536,0.257,0,2,TYROBP
0,1.2279495822318602,0.592,0.313,0,2,CHD1
0,0.8115877393362578,0.44,0.162,0,2,HCAR2
0,2.169602387077842,0.367,0.093,0,2,FPR2
0,1.3721178501276394,0.463,0.189,0,2,PDE4B
0,1.5403705551082767,0.476,0.202,0,2,RASSF5
0,1.76847626104215,0.482,0.209,0,2,ADM
0,1.232907470215138,0.941,0.67,0,2,MCL1
0,0.7041568430061771,0.974,0.704,0,2,TMSB4X
0,1.391126804724393,0.552,0.285,0,2,PPP1R18
0,1.1969769286601686,0.972,0.706,0,2,HLA-C
0,1.7568489617434058,0.431,0.166,0,2,RASSF2
0,1.1503927379523726,0.653,0.392,0,2,IQGAP1
0,1.652720419318211,0.418,0.158,0,2,OXSR1
0,2.5014158149515566,0.338,0.079,0,2,IL18R1
0,1.99440706915005,0.374,0.116,0,2,PLXNC1
0,1.8695208095816431,0.388,0.131,0,2,KIAA1551
0,1.3898361863196527,0.449,0.193,0,2,JOSD1
0,1.6061347144794496,0.456,0.2,0,2,PNPLA8
0,1.3444711933893174,0.497,0.242,0,2,HECA
0,1.0307287985833669,0.681,0.428,0,2,TPM3
0,1.0771911383409305,0.421,0.168,0,2,CXCR2
0,1.136323295441609,0.719,0.466,0,2,YPEL5
0,0.9184835732282379,0.883,0.632,0,2,ITM2B
0,1.4620102403574207,0.489,0.239,0,2,MAP3K2
0,1.9025588387912102,0.388,0.139,0,2,DSE
0,1.5401795782944863,0.511,0.262,0,2,IFRD1
0,1.0486419748855567,0.706,0.458,0,2,HMGB2
0,1.4380330582269383,0.466,0.22,0,2,FAM49B
0,0.9188725374818318,0.97,0.724,0,2,HLA-B
0,1.7420687622538236,0.44,0.194,0,2,RNF19B
0,1.6976441619257665,0.382,0.136,0,2,TMEM154
0,1.0755794969629222,0.655,0.41,0,2,SKIL
0,1.7058593740830035,0.362,0.117,0,2,IGSF6
0,1.41403881391259,0.444,0.2,0,2,ATP2B1
0,1.5387300775699317,0.424,0.183,0,2,STX3
0,1.4529168740602953,0.441,0.201,0,2,BOD1L1
0,1.1802506013599712,0.409,0.169,0,2,NABP1
0,1.760631029484631,0.401,0.164,0,2,DUSP6
0,1.7969076662088894,0.361,0.125,0,2,ADAM8
0,1.6885341109866014,0.421,0.191,0,2,PPP4R2
0,2.087755149550758,0.349,0.12,0,2,ZNF281
0,1.841308780993156,0.304,0.081,0,2,LIMK2
0,1.7720792333965778,0.347,0.127,0,2,STX11
0,2.067642198452615,0.316,0.098,0,2,CLEC4D
0,1.8072010730818728,0.343,0.127,0,2,CARD16
0,1.6419002023070957,0.342,0.13,0,2,THEMIS2
0,2.0298788043108305,0.276,0.069,0,2,PILRA
0,2.4197424681706283,0.302,0.095,0,2,FRMD4B
0,2.2313350505149785,0.272,0.066,0,2,GAPT
0,0.8078079219310075,0.84,0.634,0,2,BTG1
0,2.063183470323372,0.291,0.087,0,2,UBXN2B
0,2.0820264478799206,0.311,0.11,0,2,PIM2
0,0.7509846157163036,0.848,0.651,0,2,FTL
0,1.7707844243689503,0.274,0.084,0,2,JAML
0,0.6872802485316001,0.917,0.733,0,2,HLA-A
0,0.8053349391717539,0.845,0.661,0,2,YWHAZ
0,0.7189527132611069,0.996,0.83,0,2,MALAT1
0,0.7667989989088984,0.983,0.84,0,2,H3F3B
0,0.9886104413500592,0.998,0.872,0,2,B2M
0,0.813768066350506,0.996,0.886,0,2,ACTB
3.2384016813492645e-305,1.218750635506047,0.363,0.138,5.9508869296474085e-301,2,OSM
2.5847806974837312e-303,1.1701413913409882,0.539,0.276,4.7497930096961046e-299,2,CNN2
5.343989769889248e-302,1.0833639269539708,0.604,0.356,9.820115601148481e-298,2,TAGLN2
3.423426752815259e-300,1.6931339041845526,0.363,0.151,6.29088900097332e-296,2,IGF2R
6.212684950492726e-300,1.3425445996870873,0.491,0.253,1.1416429865025433e-295,2,CSGALNACT2
4.331613367943045e-299,1.6212502256981884,0.315,0.113,7.959772724932139e-295,2,CXCR1
1.4912662602722705e-298,1.095497530066146,0.5,0.248,2.7403508798763242e-294,2,KDM6B
2.0533743936018018e-294,1.5288721932668914,0.437,0.21,3.773280785682671e-290,2,PHF20L1
8.561201460080827e-291,1.0402566939518203,0.746,0.561,1.5732063803044527e-286,2,PNRC1
1.751173298133472e-289,1.677434293106033,0.329,0.128,3.217956052650068e-285,2,RASSF3
4.918000694749791e-285,1.3599474709085706,0.456,0.227,9.037318076672215e-281,2,FOXO3
1.4935634055317496e-283,1.5099253116725324,0.389,0.173,2.744572114005143e-279,2,RXRA
2.149884768236642e-282,1.2842027346717122,0.49,0.258,3.9506282501116536e-278,2,GRB2
4.126015696258958e-282,1.5646578569118637,0.299,0.107,7.581966443445461e-278,2,CSF2RB
1.444135900366e-280,1.496902049361844,0.368,0.158,2.6537441305125616e-276,2,NUMB
1.3619328687823053e-279,1.5026383071979919,0.419,0.201,2.502687839674364e-275,2,CLIC1
3.4168321936790076e-279,1.7667654927734355,0.262,0.086,6.278770839104545e-275,2,PTAFR
1.6490822576583895e-272,1.357187626981044,0.303,0.109,3.030353556673057e-268,2,MX2
8.470283066511736e-270,1.6843183274760818,0.286,0.103,1.5564992163021967e-265,2,BCL3
1.388742947201264e-267,1.0738438322745627,0.609,0.396,2.551954039777043e-263,2,DAZAP2
1.5491480345209e-267,1.4001423842529823,0.398,0.185,2.846714428235606e-263,2,ATP6V1B2
8.879786764631534e-256,1.045234433986716,0.481,0.252,1.6317496158686906e-251,2,VMP1
9.074502266934135e-256,1.640249448656851,0.316,0.129,1.6675305365718165e-251,2,GNG2
2.7377655064438555e-255,1.452124967030199,0.361,0.161,5.030917894641229e-251,2,VSIR
1.2865164880848248e-254,1.470230454263539,0.276,0.099,2.364102698504674e-250,2,C9orf72
2.619257491234959e-252,1.1695462923204976,0.434,0.214,4.813147565893361e-248,2,SORL1
7.146786762991504e-251,1.3555999980986098,0.364,0.161,1.3132935355673188e-246,2,TNFAIP2
2.869065886658119e-250,1.3076349254046462,0.421,0.207,5.272195473322959e-246,2,ARRB2
8.655918193367804e-248,1.2810131291308655,0.486,0.276,1.5906115272132678e-243,2,GABARAPL1
1.2300265661494604e-245,1.3750872189840604,0.411,0.21,2.2602968179562482e-241,2,CD46
8.053114493931328e-245,0.8365074962180161,0.706,0.48,1.479840319404821e-240,2,DUSP1
9.974010096919127e-245,1.2750197399740468,0.362,0.16,1.8328240954098587e-240,2,EGR3
2.2454878427807667e-244,1.7622660918499897,0.264,0.098,4.126308459893937e-240,2,PCNX1
8.56173175206486e-244,1.5413884354602427,0.306,0.124,1.5733038267594386e-239,2,PAK1
1.3577794650424724e-243,1.2413075513056566,0.418,0.209,2.4950555449620473e-239,2,ATP6V0D1
8.663550795575692e-243,1.6470606944726096,0.28,0.107,1.5920140941949892e-238,2,DENND5A
1.586789135171842e-240,0.9798116702519062,0.622,0.406,2.915883714791777e-236,2,ACTR3
1.0384543740850287e-239,1.4782490953023464,0.308,0.126,1.908263757818649e-235,2,LRG1
1.4508790692727563e-239,1.1343212703305836,0.474,0.249,2.666135377695617e-235,2,ITGB2
6.334307847422058e-239,1.4274828833143542,0.376,0.181,1.1639924100422774e-234,2,MAP2K3
6.970105806362403e-238,1.5448841280941963,0.298,0.119,1.2808266429771552e-233,2,SIRPB1
1.5581857931933587e-237,0.95326457756965155,0.646,0.458,2.863322213572116e-233,2,CDC42
5.851892437801145e-237,1.1333674423694327,0.377,0.171,1.0753437543703385e-232,2,ZNF267
7.803900601105606e-237,1.3487065461686698,0.397,0.195,1.4340447744591661e-232,2,PYGL
2.19422191328431e-236,1.1209407455476743,0.3,0.114,4.032102187851248e-232,2,PHACTR1
4.395340521946206e-236,0.9385961479419365,0.632,0.432,8.076877743128348e-232,2,RAB7A
4.6463386034539925e-236,1.0711489740497533,0.305,0.117,8.538111817707057e-232,2,TLR2
2.608685941963058e-235,1.313317467957273,0.403,0.202,4.7937212869513155e-231,2,COTL1
1.6139154538070146e-233,1.488094179187782,0.359,0.169,2.96573103791577e-229,2,IL6R
8.736503789670122e-231,1.6298519227128887,0.314,0.136,1.6054199363897816e-226,2,LSP1
1.646123468619032e-230,1.14239588104669,0.509,0.305,3.0249164859343333e-226,2,CAPZA1
3.7291996991495065e-226,1.6785944248054572,0.261,0.099,6.852777367157133e-222,2,TMEM71
2.0259684836619824e-225,1.054408881254735,0.441,0.23,3.722919685577259e-221,2,CDC42EP3
4.53369104943912e-225,0.9340549804783045,0.55,0.338,8.331110672449327e-221,2,ELL2
1.6906901923637464e-224,1.2301693470816608,0.441,0.24,3.1068122974876206e-220,2,CMTM6
1.3389184485976405e-222,1.2007148239079009,0.332,0.144,2.460396541143024e-218,2,FAM129A
1.1994786691056143e-221,1.3602788470497675,0.385,0.196,2.204162002348477e-217,2,NDEL1
5.226715399781848e-221,1.3709262061040552,0.4,0.208,9.604612218639122e-217,2,SKAP2
7.535494410754982e-221,1.0825856734502106,0.539,0.349,1.3847224529203355e-216,2,ETF1
8.190916473589147e-221,1.416988104542863,0.41,0.219,1.5051628111867418e-216,2,CHD2
7.217705165783275e-219,1.0847081859520165,0.496,0.285,1.3263255012643347e-214,2,CFLAR
4.0423903310670314e-218,1.4856061356058436,0.344,0.163,7.428296472368777e-214,2,CREBBP
4.3196285351951146e-217,1.2723507141470478,0.432,0.239,7.937749396274543e-213,2,MAPKAPK2
6.43807617113292e-215,1.1740384024381005,0.448,0.248,1.1830608772073854e-210,2,EFHD2
1.5905410681858354e-212,1.4687790732558197,0.342,0.164,2.922778266898291e-208,2,RALB
3.946168185134766e-211,1.4715127212396513,0.326,0.15,7.251478657003646e-207,2,GPSM3
9.660357967796608e-206,0.8935101312582892,0.497,0.276,1.7751873801623047e-201,2,TKT
3.0207676314795646e-203,0.970546780955148,0.388,0.184,5.550962599606848e-199,2,ARG1
8.111225268784847e-203,1.649430441915414,0.255,0.102,1.4905187553919036e-198,2,RIT1
2.0435148439970016e-200,0.7798520629804067,0.512,0.282,3.75516287732889e-196,2,FGR
5.406243933613821e-200,1.731382926572143,0.265,0.111,9.934513852408758e-196,2,ELF2
4.001804541842717e-199,1.2475944571832753,0.358,0.177,7.353716026090177e-195,2,WAS
7.3158615033615775e-199,0.9539599971867974,0.437,0.233,1.3443627098577234e-194,2,REL
7.575496815807033e-199,0.9037225946943432,0.572,0.376,1.3920732948727002e-194,2,TXNIP
8.441107833314211e-199,0.9825337387453845,0.518,0.312,1.5511379754498194e-194,2,MYH9
7.07821016709164e-197,0.8418732320357538,0.478,0.272,1.3006919003047598e-192,2,IFITM3
4.758097485350857e-196,1.1894795567642173,0.426,0.24,8.743479939080735e-192,2,STK17B
5.092297449915621e-196,1.4279714412722924,0.318,0.151,9.357605793964945e-192,2,IFNGR1
1.685170251599728e-193,1.3399247179432312,0.318,0.149,3.09666885433966e-189,2,NFKBID
1.8152446987389272e-193,1.368234135249273,0.358,0.185,3.3356936584026526e-189,2,TFDP1
9.682798615834337e-192,1.1789585402366414,0.393,0.209,1.7793110736457177e-187,2,WIPF1
1.915417700053569e-190,0.6937381257767514,0.634,0.427,3.5197715656184382e-186,2,S100A4
2.266833875282415e-190,1.3731922907631717,0.349,0.17,4.165533929218966e-186,2,OLR1
2.0167956820750613e-188,1.0320776931942812,0.335,0.154,3.706063745381133e-184,2,PADI4
4.2145362713773247e-187,1.242524343074591,0.36,0.185,7.744631852282971e-183,2,PTEN
6.05077623143451e-186,1.1933311236217736,0.417,0.237,1.1118906402884056e-181,2,MSL1
5.8744983388070914e-185,1.2806117809632211,0.368,0.194,1.0794978147391912e-180,2,YPEL3
9.968668429011417e-185,1.489273051519448,0.254,0.106,1.831842510515138e-180,2,CRISPLD2
4.6628801909370817e-184,0.6000024826365431,0.743,0.549,8.56850863886598e-180,2,PFN1
4.691346016916033e-183,1.4560341619872013,0.296,0.138,8.620817440684902e-179,2,MID1IP1
4.8413645856205705e-182,0.7780666066184301,0.539,0.34,8.89649156253636e-178,2,PPP1R15A
5.057499828876739e-182,1.1785659597627207,0.443,0.27,9.293661685543896e-178,2,SERINC3
1.2781438215471288e-181,1.2124985097545322,0.358,0.187,2.348717086475004e-177,2,ATG3
2.231314876049973e-181,1.165900254153862,0.419,0.236,4.10026421622943e-177,2,RHOG
6.110349752436545e-181,1.3116089129704371,0.382,0.212,1.1228378705077395e-176,2,RABGEF1
3.2405147144234275e-177,1.601349643440767,0.259,0.113,5.9547698392244905e-173,2,NINJ1
4.0732215761878145e-176,0.810552829376566,0.615,0.426,7.484951968402727e-172,2,ACTR2
9.916755069876179e-175,0.6701444456079857,0.615,0.386,1.8223029116404465e-170,2,ARHGDIB
1.2791097238243825e-173,1.0543643149160031,0.428,0.251,2.3504920284996854e-169,2,TPM4
1.5731584586531706e-173,0.45365982193735643,0.962,0.882,2.8908359836210664e-169,2,ACTG1
1.353226325443159e-172,1.4411185934921078,0.278,0.128,2.486688695634349e-168,2,ZCCHC6
9.830864478352003e-172,1.2318720031752541,0.36,0.193,1.806519656541964e-167,2,USP15
1.056308521992742e-171,0.5105640982721003,0.783,0.598,1.9410725400138626e-167,2,FOS
2.492219240755697e-171,1.1272638790677514,0.392,0.217,4.579702076812668e-167,2,LBR
6.97946768172002e-170,0.9812180246155622,0.486,0.304,1.282546981192871e-165,2,ROCK1
4.047847503351199e-169,1.2447686091145493,0.375,0.21,7.438324572158164e-165,2,BCL6
1.0636000308378017e-164,1.4691764062341792,0.282,0.135,1.9544714166675443e-160,2,PSEN1
6.403613246606224e-163,0.99009105068778,0.394,0.221,1.1767279701963596e-158,2,FKBP5
2.9157634801839356e-162,0.5920245961272492,0.74,0.555,5.358006971186e-158,2,ZFP36
5.228066373327341e-161,1.104832841541939,0.417,0.252,9.607094767626322e-157,2,UBE2R2
3.6764218681087253e-159,1.0582575914554195,0.277,0.125,6.7557928248365936e-155,2,FCGR2A
8.653392314893875e-158,0.7836491221730926,0.578,0.397,1.5901473717848986e-153,2,ARPC5
1.4994998941551214e-157,1.3375186056782176,0.291,0.144,2.755481005499451e-153,2,HSD17B11
2.5793069462968294e-157,0.743617183696744,0.559,0.377,4.739734444515054e-153,2,TRIB1
6.358532903223409e-156,1.3906848813540849,0.303,0.157,1.1684440062963335e-151,2,FBXL5
2.7478158796519017e-154,1.05285876533742,0.289,0.138,5.049386460448334e-150,2,ICAM1
1.6743198970039016e-153,0.629776009340461,0.713,0.56,3.0767302427343696e-149,2,MYL6
2.188539889221847e-153,0.6130506142653878,0.545,0.347,4.021660900434066e-149,2,SERPINB1
1.9355739948254983e-152,1.4758610497636158,0.254,0.118,3.556810772891336e-148,2,ARHGAP30
1.698062310322804e-150,1.1056165548351857,0.424,0.267,3.1203593014491845e-146,2,ASAH1
1.2805165129647416e-149,1.145617718468421,0.355,0.199,2.3530771442240092e-145,2,DNTTIP2
2.4316013014087556e-149,1.3211807700091158,0.267,0.127,4.4683105514687294e-145,2,MYO1F
3.7131457681621496e-146,1.5462389634976177,0.257,0.124,6.823276663574766e-142,2,PRKCD
3.7839411111670127e-143,0.8029260078215565,0.543,0.38,6.953370185880503e-139,2,CEBPB
6.680806539615513e-141,1.3943864520507223,0.254,0.122,1.2276650097197466e-136,2,MAN2A2
7.472895430354872e-141,1.0111956897631846,0.402,0.249,1.3732192642820113e-136,2,APLP2
1.360756508963749e-139,1.2449608986050085,0.305,0.162,2.500526160871785e-135,2,CSNK1D
6.859793140573435e-138,1.2534607912189593,0.275,0.138,1.2605555875117744e-133,2,SPI1
7.947093506587374e-136,1.336419845093772,0.266,0.132,1.4603579027704957e-131,2,PRKCB
3.899090229635033e-135,1.1143767142824423,0.355,0.208,7.164968205977336e-131,2,TALDO1
1.4683202107758425e-133,1.2727698846384632,0.348,0.209,2.698185219321688e-129,2,TMX4
2.4075884580443447e-132,0.9871713556612829,0.304,0.16,4.4241845505022877e-128,2,ARL5B
1.098976981026326e-129,1.0659310163548303,0.361,0.218,2.0194801003339766e-125,2,NOP10
1.1591054501846543e-129,1.3229507099106212,0.263,0.133,2.1299721752593207e-125,2,BST1
2.9324087850348983e-129,0.5545031825886464,0.686,0.557,5.388594383380129e-125,2,PSAP
2.2944000717227826e-126,0.7873866553363733,0.447,0.282,4.2161895717977853e-122,2,APMAP
2.7221005912974693e-126,1.2591308343157999,0.298,0.165,5.002132046568229e-122,2,RTFDC1
3.823841504441199e-126,1.1165442276635225,0.299,0.162,7.026691148561147e-122,2,IL2RG
1.6935411417528978e-125,1.2898121603825663,0.302,0.169,3.112051202085125e-121,2,ATP11B
3.286340605206042e-125,0.6370948618744512,0.628,0.481,6.038979496126623e-121,2,ARPC2
2.7015674458403605e-123,0.9423278573674856,0.465,0.331,4.964400338476247e-119,2,SERP1
2.0936342862368127e-121,1.146813470919135,0.278,0.148,3.847262364388767e-117,2,SH3BP5
5.79009868132512e-121,1.0789388361742955,0.35,0.211,1.063988533680304e-116,2,TLN1
1.0603297841065678e-120,0.7661292387788188,0.325,0.175,1.9484620112742288e-116,2,PLBD1
1.3195307483902111e-120,1.0962692903516214,0.358,0.22,2.424769703241852e-116,2,WDR26
1.624530256633634e-119,0.995291667064687,0.401,0.262,2.985236799589966e-115,2,PRR13
1.959230917115548e-119,0.787756450924203,0.417,0.266,3.600282733291531e-115,2,FOSL2
2.4970199919516045e-119,1.1650319041543389,0.338,0.203,4.588523937210269e-115,2,ADD3
1.232366169491181e-116,1.2827443549691349,0.266,0.142,2.2645960730569944e-112,2,NIN
1.3436410832443375e-116,1.2002801443237932,0.276,0.149,2.4690748545697944e-112,2,BIN2
3.138309746301522e-116,1.145092813248423,0.337,0.203,5.7669579898036765e-112,2,MBP
2.033307967703786e-114,0.7347722913323826,0.499,0.354,3.736406721452477e-110,2,MSN
8.582319876075834e-113,1.0455374046588266,0.327,0.192,1.5770871004276954e-108,2,ARHGAP9
1.4468940894296272e-112,0.910664155081846,0.417,0.28,2.658812578735883e-108,2,GPBP1
1.8518573459842282e-112,1.2392015817262436,0.28,0.158,3.4029730589806177e-108,2,NRBF2
9.22243044408105e-112,1.2031425208714714,0.27,0.146,1.6947138184043336e-107,2,CSTA
5.578743550836136e-110,1.3220871680753032,0.296,0.175,1.0251499149016485e-105,2,GOLGA7
1.7190739584157516e-109,0.8090466824590692,0.492,0.371,3.1589703059847852e-105,2,MAP1LC3B
6.416235995292471e-108,0.836036695051162,0.446,0.302,1.1790475264949444e-103,2,FAM107B
1.2521247045391274e-106,0.9795441431931244,0.354,0.22,2.3009043570611003e-102,2,STK4
2.3184066340177527e-105,1.015979804117285,0.336,0.209,4.2603040306710224e-101,2,STAT3
3.2292838716947616e-103,1.1894767384902767,0.316,0.198,5.934132042626294e-99,2,SFT2D1
2.2679693310178984e-102,1.025919022361664,0.326,0.201,4.1676204426784904e-98,2,OSBPL8
7.124277747845797e-101,1.2375540333433528,0.27,0.154,1.3091572789441436e-96,2,IRF1
1.1530394931741107e-100,1.2306315138492214,0.252,0.141,2.118825372656746e-96,2,AKIRIN2
2.1262323832278041e-100,1.0795907905251634,0.331,0.21,3.907164627419413e-96,2,PFKFB3
3.117987266250488e-100,0.8090119031802798,0.373,0.242,5.729613400461897e-96,2,PPP1R15B
5.734842189214547e-100,0.629434337230308,0.431,0.29,1.0538346006900652e-95,2,NFE2L2
9.970451285064945e-98,1.0708324308695845,0.348,0.229,1.8321701281435343e-93,2,IER5
8.433235087847502e-94,1.18807839687405,0.274,0.163,1.549691279742857e-89,2,CHIC2
6.118259541331689e-93,0.8840075649673513,0.327,0.202,1.1242913733151112e-88,2,CELF2
1.0691877340639458e-91,0.562175671368824,0.629,0.516,1.9647393801159068e-87,2,DDX3X
1.7345512572178023e-91,0.9057024502146029,0.411,0.296,3.1874113902634333e-87,2,MYL12A
2.696910704019574e-89,0.873318650623963,0.394,0.279,4.955843109706369e-85,2,UBE2B
2.580552885908796e-88,0.8507341865122444,0.289,0.168,4.742023983146004e-84,2,ITGAM
2.0722748804236553e-87,0.4976929713625702,0.606,0.483,3.8080123202665094e-83,2,BTG2
3.9749850511675696e-87,0.8085773044853695,0.429,0.312,7.304432530025526e-83,2,ARPC3
2.018809080694541e-86,0.7370077155868411,0.34,0.217,3.709763566684289e-82,2,SPAG9
4.4330452175771256e-86,1.0558268811818614,0.352,0.244,8.146163891819726e-82,2,AZIN1
1.4579895738586123e-85,0.9842651874178666,0.275,0.164,2.679201640922586e-81,2,MEF2D
2.966214686012722e-84,0.6430891148661995,0.575,0.486,5.450716107016978e-80,2,PCBP1
1.0016051403430306e-83,1.0189109366894602,0.282,0.174,1.840549605894353e-79,2,STK38L
2.377431183415454e-83,0.9716785251827833,0.291,0.178,4.368767542644238e-79,2,DDIT4
9.49023125273922e-80,0.8589053365883454,0.285,0.173,1.743924895003359e-75,2,PGD
5.1334243280573913e-79,0.8458385656413514,0.388,0.28,9.433180545238263e-75,2,LAMP2
2.356437066897759e-78,0.8362735244585173,0.363,0.247,4.3301887541313225e-74,2,PPP1R12A
4.886880534413289e-78,0.590678466745624,0.254,0.143,8.980131670037858e-74,2,DUSP2
2.325015372529704e-76,0.6503383735209538,0.313,0.197,4.272448248560584e-72,2,CREM
2.233683825966933e-75,0.8610200609217393,0.321,0.214,4.1046173985968366e-71,2,EP300
1.135478352710782e-74,0.8673480781774501,0.28,0.175,2.0865550209413328e-70,2,SEC14L1
2.3478238467716012e-74,0.7586703852100578,0.322,0.212,4.314361100827495e-70,2,CSRNP1
8.078794258100191e-72,0.780214048292418,0.28,0.172,1.484559232868491e-67,2,RFLNB
3.5885737520008046e-71,0.8547266124143061,0.28,0.179,6.594363126676678e-67,2,ERGIC1
3.6753168282201866e-70,0.8107435432976542,0.331,0.227,6.753762203537414e-66,2,IDS
3.7731662929610725e-70,0.7441917027196032,0.414,0.305,6.933570379945267e-66,2,BAZ1A
1.0249080965754272e-69,0.8791786814280012,0.289,0.187,1.8833711182670052e-65,2,DEDD2
1.9561317836871185e-69,0.5682803368613412,0.527,0.416,3.594587765703449e-65,2,YWHAB
1.9209767616643152e-67,0.9257964780325059,0.286,0.19,3.5299868972343455e-63,2,PICALM
6.855464055425885e-67,0.9247500226528325,0.306,0.211,1.2597600748250606e-62,2,C16orf72
1.7490064256326658e-66,0.8664742056690822,0.34,0.244,3.2139742077425865e-62,2,QKI
2.924278920492436e-64,0.9211795623893101,0.277,0.182,5.3736549442969e-60,2,JAK1
2.9892359892388908e-64,0.8303408297702675,0.352,0.257,5.493020053825386e-60,2,GNAI3
1.0616570221301968e-63,0.8024785620074082,0.38,0.286,1.9509009438664496e-59,2,PTP4A1
2.6671646069039e-63,0.8502815216721886,0.378,0.289,4.901181681646606e-59,2,SERINC1
9.346886252001586e-62,0.8178987466260124,0.335,0.237,1.7175838176678116e-57,2,BRI3
4.872699939374225e-61,1.0012153454947263,0.254,0.166,8.954073408594075e-57,2,SHOC2
5.4916287764747496e-61,0.26369293159005247,0.685,0.565,1.009141703965e-56,2,S100A6
2.2198079419393977e-60,0.9397987163990413,0.269,0.178,4.079119074107838e-56,2,PPP2R5A
2.0943790217350605e-58,0.9718942909987607,0.255,0.168,3.848630890340347e-54,2,UBE2H
7.390787662721893e-57,0.7619098901333099,0.333,0.243,1.358131140901775e-52,2,NCOA4
4.742276843646388e-56,0.7183016144546643,0.427,0.348,8.714407927884602e-52,2,MYL12B
6.792737297248831e-56,0.5729835947399662,0.257,0.161,1.248233405742445e-51,2,FCN1
5.2049334859719884e-55,0.8004039423737583,0.321,0.233,9.564585773822126e-51,2,NFIL3
5.49190623526765e-54,0.6634530263053486,0.435,0.354,1.0091926897927834e-49,2,ATP6V0E1
2.812062277795498e-53,0.9290306230004806,0.257,0.175,5.167445641677007e-49,2,CAB39
6.3913159959993705e-53,0.7409738815407345,0.336,0.249,1.1744682274248443e-48,2,IER2
6.537184617521953e-53,0.9098508988559909,0.266,0.183,1.201273045315834e-48,2,B4GALT1
9.161067613302908e-52,0.8881730544715969,0.268,0.187,1.6834377846205423e-47,2,RAB21
2.380190198708731e-51,0.6023487097183571,0.466,0.393,4.373837509147164e-47,2,WAC
1.0792732034735874e-50,0.936634740492345,0.271,0.192,1.983272438703064e-46,2,ADIPOR1
1.089497622290043e-50,0.7352920551213571,0.354,0.268,2.002060830720183e-46,2,CYSTM1
1.1283659543109952e-50,0.8416263109036373,0.302,0.219,2.073485277641885e-46,2,PNPLA2
6.997833323099478e-50,0.7535885987146769,0.296,0.208,1.28592185145276e-45,2,RAB27A
6.566408560553942e-49,0.5859755835001912,0.422,0.338,1.2066432370873925e-44,2,IRF2BP2
1.7942121829638017e-47,0.7159203834533312,0.345,0.267,3.2970443074142818e-43,2,MAPRE1
1.4058767682162153e-44,0.8968661692955708,0.252,0.179,2.583439149274117e-40,2,WDR1
2.5174620106018117e-44,0.5953452169400624,0.313,0.225,4.626088190681889e-40,2,RAB31
1.974572322719999e-43,0.7377223009977685,0.306,0.227,3.62847410023027e-39,2,PTBP3
8.29400317849035e-43,0.7163154345161986,0.376,0.309,1.5241060240793867e-38,2,GABARAPL2
2.6114197056018832e-42,0.5322731927314006,0.405,0.33,4.798744851014021e-38,2,TXN
6.25788566322523e-42,0.612225736604908,0.319,0.241,1.1499490694742682e-37,2,ELF1
4.1489772440645255e-40,0.6116142093855084,0.277,0.2,7.624160583692972e-36,2,JMJD1C
3.9821803825997675e-39,0.6975048879011025,0.278,0.202,7.317654671065333e-35,2,B4GALT5
7.871990550919226e-39,0.8184676680071602,0.255,0.188,1.446556983636917e-34,2,MYLIP
4.851477732991766e-37,0.49785547306184386,0.496,0.447,8.91507548214567e-33,2,UBE2D3
1.104048736421026e-36,0.6927329698556177,0.322,0.255,2.0287999580472772e-32,2,DNAJB6
4.2088846494164693e-36,0.6718457717608703,0.283,0.213,7.734246431767704e-32,2,LASP1
1.0620200511459017e-35,0.7258889525539982,0.378,0.322,1.9515680459857088e-31,2,SEC62
2.279633607518086e-34,0.7426797773629954,0.269,0.201,4.189054717175235e-30,2,TUBA1A
2.815879299954764e-34,0.514182630960464,0.339,0.265,5.1744598015968745e-30,2,FKBP1A
1.527752644851194e-32,0.2705811519044947,0.714,0.653,2.8073982601785543e-28,2,DNAJA1
2.615005672783392e-32,0.5744892729924429,0.316,0.249,4.80533442430676e-28,2,TOP1
2.7894047333064264e-32,0.6738424454187335,0.315,0.253,5.125810137923889e-28,2,RAD21
1.093817300357217e-31,0.6220339552545684,0.342,0.277,2.009998671136422e-27,2,PRRC2C
1.5787383033920629e-27,0.356326700951747,0.559,0.519,2.901089506313255e-23,2,OAZ1
2.0035951135075054e-27,0.6474975885423198,0.268,0.209,3.681806380581392e-23,2,CREBRF
1.4155716107626094e-26,0.32867344705899937,0.386,0.313,2.601254391937371e-22,2,FYB1
1.6214855112556858e-26,0.2707214973632386,0.418,0.361,2.9796417754834485e-22,2,SARAF
1.784778458696688e-25,0.4776950270345104,0.427,0.378,3.279708895701034e-21,2,PTP4A2
3.27939675281937e-25,0.701918007824593,0.304,0.256,6.026219472980875e-21,2,HIF1A
3.863513342252423e-25,0.6668876152001171,0.311,0.262,7.099592117723053e-21,2,TAX1BP1
1.2818019127398448e-24,0.4456295591888366,0.329,0.271,2.355439194850739e-20,2,H2AFY
3.089287705599336e-24,0.5229517667905952,0.315,0.259,5.676875087809339e-20,2,MIR22HG
1.0731165203641781e-23,0.6589214955758292,0.255,0.204,1.9719589178212137e-19,2,RNF130
1.8266168749260798e-22,0.43718573377339665,0.4,0.356,3.3565911693641643e-18,2,HNRNPU
3.5138533092528307e-22,0.5147239650240989,0.324,0.276,6.457056841083002e-18,2,CCPG1
4.427282071591685e-22,0.472554708724056,0.366,0.32,8.13557353475688e-18,2,GNB1
1.750872667866138e-21,0.3248517654650511,0.468,0.417,3.2174036144708154e-17,2,TSC22D3
1.9805523532193745e-21,0.5472511185804589,0.342,0.303,3.639463004275923e-17,2,VAPA
3.614833586504723e-21,0.680761165060279,0.255,0.21,6.642618198561078e-17,2,MLF2
5.325285048395719e-21,0.3458441082727939,0.511,0.468,9.785743804931972e-17,2,RTN4
8.261640908857538e-21,0.6029470799742109,0.278,0.234,1.5181591334116612e-16,2,MOB1A
3.1647458062718735e-20,0.41601869079861054,0.442,0.408,5.815536893605195e-16,2,RBM39
1.5019685895557593e-19,0.7100607414333833,0.27,0.229,2.7600174801676632e-15,2,CHMP4B
1.06479435143681e-17,0.48337497357498815,0.309,0.264,1.9566661002002819e-13,2,KMT2E
1.8447646121818452e-17,0.5733230602914932,0.311,0.274,3.3899394513453587e-13,2,PRKAR1A
3.460988815706777e-17,0.5217412718422043,0.274,0.231,6.359913047742773e-13,2,CAPZB
1.2423583758869203e-16,0.31527399156314484,0.347,0.301,2.282957751529805e-12,2,ZFP36L2
4.901396844513126e-15,0.5277716230603164,0.319,0.286,9.00680684147732e-11,2,TAF7
5.927013112317485e-15,0.33824099586789114,0.491,0.475,1.089147929519461e-10,2,TMBIM6
1.3386034970187126e-13,0.5685171396515636,0.265,0.233,2.4598177861215864e-9,2,SELENOK
5.193680000800059e-13,0.5426111393434783,0.26,0.23,9.543906369470189e-9,2,RAP1A
1.0018620586724418e-11,0.49403517849700074,0.261,0.231,1.841021719016479e-7,2,TGOLN2
2.613125416208336e-11,0.6319647520576859,0.252,0.228,4.801879264824438e-7,2,PAIP2
4.394086364857909e-10,0.38096857737042455,0.311,0.283,8.074573104062893e-6,2,KPNB1
7.760294656414977e-10,0.3634604528822818,0.373,0.362,1.4260317460628163e-5,2,ARF1
1.3525197085530795e-8,0.2911034078638495,0.354,0.334,2.485390216437139e-4,2,BRD2
3.4558860438921866e-8,0.4667405656652708,0.289,0.268,6.350536194256282e-4,2,ARID4B
3.921357027522665e-8,0.27547941166668766,0.383,0.362,7.205885673775649e-4,2,PLP2
6.793137045854782e-6,0.27249375784690866,0.324,0.31,0.12483068635462748,2,CCNL1
3.045538526208977e-5,0.37239151122333447,0.266,0.256,0.5596481595761617,2,CSNK1A1
4.542346885367625e-5,0.3245083933112436,0.286,0.275,0.8347016636551547,2,MTPN
5.364216886357565e-4,0.2681776919406733,0.255,0.244,1,2,CD44
0,5.512302689179822,0.933,0.174,0,3,COL1A2
0,6.80436331310511,0.841,0.114,0,3,COL1A1
0,5.513811320497605,0.907,0.19,0,3,COL3A1
0,2.747029760355285,0.95,0.3,0,3,SPARC
0,4.470220496540225,0.697,0.091,0,3,COL5A2
0,5.076235526246498,0.663,0.057,0,3,COL6A3
0,1.6067298962867405,0.901,0.315,0,3,LUM
0,4.715382057647917,0.644,0.077,0,3,COL6A1
0,2.1492460562210756,0.945,0.392,0,3,FN1
0,5.688769583838049,0.509,0.026,0,3,TNC
0,2.064825355523972,0.721,0.239,0,3,HTRA1
0,0.569338154051839,0.803,0.353,0,3,DCN
0,4.283304889710661,0.504,0.063,0,3,COL5A1
0,3.2556996310712645,0.556,0.131,0,3,ISLR
0,4.604386751630317,0.479,0.056,0,3,TGFBI
0,3.8115701987154607,0.491,0.078,0,3,ASPN
0,2.5140789240812262,0.564,0.164,0,3,AHNAK
0,3.131952662269409,0.481,0.099,0,3,CAV1
0,3.7388463803573933,0.439,0.07,0,3,PRSS23
0,3.612536305213393,0.449,0.081,0,3,FSTL1
0,2.6890311715395123,0.499,0.14,0,3,CALU
0,6.906249702844459,0.375,0.017,0,3,POSTN
0,2.0697555767866938,0.596,0.24,0,3,ANXA2
0,4.346967369437291,0.384,0.028,0,3,MXRA5
0,2.27899188639548,0.551,0.209,0,3,CD99
0,5.992537326877045,0.368,0.03,0,3,MMP2
0,3.9080715898222795,0.393,0.058,0,3,CRTAC1
0,1.9599567564170566,0.685,0.355,0,3,TIMP2
0,4.335134080660171,0.351,0.035,0,3,CALD1
0,6.00502423453997,0.325,0.011,0,3,COL12A1
0,2.721822759730612,0.421,0.118,0,3,BGN
0,5.082139535601053,0.31,0.018,0,3,COL15A1
0,2.0218555629378714,0.487,0.195,0,3,S100A10
0,2.7135107593113057,0.353,0.064,0,3,DST
0,2.493287214963047,0.37,0.092,0,3,CAVIN1
0,4.575930469831537,0.29,0.018,0,3,LTBP1
0,4.468451231745522,0.316,0.045,0,3,COL6A2
0,4.180545352147542,0.297,0.034,0,3,LOXL2
0,2.5578968332648113,0.345,0.092,0,3,IGFBP7
0,3.188623107063792,0.3,0.056,0,3,AEBP1
0,2.5066810658376046,0.31,0.069,0,3,LTBP2
0,2.6890420289590375,0.304,0.064,0,3,CD109
0,3.1467097657368925,0.318,0.082,0,3,LGALS1
0,2.7575365372921983,0.303,0.07,0,3,EDIL3
0,4.056203795613592,0.253,0.029,0,3,SERPINH1
0,3.067642851737576,0.281,0.062,0,3,PLS3
0,2.8987472987975025,0.288,0.073,0,3,ITGB1
0,3.871822280861856,0.255,0.042,0,3,C1R
0,3.072720030002402,0.251,0.041,0,3,ITGB5
0,2.479092261782374,0.262,0.057,0,3,DDR2
0,1.5345897346531308,0.946,0.763,0,3,VIM
7.557354326675949e-297,0.8403667586957804,0.619,0.288,1.3887394310699723e-292,3,MT2A
5.228257339008768e-293,2.238363252018656,0.415,0.153,9.607445686162512e-289,3,APP
3.6227327621027157e-287,1.4316431504086347,0.531,0.239,6.65713372363995e-283,3,CTSB
7.068159655557939e-286,2.475698688885901,0.296,0.082,1.2988450183053268e-281,3,DPT
1.5445328748524815e-270,2.611680357482591,0.26,0.067,2.83823361082892e-266,3,ANGPTL2
4.512968904179965e-270,2.4248983625505525,0.34,0.111,8.293031658321104e-266,3,C1S
6.362895194466073e-258,2.5221469654579365,0.27,0.074,1.1692456209350856e-253,3,KLF9
4.3516216601720916e-256,1.4546333568092837,0.546,0.251,7.996539962732236e-252,3,DSTN
1.1338427168264102e-252,1.9259772555087113,0.419,0.164,2.0835493764402113e-248,3,SDC2
9.077921207599726e-245,1.8687779406235077,0.398,0.151,1.6681588011085258e-240,3,SERPINE1
1.6676316020342556e-239,1.8435027072201395,0.361,0.13,3.0644398318981483e-235,3,COL11A1
1.9155625887847305e-235,1.8235177520423567,0.362,0.131,3.520037813150821e-231,3,BCAT1
2.8444172384936266e-230,0.7197714553758194,0.604,0.283,5.226901117455888e-226,3,CTGF
6.343967389602955e-230,2.2842616222637577,0.313,0.105,1.165767447513439e-225,3,CD9
5.106321407809086e-229,2.046155319964771,0.268,0.079,9.383376218989977e-225,3,CHI3L2
1.9380065415296826e-228,1.7132785632656626,0.404,0.162,3.561280820714945e-224,3,TIMP3
2.3254854454009848e-228,1.6906140293878948,0.403,0.16,4.2733120544688495e-224,3,SLC39A14
3.4795717122064165e-228,1.3271781194073229,0.469,0.198,6.394060978350511e-224,3,PLOD2
1.7389850001656437e-215,1.4105511726259645,0.622,0.367,3.1955588363043868e-211,3,ANXA5
3.157134563163975e-211,1.4284628897767835,0.602,0.359,5.80155047327012e-207,3,HSPA1B
1.149126988837184e-204,0.8003775950520993,0.406,0.174,2.1116357546872094e-200,3,PRG4
5.0897663338819265e-203,1.4780981139877716,0.372,0.146,9.352954615141428e-199,3,CCDC80
1.1510455411317952e-201,1.1052222899646953,0.668,0.401,2.115161286383787e-197,3,CLU
7.064875102364413e-189,0.31440955022212114,0.534,0.246,1.2982414488104846e-184,3,EMP1
1.1192958353187096e-184,0.44013215181832344,0.559,0.264,2.056818026981661e-180,3,OGN
1.0945423916504613e-183,1.125552961783748,0.526,0.271,2.0113310988968878e-179,3,FMOD
7.25694041763784e-182,0.6629564288121097,0.612,0.322,1.3335353711451295e-177,3,PRELP
4.5518704283256936e-167,1.7742825068416104,0.336,0.141,8.364517099091295e-163,3,ANKH
9.370857525311378e-167,1.874657065929981,0.333,0.14,1.7219887788512187e-162,3,CLIC4
6.606802785179539e-157,1.4294937043802818,0.47,0.255,1.2140660798045922e-152,3,LAPTM4A
7.641879389407382e-155,1.91427371058352,0.281,0.109,1.4042717565975006e-150,3,BAG3
1.4416298754128715e-146,1.2225727806797337,0.523,0.307,2.6491390590586925e-142,3,HSP90B1
1.0004841005280473e-136,1.3087917622716918,0.4,0.203,1.8384895831303396e-132,3,PLXDC2
5.7647657050299575e-126,1.2776332042085765,0.324,0.147,1.059333345956305e-121,3,PMP22
2.832120758007077e-124,0.5741018665557025,0.484,0.259,5.204305104913805e-120,3,KLF4
2.6330039523151028e-123,1.423630310554405,0.415,0.23,4.838408062774233e-119,3,PDIA3
1.1510147433013052e-120,1.8020866987800606,0.25,0.102,2.1151046922904786e-116,3,IL6ST
1.0548528560453401e-116,1.6871100489625575,0.303,0.143,1.938397608268917e-112,3,SEC31A
3.964092795157166e-116,1.1957074825638576,0.265,0.112,7.284416920380808e-112,3,VCAN
5.206450448082131e-115,1.7361287728943293,0.26,0.111,9.567373343395725e-111,3,PAM
2.1485326529494682e-114,1.351639084932221,0.262,0.11,3.948143603059943e-110,3,NNMT
5.004932954751085e-111,1.5878762315110084,0.298,0.14,9.197064797650594e-107,3,NUCKS1
6.6691147214076395e-108,1.729024920390184,0.33,0.17,1.2255165212058679e-103,3,PTTG1IP
2.5554123282100377e-105,1.3398811232982006,0.35,0.183,4.6958256943187654e-101,3,CRTAP
7.688185476801469e-104,0.9627462957377828,0.639,0.503,1.4127809632170379e-99,3,CD63
2.0391535760007572e-102,1.7495006609727355,0.26,0.119,3.747148611258992e-98,3,CYBRD1
2.9927193233048305e-101,1.4957137617810463,0.303,0.15,5.499421028504957e-97,3,CST3
4.27744800588084e-99,1.317354034537111,0.307,0.152,7.860238455606631e-95,3,ERRFI1
2.9463209102435995e-92,0.693812493476559,0.397,0.216,5.414159304663638e-88,3,SERPINE2
2.6459432261606192e-90,0.6213965269458823,0.561,0.381,4.862185272392754e-86,3,EGR1
8.213110779611436e-81,0.6315011869960694,0.754,0.659,1.5092412368613976e-76,3,HSPA1A
7.558970889540665e-80,1.1427017285106875,0.421,0.264,1.3890364906619927e-75,3,TPM4
3.080859118613655e-75,0.8309317318807792,0.318,0.173,5.661386716364453e-71,3,TSC22D1
2.5510887237270036e-73,1.2550607438747599,0.449,0.314,4.687880638720741e-69,3,TUBA1B
1.0769340872483798e-70,1.384866606222801,0.373,0.238,1.9789740787276228e-66,3,CD59
4.339455747481554e-68,0.6274213369609711,0.792,0.823,7.974183881572104e-64,3,MT-ND2
2.813745249804341e-67,1.0379177284383925,0.378,0.241,5.170538271040458e-63,3,CALR
1.0102186576851986e-65,0.939742794907708,0.317,0.182,1.856377805362321e-61,3,PAPSS2
4.6892721930439443e-63,1.509633200546165,0.265,0.149,8.617006581937552e-59,3,SEPT2
4.7678020822546935e-63,1.150286045337631,0.468,0.359,8.761313106351225e-59,3,SLC38A2
7.304998831653367e-63,0.7758270691486988,0.604,0.521,1.3423665853046227e-58,3,GNAS
2.6763680920542038e-62,0.8508210818049853,0.55,0.434,4.918094005958805e-58,3,HSPH1
2.8951589938848122e-62,0.5357540376991126,0.616,0.464,5.320144167162731e-58,3,PTMA
7.290139433793717e-62,1.2000657213033232,0.276,0.155,1.3396360223539332e-57,3,P4HA1
1.554358624078086e-56,1.045562381405552,0.282,0.163,2.8562894076058908e-52,3,PEBP1
1.7196753548571783e-56,1.317918440499059,0.259,0.148,3.160075432085551e-52,3,TMED9
1.4534576585491514e-55,0.5924840162515959,0.432,0.297,2.6708737933499208e-51,3,RHOB
3.241751628548783e-54,1.0203796197057493,0.427,0.308,5.957042792621243e-50,3,ENO1
1.673061015765911e-52,0.9666394232199524,0.265,0.154,3.074416922571438e-48,3,HMOX1
4.8003846172389934e-52,0.9046661424366393,0.313,0.196,8.821186772638374e-48,3,JUN
6.348272826748904e-52,1.449879432044588,0.26,0.153,1.1665586146433785e-47,3,KDELR2
2.8333241477961393e-50,1.0648213054667868,0.287,0.175,5.206516453990186e-46,3,EID1
3.482146341308047e-49,0.9677403914304998,0.257,0.147,6.398792116787667e-45,3,PRDX4
2.2285522232437236e-48,1.3408929839537032,0.271,0.167,4.0951875654326665e-44,3,YWHAQ
1.630783724034187e-46,0.816525357001276,0.446,0.334,2.996728171285222e-42,3,HSPA5
4.24798904864267e-43,0.6641143224913328,0.351,0.225,7.80610467578577e-39,3,PCOLCE2
1.3393321583673171e-42,1.112630079864737,0.377,0.274,2.461156774215782e-38,3,ARL6IP5
1.3784884862450691e-42,0.4149791524493631,0.615,0.523,2.533110442323939e-38,3,FOSB
1.0908624395386748e-40,0.4157053677362361,0.746,0.687,2.0045688188962688e-36,3,HSP90AB1
2.49252853286187e-40,1.3095915893746453,0.264,0.172,4.5802704319869724e-36,3,YWHAG
4.997123700396566e-40,0.8828857584429461,0.356,0.25,9.18271451184873e-36,3,CANX
4.7081778917741087e-39,0.8390424989375216,0.427,0.33,8.651747693924102e-35,3,YBX1
8.184359102669039e-39,0.787244524714309,0.297,0.192,1.5039578287064626e-34,3,CDK2AP1
9.478406609421681e-37,0.7421070690994358,0.384,0.279,1.741751998547328e-32,3,LGALS3
4.713623142302502e-36,0.8698077937600661,0.326,0.227,8.661753886295078e-32,3,COX6C
1.216138093663718e-33,0.5169059265561367,0.58,0.485,2.234775360916448e-29,3,LDHA
2.036255909681921e-31,0.744048204370781,0.515,0.452,3.741823859631498e-27,3,S100A4
1.5754907014742207e-30,0.40369820298305203,0.819,0.883,2.895121713029028e-26,3,MT-ND4
3.6319014752028944e-30,0.8758441718485137,0.37,0.282,6.673982150832839e-26,3,YWHAE
3.866245606448531e-30,0.7928092104054107,0.355,0.263,7.10461292640982e-26,3,EEF2
1.2042896206424382e-29,0.9136833775239896,0.385,0.303,2.2130026068925445e-25,3,TPI1
9.525240033874917e-28,1.175115325792599,0.25,0.173,1.7503581086248548e-23,3,TUBB
4.01380446760836e-27,0.8268694173973763,0.366,0.283,7.375767089677123e-23,3,RAN
3.4751504733516086e-26,0.9814000576644756,0.27,0.193,6.385936509830916e-22,3,DYNLL1
5.215938299360751e-26,1.01398078225447,0.319,0.239,9.584808218905316e-22,3,CD44
7.924910401282733e-26,0.3998172227851198,0.772,0.809,1.456281535339715e-21,3,MT-ATP6
1.6831939385931484e-25,0.46427213570455894,0.407,0.308,3.0930371815587694e-21,3,SOD1
7.754963564730837e-22,0.5767611495236529,0.327,0.252,1.4250521046549385e-17,3,RPS18
1.0305488756874691e-21,0.7514933918619353,0.298,0.221,1.8937366139632932e-17,3,TMED10
6.675978463220255e-21,0.3512022972383546,0.477,0.385,1.226777802401354e-16,3,NAP1L1
3.4985961143390083e-20,0.7104154164547263,0.306,0.236,6.429020219709361e-16,3,PPP3CA
8.549005358650264e-20,0.8025701146560391,0.305,0.237,1.5709652247055725e-15,3,RPL29
1.5283105377343184e-17,0.5054697846824068,0.511,0.474,2.8084234441405835e-13,3,DNAJB1
4.778349603817751e-17,0.45318270407775785,0.446,0.369,8.7806952319755e-13,3,NPM1
7.08413242532039e-17,0.2562913695997775,0.469,0.384,1.301780174476875e-12,3,RPL10A
1.930262437494637e-16,0.7416573606823322,0.279,0.218,3.5470502551401452e-12,3,NORAD
4.878541816087387e-16,0.2673081730390363,0.448,0.375,8.964808441242182e-12,3,RPS16
4.189253406939826e-15,0.38919483766004515,0.61,0.627,7.698172060592624e-11,3,MT-ND5
7.791894113262551e-15,0.3577681888120461,0.383,0.314,1.4318384622531263e-10,3,RPS5
1.2666036722537567e-14,0.8315114354859081,0.254,0.199,2.3275109081335033e-10,3,NDUFS5
1.4569914867319486e-13,0.6684502488453476,0.254,0.201,2.677367556018629e-9,3,BHLHE40
8.013964942339816e-12,0.7213433359334205,0.284,0.232,1.4726461978043645e-7,3,OAT
1.537423261951718e-10,0.6773717281279326,0.299,0.254,2.825168986162477e-6,3,SET
3.24191852671432e-10,0.6601849413555583,0.336,0.292,5.9573494846902345e-6,3,PKM
6.872829422005761e-10,0.4999722822416799,0.251,0.204,1.2629511345877786e-5,3,SEC61G
1.2856235338817586e-9,0.6578319107532997,0.27,0.225,2.3624618058611197e-5,3,OS9
4.934036297798684e-9,0.40488844150500336,0.576,0.587,9.066785100834862e-5,3,HSPA8
5.494280165458015e-9,0.5809124025744024,0.43,0.431,1.0096289232045648e-4,3,MT-ND4L
9.22994157181501e-9,0.47490454862949427,0.331,0.287,1.6960940632367263e-4,3,NCL
3.3549067309664164e-8,0.6240067031258325,0.312,0.273,6.164976608823887e-4,3,PPIA
3.5960726407931463e-8,0.5078448454828535,0.366,0.337,6.608143084721486e-4,3,HSPD1
8.968136150844458e-8,0.3564996338311335,0.256,0.212,0.0016479846990791777,3,RPLP0
4.1544211491895326e-7,0.2955087031219181,0.27,0.232,0.007634164303750685,3,VEGFA
2.3425405393344203e-6,0.41623144544840507,0.308,0.269,0.04304652495080931,3,APLP2
3.3198322784372998e-6,0.8116924300242105,0.274,0.243,0.06100523794856382,3,GSN
6.73118437609626e-6,0.2631713181083952,0.22,0.271,0.12369224409514488,3,PTGES3
8.22500754834518e-6,0.46444085046177674,0.474,0.468,0.15114273870839104,3,GAPDH
5.634343740876195e-5,0.2762555900594177,0.257,0.226,1,3,RPL36
7.516548171994219e-5,0.516617829486532,0.381,0.367,1,3,ARF4
9.020092195473669e-5,0.5867917818604576,0.427,0.456,1,3,MT-ATP8
1.499320808373797e-4,0.560072140447984,0.306,0.284,1,3,CSDE1
1.678884590711513e-4,0.2539527369253407,0.341,0.31,1,3,RPL14
9.014774969139152e-4,0.3205726191906737,0.394,0.379,1,3,EIF4A2
0.0011563380782181449,0.3619562136157286,0.261,0.237,1,3,MTDH
0.0018093306459232507,0.31648085002480464,0.409,0.395,1,3,BTF3
0.004012213534705441,0.414138554864079,0.458,0.476,1,3,RTN4
0.0063526984796159515,0.5533415013980958,0.311,0.3,1,3,MORF4L1
0,2.881180592062921,0.892,0.298,0,4,PRELP
0,1.6913864641554097,0.929,0.343,0,4,DCN
0,2.9895451795682138,0.812,0.246,0,4,FMOD
0,3.4544751388267283,0.957,0.392,0,4,FN1
0,1.8239408143838531,0.88,0.318,0,4,LUM
0,2.0392936179424463,0.916,0.38,0,4,CLU
0,2.0691453163458737,0.782,0.269,0,4,CTGF
0,2.138402731110168,0.812,0.313,0,4,SPARC
0,4.241358541861476,0.687,0.19,0,4,ABI3BP
0,1.6725705409958191,0.742,0.254,0,4,CYR61
0,2.085640382391777,0.732,0.245,0,4,FGFBP2
0,1.8968311967434497,0.704,0.252,0,4,OGN
0,3.3985472182607466,0.645,0.195,0,4,INHBA
0,5.10380369572785,0.591,0.158,0,4,PRG4
0,3.621666367808375,0.612,0.197,0,4,COL2A1
0,2.290415389964367,0.654,0.244,0,4,KLF4
0,2.2286687566282235,0.635,0.247,0,4,HTRA1
0,2.4433214069141087,0.567,0.207,0,4,PCOLCE2
0,3.206349810690818,0.498,0.154,0,4,TIMP3
0,1.7809598787539889,0.581,0.243,0,4,EMP1
0,3.3253131362368107,0.486,0.16,0,4,ACAN
0,2.535046344229879,0.489,0.167,0,4,SOX9
0,2.1433261161467425,0.523,0.206,0,4,SERPINE2
0,3.3638007569855386,0.441,0.124,0,4,COL11A1
0,0.4934884511428699,0.523,0.21,0,4,COL1A2
0,2.462576640903059,0.498,0.196,0,4,PLOD2
0,3.299405708093005,0.403,0.118,0,4,CILP
0,3.100308664260881,0.42,0.142,0,4,CCDC80
0,2.6921018003849055,0.437,0.172,0,4,PAPSS2
0,2.962376394532471,0.371,0.121,0,4,F13A1
1.9530002204011625e-306,3.4659953787709785,0.336,0.106,3.5888332050091763e-302,4,VCAN
6.695823760398306e-296,1.5700854921037468,0.741,0.513,1.2304245742107928e-291,4,FOSB
4.5946995552056505e-295,0.9947163257498293,0.586,0.258,8.443219902645903e-291,4,SCRG1
4.161449627528889e-284,2.105460998105892,0.594,0.364,7.647079835547087e-280,4,TIMP2
1.0393846425328086e-275,1.3771591941969912,0.504,0.216,1.909973219118289e-271,4,C2orf40
1.5064470875913243e-267,1.685887772213992,0.635,0.375,2.7682471681578177e-263,4,EGR1
5.4973341891187866e-257,2.721176625629094,0.353,0.131,1.0101901305924682e-252,4,HAPLN1
9.384863657298712e-238,2.208459978080339,0.381,0.153,1.7245625456652115e-233,4,SERPINE1
8.061145166837653e-235,1.1697705220848325,0.662,0.403,1.481316035858087e-230,4,RGCC
2.024194741469681e-222,2.275455271503251,0.381,0.163,3.719660256924686e-218,4,SLC39A14
1.484702645356082e-219,2.2088862560950373,0.408,0.182,2.7282895811063363e-215,4,CDR1
1.1595248484836202e-211,2.6788342043514564,0.333,0.134,2.1307428615735003e-207,4,BCAT1
2.3689154682573896e-211,3.0957097904170476,0.297,0.109,4.353119064469779e-207,4,HMGCS1
2.0316605123478036e-201,0.8712718418192811,0.535,0.269,3.733379357490324e-197,4,MGP
1.976582562334288e-186,0.4367873732510894,0.465,0.229,3.6321681165454874e-182,4,COL3A1
9.924698292990546e-184,2.1324564901579866,0.327,0.135,1.823762558319943e-179,4,RCAN1
2.0942553443635617e-171,2.7673434472072453,0.289,0.118,3.848403620802481e-167,4,GFPT2
3.14660885210511e-165,1.8677425939018368,0.478,0.293,5.7822084266283504e-161,4,RHOB
7.885796762238924e-154,3.1257238980496758,0.252,0.098,1.4490940130290246e-149,4,COMP
8.896441113466678e-144,2.2239068270198965,0.374,0.206,1.6348100190106367e-139,4,PLXDC2
2.6815025808537355e-136,1.7179568452006642,0.469,0.312,4.9275291425768244e-132,4,HSP90B1
1.35333533685993e-128,2.1182749331634767,0.283,0.129,2.4868890150138073e-124,4,HSPB8
4.176469720606403e-127,2.518338300153916,0.294,0.145,7.674680758586326e-123,4,ANKH
4.992777825304712e-126,2.129272591498226,0.282,0.129,9.174728531779939e-122,4,CNMD
3.1039885681447833e-113,1.5594009896770984,0.278,0.129,5.703889392822854e-109,4,COL5A2
6.077434132754944e-104,1.9385806148220026,0.336,0.194,1.1167892962350484e-99,4,INSIG1
1.1361826856790178e-98,2.0888448041799803,0.265,0.132,2.087849303203763e-94,4,BGN
3.727949222755021e-90,2.283392008405433,0.273,0.15,6.850479491734627e-86,4,SLC29A1
4.042185653613208e-87,2.070372296371955,0.283,0.16,7.427920357079631e-83,4,CALU
5.997849002980374e-75,1.978521836457923,0.27,0.155,1.1021647327876734e-70,4,ERRFI1
7.386019691214622e-74,1.2943416466613291,0.388,0.265,1.357254978457599e-69,4,DSTN
3.0448663305513716e-66,0.8649207612968439,0.597,0.506,5.595246369021201e-62,4,ANXA1
4.2380101986977625e-66,1.5953328517308039,0.267,0.157,7.787767541127008e-62,4,ISLR
2.7044011492684172e-61,1.7528281035205397,0.294,0.192,4.9696075518956435e-57,4,CDK2AP1
5.030941192588026e-59,1.714371222110943,0.277,0.177,9.244857535499757e-55,4,SDC2
1.3250435307825453e-47,1.5055894632765037,0.268,0.177,2.4348999921660053e-43,4,TSC22D1
1.9957886710106437e-46,0.7150859774614906,0.458,0.372,3.667461261849159e-42,4,HSPA1B
2.0043089288938342e-45,0.4593407271620613,0.416,0.306,3.6831180877353097e-41,4,MT2A
7.689235983513256e-43,0.4901955285513422,0.34,0.234,1.4129740043303959e-38,4,MT1X
2.9621880462055195e-42,0.8977925769587713,0.518,0.491,5.443316753707263e-38,4,LDHA
3.751633371434916e-39,1.420976654327283,0.271,0.19,6.894001483348802e-35,4,AHNAK
2.482168063737302e-32,1.00459014500098,0.424,0.385,4.561232033923667e-28,4,ANXA5
1.2181389486807138e-31,0.25232142744982955,0.182,0.34,2.23845213209568e-27,4,SLC25A3
7.580758294840683e-31,1.599385343188796,0.295,0.241,1.3930401442599238e-26,4,PDIA3
8.75711199803812e-30,0.29982557912726926,0.162,0.304,1.609206900759485e-25,4,SAP18
9.603689061214972e-30,0.25361321357775846,0.144,0.276,1.7647739018888633e-25,4,JTB
1.6546826110995467e-28,0.2505805641987895,0.158,0.294,3.040644766156527e-24,4,MORF4L2
1.9344031050137924e-26,1.1211122902527224,0.386,0.357,3.554659145773345e-22,4,HERPUD1
2.2417402350314197e-26,0.37612023376770964,0.134,0.253,4.119421855893737e-22,4,NUFIP2
3.661641671477959e-25,1.3587943907349738,0.364,0.342,6.728632735507897e-21,4,HSPA5
4.4634100728224885e-25,0.36905267183856605,0.149,0.272,8.201962349818605e-21,4,COMMD6
8.759928331770633e-25,0.3857092798260897,0.192,0.337,1.6097244302461714e-20,4,HNRNPDL
9.968412792863586e-23,0.43695046373677693,0.171,0.301,1.8317955348166126e-18,4,RAB2A
1.4725535887358816e-20,0.3735434578157091,0.257,0.425,2.705964474661056e-16,4,EIF5
2.1454327590205758e-20,1.3305902637733944,0.275,0.231,3.9424472379762103e-16,4,VEGFA
6.152299121754035e-19,0.41190723131177664,0.205,0.336,1.1305464866135215e-14,4,PFDN5
9.424637786644837e-19,0.4460706099472538,0.202,0.33,1.7318714396738553e-14,4,KLF2
7.56226943327638e-18,0.3368162260132572,0.236,0.379,1.3896426310588676e-13,4,SLC38A2
1.2299367302911936e-16,0.5858797189756872,0.178,0.295,2.2601317355830976e-12,4,CSDE1
4.3328791928995075e-16,0.3571730359986418,0.264,0.418,7.962098804872135e-12,4,RAB1A
8.170668851714295e-16,0.5655024124426549,0.191,0.31,1.5014421081910188e-11,4,MORF4L1
1.3742698825969935e-14,0.8057020751239028,0.302,0.266,2.5253583362602353e-10,4,ANXA2
4.517620929106509e-14,0.5626088020975408,0.183,0.292,8.301580219326121e-10,4,CCPG1
1.250361835365491e-13,0.4970279227954568,0.179,0.282,2.2976649086676265e-9,4,TMEM59
2.617178274399508e-13,0.5373883594600086,0.171,0.269,4.8093267970365355e-9,4,PNRC2
2.836507183867472e-13,0.44452003309685595,0.169,0.265,5.212365601074867e-9,4,SET
2.956895954120114e-12,0.31474344719673786,0.246,0.364,5.4335920052911215e-8,4,TOMM7
6.498721141207341e-12,0.7084237813534116,0.161,0.252,1.194204996908261e-7,4,GSN
3.5402694249668215e-11,0.503116180449958,0.181,0.273,6.505599095319031e-7,4,EIF3H
4.4034714153042465e-11,1.0329193487173147,0.26,0.235,8.091819072763083e-7,4,CD99
5.717237464823055e-10,0.6483241673786639,0.168,0.253,1.0505995565358846e-5,4,HNRNPA1
7.02637853513835e-10,1.1031932091681587,0.281,0.271,1.2911673196170232e-5,4,LAPTM4A
1.8033416126599097e-9,0.5856730822927236,0.45,0.479,3.31382054742385e-5,4,DNAJB1
4.4445801521724025e-9,0.34677042525433555,0.24,0.346,8.167360487632007e-5,4,YBX1
1.2510171217995224e-8,1.2000223599651623,0.302,0.31,2.2988690630188022e-4,4,TPI1
7.107420974935431e-7,0.8522182172297108,0.312,0.317,0.013060596783541347,4,SOD1
1.3567035181472579e-6,0.46079456779349304,0.335,0.486,0.02493078384947401,4,RTN4
1.901571828744002e-6,0.34214449036792693,0.254,0.347,0.034943283924999784,4,HSPD1
5.039090969227534e-6,0.7123152949036269,0.215,0.303,0.09259833565052517,4,PKM
5.46164235927948e-6,0.46967051433970575,0.278,0.389,0.10036313999411972,4,EIF4A2
8.761835653190949e-6,0.33229800128449893,0.26,0.34,0.16100749196303688,4,TNFAIP6
9.323240361096583e-6,0.7143513530592098,0.211,0.296,0.17132386487551082,4,YWHAE
1.5736949967649757e-5,0.3988110585333131,0.348,0.479,0.2891821926055319,4,GAPDH
7.934839119737713e-5,0.2943853213143579,0.243,0.318,1,4,ID2
1.1532916535295254e-4,1.065482455763499,0.274,0.288,1,4,LGALS3
1.4012483363952407e-4,0.3636328507031896,0.261,0.263,1,4,CTSB
5.678644010861371e-4,0.64219929419541,0.442,0.535,1,4,GNAS
6.938699910160091e-4,1.226875356483372,0.245,0.259,1,4,CANX
7.949506602850618e-4,0.9007445893548378,0.247,0.252,1,4,CALR
0.002450959561387553,0.7084740460650281,0.297,0.313,1,4,CDKN1A
0.002729371196210319,0.4637505658430632,0.411,0.446,1,4,HSPH1
0.006973873848766584,0.7871899022149005,0.198,0.254,1,4,CD59
0.008942270331845314,0.7129188272487816,0.28,0.375,1,4,ARF4
0.009100605899974228,0.5638695925050463,0.342,0.465,1,4,ATF4
0,5.958435342641321,0.929,0.035,0,5,MMP8
0,6.331715083960082,0.945,0.073,0,5,CAMP
0,4.970233536871209,0.931,0.065,0,5,CRISP3
0,3.7800676158468214,0.923,0.07,0,5,CD24
0,6.057750662117746,0.999,0.146,0,5,LTF
0,4.132768357539064,0.966,0.125,0,5,PGLYRP1
0,4.140583565545427,0.971,0.131,0,5,CYBB
0,4.682790846548224,0.861,0.041,0,5,CEACAM8
0,2.856106559517996,0.928,0.153,0,5,ARG1
0,3.501237769169609,0.843,0.086,0,5,ANXA3
0,2.751255857619111,0.83,0.08,0,5,BPI
0,2.6395187617184934,0.905,0.177,0,5,EMB
0,3.614965479041604,0.84,0.118,0,5,LTA4H
0,5.636092356956038,0.758,0.046,0,5,LCN2
0,3.117797858839496,0.843,0.134,0,5,STOM
0,4.7602590957265125,0.739,0.035,0,5,CEACAM1
0,3.0506607838807076,0.842,0.142,0,5,PLBD1
0,2.4039031583075987,0.935,0.252,0,5,APMAP
0,2.9704819035925274,0.8,0.122,0,5,FCN1
0,2.3434292059137776,0.814,0.143,0,5,OLR1
0,5.342324189594276,0.689,0.021,0,5,HP
0,2.589633914489685,0.797,0.136,0,5,RFLNB
0,3.4668690219219704,0.766,0.111,0,5,CPNE3
0,2.4706907370059463,0.787,0.135,0,5,ITGAM
0,2.6130336189437715,0.772,0.129,0,5,PADI4
0,2.367320064712529,0.963,0.32,0,5,S100A9
0,1.7677020909216201,0.844,0.206,0,5,MCEMP1
0,1.369592600790405,0.899,0.261,0,5,S100P
0,1.5761181931118422,0.895,0.266,0,5,FGR
0,1.9041374152756636,0.964,0.335,0,5,GCA
0,2.370854962572473,0.77,0.144,0,5,PAG1
0,2.9859996373691544,0.999,0.374,0,5,LYZ
0,2.1829721721799022,0.792,0.172,0,5,RAB27A
0,1.5697889710094182,0.91,0.293,0,5,FCER1G
0,4.97903427905899,0.634,0.026,0,5,TCN1
0,1.79301763191483,0.865,0.261,0,5,TKT
0,3.1119572356889273,0.701,0.099,0,5,ADSS
0,2.0144796369084266,0.791,0.191,0,5,RAB31
0,1.700057629958161,0.854,0.268,0,5,CNN2
0,1.679461916066896,0.819,0.236,0,5,ITGB2
0,2.106831565026962,0.752,0.171,0,5,GLRX
0,1.908451805856473,0.81,0.23,0,5,FKBP1A
0,2.720004168397112,0.69,0.11,0,5,GYG1
0,1.3130625413027484,0.935,0.359,0,5,AC245128.3
0,2.0273810147773568,0.736,0.168,0,5,B4GALT5
0,1.124577503947536,0.897,0.332,0,5,SERPINB1
0,1.3442545165532769,0.943,0.379,0,5,RAC2
0,2.137274921406962,0.688,0.131,0,5,CLEC12A
0,2.640871943577913,0.75,0.201,0,5,S100A12
0,1.5286368339032723,0.916,0.369,0,5,RTN3
0,0.6320193199551039,0.984,0.446,0,5,ALOX5AP
0,0.9956107278389568,0.902,0.365,0,5,MNDA
0,2.0535038139690345,0.684,0.147,0,5,PGD
0,1.386781419774262,0.832,0.3,0,5,MYH9
0,1.5129544977709888,0.72,0.19,0,5,CYP4F3
0,1.2347195625820677,0.905,0.378,0,5,ARHGDIB
0,3.1738941801073617,0.595,0.075,0,5,UGCG
0,1.3990241351343877,0.761,0.247,0,5,CSGALNACT2
0,1.4869366937703834,0.754,0.24,0,5,CYSTM1
0,1.5041502750533948,0.895,0.383,0,5,ARPC5
0,1.6097203528859436,0.694,0.184,0,5,PYGL
0,2.6492969815004344,0.594,0.086,0,5,FRAT2
0,1.3949324378481265,0.833,0.325,0,5,PLP2
0,1.444651850614062,0.71,0.203,0,5,LBR
0,1.8804175691654161,0.647,0.142,0,5,CDKN2D
0,1.6878658084089537,0.77,0.266,0,5,SNX3
0,0.9525916492585553,0.828,0.325,0,5,CKAP4
0,1.4093227991586845,0.895,0.393,0,5,YWHAB
0,1.4656874913305717,0.725,0.225,0,5,PPP1R12A
0,1.1844234669435059,0.971,0.475,0,5,ANXA1
0,2.0938447412766648,0.609,0.113,0,5,BST1
0,2.432826669699558,0.598,0.104,0,5,GPI
0,1.6251309498828432,0.7,0.206,0,5,GSN
0,1.3215016682350762,0.776,0.284,0,5,FAM107B
0,1.8936485374955887,0.645,0.153,0,5,GRN
0,1.3590350233501005,0.716,0.224,0,5,RHOG
0,2.883133723371582,1,0.509,0,5,S100A8
0,1.6565154158874964,0.681,0.191,0,5,HMGN1
0,1.7554738268265675,0.679,0.196,0,5,CD164
0,2.0448838257935584,0.627,0.146,0,5,CCND3
0,2.152827774208764,0.58,0.104,0,5,CDA
0,1.7349068754723287,0.628,0.154,0,5,PPP2R5A
0,1.626602020413977,0.66,0.195,0,5,PNPLA2
0,0.8209076424610582,0.921,0.457,0,5,HMGB2
0,0.7849783837969224,0.779,0.316,0,5,VASP
0,1.0852460885355426,0.86,0.401,0,5,ACTR3
0,1.436136716650784,0.645,0.187,0,5,LASP1
0,0.9754947125911326,0.714,0.256,0,5,MEGF9
0,1.3038133162148053,0.923,0.466,0,5,ARPC2
0,1.3756159123293634,0.632,0.176,0,5,ARHGAP9
0,1.9775633555599383,0.59,0.135,0,5,RIOK3
0,1.0447458436548347,0.716,0.262,0,5,TYROBP
0,1.2524126500442163,0.73,0.277,0,5,MYL12A
0,2.449040589707495,0.543,0.091,0,5,ARFGEF1
0,0.7891096017742765,0.908,0.458,0,5,LDHA
0,0.7465032384923358,0.874,0.43,0,5,TPM3
0,1.0393056821754656,0.861,0.419,0,5,ACTR2
0,1.7511724176991348,0.984,0.543,0,5,PFN1
0,1.6023206566499821,0.6,0.159,0,5,PLSCR1
0,1.9825922534575968,0.555,0.116,0,5,STK38
0,1.5525561416811824,0.566,0.13,0,5,CSTA
0,1.4981990455502256,0.639,0.205,0,5,MTDH
0,2.524692452894042,0.55,0.121,0,5,TSPO
0,3.2842233001503707,0.499,0.072,0,5,CD177
0,1.600180402744698,0.592,0.165,0,5,WASF2
0,1.9720317674434429,0.54,0.115,0,5,SYNE1
0,1.770329624060102,0.539,0.116,0,5,IL17RA
0,1.075545343525135,0.833,0.41,0,5,HSPH1
0,1.221624314687967,0.635,0.218,0,5,BRI3
0,0.8711087725356998,0.703,0.288,0,5,BAZ1A
0,1.9090987537267519,0.545,0.132,0,5,PCMT1
0,1.7662326951472678,0.574,0.165,0,5,COX7A2L
0,3.5912695131376515,0.439,0.031,0,5,CCDC125
0,1.1855179453703064,0.651,0.245,0,5,MTPN
0,1.6385068831207548,0.575,0.17,0,5,AP3S1
0,0.9776083685129011,0.602,0.198,0,5,IRAK3
0,1.251743478968002,0.954,0.55,0,5,MYL6
0,2.0662885799075523,0.487,0.085,0,5,TNFAIP8
0,1.4082209862812296,0.571,0.17,0,5,MAPK14
0,0.895704451994348,0.643,0.248,0,5,H2AFY
0,0.9168648167134037,0.599,0.208,0,5,ARRB2
0,1.7547975372603108,0.509,0.118,0,5,RCOR1
0,1.3248158299310004,0.564,0.174,0,5,UGP2
0,0.8782704438062876,0.627,0.239,0,5,CMTM6
0,1.1343602756410032,0.587,0.199,0,5,TALDO1
0,1.2976517006726322,0.591,0.203,0,5,XRCC5
0,1.9962958804185504,0.498,0.113,0,5,YWHAH
0,1.0799294149260408,0.588,0.208,0,5,PTBP3
0,0.9670584505941624,0.551,0.175,0,5,RASSF2
0,1.0957861783743004,0.588,0.212,0,5,KIF5B
0,2.4737480104534413,0.442,0.066,0,5,SORT1
0,1.6217788530248338,0.494,0.119,0,5,LPGAT1
0,2.216902588564772,0.429,0.054,0,5,NKG7
0,5.324960882858707,0.397,0.023,0,5,OLFM4
0,1.6980502710422003,0.496,0.125,0,5,GRK2
0,1.7212727186351287,0.504,0.134,0,5,CLINT1
0,1.6231566897229226,0.469,0.101,0,5,SYK
0,1.10956100937776,0.575,0.209,0,5,CAPZB
0,1.4313760919968503,0.475,0.11,0,5,LILRB2
0,0.974229215792096,0.861,0.496,0,5,OAZ1
0,1.206797415235215,0.968,0.604,0,5,CALM1
0,2.5843101176585135,0.412,0.049,0,5,P2RY13
0,1.3471396422328465,0.534,0.178,0,5,TM9SF2
0,2.0255926957637485,0.436,0.082,0,5,EDEM3
0,1.956310089160177,0.437,0.083,0,5,MSRB1
0,2.1140698194869048,0.43,0.076,0,5,TMOD3
0,1.7577407708456985,0.464,0.115,0,5,SEC63
0,2.6946742117567384,0.393,0.045,0,5,C3AR1
0,1.8493469716773936,0.437,0.091,0,5,VCL
0,1.5230419875684509,0.449,0.104,0,5,C1orf162
0,1.4630020621253026,0.429,0.084,0,5,CHI3L1
0,1.4040574565133672,0.486,0.142,0,5,ANXA11
0,1.1592502149825306,0.484,0.14,0,5,BIN2
0,1.4645364929167326,0.474,0.131,0,5,SOS2
0,1.7739081101389318,0.432,0.09,0,5,IKZF1
0,1.4592818791618196,0.453,0.112,0,5,GNAQ
0,1.352825320339242,0.478,0.137,0,5,MAPK1
0,1.05923237052072,0.496,0.155,0,5,QSOX1
0,2.6188834640070082,0.403,0.063,0,5,SVIP
0,1.4559540031125824,0.443,0.104,0,5,TMEM170B
0,1.8515372400143,0.418,0.079,0,5,RAB3D
0,2.6224658991167864,0.39,0.052,0,5,PHACTR2
0,2.436383297549914,0.371,0.033,0,5,CEACAM6
0,2.9547681146220834,0.374,0.037,0,5,ORM1
0,1.0603950183539224,0.486,0.149,0,5,GPSM3
0,1.779332378214566,0.422,0.086,0,5,CBL
0,1.5278507447026528,0.444,0.11,0,5,PTK2B
0,1.43316154682159,0.987,0.654,0,5,CFL1
0,1.721035123824153,0.426,0.094,0,5,PDZD8
0,1.0559621791896854,0.492,0.162,0,5,ATP11B
0,1.415955902709121,0.97,0.64,0,5,HSPA1A
0,1.8079483156669163,0.404,0.076,0,5,LPCAT2
0,1.9804548067524232,0.398,0.07,0,5,RGS19
0,1.8722198395071525,0.426,0.098,0,5,FBXO9
0,4.495531688768417,0.341,0.015,0,5,ABCA13
0,1.8019246596785883,0.414,0.088,0,5,COL4A3BP
0,1.3213362236073283,0.434,0.109,0,5,NCF4
0,1.4331272877800687,0.454,0.13,0,5,RAB10
0,4.671461347291823,0.335,0.013,0,5,CD200R1
0,1.7658507322058141,0.398,0.078,0,5,CAPG
0,1.6706639010122306,0.43,0.11,0,5,SPINT2
0,1.1577373481597533,0.425,0.107,0,5,CAT
0,1.7632555537770667,0.4,0.083,0,5,ABHD5
0,1.5195347654504778,0.434,0.117,0,5,ZBTB7A
0,1.2886707305972283,0.462,0.147,0,5,PSMA7
0,1.6215221593108802,0.429,0.115,0,5,CSGALNACT1
0,1.3396381310026113,0.412,0.102,0,5,MAFG
0,2.1345225470583866,0.371,0.062,0,5,ATP11A
0,1.3535868159801976,0.435,0.126,0,5,CTDSP1
0,1.919383672685429,0.469,0.164,0,5,MMP9
0,1.9609061804130554,0.359,0.055,0,5,PLAC8
0,1.4150410630147063,0.432,0.128,0,5,RNF145
0,1.3742271602455953,0.44,0.137,0,5,CACYBP
0,1.9175122732510466,0.368,0.066,0,5,ARID3A
0,3.061422685652175,0.334,0.033,0,5,GYS1
0,1.2609965841990105,0.436,0.135,0,5,ABI1
0,1.1890296791932846,0.421,0.12,0,5,RAB11FIP1
0,1.4372008472040119,0.413,0.112,0,5,RBPJ
0,4.513375002217411,0.313,0.013,0,5,ENPP4
0,2.6719203738979997,0.34,0.041,0,5,CLC
0,1.171402664389938,0.413,0.114,0,5,ARHGAP30
0,1.055750057456252,0.419,0.12,0,5,PRKCD
0,2.042752274756585,0.353,0.057,0,5,SEMA4A
0,3.006234569550821,0.336,0.041,0,5,KBTBD7
0,1.4668874543000707,0.397,0.103,0,5,ZNF106
0,1.6694039696656466,0.38,0.089,0,5,METTL9
0,1.2586309736448604,0.398,0.108,0,5,RNF24
0,1.385285250421469,0.384,0.095,0,5,FLOT2
0,1.8790154823541023,0.355,0.066,0,5,CS
0,1.2635782112110059,0.406,0.118,0,5,HIPK1
0,5.142415776901283,0.294,0.009,0,5,CHIT1
0,1.6954413593168183,0.356,0.071,0,5,PTPRJ
0,1.2906375999497919,0.392,0.108,0,5,CLEC4D
0,1.7812777074273525,0.367,0.083,0,5,MFSD14B
0,2.2702547512710742,0.333,0.051,0,5,MSRA
0,1.4238083422366519,0.367,0.091,0,5,SLC36A4
0,1.7561365174796704,0.358,0.082,0,5,DEGS1
0,2.523102076465998,0.318,0.043,0,5,CPNE2
0,1.8304629168477464,0.332,0.058,0,5,ALOX5
0,1.362347540074876,0.382,0.108,0,5,NSD3
0,1.7181094679820295,0.356,0.082,0,5,ERO1A
0,1.2676913944104378,0.995,0.722,0,5,TMSB4X
0,1.3519399445142048,0.361,0.09,0,5,AGTPBP1
0,1.4498082188726247,0.37,0.099,0,5,HK2
0,1.248160776767739,0.359,0.09,0,5,GPR160
0,3.6694120737082248,0.288,0.019,0,5,NLRC4
0,1.7640541204921414,0.328,0.061,0,5,MBOAT2
0,1.8848310970471192,0.337,0.072,0,5,PTDSS1
0,3.2748053220449207,0.284,0.019,0,5,SERPINB10
0,2.330678201985747,0.305,0.041,0,5,TTN
0,1.2202032767727695,0.354,0.091,0,5,PLEKHA2
0,3.191457392964275,0.283,0.023,0,5,CEBPA
0,1.4376707366841217,0.333,0.074,0,5,PADI2
0,2.1444838602103644,0.306,0.051,0,5,KIAA0513
0,3.6474011209708133,0.273,0.018,0,5,VSTM1
0,0.9147599550268586,0.999,0.747,0,5,MT-CO1
0,2.0820282017562137,0.315,0.063,0,5,SCPEP1
0,1.884253422853595,0.308,0.056,0,5,ZDHHC3
0,5.066438736910062,0.261,0.01,0,5,RETN
0,1.412176495204621,0.331,0.081,0,5,CYFIP2
0,1.9686710609587457,0.307,0.059,0,5,DNAJC5
0,2.206181014485951,0.288,0.042,0,5,PTPN6
0,2.100893944509294,0.294,0.049,0,5,CDADC1
0,1.4547921406782367,0.32,0.077,0,5,DCP2
0,3.001810118828552,0.267,0.025,0,5,ATP8B4
0,1.667558451146088,0.316,0.075,0,5,PPM1B
0,2.466148453907524,0.273,0.033,0,5,LRRC4
0,3.552638049701521,0.255,0.017,0,5,COL17A1
0,2.2681611086453524,0.279,0.043,0,5,LTB4R
0,2.0613826159142206,0.28,0.045,0,5,LARP4B
0,1.4896108183547523,0.303,0.069,0,5,PSTPIP2
0,2.0355459391031276,0.28,0.048,0,5,C19orf38
0,2.330895422000724,0.265,0.036,0,5,OSCAR
0,2.215610865994944,0.268,0.043,0,5,G6PD
0,2.3070916101121224,0.263,0.04,0,5,KIF21B
0,1.8168755899953402,0.278,0.057,0,5,CRLF3
0,1.9261979402640153,0.277,0.056,0,5,PTPN22
0,2.645489926890926,0.258,0.037,0,5,SLC35C2
0,2.379096304041006,0.256,0.036,0,5,RGL4
0,2.3016605761740156,0.26,0.041,0,5,DHCR7
0,1.7009352720026807,0.265,0.05,0,5,PIK3CG
0,2.089133346181875,0.267,0.057,0,5,VNN1
0,2.084873355456815,0.256,0.05,0,5,HCST
0,1.7661085997185624,0.257,0.053,0,5,ALAS1
0,1.6695263384910342,0.254,0.052,0,5,SEC16A
0,1.784571524626323,0.253,0.053,0,5,LYPLA1
0,0.8028617394021191,0.998,0.81,0,5,MT-CO3
0,1.1120772769471632,1,0.893,0,5,ACTB
1.95593432861761e-307,0.9921106589501503,0.583,0.225,3.5942249222677196e-303,5,CAST
1.4388183837119986e-303,0.821110717644614,0.746,0.331,2.6439726619091684e-299,5,LRRFIP1
2.1953966933074445e-301,0.9465166580614723,0.504,0.173,4.03426096362176e-297,5,CPEB4
2.1596149278294666e-300,1.0733153203529429,0.484,0.164,3.968508391379428e-296,5,WDR1
1.1286761336130372e-299,0.8306499146350319,0.703,0.298,2.074055263127317e-295,5,ROCK1
1.1871123359590118e-299,1.075920983738769,0.434,0.134,2.18143762855828e-295,5,SPI1
1.0838505164812276e-297,1.2045747444655972,0.363,0.101,1.991683709085904e-293,5,MTMR3
1.3402546708353938e-296,1.5406891168543708,0.338,0.093,2.4628519831271196e-292,5,CTSD
2.670791277581404e-296,0.8677364986195766,0.692,0.298,4.907846051683588e-292,5,ARPC3
4.730388084706891e-294,0.6152847483142256,0.644,0.239,8.692561144457383e-290,5,DOK3
4.279909082561853e-292,1.28529876958033,0.377,0.112,7.86476093011566e-288,5,SPG21
1.762102684246556e-291,1.5282463570599094,0.255,0.056,3.2380398925714715e-287,5,MIS18BP1
1.3864362460508834e-289,1.6113223774840135,0.259,0.058,2.547715245743103e-285,5,BAZ2A
1.282793076405304e-286,1.0441339472076985,0.47,0.162,2.3572605572023866e-282,5,ACTN1
7.036633987750137e-286,0.7959511808277375,0.627,0.247,1.2930518615889652e-281,5,EFHD2
9.32714043343083e-286,1.4176322981806346,0.306,0.079,1.7139553260472493e-281,5,EIF4G3
2.365502064511994e-285,0.7184331952950194,0.7,0.292,4.34684659374724e-281,5,PPP1R18
4.7320020873583656e-285,0.8123434473602056,0.753,0.353,8.695527035729733e-281,5,PTP4A2
1.1353957223081631e-284,0.7812251346187544,0.698,0.293,2.0864031793134804e-280,5,LAPTM5
3.232319033014565e-284,0.7396327373457194,0.69,0.293,5.939709455067564e-280,5,FYB1
1.9995338092291116e-283,1.258506661916191,0.381,0.117,3.6743433278394155e-279,5,HSPA4
5.955437163363403e-282,0.729073699748189,0.65,0.261,1.094371133139659e-277,5,GRB2
4.7457869156060167e-281,0.8521226194125004,0.557,0.204,8.720858036117616e-277,5,COTL1
3.79494893343938e-278,1.1848104991917003,0.423,0.141,6.973598160088205e-274,5,DNAJC3
1.8901898701070274e-277,1.320253943376265,0.294,0.074,3.4734129053086737e-273,5,FBXW2
2.481074917921082e-277,1.4050705274746023,0.302,0.079,4.559223269171781e-273,5,UBR4
7.509982865701248e-275,1.3434232502505676,0.294,0.074,1.3800344514012613e-270,5,PIK3CD
2.6377901968684425e-274,1.3526900098467687,0.318,0.086,4.84720326576545e-270,5,ARPC4
3.5071212018185916e-274,1.1241917990543182,0.381,0.117,6.444685920461844e-270,5,KIF1B
1.8274733783300903e-272,0.7975848839164386,0.622,0.253,3.3581650800193737e-268,5,PRR13
6.44256908439651e-268,0.8322293355276773,0.56,0.212,1.1838864949487028e-263,5,STK4
1.1862462802477388e-267,1.4398979853918605,0.268,0.066,2.1798461645832448e-263,5,RSU1
5.342241576776684e-265,1.2066575065488672,0.38,0.119,9.816903121484834e-261,5,KDM5A
2.968890782819589e-264,0.7851184806071498,0.818,0.439,5.455633702509277e-260,5,GAPDH
5.839317721839769e-264,1.480168254957361,0.266,0.065,1.0730330245652759e-259,5,OGT
2.5614427317425417e-262,1.2849314146435493,0.323,0.091,4.7069071638500945e-258,5,BICD2
9.481549408350782e-262,0.9068473229115267,0.457,0.161,1.7423295192785397e-257,5,TMEM123
2.7173627562987166e-261,0.8970618655393567,0.521,0.197,4.993425800974522e-257,5,ADD3
3.7621215343545746e-261,1.1324630015233905,0.425,0.146,6.913274531529966e-257,5,MAX
1.4301050068144106e-260,1.157656265037094,0.367,0.113,2.627960960522161e-256,5,PIAS1
7.985717484227372e-260,1.3951495309541984,0.303,0.084,1.4674554449016219e-255,5,DNAJA4
1.0850622003486598e-259,0.6230058169817136,0.6,0.231,1.9939102993606973e-255,5,GMFG
6.464362867108696e-259,0.9684732474312863,0.598,0.256,1.187891320459894e-254,5,CCPG1
8.411929878298577e-259,0.9882446794364508,0.428,0.145,1.5457762344361465e-254,5,ACAP2
1.4831031783343454e-257,1.264183692381943,0.258,0.062,2.7253504005071932e-253,5,TET3
1.0250861737362802e-256,1.2806915462806359,0.314,0.089,1.8836983528577886e-252,5,TNPO1
8.926404898904946e-255,1.1676589818177932,0.325,0.093,1.640316164222773e-250,5,KIAA1109
3.0001932656103795e-254,1.1875361669949187,0.349,0.106,5.5131551448856333e-250,5,TAOK1
1.5538488060723807e-252,0.695284100157217,0.586,0.228,2.855352566038607e-248,5,FAM49B
1.2546211364854685e-251,1.2693863366281182,0.253,0.061,2.3054918004056968e-247,5,CAMKK2
1.6887846360189862e-251,1.321740361747214,0.283,0.075,3.103310647148489e-247,5,ELF4
1.5916919208116703e-250,1.3792292248821096,0.253,0.061,2.9248930736835254e-246,5,SQOR
1.5290686404321004e-249,0.7888154461486878,0.749,0.374,2.8098165336580275e-245,5,WAC
7.692554333472287e-248,1.2425483504825727,0.425,0.154,1.4135837843188673e-243,5,CHORDC1
5.797771540419407e-247,1.1333985852235549,0.334,0.099,1.0653984982674702e-242,5,NUP50
9.768096714332334e-245,1.5767941630441382,0.259,0.066,1.7949854522257096e-240,5,LAMTOR1
4.932455160329427e-244,0.8585688279925054,0.505,0.196,9.063879602621355e-240,5,PRPF38B
1.0475185668180653e-243,1.2054231584934545,0.297,0.082,1.9249201183848766e-239,5,RNF44
7.063550583486151e-242,1.3460923174617,0.26,0.066,1.297998055221415e-237,5,ORAI2
2.5317089263827106e-240,1.0134059105010331,0.43,0.156,4.652268323120869e-236,5,PNN
9.69621316788237e-240,1.093600677577364,0.435,0.161,1.7817761317300644e-235,5,ENY2
9.01742082254877e-238,1.4891289078586099,0.25,0.064,1.657041250351562e-233,5,PRMT2
1.2239313475731542e-237,1.1004906290155283,0.367,0.119,2.2490962443004283e-233,5,AGFG1
2.1255052825430126e-236,0.8486448362962207,0.523,0.211,3.90582850720104e-232,5,TGOLN2
5.398802119425604e-236,0.7982220490784419,0.39,0.127,9.92083877465649e-232,5,MYO1F
8.65077533358087e-236,0.7605041550955645,0.488,0.179,1.5896664752988206e-231,5,WAS
1.5359759130351935e-235,1.2790689325585023,0.318,0.096,2.8225093377934715e-231,5,MBD4
3.5812896502087034e-235,0.8477017355573206,0.602,0.27,6.580977861223513e-231,5,PKM
5.186219916933797e-235,0.7030066682196903,0.576,0.236,9.530197719357545e-231,5,MSL1
1.8388433014104792e-234,1.2163660285333555,0.334,0.104,3.379058450671897e-230,5,ZYX
2.612205219014602e-234,0.6906294860266344,0.677,0.305,4.800188310461233e-230,5,CAPZA1
1.5720672517723178e-233,1.136191929409858,0.348,0.112,2.8888307818568112e-229,5,JDP2
1.8782442626561267e-233,1.4758645736759983,0.265,0.071,3.4514616570568984e-229,5,VAMP3
7.271513352271146e-232,0.9967580741319015,0.43,0.157,1.336213293613346e-227,5,STAG2
2.737668910878006e-231,1.2326639482151749,0.262,0.069,5.030740390629423e-227,5,F11R
1.3594183112713013e-230,1.1941962616291986,0.253,0.065,2.4980670887921434e-226,5,METTL21A
6.23522759282415e-230,0.514001005673598,0.663,0.286,1.1457854224573659e-225,5,CFLAR
6.831246354295767e-230,0.6050660859593484,0.733,0.345,1.2553098300653902e-225,5,MSN
1.1567008849273939e-229,1.0159278576563173,0.434,0.163,2.125553546142579e-225,5,COX4I1
6.512370083083959e-227,0.6315690040412101,0.54,0.223,1.1967131264675083e-222,5,HDGF
5.282407222166294e-225,1.2015357670292532,0.315,0.097,9.706951511452782e-221,5,DR1
5.390883522128599e-224,0.9192594877409751,0.408,0.147,9.906287560263513e-220,5,LIMS1
3.8248254609607115e-221,0.8965105546285548,0.373,0.125,7.0284992670614036e-217,5,RAB8B
4.78102972207737e-221,0.992830772872902,0.304,0.09,8.785620217289375e-217,5,RCSD1
1.2501764242068967e-220,1.225741339807453,0.27,0.075,2.2973241971225934e-216,5,SLC44A2
1.0294447698347748e-219,0.9410392486415631,0.349,0.114,1.8917077090483821e-215,5,SPOPL
1.0669631081006142e-219,1.008697177561916,0.511,0.22,1.9606514074456886e-215,5,NUFIP2
1.731076306861733e-218,1.1114897572852838,0.286,0.083,3.1810258214891208e-214,5,DBNL
5.731174930974583e-217,0.7068882232979556,0.653,0.309,1.0531607053158893e-212,5,SF1
7.047068961012364e-216,1.2330132141460748,0.303,0.093,1.294969392275632e-211,5,FAR1
3.1334372385188644e-215,0.7569469544843042,0.671,0.333,5.758004269502265e-211,5,MYL12B
6.675985529330952e-214,1.3288709363303481,0.25,0.068,1.2267791008698557e-209,5,TOR1B
2.69963598972636e-212,0.39905041103639327,0.96,0.5,4.960851094721159e-208,5,LCP1
3.16267598033397e-210,0.5950831467574551,0.571,0.246,5.811733381461703e-206,5,GNAI3
7.699612496838667e-209,0.7775242110529589,0.36,0.121,1.4148807924190733e-204,5,SNX10
9.336505009067889e-209,1.044872853181085,0.426,0.166,1.7156761604663153e-204,5,GNAI2
8.816775106398676e-208,0.8081616823097448,0.301,0.09,1.6201705935518208e-203,5,HCK
1.0468639576654448e-207,0.6173915261382679,0.497,0.194,1.9237172086060213e-203,5,STX3
3.7698653263806975e-206,0.6497891585813262,0.591,0.264,6.92750452375717e-202,5,ASAH1
5.008203573101283e-206,1.1185776231837825,0.259,0.074,9.203074885930918e-202,5,GAS7
6.078838532713437e-206,1.2050842025059145,0.257,0.073,1.1170473687714211e-201,5,SAMD8
1.8525761123373908e-203,0.6237078945955896,0.814,0.457,3.4042938640311894e-199,5,CDC42
2.584018005403224e-203,0.8940291160854703,0.37,0.131,4.748391486728964e-199,5,DIAPH1
4.370602410464934e-202,0.9494395718714812,0.296,0.091,8.031418989470363e-198,5,MOB3A
2.6375812883637295e-201,0.866857034049304,0.352,0.121,4.846819375497189e-197,5,FAM8A1
4.859684395890018e-201,0.8858902227272868,0.304,0.095,8.930156045887497e-197,5,IQGAP2
6.92241107435173e-198,1.0148926041184845,0.29,0.09,1.272062259022874e-193,5,PATL1
1.0001227500211365e-197,1.1292104240246192,0.284,0.089,1.8378255654388404e-193,5,RBM17
3.52499744870144e-197,0.9470296144937916,0.266,0.077,6.477535311733767e-193,5,LST1
1.7239549474942085e-196,0.34059362028331375,0.777,0.36,3.1679396115153576e-192,5,HCLS1
3.7772129104635725e-196,0.9304484622539229,0.312,0.1,6.941006444267861e-192,5,UBN1
1.06051840098234e-195,0.7409167112249163,0.392,0.142,1.948808613645148e-191,5,LSP1
1.842025446958024e-195,1.0148300419789578,0.318,0.107,3.384905961330065e-191,5,SUN2
3.2744726426563925e-195,0.7834634090763378,0.464,0.191,6.017170928145387e-191,5,ZNF207
8.347271478149352e-193,1.2145199771928588,0.279,0.087,1.533894606824725e-188,5,CHP1
2.3852706113278676e-191,1.0760991372627087,0.308,0.103,4.3831732753760896e-187,5,CEP350
2.987889688182927e-191,1.0946413636895387,0.274,0.085,5.490546091004947e-187,5,CELF1
3.709294989220924e-191,0.7960302473615364,0.471,0.202,6.81620047219237e-187,5,NORAD
5.049083376760468e-191,0.5996183650573954,0.586,0.275,9.278195613135037e-187,5,ANP32B
7.032935460424744e-191,0.6750618989811814,0.646,0.322,1.292372220207651e-186,5,DDX17
1.0482326079669122e-190,1.0600168682215345,0.279,0.087,1.926232240399998e-186,5,SLK
3.718222718350877e-190,0.6834418446165419,0.446,0.178,6.832606067241571e-186,5,RAB21
3.957028537871894e-190,0.594488162951655,0.497,0.206,7.271435641193392e-186,5,EP300
3.9772876419060777e-190,0.5958638078293996,0.507,0.213,7.308663770766609e-186,5,SKAP2
2.6465046422337547e-188,1.0449297372243596,0.258,0.077,4.863216930568747e-184,5,RP2
1.1393755215245442e-186,0.852887079702761,0.264,0.079,2.0937164583535022e-182,5,GPR84
4.055600117569666e-186,1.1468508374574273,0.253,0.075,7.452570776046018e-182,5,GLCCI1
9.99536621720028e-186,0.37233183323893915,0.998,0.84,1.8367484960727234e-181,5,MT-CO2
2.969195532124858e-185,0.4041401693092386,0.984,0.76,5.456193709832639e-181,5,VIM
9.092036332722156e-185,0.53557405999792,0.515,0.22,1.6707525965010234e-180,5,PHF20L1
1.2313319853222808e-184,0.6011706152693217,0.581,0.271,2.2626956562282232e-180,5,LAMP2
1.821879306554579e-182,0.7861652102106365,0.468,0.203,3.347885413724694e-178,5,ENSA
1.657995533831183e-181,1.041099290733559,0.312,0.107,3.046732592968182e-177,5,HERPUD2
1.831288294067266e-181,0.5856628948320232,0.36,0.127,3.365175369178008e-177,5,SIRPB1
2.0431995341896348e-181,0.9212287039104461,0.307,0.104,3.7545834640268726e-177,5,ARID4A
1.2467320754342367e-180,0.7521023726638276,0.47,0.204,2.2909948618179534e-176,5,ATP6AP2
6.163489855538486e-178,0.8802676274648094,0.394,0.158,1.1326028958537521e-173,5,CD47
9.350697206889052e-178,1.0904696125088973,0.255,0.079,1.718284118737932e-173,5,HIPK2
7.676823700245796e-177,0.9176286376637703,0.323,0.115,1.4106931231571675e-172,5,MARCH7
2.9264794886765398e-176,0.3068458917202599,0.753,0.356,5.37769870839201e-172,5,EVI2B
7.080377526233526e-176,0.9248284262849654,0.44,0.191,1.3010901742206727e-171,5,MMADHC
6.023640916625383e-175,0.9563057091505424,0.334,0.123,1.1069042548390803e-170,5,FXR1
3.812079092078467e-174,1.1563271521849066,0.266,0.087,7.005076539603391e-170,5,GBE1
4.0403501317457425e-174,0.40767567446243813,0.99,0.79,7.424547402095976e-170,5,MT-ATP6
3.1131704333970688e-173,0.8183737572473073,0.389,0.156,5.720761988410453e-169,5,CDV3
7.646776142895218e-173,0.8000020596618442,0.495,0.228,1.4051715840184253e-168,5,ALDOA
9.068976852803202e-173,0.646808084304249,0.609,0.307,1.6665151864711162e-168,5,SEC62
5.359306913598629e-172,0.6352677561518706,0.413,0.165,9.848262384428842e-168,5,RTFDC1
2.13318022044076e-171,0.5480473534504311,0.787,0.44,3.91993197308194e-167,5,PGK1
2.5530997256667228e-169,0.3792015163615696,0.586,0.259,4.69157605588517e-165,5,LYN
4.834855364034638e-167,0.951966791631239,0.25,0.08,8.884530216950052e-163,5,CORO1C
8.743203877233702e-166,0.6511061315301341,0.489,0.219,1.6066511444804651e-161,5,MOB1A
1.1040920458770263e-165,0.8307731541699187,0.356,0.138,2.0288795435036233e-161,5,PPP2R2A
3.1422092590929875e-164,0.8493817590340229,0.319,0.117,5.774123734509274e-160,5,AP1S2
1.5193426660789347e-163,0.780733120956135,0.284,0.095,2.7919440831866504e-159,5,PIK3R5
4.4541271724157757e-163,0.7644813917240567,0.31,0.11,8.184904092031229e-159,5,FNBP1
3.0492609962230324e-161,0.8232874555400022,0.351,0.138,5.603322006659444e-157,5,SH3BGRL
2.4458140348691484e-160,0.3215921616229589,0.871,0.502,4.494427870475547e-156,5,MT-ND6
3.1231614423586836e-160,0.7191424109643336,0.365,0.145,5.739121466478317e-156,5,TMED5
7.39119393640662e-160,0.6824583930234847,0.406,0.168,1.3582057977540805e-155,5,CAB39
2.4028149214099267e-158,0.517174905224062,0.472,0.207,4.4154126995828817e-154,5,STAT3
3.3939677502267454e-158,0.3869517363990065,0.996,0.885,6.236755137816667e-154,5,ACTG1
8.346426751698721e-158,0.8820058717877791,0.298,0.108,1.533739379892157e-153,5,KIDINS220
9.049802441141473e-157,0.9217652495823674,0.288,0.102,1.662991696584157e-152,5,OSTF1
1.7315532322397283e-156,0.7629477310829642,0.339,0.13,3.1819022195637246e-152,5,TLE4
2.0885883000765876e-156,0.2752211345156321,0.698,0.353,3.837989860220737e-152,5,ANP32A
3.003759127956278e-156,0.5515351869847356,0.973,0.876,5.5197077735324565e-152,5,HSP90AA1
4.553268162568014e-155,0.40069916130440486,0.783,0.426,8.367085575534982e-151,5,MT-ATP8
3.4281487866764904e-154,0.8173344475935218,0.264,0.089,6.299566210396719e-150,5,STXBP5
6.390570956773379e-153,0.45996639407036755,0.416,0.171,1.1743313190166761e-148,5,VSIR
1.2117250070501232e-152,0.6103659590439788,0.326,0.122,2.2266658729553065e-148,5,ASAP1
2.5598328280127854e-152,0.43011775937023033,0.611,0.313,4.703948804756295e-148,5,LRRC75A
2.798846031185926e-152,0.8129298139277894,0.422,0.189,5.143159466907257e-148,5,TRIR
4.83953197683745e-152,0.8875354103409052,0.354,0.144,8.893123960636498e-148,5,CITED2
2.7807061552761554e-151,0.7068060728204585,0.38,0.158,5.109825630935463e-147,5,SLTM
3.669683329467951e-151,0.33907879926693507,0.992,0.798,6.743410086230306e-147,5,MT-CYB
1.5017548956203387e-150,0.8134913359648054,0.355,0.145,2.7596247961919343e-146,5,EIF4EBP2
2.296063143206291e-149,0.6852122863401482,0.417,0.185,4.21924563195588e-145,5,YY1
1.0326838584051021e-148,0.5936039913563519,0.314,0.119,1.8976598582052157e-144,5,TSPAN2
2.9308418516418074e-148,0.8733818465782295,0.331,0.132,5.385714986576985e-144,5,MIER1
4.193209501240927e-148,0.39202502804479655,0.743,0.403,7.705441779480328e-144,5,IQGAP1
1.2159511742663454e-147,0.8265683950074557,0.278,0.098,2.2344318778318363e-143,5,RASA2
1.519339083995816e-147,0.4455982294937195,0.726,0.401,2.7919375007507116e-143,5,DAZAP2
1.5907360979242475e-147,0.6496653398587554,0.338,0.132,2.923136653545597e-143,5,ITSN2
2.5872451191109993e-146,0.568401275207761,0.329,0.125,4.7543216308783724e-142,5,MAN2A2
3.493962402961365e-145,0.6492460430089242,0.329,0.128,6.420505311681804e-141,5,PTPN12
6.6653357608276e-145,0.49443009222205636,0.558,0.277,1.22482209940968e-140,5,SON
7.570563166559931e-144,0.25982685534194694,0.885,0.515,1.3911666874870529e-139,5,HLA-E
8.439783539567311e-143,0.6229959372003007,0.379,0.161,1.5508946232308892e-138,5,ELOVL5
9.192660575936487e-143,0.5877020068494978,0.336,0.133,1.6892433074340888e-138,5,MKRN1
5.377144004408557e-142,0.938903464575658,0.297,0.116,9.881039822501165e-138,5,PDCD6IP
3.6439300536360216e-141,0.5903058556824107,0.423,0.192,6.6960858665615535e-137,5,BNIP3L
5.286755231041343e-141,0.5071859879919979,0.349,0.14,9.714941412561571e-137,5,PSEN1
8.251498510688831e-141,0.5425948793776703,0.46,0.216,1.5162953663241796e-136,5,CHMP4B
8.933784966138473e-141,0.8821613069436469,0.306,0.12,1.6416723253776058e-136,5,C9orf78
2.919666020703865e-140,0.8606304091679529,0.265,0.095,5.365178279645422e-136,5,PPP1R2
6.918553109764e-140,0.7060020441511907,0.251,0.086,1.2713533194502327e-135,5,GLIPR2
1.619333709190875e-139,0.7996328957974671,0.288,0.108,2.975687624009152e-135,5,MARK3
2.4398437855124946e-139,0.8348869033698805,0.326,0.134,4.48345694025776e-135,5,TCP1
1.0017374154103267e-138,0.6720644108616372,0.278,0.101,1.8407926745580165e-134,5,EIF2AK2
2.02117051196596e-138,0.28867253666789994,0.717,0.382,3.714102932788648e-134,5,RPL27
2.29823846451676e-138,0.781277426204195,0.327,0.134,4.223243002395998e-134,5,GNG5
4.5913125127426657e-138,0.6096890355880451,0.381,0.165,8.436995873415922e-134,5,TPP1
6.881603275249363e-138,0.6857312687717729,0.279,0.103,1.264563417859823e-133,5,BAZ2B
9.596198004628334e-138,0.5630536528278376,0.302,0.113,1.7633973453305028e-133,5,FMNL1
1.5338460396971768e-137,0.5723500773788226,0.5,0.247,2.818595482547532e-133,5,PTGES3
6.734480421926783e-137,1.0410692165417958,0.253,0.091,1.2375281223332657e-132,5,CCDC186
1.5739588801878078e-136,0.5815445760646079,0.487,0.236,2.8923068382331156e-132,5,RSRP1
6.445751277521283e-136,0.3595097902809692,0.913,0.618,1.184471254757311e-131,5,PABPC1
1.034667360868474e-135,0.5377194049472723,0.382,0.164,1.901304742331908e-131,5,SH3KBP1
1.0513357167192261e-135,0.7734134570638818,0.314,0.126,1.9319345130432499e-131,5,MARCH6
7.035396556036554e-135,0.28083153817380957,0.998,0.868,1.2928244711372772e-130,5,MT-ND4
2.4261114911646817e-133,0.6667995769649594,0.346,0.144,4.458222476164219e-129,5,SP100
3.2128104158102464e-133,0.436116980451442,0.795,0.479,5.903860420092909e-129,5,EIF4G2
8.057490966152292e-133,0.4910393905180933,0.397,0.172,1.4806445399401452e-128,5,RALB
6.466722529455246e-132,0.6540953402065324,0.274,0.1,1.188324932012696e-127,5,LAT2
2.4783268009309726e-131,0.5601848474140803,0.458,0.222,4.5541733293907554e-127,5,ATP5L
7.152443349351049e-130,0.4212430769010449,0.606,0.325,1.3143329898767487e-125,5,RPL39
1.7293303855416587e-129,0.5586995527124039,0.361,0.157,3.177817516471352e-125,5,PRPF40A
1.790780263723922e-129,0.381929268953342,0.361,0.149,3.2907378126190794e-125,5,QPCT
2.4751515779086476e-126,0.3531169851622449,0.463,0.217,4.5483385395649307e-122,5,RABGEF1
2.7772037901427083e-126,0.7868958860948493,0.287,0.114,5.103389684766241e-122,5,RAB5B
3.8797032441546976e-126,0.4086318413459218,0.41,0.184,7.129342681458673e-122,5,DEDD2
7.946912469155392e-126,0.4066469995519548,0.425,0.197,1.460324635331995e-121,5,TES
1.1199039559481243e-124,0.4368319065805508,0.762,0.454,2.0579355094502733e-120,5,SFPQ
2.6900079585644272e-124,0.5303797660473323,0.315,0.128,4.943158624657991e-120,5,WIPF2
3.952931434009839e-123,0.29776752037772614,0.42,0.192,7.26390680313648e-119,5,TFDP1
4.426131944001374e-122,0.48486720849820264,0.369,0.163,8.133460060296925e-118,5,SHOC2
2.061631766117742e-121,0.44260104981138115,0.371,0.163,3.788454533417962e-117,5,PAK2
2.4071489804389958e-120,0.5831920912480961,0.336,0.145,4.423376966454699e-116,5,CMIP
2.521940704126387e-120,0.6719987826139674,0.307,0.128,4.634318237902649e-116,5,BNIP2
3.5706558281438136e-119,0.6560688648924933,0.275,0.108,6.5614371497970715e-115,5,FLOT1
8.775810117845395e-119,0.4194118292143971,0.49,0.245,1.6126428672552697e-114,5,DNAJB6
5.96034129016386e-117,0.3648952645115848,0.803,0.5,1.095272315480511e-112,5,ATP5E
2.3958882331788765e-115,0.34529380591240955,0.446,0.213,4.4026842172895035e-111,5,TLN1
2.5818181752850676e-115,0.7744729251714387,0.254,0.098,4.7443490789038405e-111,5,CCNDBP1
4.089320492871452e-115,0.46320336843827836,0.491,0.251,7.51453533770058e-111,5,SEC11A
3.6406660574523715e-114,0.4986728426245074,0.382,0.178,6.690087947174478e-110,5,PJA2
4.148906218237048e-114,0.5527080944767795,0.303,0.125,7.624030066632399e-110,5,SYNE2
5.546695669138235e-114,0.5524022625081402,0.294,0.121,1.019260796160842e-109,5,TAOK3
6.983119378361907e-114,0.5393558708989253,0.341,0.154,1.283218016967784e-109,5,H2AFV
1.704706937162945e-113,0.5786288212844368,0.29,0.119,3.1325694677306276e-109,5,RNF10
6.26558879520656e-113,0.6580440020744911,0.318,0.139,1.1513645970071576e-108,5,GGNBP2
6.760383657447994e-113,0.343372722943186,0.518,0.268,1.2422881008926434e-108,5,KPNB1
9.899793764827637e-113,0.37288275189517495,0.476,0.241,1.8191861022247268e-108,5,AZIN1
3.281378104952516e-112,0.3127888229354372,0.434,0.202,6.029860405660743e-108,5,CELF2
4.398640227535571e-112,0.5348540702398707,0.284,0.114,8.082941282119365e-108,5,INPP5D
8.30444432841743e-112,0.6501880815501797,0.325,0.145,1.526024689789987e-107,5,YME1L1
2.2108119015594113e-110,0.5666315181202868,0.274,0.114,4.062587950305574e-106,5,SERTAD2
2.342814638069311e-110,0.48084474486891643,0.296,0.123,4.3051561789161657e-106,5,ADAR
8.097203681470075e-110,0.4330888219071414,0.498,0.261,1.487942148506941e-105,5,PRKAR1A
1.4037334515450438e-109,0.5258720236722407,0.377,0.18,2.5795005905591725e-105,5,HNRNPD
1.581865155720814e-109,0.5599197543551546,0.263,0.105,2.9068354101525678e-105,5,KRAS
3.789919293859878e-109,0.47141700669916503,0.274,0.109,6.964355694396912e-105,5,ICAM3
2.6518176406614736e-108,0.38506792292860403,0.483,0.251,4.872980096479524e-104,5,TAX1BP1
9.991569222183115e-108,0.6276162970227038,0.277,0.117,1.8360507602683693e-103,5,ERP29
1.9935360256233517e-107,0.29732121873352324,0.566,0.306,3.663321800685471e-103,5,GNB1
2.409358843253042e-107,0.4515198521774467,0.336,0.151,4.42743781036179e-103,5,MAP2K1
2.5626517660640217e-107,0.43984018647539536,0.408,0.2,4.709128885319247e-103,5,MLF2
8.997060401898997e-107,0.4736855162312824,0.334,0.151,1.6532998194529597e-102,5,BPTF
1.9363367152783544e-106,0.49120203779086213,0.456,0.235,3.558212347995504e-102,5,RSL24D1
1.1415398686045078e-105,0.3257839531349539,0.31,0.131,2.0976936625476437e-101,5,MGAM
1.203652827493706e-104,0.5278535658830403,0.324,0.146,2.2118324358024343e-100,5,OGFRL1
1.5394617273625965e-104,0.4607196651422423,0.356,0.164,2.8289148702015074e-100,5,CHIC2
6.985620969709131e-104,0.6144812830361885,0.258,0.106,1.28367770939375e-99,5,HIPK3
1.0116291608933163e-103,0.5174626041362657,0.331,0.152,1.858969746057558e-99,5,ARL8B
5.132604477298477e-102,0.7752550036526136,0.251,0.105,9.431673987483681e-98,5,SCP2
6.656003912791468e-100,0.2504722314259731,0.424,0.208,1.2231072790145601e-95,5,PPP4R2
7.443575636363063e-100,0.43590027530108366,0.5,0.272,1.3678314589380764e-95,5,RAB2A
1.801524808589397e-99,0.3686118454659646,0.335,0.151,3.310481988263876e-95,5,HSD17B11
9.461595536567103e-99,0.40204432649198896,0.314,0.141,1.7386627957995707e-94,5,ATP6V0B
3.1814720395775994e-98,0.2903324322677774,0.607,0.345,5.846273019927797e-94,5,ATP6V0E1
5.1040491627313086e-98,0.4772126740085335,0.333,0.157,9.379200741435053e-94,5,HNRNPM
1.2709936198685325e-97,0.4922949378498729,0.433,0.226,2.335577875870415e-93,5,TERF2IP
2.535197344980279e-97,0.566287933817347,0.304,0.137,4.65867864113576e-93,5,KPNA4
3.1528660823946557e-97,0.584174242289303,0.28,0.122,5.793706713008419e-93,5,SSU72
6.463495714301471e-97,0.5582455420624031,0.303,0.137,1.1877319724600383e-92,5,WBP2
1.1832864692386913e-96,0.6591884714744543,0.309,0.144,2.174407215873019e-92,5,C14orf2
1.9599721364081054e-96,0.4509978783824504,0.398,0.2,3.601644797863535e-92,5,SFT2D1
2.838055358920444e-96,0.37919304898739403,0.519,0.286,5.215210527552208e-92,5,EEF1D
3.830545463807594e-96,0.5637687350014227,0.342,0.165,7.039010344292834e-92,5,PCBP2
6.347910236602666e-96,0.3359679821388264,0.737,0.463,1.1664919850781058e-91,5,RHOA
8.125191730159184e-96,0.48885285017865443,0.366,0.182,1.4930852323340517e-91,5,GALNT1
2.393464328834551e-95,0.4302537279637415,0.304,0.137,4.398230050666371e-91,5,BRD4
3.6481250937482025e-95,0.6989777990428347,0.262,0.115,6.703794672271697e-91,5,CCT5
7.876082167215679e-95,0.43255961757539807,0.414,0.215,1.447308859047553e-90,5,CBX3
4.5441326149518163e-94,0.7490198585938054,0.266,0.118,8.350298093235458e-90,5,LAMTOR5
1.54724224374137e-93,0.5005802943233728,0.318,0.149,2.8432123470991416e-89,5,EIF4B
2.027129540969656e-93,0.3773486100303466,0.341,0.161,3.72505324448584e-89,5,NRBF2
2.129423501715342e-93,0.28292575904408146,0.979,0.786,3.913028626752112e-89,5,MT-ND1
1.0213668385143406e-92,0.41196232418143175,0.255,0.106,1.8768637024539522e-88,5,PXN
2.0160689125385458e-92,0.25582894382516697,0.322,0.148,3.7047282336808316e-88,5,MID1IP1
3.0101749009621523e-92,0.6000283889226199,0.287,0.132,5.531497398008051e-88,5,PRDX5
1.6779160713654e-91,0.49402886890610187,0.316,0.15,3.083338572741059e-87,5,HP1BP3
4.371479052581184e-91,0.29357437485383653,0.309,0.139,8.033029907023184e-87,5,PRKCB
5.556472550992732e-91,0.30360692725356975,0.901,0.632,1.0210573959704244e-86,5,HNRNPA2B1
8.906090330401057e-91,0.32775150538563114,0.319,0.146,1.6365831591144983e-86,5,NIN
1.3449531690332624e-90,0.29810115794078595,0.429,0.224,2.471485943415523e-86,5,HNRNPF
3.960662280585606e-90,0.27552258726210044,0.327,0.153,7.27811300680411e-86,5,WNK1
4.8361575431116814e-90,0.37050444457040443,0.454,0.243,8.886923101222026e-86,5,PAPOLA
2.065441769809398e-89,0.42016317634946354,0.341,0.167,3.79545579620175e-85,5,RBMS1
5.340742158735908e-89,0.4086536721150203,0.25,0.106,9.814147790893104e-85,5,GPCPD1
1.883916913865493e-88,0.40377250567911893,0.335,0.164,3.4618857209192297e-84,5,SCAF11
2.1135364638302424e-88,0.6462340001883816,0.271,0.122,3.8838346059344535e-84,5,DDX6
3.942617440211059e-88,0.43284199570172577,0.374,0.191,7.244953808131842e-84,5,UBL3
1.0455339516154972e-87,0.4352206038596769,0.286,0.132,1.9212731894886374e-83,5,NR3C1
1.4492505442061695e-85,0.2856537176845877,0.255,0.11,2.663142800033257e-81,5,EHD1
2.604285232601101e-85,0.3922733885965378,0.31,0.148,4.785634543427783e-81,5,INTS6
4.651577549102107e-84,0.28102489688910826,0.924,0.667,8.547738904230032e-80,5,YWHAZ
1.0181958917323245e-83,0.3077574765895381,0.644,0.394,1.8710367706473197e-79,5,ZFAND5
5.8027579968489e-82,0.4017363405930465,0.272,0.124,1.066314809500954e-77,5,ANKRD11
4.358512467925185e-80,0.27738560352209474,0.713,0.457,8.00920251105932e-76,5,TMBIM6
2.765652926571919e-79,0.5149258159245184,0.25,0.114,5.082163817868558e-75,5,ADD1
4.270219008257376e-78,0.27122186026118933,0.383,0.202,7.846954449573754e-74,5,ARF6
1.2555325667257537e-77,0.3201553703466602,0.348,0.179,2.307166644615245e-73,5,PAFAH1B1
3.0466244244134684e-77,0.26963802050804375,0.819,0.54,5.59847704230219e-73,5,CCNI
4.1838499568344266e-76,0.4010084491146886,0.308,0.154,7.688242680678942e-72,5,RAD23B
1.457598800513977e-74,0.5045275075963414,0.266,0.128,2.678483555824484e-70,5,CHMP3
1.6451513182831772e-74,0.41330171382494146,0.258,0.12,3.0231300624771665e-70,5,PPP3R1
1.1558699971581383e-73,0.3867868977751293,0.328,0.169,2.124026706777795e-69,5,SUPT4H1
1.323666274913846e-73,0.3132262201236605,0.323,0.165,2.432369146781683e-69,5,EWSR1
2.685757990384011e-73,0.44672961468843886,0.255,0.12,4.935348883129658e-69,5,USP7
7.262018916866974e-73,0.26928389139072495,0.441,0.248,1.3344685961634751e-68,5,HIF1A
1.3415687550394283e-72,0.36567036456418833,0.361,0.196,2.4652667442604534e-68,5,GDI2
2.706015468808987e-72,0.2962237313317052,0.305,0.153,4.972574025483395e-68,5,HNRNPUL1
1.0307311112987163e-70,0.5185780116905241,0.261,0.127,1.894071490122521e-66,5,ATP5EP2
5.6337589709237314e-70,0.3487022308172752,0.257,0.123,1.035259548496945e-65,5,KBTBD2
1.4461875609083524e-69,0.3680816696758249,0.315,0.162,2.6575142619251883e-65,5,MKNK2
2.2669929902670093e-67,0.38414651192807536,0.333,0.177,4.165826318914656e-63,5,PNISR
5.271413241721158e-66,0.45892240395851025,0.266,0.133,9.6867489729868e-62,5,SUMO1
1.3200432688098428e-64,0.3890769007646017,0.285,0.147,2.4257115107649673e-60,5,UBL5
2.1019166006171337e-62,0.3477137883016422,0.277,0.144,3.862481945294045e-58,5,STMP1
2.20439550210277e-62,0.5138750900128302,0.282,0.149,4.0507971746640506e-58,5,N4BP2L2
2.585752183144733e-59,0.6128293833115858,0.268,0.143,4.751578211746762e-55,5,EIF1B
5.911796377658972e-56,0.3817491811638728,0.274,0.147,1.0863517023586127e-51,5,TMEM30A
4.3401209108059174e-55,0.3044435333659478,0.271,0.145,7.975406185696954e-51,5,ATP5B
1.762183963150833e-54,0.3166807282772853,0.278,0.149,3.238189250685971e-50,5,ZFAND6
6.681067459681087e-54,0.28655370511814526,0.311,0.174,1.2277129563909966e-49,5,RSRC2
1.763175662939544e-53,0.28531814972761615,0.295,0.164,3.2400115982177062e-49,5,COX6B1
1.2303688739657965e-52,0.2626575410229215,0.353,0.208,2.2609258427995474e-48,5,RBM3
3.26126559312875e-48,0.3335319896240526,0.25,0.136,5.99290165393339e-44,5,UBE2A
1.1731556208761161e-46,0.6188740800310741,0.534,0.365,2.155790768921951e-42,5,HSPA1B
4.643342595920127e-40,0.25597617778786563,0.279,0.166,8.532606354262825e-36,5,BRK1
0,5.0446959024570415,0.747,0.054,0,6,CNOT6L
0,5.425480048439107,0.695,0.029,0,6,RUNX3
0,4.780149849939108,0.697,0.038,0,6,ARL4C
0,2.230587599782891,0.937,0.325,0,6,CXCR4
0,8.15689953094031,0.533,0.004,0,6,TRBC2
0,2.631905340949918,0.858,0.331,0,6,SARAF
0,3.5728074567659345,0.616,0.09,0,6,ETS1
0,1.8225827321244061,0.959,0.439,0,6,PTMA
0,2.251254511614139,0.693,0.176,0,6,CREM
0,9.121769206553417,0.52,0.004,0,6,IL7R
0,2.4042905513926867,0.787,0.271,0,6,ZFP36L2
0,7.400226246738074,0.516,0.004,0,6,SPOCK2
0,2.646525262762637,0.657,0.161,0,6,EZR
0,1.4911850745046689,0.89,0.395,0,6,PTPRC
0,2.82317689907166,0.648,0.155,0,6,PPP2R5C
0,3.53499547394037,0.572,0.079,0,6,CCND2
0,3.152204393007235,0.641,0.156,0,6,ATP1B3
0,1.7085341781933985,0.897,0.419,0,6,MT-ATP8
0,3.312631027363562,0.56,0.084,0,6,SLC38A1
0,1.3787441520464991,0.962,0.488,0,6,RPS12
0,2.0809180999737147,0.969,0.496,0,6,MT-ND6
0,2.285993227287575,0.673,0.204,0,6,RPL13A
0,1.3662294674912623,0.883,0.42,0,6,RPL32
0,1.3079607759156833,0.965,0.514,0,6,RPS27A
0,1.5740884254819965,0.849,0.399,0,6,MT-ND4L
0,1.2804543059816158,0.809,0.36,0,6,NAP1L1
0,5.7397386289314465,0.46,0.013,0,6,FYN
0,1.7033670317406329,0.946,0.5,0,6,RPS29
0,1.6446280268583424,0.7,0.258,0,6,NCL
0,1.5020905640338866,0.872,0.432,0,6,RPL11
0,2.8423703426529987,0.506,0.069,0,6,CD48
0,1.678948710090923,0.773,0.336,0,6,RPS3
0,2.277647144050834,0.629,0.192,0,6,SRSF7
0,1.2219317739010345,0.953,0.517,0,6,EEF1A1
0,1.140431677176057,0.819,0.384,0,6,RPS21
0,1.07828054043621,0.938,0.507,0,6,RPL31
0,1.451376081693995,0.901,0.472,0,6,RPL27A
0,7.749371301771488,0.432,0.003,0,6,CCL5
0,1.4459891979345754,0.815,0.387,0,6,RPS15A
0,1.3742925950962355,0.775,0.35,0,6,RPS16
0,2.520651097250299,0.498,0.073,0,6,BIRC3
0,1.0217347315917338,0.845,0.42,0,6,RPL5
0,0.9815307169482148,0.976,0.556,0,6,RPS20
0,1.1294850607751759,0.761,0.347,0,6,RPS4X
0,1.0870370660638216,0.851,0.438,0,6,RPL35A
0,1.748235425793807,0.788,0.377,0,6,SRSF2
0,1.0280693587764733,0.771,0.361,0,6,RPL10A
0,1.1238338795730436,0.937,0.527,0,6,RPL37
0,0.7601464801068873,0.936,0.526,0,6,RPS8
0,1.1711986839830795,0.986,0.579,0,6,RPS6
0,1.2607220345333494,0.814,0.41,0,6,RPL38
0,1.1456066354681718,0.732,0.329,0,6,RPS23
0,1.4424660406147742,0.974,0.575,0,6,RPL30
0,2.2283468805014746,0.528,0.13,0,6,DUSP2
0,1.2194262949124615,0.746,0.351,0,6,EIF4A2
0,1.4430464934004483,0.696,0.304,0,6,RPL19
0,1.1436647920549046,0.968,0.577,0,6,RPL34
0,1.5691780972928182,0.688,0.297,0,6,HNRNPDL
0,1.8035392814126041,0.985,0.597,0,6,MT-ND5
0,3.050936452774844,0.454,0.07,0,6,LEPROTL1
0,8.9072542640253225,0.384,0.001,0,6,BCL11B
0,1.5372771902039821,0.639,0.26,0,6,FOSL2
0,2.753626765746304,0.457,0.082,0,6,PIP4K2A
0,3.1043010650839453,0.465,0.09,0,6,TMEM2
0,1.3813036381285,0.613,0.24,0,6,STK17B
0,4.804473719803414,0.382,0.01,0,6,CD69
0,1.5484453409021885,0.605,0.235,0,6,AC112491.1
0,1.258407359968833,0.701,0.331,0,6,RPL4
0,1.8801348111197782,0.553,0.189,0,6,NR4A2
0,1.306249211723276,0.652,0.29,0,6,RPL13
0,1.3981013487111018,0.648,0.286,0,6,RPL14
0,1.4902434736059083,0.666,0.308,0,6,RPLP2
0,1.3794378560994043,0.528,0.17,0,6,AHNAK
0,8.597574930508674,0.36,0.002,0,6,TRAC
0,1.4196416667804725,0.716,0.362,0,6,RPS11
0,2.0549914432829444,0.51,0.159,0,6,TMEM123
0,2.2131267925853777,0.457,0.107,0,6,NASP
0,2.53720336280536,0.441,0.092,0,6,IKZF1
0,1.4700053378161462,0.577,0.232,0,6,SET
0,1.1959825171976517,0.952,0.608,0,6,CALM1
0,1.6460541257584855,0.556,0.217,0,6,RPL10
0,3.1310889957467354,0.414,0.078,0,6,PIK3R1
0,2.5193311161663097,0.433,0.103,0,6,DDX24
0,1.7365066354008292,0.521,0.192,0,6,ARF6
0,1.6542787429125059,0.51,0.185,0,6,HEXIM1
0,2.099323035250214,0.441,0.116,0,6,SYNE2
0,1.566288527041122,0.942,0.617,0,6,PABPC1
0,1.8545066494772673,0.484,0.159,0,6,ZNF90
0,3.061197723012738,0.371,0.048,0,6,ZBTB1
0,2.2803076687081156,0.439,0.117,0,6,ZC3HAV1
0,3.805537316501728,0.35,0.03,0,6,CRYBG1
0,1.6574180120343207,0.513,0.195,0,6,SRSF11
0,2.6460453185540938,0.381,0.068,0,6,CDC42SE2
0,2.334462646150569,0.408,0.095,0,6,SMAD7
0,3.697241488205207,0.343,0.031,0,6,ZNF331
0,2.702361184815162,0.4,0.089,0,6,PLEKHA2
0,3.830574436940836,0.335,0.025,0,6,PRKCH
0,6.799988693771392,0.313,0.003,0,6,RNF125
0,2.3562220200279427,0.399,0.096,0,6,PDCD4
0,9.625449162891286,0.301,0.002,0,6,GNLY
0,1.6557518586681428,0.437,0.141,0,6,BCLAF1
0,2.1555126210537083,0.4,0.104,0,6,FNBP1
0,9.05391112698969,0.297,0.001,0,6,CD2
0,2.3781840057968573,0.381,0.088,0,6,LBH
0,5.15898063458382,0.299,0.01,0,6,IL32
0,3.3738863680062274,0.352,0.063,0,6,NKG7
0,2.688131190644125,0.354,0.066,0,6,MACF1
0,9.710991699706783,0.286,0.001,0,6,CD8A
0,1.855463385787575,0.411,0.126,0,6,LDHB
0,9.583291659137105,0.285,0.001,0,6,GZMA
0,3.703682973659816,0.317,0.034,0,6,CLEC2D
0,6.162523547663063,0.287,0.005,0,6,S1PR1
0,8.860621919257419,0.28,0.001,0,6,TRBC1
0,3.3079759509491407,0.315,0.037,0,6,RORA
0,2.0598594012375004,0.366,0.091,0,6,IQGAP2
0,1.9786024406351235,0.373,0.098,0,6,RANBP2
0,7.223086138050905,0.273,0.002,0,6,CD96
0,8.891839428968972,0.272,0.001,0,6,IL2RB
0,2.37607024848053,0.322,0.051,0,6,JMY
0,2.802471951392965,0.316,0.05,0,6,FAM46C
0,3.2279316165914933,0.3,0.037,0,6,NR1D2
0,7.716189980065295,0.257,0.002,0,6,GIMAP7
0,9.205556376478333,0.253,0.001,0,6,CD3G
0,2.668793850879275,0.312,0.06,0,6,RAP2B
0,1.5864997698066423,1,0.749,0,6,MT-CO1
0,4.148976641668953,0.265,0.014,0,6,RGS1
0,9.292991943916133,0.25,0.001,0,6,CD3D
0,2.69586423765916,0.288,0.045,0,6,KMT2A
0,2.358544206729678,0.303,0.067,0,6,ATM
0,2.2900634598072367,0.301,0.066,0,6,UHMK1
0,2.009834521179259,0.291,0.063,0,6,PARP8
0,3.183852161825773,0.263,0.036,0,6,CDKN1B
0,2.3375608025958146,0.281,0.055,0,6,UTRN
0,2.707516190876354,0.266,0.045,0,6,FNBP4
0,3.091524138758631,0.266,0.045,0,6,TSPYL2
0,2.3884664006979737,0.284,0.064,0,6,G3BP2
0,3.26471685598774,0.256,0.038,0,6,AUTS2
0,2.612849241071065,0.27,0.054,0,6,CCSER2
0,2.499136955392829,0.257,0.042,0,6,IRF2BPL
0,2.3192290697459352,0.257,0.045,0,6,SYTL3
0,2.5321873279752336,0.253,0.042,0,6,MLLT6
0,1.3905792165238138,0.997,0.791,0,6,MT-ATP6
0,2.6069128852631684,0.258,0.053,0,6,SPTAN1
0,1.560341517690496,0.995,0.799,0,6,MT-CYB
0,0.82554896591708,0.989,0.797,0,6,MT-ND3
0,0.9473925218787951,0.978,0.787,0,6,MT-ND1
0,1.5534161107154398,0.996,0.807,0,6,MT-ND2
0,0.9280194988396637,0.994,0.812,0,6,MT-CO3
0,1.3228269941823614,0.997,0.841,0,6,MT-CO2
0,1.4502647600757896,0.998,0.869,0,6,MT-ND4
7.907981152681337e-307,1.4322361184792998,0.605,0.268,1.4531706166167223e-302,6,RPS2
2.126589878694814e-304,2.0404431222498767,0.337,0.092,3.90782156108959e-300,6,PPP4R3A
3.699674152224092e-304,2.539652597896813,0.257,0.055,6.798521222126991e-300,6,SATB1
1.4805228443561774e-303,1.4179220148195095,0.62,0.28,2.720608778788912e-299,6,RPS19
1.8816848314371012e-301,1.5481518832045307,0.255,0.052,3.457784046248817e-297,6,STMN1
1.7846589539018296e-298,1.9801000695603395,0.349,0.099,3.279489293690002e-294,6,GCC2
4.476369355894711e-298,1.1179023120142935,0.693,0.316,8.225776328392122e-294,6,RPS25
1.8889066270442066e-294,0.9466515896666907,0.789,0.392,3.471054817856434e-290,6,RPS17
2.3465040304673874e-290,0.8171473040257466,0.897,0.49,4.311935806386871e-286,6,RPS24
3.2956021387578467e-286,2.2956121975741928,0.257,0.058,6.055998490181419e-282,6,KLHL24
6.362326431645009e-285,2.4122240785422138,0.283,0.071,1.1691411050790869e-280,6,STARD7
8.157249615760911e-283,1.5639815179758128,0.473,0.174,1.498976189392225e-278,6,JAK1
6.090847569357157e-273,0.6413031805243996,0.928,0.521,1.1192541493450711e-268,6,RPL37A
2.8149996875922975e-272,1.9296598736745412,0.34,0.102,5.172843425919606e-268,6,SRRM1
6.061349521785888e-265,1.7920554048514554,0.347,0.107,1.1138335881233747e-260,6,DHX9
5.151242932780647e-263,1.4313503720062108,0.517,0.218,9.465924013277716e-259,6,MATR3
7.892122529026934e-262,0.9604880842449885,0.911,0.645,1.4502564359339893e-257,6,BTG1
2.3126240121443862e-259,2.0192162502085806,0.26,0.063,4.249677884716524e-255,6,HIVEP2
3.301129095949791e-257,1.5026744495221225,0.337,0.096,6.066154826717336e-253,6,CYTIP
3.2062318738944022e-254,1.336449486326749,0.555,0.24,5.891771691468353e-250,6,REL
1.4758235894391387e-253,0.5569786304966797,1,0.882,2.7119734279533613e-249,6,B2M
4.708176479328238e-253,1.982887684572121,0.288,0.079,8.65174509841357e-249,6,RPL3
1.4279967638934989e-251,1.3567892683627734,0.556,0.249,2.6240868533306934e-247,6,KMT2E
5.262004781169848e-251,1.3863655944087716,0.556,0.255,9.669459985877713e-247,6,CLK1
8.565456458280718e-248,1.3444931893459946,0.566,0.261,1.5739882787736649e-243,6,RACK1
7.786038828187308e-247,1.9397649281380684,0.291,0.081,1.4307624950676998e-242,6,ATXN7
1.5695214813794832e-246,0.48215563814803497,0.422,0.148,2.884152674182938e-242,6,CD74
3.207143653145869e-245,0.7193694282323913,0.891,0.503,5.893447177020849e-241,6,RPS13
3.1138325775236906e-244,1.8021897573566363,0.304,0.088,5.721978744457534e-240,6,POLR2A
2.5970460942155634e-243,1.863824694168236,0.335,0.107,4.7723319027305195e-239,6,RPS27
1.294563816527611e-242,1.5482075031604765,0.454,0.183,2.3788904692511378e-238,6,YY1
2.2073870127458224e-242,1.0946480459043513,0.623,0.296,4.056294374621723e-238,6,RPS5
2.6999856893692428e-242,1.6145826774770207,0.352,0.115,4.96149370278492e-238,6,TIPARP
2.0048437900672944e-241,0.9591334563700711,0.866,0.564,3.68410094862766e-237,6,JUND
4.119380090195839e-239,1.9197104474810385,0.337,0.109,7.569772853743875e-235,6,SMARCA5
8.436496768026596e-239,1.4057961598028967,0.406,0.147,1.5502906460925673e-234,6,EIF3A
7.509753065500812e-238,1.5529911562315835,0.266,0.068,1.3799922233164291e-233,6,CCL4
8.275674861304957e-238,1.0047879709051375,0.713,0.384,1.5207380125133988e-233,6,RPL27
4.159693168578121e-236,1.1593743385368693,0.655,0.345,7.643852166579155e-232,6,SLC38A2
4.078553248904075e-234,1.8712584022015983,0.348,0.118,7.494749450186128e-230,6,C9orf78
7.204229157543741e-234,0.6544871290505228,0.92,0.55,1.3238491499902378e-229,6,RPL23
1.1418290024442665e-231,1.7787071920316502,0.257,0.067,2.0982249748915842e-227,6,RNF213
3.2384639850303965e-231,2.122741655492364,0.252,0.067,5.951001418891857e-227,6,NOP56
3.5072000677655296e-230,1.4541173915367078,0.475,0.2,6.444830844525937e-226,6,PRPF38B
1.9849163333287347e-226,1.2783360407138302,0.516,0.233,3.647482254124883e-222,6,RPS7
2.3509047760470724e-226,1.3688281873869341,0.479,0.2,4.3200226164641e-222,6,ANKRD12
3.9069142036091755e-225,1.6319734581598913,0.41,0.159,7.179345540552221e-221,6,SCAF11
1.3799923129094702e-223,1.4865585297311756,0.379,0.137,2.5358738742024424e-219,6,KTN1
1.425605881465309e-215,1.6710959927942002,0.322,0.107,2.6196933677806515e-211,6,SMARCA2
9.841307369981501e-211,0.8672005947365009,0.601,0.276,1.8084386423078007e-206,6,ZFP36L1
1.2711052633958567e-207,1.8145522048419398,0.283,0.088,2.3357830320162263e-203,6,GSPT1
9.009260220592606e-205,1.1827623439523276,0.521,0.245,1.6555416581360974e-200,6,SF3B1
9.080083344526729e-204,1.4708177317868822,0.334,0.117,1.6685561153902317e-199,6,RPSA
1.6211675527936768e-202,1.6269861945931923,0.378,0.148,2.9790574950136603e-198,6,HNRNPUL1
8.54414782796636e-202,1.1662969013928515,0.508,0.235,1.5700726048670982e-197,6,RPL6
1.4490424421259225e-201,1.513136743006519,0.317,0.106,2.662760391650595e-197,6,HLA-F
4.836135317580424e-200,1.0071603308802666,0.596,0.301,8.886882259585787e-196,6,RPL26
1.0439481306631958e-199,1.0807477909048735,0.608,0.326,1.9183590849066887e-195,6,RPL39
3.1012776602101968e-198,1.6902974798676866,0.286,0.091,5.698907828402257e-194,6,KLF3
7.715057860925053e-197,1.0224930979605675,0.831,0.567,1.4177190325235877e-192,6,HSPA8
6.231300835807293e-196,0.6420082688887314,0.957,0.745,1.1450638415879483e-191,6,HLA-A
1.1385936082573859e-195,1.7190581422915465,0.27,0.083,2.0922796145337722e-191,6,KAT6A
1.1649651287395879e-195,1.4299694377754926,0.38,0.149,2.1407399205718667e-191,6,BPTF
4.432892614039851e-195,1.7848362946203324,0.273,0.086,8.14588346755963e-191,6,WDR82
1.2039127610336146e-194,1.1638017387844386,0.488,0.227,2.2123100896753703e-190,6,HNRNPA1
3.381534522233083e-194,0.8720155145146049,0.683,0.374,6.213907838055513e-190,6,BTF3
9.347542799276138e-194,1.8017854220752147,0.273,0.086,1.7177044647949833e-189,6,DHX36
3.2629718058725275e-191,0.7202007337085594,0.69,0.351,5.996036990471357e-187,6,NPM1
3.107573751130358e-190,1.3227248358692305,0.365,0.137,5.710477525077146e-186,6,AKAP13
3.8972372802985523e-190,0.8761234644451275,0.693,0.382,7.1615632262766195e-186,6,NACA
2.5525481595423035e-189,1.0816098844036177,0.487,0.216,4.690562497974937e-185,6,WIPF1
6.63880093877974e-188,1.6220457299047615,0.365,0.147,1.219946060510165e-183,6,EIF4B
3.1612274850308314e-186,1.366495847149007,0.394,0.162,5.8090716264926556e-182,6,RPL23A
4.928821386144184e-186,0.9668961583310947,0.613,0.318,9.057202179178553e-182,6,HSPD1
8.354238303570863e-184,1.6582930183892688,0.318,0.115,1.5351748306641817e-179,6,NSD3
1.4205215094592401e-183,0.8804943658129836,0.59,0.3,2.6103503257822997e-179,6,RPL7A
1.5309285996090752e-183,1.5609838045494977,0.268,0.086,2.8132343946416365e-179,6,ESYT2
3.981067825158658e-182,1.3771550989309091,0.35,0.135,7.31561023551155e-178,6,ATP1A1
5.547410556201668e-182,0.6833141560301303,0.84,0.561,1.0193921638076185e-177,6,ZFP36
7.596655829173989e-181,1.293312962267819,0.435,0.195,1.3959614751690123e-176,6,RPL22
6.374075246686578e-179,0.8888965589712865,0.542,0.259,1.1713000673311256e-174,6,HECA
2.6840004058082962e-176,1.8634462582400415,0.259,0.084,4.932119145713325e-172,6,DYNLL2
6.282544813770344e-176,1.3400978542020998,0.433,0.198,1.1544804349784385e-171,6,PPP1CB
7.950638452365127e-175,1.0992468647792482,0.458,0.211,1.4610093220066158e-170,6,RPL36
1.0489703087807217e-174,1.3817555758304965,0.406,0.177,1.9275878394154543e-170,6,FAM177A1
1.7778294984453762e-174,1.1515018341498242,0.521,0.268,3.2669394863432232e-170,6,HNRNPH1
3.167961282592691e-174,1.2933237994645965,0.372,0.151,5.8214456528923295e-170,6,WNK1
1.856084740316339e-173,1.078168326218215,0.481,0.221,3.410741318805305e-169,6,STK4
2.45314797241505e-171,0.9831176915458626,0.497,0.239,4.507904714109896e-167,6,NBEAL1
1.3200889804692108e-167,1.1186913919765233,0.489,0.24,2.425795510510222e-163,6,RPS18
2.4520858963940148e-166,1.0212316764727114,0.4,0.165,4.505953043213641e-162,6,IL2RG
7.635843223091181e-164,1.3858774385680066,0.26,0.085,1.4031625506752355e-159,6,RPS6KA3
1.5811907245813275e-163,1.0281030369672564,0.536,0.281,2.9055960754906473e-159,6,SON
5.970786317760594e-163,1.1135930784937087,0.572,0.319,1.0971916937516868e-158,6,BRD2
8.811371092831193e-162,1.084735907715356,0.422,0.188,1.61917755201866e-157,6,JUN
9.099313156178437e-162,1.6656548913144713,0.264,0.091,1.6720897855793497e-157,6,NAA50
1.860879864429898e-161,1.0872659616269913,0.255,0.081,3.41955283887638e-157,6,SERPINB9
4.822242542076474e-158,1.3366687256616152,0.339,0.136,8.861352895319728e-154,6,CYLD
6.269037360242853e-158,1.2898640999188076,0.388,0.171,1.1519983053182267e-153,6,PRNP
5.92508484471994e-156,0.7672084117577982,0.771,0.471,1.088793591065736e-151,6,LDHA
7.547215947294577e-156,1.6217389886166402,0.252,0.086,1.3868764024748515e-151,6,TOB2
8.240832612608639e-156,1.451206639692824,0.276,0.099,1.5143354008929636e-151,6,TMSB10
1.2020675283558655e-152,1.178379232710415,0.385,0.172,2.2089192901067384e-148,6,SLC25A5
4.6904691996443394e-152,1.6682464861946236,0.273,0.099,8.619206201266437e-148,6,IFI16
8.379075586621543e-152,1.0909694888421022,0.492,0.254,1.5397389297975748e-147,6,ARID4B
2.912527905683122e-151,0.8798450005622074,0.521,0.268,5.352061279483305e-147,6,PRRC2C
3.480492800836929e-151,0.4007968972287239,0.997,0.93,6.395753570817941e-147,6,TPT1
5.822117125670267e-151,1.3084328859353493,0.364,0.16,1.0698722430131684e-146,6,CDV3
1.0039254750225818e-148,0.9249833635212608,0.611,0.363,1.8448134529014962e-144,6,SUB1
2.802237771165703e-148,0.9399801094105336,0.559,0.309,5.149392128294096e-144,6,MBNL1
7.515717052085143e-148,1.3270630118055733,0.3,0.115,1.3810881654911658e-143,6,CHD4
9.883369910527646e-147,0.5105562111779136,0.978,0.725,1.8161680547585602e-142,6,TMSB4X
1.0832797822993073e-144,0.976671105725677,0.463,0.228,1.9906349279532072e-140,6,CD44
1.1759823951625526e-142,1.4465391151693772,0.312,0.127,2.1609852493507066e-138,6,HIPK1
1.4243920598744578e-142,1.0622077997548764,0.519,0.288,2.6174628492253037e-138,6,EEF1D
3.700691554254275e-141,0.9025946030783469,0.642,0.4,6.800390800097656e-137,6,UBB
1.5103320487033663e-140,1.446607754776442,0.272,0.102,2.775386172697306e-136,6,SPEN
3.919074457517135e-140,1.017358856971521,0.478,0.255,7.201691223133487e-136,6,EEF2
5.174074578140965e-140,0.7300633671869705,0.606,0.335,9.507879444791838e-136,6,TOMM7
3.041246093557525e-139,0.9590842965078992,0.441,0.217,5.588593821521308e-135,6,EEF1B2
8.9468462602982e-138,1.2078094668853705,0.355,0.157,1.6440724687923972e-133,6,ATRX
1.0206066313500997e-137,1.280367044519202,0.312,0.13,1.8754667457689432e-133,6,SYNCRIP
2.987889373600777e-137,0.6537115453939579,0.573,0.319,5.490545512928788e-133,6,YBX1
3.095312654593096e-137,1.153124100979724,0.416,0.205,5.687946534080273e-133,6,CHMP1B
8.885699364167065e-136,0.2745355527330968,0.979,0.742,1.6328361151593398e-131,6,HLA-B
7.928520400742456e-134,1.2159832619620785,0.306,0.129,1.4569449088404336e-129,6,HNRNPAB
2.2650726015005494e-133,1.3391100214453229,0.271,0.105,4.162297412517409e-129,6,HNRNPR
2.587491941523529e-133,1.0095876589583572,0.451,0.226,4.7547751917436374e-129,6,IDS
3.778929049278382e-133,0.8996571185496063,0.324,0.133,6.944160020953955e-129,6,PIM1
1.907624115236749e-132,1.4205484521310034,0.272,0.106,3.5054500741590497e-128,6,RSL1D1
6.358293265952365e-130,0.6161270657552564,0.565,0.297,1.1683999705514066e-125,6,SOD1
1.7051839077385537e-128,0.6888055504507755,0.731,0.486,3.1334459488603665e-124,6,EIF4G2
4.709327879773302e-128,1.6442248683195142,0.253,0.098,8.65386091187142e-124,6,METRNL
1.2189861816397284e-127,0.9028181946082516,0.416,0.202,2.2400090073811648e-123,6,CREBRF
1.4293903099121681e-127,1.320793106774352,0.282,0.113,2.6266476334946002e-123,6,MED13
1.5684182697243027e-127,1.167571793328642,0.353,0.162,2.8821254124453785e-123,6,SLTM
2.1234352854683058e-126,0.8952114639935473,0.423,0.204,3.902024680576559e-122,6,CELF2
5.8151579455510015e-126,1.3494165694371312,0.292,0.121,1.068593424074452e-121,6,DDX6
1.8344183260025922e-125,1.174558853675673,0.333,0.151,3.3709271158623634e-121,6,G3BP1
6.809129180468254e-125,1.2263504283327078,0.308,0.134,1.2512455782028464e-120,6,PTBP1
3.2847623332234295e-124,0.828915678040619,0.619,0.397,6.036079263531374e-120,6,RBM39
2.792861771013426e-123,1.0832299561155734,0.382,0.185,5.132162790414271e-119,6,SKI
7.625214770803273e-122,1.1342615246868821,0.384,0.192,1.4012094662828094e-117,6,RBMX
2.7021664619571663e-121,0.6139670791380878,0.559,0.306,4.9655010904924886e-117,6,FYB1
3.1206534527954378e-121,0.9280793849588844,0.438,0.229,5.734512784856896e-117,6,RPL12
7.654505352469031e-121,0.8367218391490967,0.438,0.227,1.406591903569709e-116,6,HINT1
1.4045549360826682e-120,0.8570842472185236,0.543,0.32,2.581010150545511e-116,6,SF1
1.1296024964147234e-119,1.1842530499201969,0.324,0.143,2.0757575474116956e-115,6,GNG2
2.282907365819509e-119,1.1939956351156347,0.316,0.143,4.195070575429929e-115,6,CMPK1
5.366232712238802e-119,0.8967557564666266,0.432,0.222,9.860989232010023e-115,6,SRRM2
8.022080773128942e-119,0.6628959706229578,0.752,0.51,1.4741375628701744e-114,6,GNAS
1.639819355106789e-116,1.4665314573838408,0.257,0.104,3.0133320469442355e-112,6,ARGLU1
1.794007590080384e-116,0.49411726334049977,0.895,0.671,3.2966683475317136e-112,6,YWHAZ
2.2586980707936737e-115,0.8624477090179199,0.43,0.228,4.150583574890455e-111,6,RPL29
4.885205989998658e-115,1.081925613002252,0.328,0.146,8.977054527221534e-111,6,ITM2A
7.609603183911872e-115,0.598438656583955,0.504,0.273,1.3983406810756456e-110,6,RAN
1.9006372454821625e-112,1.3732672711297604,0.274,0.119,3.492611002298022e-108,6,EIF1AX
1.5017560083695144e-111,1.053441916045891,0.422,0.229,2.7596268409798197e-107,6,TERF2IP
1.799868872571818e-111,0.8707111609244049,0.525,0.31,3.307439040237973e-107,6,PFDN5
9.420237900548499e-110,1.294938398705362,0.277,0.121,1.7310629166047922e-105,6,FBXL3
4.846994362572993e-109,1.0443491906694073,0.469,0.273,8.906836840664132e-105,6,RPS14
7.287528109617637e-109,0.6913438513704615,0.47,0.261,1.339156165423337e-104,6,PPIA
7.690981012197447e-109,1.3265605683557393,0.251,0.103,1.4132946708014028e-104,6,IL6ST
2.0752946844210195e-108,1.3325188880805143,0.292,0.132,3.813561512092065e-104,6,NR3C1
4.11636447878515e-108,0.6407303669552724,0.525,0.287,7.564231366215592e-104,6,SMCHD1
4.8326006439919437e-107,0.8372772840367622,0.371,0.181,8.880386943399595e-103,6,DDIT4
1.6758894801994171e-106,0.5915292259977085,0.577,0.355,3.0796145088144487e-102,6,RPLP1
5.911736667830678e-106,0.6690174561811397,0.681,0.463,1.0863407300805653e-101,6,SFPQ
7.936433182457697e-106,1.0422709639478005,0.384,0.2,1.4583989616084266e-101,6,GLS
9.97729318652595e-106,0.6927141163389949,0.89,0.676,1.8334273959560087e-101,6,HSP90AB1
1.652719139098777e-104,1.1549420158260884,0.289,0.133,3.037036690007913e-100,6,SERBP1
2.853606628061948e-104,0.8512077017084598,0.423,0.227,5.243787539726636e-100,6,RBM25
5.179569220321018e-104,0.8881789659523063,0.479,0.281,9.517976399261903e-100,6,FAU
6.566575353301875e-104,0.7580232565219811,0.441,0.237,1.2066738869227525e-99,6,ELF1
7.490292454821997e-104,1.074402762003197,0.316,0.148,1.3764161414980901e-99,6,SP100
5.554724791187017e-103,0.7120342777936597,0.585,0.369,1.0207362276285263e-98,6,PTP4A2
4.30851193469884e-101,0.8375578049321701,0.443,0.248,7.917321531202588e-97,6,RAD21
3.2376587199681326e-100,0.5576330067104296,0.519,0.31,5.9495216638134405e-96,6,TUBA1B
1.0900589777899098e-99,0.8263399173390256,0.463,0.272,2.0030923775867383e-95,6,CSDE1
1.5842796947723321e-99,0.31622224360948525,0.698,0.411,2.9112723671136374e-95,6,RPL15
4.665665412723859e-95,0.9479377167399237,0.455,0.269,8.573626762421364e-91,6,ARL6IP5
2.481482595697104e-94,1.378621545316129,0.292,0.143,4.5599724178529984e-90,6,NDFIP1
1.0345065637059467e-93,1.0661136413627026,0.493,0.298,1.9010092614660475e-89,6,ID2
1.7139876206981468e-93,0.9774621842631319,0.356,0.186,3.149623651794915e-89,6,BIRC2
5.3310908214039e-93,1.1792085085000843,0.253,0.112,9.796412493411807e-89,6,STK17A
8.312179468214089e-93,1.0002101503551775,0.384,0.213,1.527446099079021e-88,6,RPL36AL
1.170957525168023e-92,1.1854333321538388,0.254,0.113,2.151751548248759e-88,6,SUN2
2.1413551493624135e-91,0.8305251220061909,0.431,0.254,3.934954222468371e-87,6,PTGES3
2.9527764589427294e-90,1.2293462113548355,0.274,0.131,5.4260220209531595e-86,6,SRSF6
9.462263492156511e-90,0.842095715806614,0.387,0.209,1.7387855393186806e-85,6,MBP
1.667340524126546e-89,1.1234385281846044,0.266,0.124,3.063904947134941e-85,6,NONO
4.130364651528452e-89,0.7719835284955192,0.362,0.195,7.589958083648684e-85,6,HMGB1
6.46961138419851e-89,0.9406229386750231,0.356,0.191,1.188855787960318e-84,6,NDUFS5
6.831042150334381e-88,0.6383829238297307,0.48,0.286,1.255272305545446e-83,6,GPBP1
3.409895275277331e-87,0.6537616104269119,0.452,0.261,6.266023557849623e-83,6,RPL24
3.62338773987339e-86,0.9019560000260132,0.297,0.147,6.658337310791341e-82,6,PABPC4
6.168267420301926e-86,0.882280694211756,0.42,0.242,1.1334808211546818e-81,6,RSRP1
8.406291486158851e-86,1.198544250370946,0.283,0.14,1.5447401234965505e-81,6,FGFR1OP2
1.4615599686084722e-85,0.42233894909438296,0.546,0.335,2.6857625983149285e-81,6,IRF2BP2
1.2452852310374138e-82,0.795069623012505,0.426,0.253,2.2883361405543514e-78,6,SEPT7
1.87674660038328e-82,1.0725090021298214,0.286,0.145,3.448709552864315e-78,6,ATP5B
5.598445508821034e-82,0.5126643518995659,0.622,0.409,1.0287703467009533e-77,6,TSC22D3
1.705869977182195e-81,0.7669949164940768,0.327,0.17,3.1347066700700014e-77,6,HSPA9
2.680601922951401e-81,0.9071708187326674,0.314,0.164,4.9258740936154945e-77,6,YWHAQ
3.478228587525089e-81,0.732094585260165,0.379,0.212,6.391592852436104e-77,6,DEK
3.57501083842375e-81,0.6213451909953713,0.518,0.324,6.569439916687483e-77,6,UQCRB
3.8879581034706412e-81,1.0538745020730282,0.283,0.142,7.14451181093765e-77,6,LSM14A
3.737064845537018e-80,0.4472942290818218,0.846,0.647,6.867230360158824e-76,6,DDX5
3.433531434187252e-79,1.0400331655160031,0.255,0.121,6.309457363462494e-75,6,USP7
2.2233096265974695e-78,1.1316627483269015,0.268,0.132,4.08555376983551e-74,6,ZBTB7A
2.812622224131105e-78,0.3667708812283563,0.658,0.4,5.168474599063319e-74,6,ARHGDIB
4.851733073140446e-76,0.9916630322285787,0.257,0.124,8.915544695202884e-72,6,KBTBD2
1.2258163359375011e-75,0.6133294315444267,0.701,0.519,2.2525600989187522e-71,6,DDX3X
1.6077960064381404e-75,0.7617498846564765,0.375,0.211,2.954485941430727e-71,6,ADD3
1.37021390366074e-74,0.5831979643350673,0.399,0.225,2.5179050693669756e-70,6,CYCS
3.4298594811022804e-74,1.0728945637977272,0.271,0.139,6.30270978247355e-70,6,RPS3A
6.678156313863593e-74,0.94431482761486,0.31,0.167,1.227178004235574e-69,6,LUC7L3
7.73860299945003e-74,0.86446858053346,0.312,0.167,1.4220456871789374e-69,6,ELOVL5
2.670456896739966e-73,0.5326782113589035,0.641,0.428,4.907231593449361e-69,6,HSPH1
3.788922312643973e-73,0.6257201230153211,0.451,0.279,6.962523641714565e-69,6,HNRNPA3
4.1813562587157456e-72,0.7138875771813304,0.406,0.244,7.683660261016055e-68,6,RPL8
6.579584346216293e-72,0.857706327068,0.352,0.202,1.209064419460706e-67,6,ZNF207
7.346532925301343e-72,0.5249833183516568,0.465,0.286,1.3499988903533747e-67,6,ANP32B
1.1958413503451252e-71,0.8814930092056287,0.302,0.16,2.197478065394202e-67,6,PPIG
1.3748125101687493e-71,0.8357432810360665,0.276,0.14,2.5263554686860937e-67,6,SLC7A5
1.8167232313411455e-71,0.8609898294141551,0.299,0.161,3.338410609912489e-67,6,HNRNPM
7.612687545471313e-71,0.4788402629080011,0.678,0.489,1.3989074633558084e-66,6,YPEL5
4.373640965229143e-69,0.5176302441184943,0.576,0.39,8.037002637705074e-65,6,WAC
8.740419703713233e-69,1.10191397390233,0.275,0.147,1.6061395247543437e-64,6,NSA2
8.817699190524469e-69,0.7669555294517767,0.345,0.201,1.6203404032507764e-64,6,HNRNPA0
2.1504579256636878e-67,0.8545848836809798,0.314,0.175,3.9516814841995924e-63,6,RSRC2
9.238061945965415e-67,0.9497109373492338,0.303,0.167,1.6975862631906046e-62,6,PNN
1.1002081025452557e-66,0.7847888334499402,0.321,0.18,2.021742409237162e-62,6,TMEM50A
2.0234093296442003e-66,0.4549994622369642,0.508,0.331,3.7182169841541825e-62,6,HSPA5
2.3363365703804365e-65,0.8012602282855269,0.309,0.169,4.29325208173109e-61,6,NIPBL
8.172641297645652e-65,1.0066163734906128,0.27,0.142,1.501804564855365e-60,6,STK38
8.955306576573238e-65,0.8264525583903737,0.261,0.135,1.6456271365110982e-60,6,SLC25A6
2.6586964603978255e-64,0.8675305852429462,0.346,0.204,4.8856206156270443e-60,6,TES
8.450241091487882e-64,0.6740639107370281,0.339,0.197,1.5528163029718133e-59,6,RPS28
2.0904926306348902e-63,0.8735284383417822,0.251,0.128,3.841489258054674e-59,6,AKIRIN1
5.384458875133166e-63,0.5624835256328362,0.369,0.218,9.894481628944706e-59,6,HMGN1
6.01550431680438e-62,0.5161405496287936,0.459,0.295,1.1054090732559729e-57,6,GABARAPL1
1.344339622787787e-61,0.6316367752184593,0.257,0.13,2.4703584908348373e-57,6,NFKB1
6.277133482176047e-61,0.8031377845299693,0.317,0.186,1.1534860486846704e-56,6,HNRNPD
6.693224592284062e-61,0.6347592472655756,0.415,0.263,1.2299469510781192e-56,6,CNBP
1.244745080290674e-60,0.666465311296569,0.257,0.131,2.2873435595421425e-56,6,GNA13
6.2470657089883e-60,0.4881154025727572,0.297,0.161,1.14796079468369e-55,6,IRF1
6.1029526972974025e-59,0.6186149310387028,0.377,0.229,1.1214785876553707e-54,6,MOB1A
3.12768580105083e-58,0.7751422373348232,0.285,0.159,5.747435428011005e-54,6,C6orf62
3.106096507480957e-57,0.9070189011387344,0.27,0.151,5.707762942147007e-53,6,YME1L1
1.3785259596092126e-56,0.4261585538661885,0.518,0.35,2.533179303377889e-52,6,HNRNPU
4.558953587056177e-56,0.5116674420442513,0.411,0.258,8.37753311157443e-52,6,DDX21
1.2510016586267777e-55,0.8298209943809338,0.332,0.203,2.2988406478925665e-51,6,TMBIM1
4.0692274255986314e-55,0.6254306039248525,0.457,0.309,7.477612317280045e-51,6,KLF2
5.2674156518945896e-55,0.5245078197971842,0.506,0.349,9.679403001921498e-51,6,H2AFZ
2.1824412915564305e-54,0.711642085258912,0.347,0.213,4.010454117364097e-50,6,MAN1A2
2.6877467697595696e-54,0.8597526455383484,0.26,0.145,4.939003464110185e-50,6,GGNBP2
4.2787875980042535e-54,0.6669948676625037,0.369,0.234,7.8627000900926165e-50,6,NUFIP2
1.1988087733252828e-52,0.33684199221300126,0.386,0.241,2.2029310018625398e-48,6,CALR
4.778075248390898e-50,0.47276936922166257,0.596,0.44,8.780191076443115e-46,6,SRSF5
1.1800318224500649e-49,0.4825051669127858,0.371,0.23,2.1684264769342393e-45,6,WDR26
1.933822552633113e-49,0.7426036173594324,0.274,0.16,3.553592322718608e-45,6,H2AFV
1.9712151129867078e-49,0.3727451926429324,0.563,0.4,3.6223048916243744e-45,6,HNRNPC
2.025419694760611e-48,0.7861320045193082,0.255,0.146,3.721911231092099e-44,6,TRA2A
3.628091936641765e-48,0.6303224897067552,0.354,0.229,6.666981742772908e-44,6,TRA2B
4.089373821880932e-48,0.8496385878911206,0.25,0.142,7.5146333350884e-44,6,C6orf48
5.967707904199551e-48,0.652668960378163,0.969,0.877,1.0966260044757094e-43,6,HSP90AA1
6.313673176283901e-48,0.5719095195317749,0.342,0.21,1.1602005828739297e-43,6,OSBPL8
6.782556600496364e-48,0.5366085509335088,0.43,0.289,1.2463626009072118e-43,6,PTP4A1
1.447017416598577e-47,0.7940714581856089,0.277,0.165,2.659039204741545e-43,6,PRPF40A
2.3955676735986687e-47,0.6254098351248487,0.308,0.186,4.4020951570049134e-43,6,B4GALT1
1.3550792961327161e-46,0.29922497063239994,0.367,0.22,2.490093714573479e-42,6,TNFRSF1B
1.386135903746299e-45,0.798914911459329,0.277,0.165,2.547163336724199e-41,6,MKNK2
2.4422763960993316e-45,0.7331698411450485,0.283,0.171,4.487927105472132e-41,6,STAG2
1.5536767175689163e-44,0.4447691307960149,0.545,0.404,2.8550363362046405e-40,6,HNRNPK
6.096899134612282e-44,0.6237290737137421,0.29,0.178,1.120366184976353e-39,6,SSR2
1.829506605957333e-43,0.5518384792604069,0.298,0.184,3.361901339107196e-39,6,TRAM1
6.836647066589822e-43,0.7142136448349194,0.26,0.156,1.2563022649565458e-38,6,HP1BP3
1.3155192088111884e-42,0.5711972118398176,0.333,0.216,2.41739809811144e-38,6,EIF3E
8.126128811727196e-42,0.5367535449189691,0.412,0.277,1.4932574304429895e-37,6,TOB1
4.7935513453286566e-40,0.5592249690897266,0.354,0.238,8.808629952175939e-36,6,COX7C
1.0638700523261089e-39,0.5011414624745363,0.325,0.203,1.9549676081544578e-35,6,ARHGAP9
1.5666100528243402e-39,0.5202279735956902,0.271,0.165,2.8788026330700075e-35,6,IDI1
2.659329476875781e-39,0.5611926825807082,0.28,0.171,4.886783846706935e-35,6,PAK2
6.995883736739487e-39,0.25593675617587186,0.813,0.64,1.2855635954632481e-34,6,HNRNPA2B1
9.113609032449094e-39,0.3778599365922519,0.323,0.207,1.6747167958028456e-34,6,RPLP0
1.0790943776527725e-38,0.564377594594353,0.281,0.174,1.9829438283747347e-34,6,RB1CC1
1.942171424339099e-38,0.5770814824246048,0.263,0.16,3.5689342093655284e-34,6,YTHDC1
2.0596416419649005e-38,0.6946074728746997,0.253,0.154,3.784797481274701e-34,6,CACYBP
4.557384145586819e-38,0.4327821730140511,0.344,0.228,8.374649105930339e-34,6,OAT
4.564991078671114e-38,0.5674474125002018,0.349,0.236,8.38862760616604e-34,6,ARL6IP1
4.854063824175707e-38,0.6342058320931007,0.252,0.153,8.919827683305279e-34,6,INTS6
1.7663385496705607e-37,0.6183958432122227,0.287,0.181,3.2458237188746224e-33,6,GOLGB1
1.7826512115722235e-37,0.3335879226870868,0.431,0.303,3.275799866385118e-33,6,CCNL1
2.680344683184446e-37,0.29581237376927927,0.363,0.238,4.9254013898197374e-33,6,CHD2
6.543679386990053e-37,0.35551793030963097,0.505,0.365,1.2024665241532922e-32,6,MSN
2.8757654072469006e-36,0.476924456251693,0.356,0.242,5.284506512356904e-32,6,UBA52
2.9101606970112753e-36,0.3359958647685499,0.357,0.239,5.34771129682792e-32,6,HDGF
4.370072421221504e-36,0.5774358286239695,0.287,0.185,8.030445081236637e-32,6,PAFAH1B1
5.331143768620272e-36,0.8385096798459156,0.254,0.16,9.796509789216611e-32,6,RPL28
6.368144506669804e-36,0.45921876340216095,0.297,0.189,1.1702102345456432e-31,6,ARIH1
6.05760306745179e-35,0.375937221421645,0.49,0.354,1.1131451396749408e-30,6,LRRFIP1
2.2460511028558278e-34,0.5250440795864968,0.36,0.252,4.127343506607869e-30,6,PAPOLA
2.038755175083505e-33,0.3680256787819942,0.305,0.197,3.746416509733449e-29,6,BHLHE40
5.81923108927817e-33,0.5613426906870835,0.318,0.219,1.0693419049657565e-28,6,MRFAP1
6.607504453568157e-33,0.7966623820308116,0.304,0.209,1.2141950183876844e-28,6,AMD1
1.7079229161905308e-32,0.7517232163697328,0.26,0.169,3.138479150791719e-28,6,CHORDC1
2.744864302321759e-32,0.37719815315071314,0.366,0.254,5.043962641946465e-28,6,COMMD6
7.952492006849931e-32,0.30861473251865856,0.34,0.233,1.4613499311787435e-27,6,HNRNPF
1.110739774940909e-30,0.4986603355560624,0.27,0.174,2.0410954104314143e-26,6,SH3KBP1
5.712802143725538e-29,0.5594917766085398,0.267,0.178,1.049784521931005e-24,6,COX4I1
3.382431190029985e-28,0.4043855355254995,0.448,0.34,6.2155555547991005e-24,6,DDX17
4.048270423911759e-28,0.5695993409128697,0.29,0.201,7.439101730980247e-24,6,TRIR
5.508343461400923e-28,0.35125194250157965,0.335,0.23,1.0122131944670336e-23,6,PTBP3
8.551920792445293e-28,0.39583251844748846,0.32,0.221,1.5715009648197468e-23,6,RPS9
4.6922522447056106e-27,0.4991176822277691,0.287,0.198,8.62248272487103e-23,6,PPP2CA
1.893688240835769e-26,0.5546654937751896,0.321,0.234,3.4798415113598093e-22,6,ATP5L
2.919466496837153e-26,0.53698537011016,0.268,0.183,5.364811634587952e-22,6,PNISR
2.925929464857867e-26,0.4930897526904181,0.252,0.17,5.376687984622817e-22,6,TM9SF3
6.8517780478505e-26,0.28515885317830003,0.358,0.254,1.2590827340730079e-21,6,PNRC2
4.513665708992296e-25,0.3555900233880984,0.355,0.258,8.294312106844243e-21,6,DNAJB6
1.3340282927205432e-23,0.4647162501395661,0.501,0.397,2.4514103907032703e-19,6,TXNIP
5.706254796378871e-22,0.3630644334722892,0.334,0.247,1.0485813813825814e-17,6,CAST
6.195507465224662e-22,0.2504051715129293,0.269,0.182,1.1384864518096839e-17,6,ATP11B
2.0463506829217138e-21,0.33031193963037975,0.292,0.211,3.7603740149369415e-17,6,ATP5G2
2.1512417107156506e-20,0.29908425294526264,0.315,0.231,3.9531217676110797e-16,6,SELENOK
2.5327210679374548e-20,0.2709767735572137,0.29,0.208,4.654128234441867e-16,6,RBBP6
3.6753716329441987e-19,0.44661211043250526,0.252,0.182,6.753862912698259e-15,6,PCF11
1.4180374146294396e-17,0.2873521151721561,0.314,0.236,2.605785553123058e-13,6,KIF5B
1.7697334460030734e-17,0.26353353178481176,0.366,0.285,3.252062180375248e-13,6,TAF7
1.7969011743657292e-17,0.3754190908794861,0.264,0.194,3.301985598014464e-13,6,DYNLL1
7.731569374939042e-17,0.26235251159488704,0.253,0.179,1.4207531883387985e-12,6,CCND3
4.1579172524191907e-16,0.2909403594583424,0.3,0.229,7.640588743045504e-12,6,FUS
4.2723319607805397e-16,0.280941537876108,0.407,0.329,7.85083721113032e-12,6,SRSF3
1.19615715568572e-15,0.42767494162210673,0.25,0.189,2.1980583892880788e-11,6,KHDRBS1
1.899927615455591e-15,0.2746640722257617,0.25,0.182,3.491306986161194e-11,6,CAB39
2.5402150475582343e-14,0.27258509748022197,0.297,0.229,4.667899171393012e-10,6,RAP1A
5.6302919537353225e-14,0.3333371405965495,0.356,0.287,1.034622449418403e-9,6,SAP18
6.1059355770817115e-12,0.34868410905028524,0.283,0.227,1.1220267216445353e-7,6,PAIP2
1.2021292157688508e-11,0.362940837232547,0.255,0.201,2.2090326468968404e-7,6,UBL3
5.085624537027068e-11,0.25332932681892784,0.268,0.216,9.34534364924094e-7,6,RBM3
0,3.772856181959483,0.902,0.145,0,7,MMP9
0,3.333470370064249,0.937,0.202,0,7,S100A12
0,2.3903215317270083,0.786,0.18,0,7,ARG1
0,2.3285300208267796,0.763,0.157,0,7,PGLYRP1
0,2.7745179714630552,0.748,0.146,0,7,PADI4
0,2.4029097906687618,0.931,0.337,0,7,S100A9
0,1.8704345352691254,0.869,0.277,0,7,S100P
0,2.26983469533864,0.78,0.201,0,7,EMB
0,1.8459256118861447,0.739,0.164,0,7,CYBB
0,2.1384968284433805,0.661,0.101,0,7,CRISP3
0,1.7233968799191617,0.857,0.311,0,7,FCER1G
0,1.4050243250145207,0.866,0.321,0,7,FPR1
0,1.5606957944559503,0.909,0.374,0,7,AC245128.3
0,1.8100381587053112,0.869,0.334,0,7,CKAP4
0,1.5453160489986586,0.887,0.354,0,7,GCA
0,1.9322258643716612,0.758,0.226,0,7,MCEMP1
0,0.31635675503490646,0.921,0.393,0,7,LYZ
0,1.5936503592573548,0.985,0.458,0,7,ALOX5AP
0,1.6395911222466455,0.851,0.326,0,7,SLC2A3
0,1.5955957964348877,0.909,0.394,0,7,RAC2
0,2.359458774029049,0.666,0.159,0,7,RFLNB
0,2.0391621905010755,0.673,0.168,0,7,PLBD1
0,1.466523818956575,0.858,0.359,0,7,EVI2B
0,1.255920759154912,0.8,0.307,0,7,SELL
0,1.4527188823755788,0.777,0.288,0,7,FGR
0,2.0334638533252987,0.951,0.466,0,7,HMGB2
0,2.4698070999541617,0.999,0.52,0,7,S100A8
0,2.216763566007338,0.636,0.159,0,7,ITGAM
0,2.132132173460752,0.672,0.197,0,7,PYGL
0,2.1995736075822814,0.637,0.166,0,7,PAG1
0,1.4936621177868845,0.713,0.244,0,7,DOK3
0,1.0625512010899376,0.86,0.393,0,7,CTSS
0,1.5950994980654514,0.745,0.279,0,7,APMAP
0,1.470656396718256,0.859,0.393,0,7,ARHGDIB
0,1.5442816543978406,0.747,0.282,0,7,TKT
0,1.6382844484348138,0.726,0.266,0,7,MEGF9
0,1.6586812273733678,0.772,0.316,0,7,MYH9
0,1.860771711030711,0.67,0.217,0,7,LBR
0,1.6690126886802668,0.714,0.262,0,7,CSGALNACT2
0,1.1790597207754394,0.8,0.351,0,7,SERPINB1
0,3.032864176522258,0.527,0.08,0,7,CD177
0,1.5565026172691412,0.736,0.289,0,7,CNN2
0,2.2388232165208097,0.596,0.15,0,7,FCN1
0,1.3327054480601457,0.768,0.328,0,7,VASP
0,1.6526878800130393,0.646,0.207,0,7,CYP4F3
0,0.9695975322261692,0.951,0.512,0,7,LCP1
0,2.145385291833533,0.593,0.157,0,7,CDKN2D
0,1.4701625777965113,0.73,0.299,0,7,PPP1R18
0,1.3305144073336126,0.812,0.387,0,7,RTN3
0,1.4493903200401603,0.822,0.399,0,7,ARPC5
0,1.8416379982249544,0.612,0.197,0,7,RAB27A
0,1.4258793520252826,0.65,0.236,0,7,GMFG
0,1.488416509009473,0.67,0.258,0,7,ITGB2
0,1.6389124471245633,0.7,0.289,0,7,MYL12A
0,1.4488554054035494,0.82,0.409,0,7,YWHAB
0,2.3409378220924664,0.516,0.107,0,7,CLEC4D
0,2.0460934491885476,0.576,0.168,0,7,PPP2R5A
0,2.4547596701295484,0.512,0.108,0,7,TMEM170B
0,1.4180457285296117,0.61,0.207,0,7,IRAK3
0,1.567569792988472,0.659,0.258,0,7,CYSTM1
0,2.019075943028727,0.551,0.152,0,7,CLEC12A
0,1.558025217160009,0.638,0.24,0,7,RHOG
0,1.61839988512719,0.579,0.182,0,7,RASSF2
0,1.5051177640543025,0.592,0.195,0,7,STX3
0,1.9386024683359886,0.519,0.123,0,7,ANXA3
0,1.8577086516306847,0.561,0.167,0,7,PGD
0,1.8057904064290233,0.532,0.143,0,7,QPCT
0,3.398184153597966,0.424,0.053,0,7,VNN1
0,1.247545395614599,0.92,0.557,0,7,PFN1
0,1.8017380107330196,0.492,0.136,0,7,GNG2
0,2.0959230030490996,0.461,0.111,0,7,C1orf162
0,1.895121080125442,0.482,0.132,0,7,BST1
0,1.7203468442883918,0.467,0.125,0,7,MGAM
0,1.363922894352645,0.948,0.606,0,7,FOS
0,2.0330919047589897,0.479,0.137,0,7,GYG1
0,2.037496546070607,0.462,0.122,0,7,CDA
0,3.272893254126892,0.372,0.042,0,7,BMX
0,2.1179296259329905,0.433,0.107,0,7,FRAT2
0,1.942020880019526,0.454,0.13,0,7,SYNE1
0,1.6863950838362674,0.443,0.123,0,7,MAN2A2
0,2.855839046256676,0.355,0.047,0,7,CLC
0,2.0767425515166673,0.375,0.089,0,7,RAB3D
0,1.0828500420474052,0.939,0.664,0,7,CFL1
0,0.9140361657919556,0.988,0.728,0,7,TMSB4X
0,2.721661920598863,0.28,0.046,0,7,ANKRD22
0,2.916342995183114,0.261,0.041,0,7,RGL4
0,1.0881436120934822,0.998,0.896,0,7,ACTB
4.557208946485764e-307,2.5616032244764115,0.272,0.052,8.37432716006224e-303,7,KBTBD7
4.647164847590648e-307,1.1157636923887315,0.817,0.367,8.539630123932575e-303,7,HCLS1
4.1216006456065144e-305,1.5405321886553596,0.637,0.254,7.57385334636653e-301,7,FKBP1A
2.464307277193497e-304,1.2127838100733759,0.78,0.356,4.52841105257077e-300,7,ANP32A
2.0630427159259908e-302,2.001202060257341,0.426,0.121,3.7910472947856006e-298,7,AGFG1
1.035189876000395e-301,1.4790211016416768,0.732,0.343,1.902264916138326e-297,7,PLP2
1.8036232346054173e-301,1.2604347265502982,0.846,0.481,3.314338055910915e-297,7,ARPC2
2.58036867747129e-296,1.2652085326102078,0.827,0.443,4.741685481721243e-292,7,TPM3
5.80306778451149e-295,1.9127006735507637,0.446,0.133,1.0663717360818315e-290,7,STK38
8.541438689077765e-294,0.844965007557934,0.923,0.443,1.5695747735049302e-289,7,BASP1
3.585892466626236e-293,1.0372825771424403,0.914,0.562,6.589435996672371e-289,7,S100A6
3.334033976291076e-290,1.803123156362512,0.424,0.121,6.126620834832482e-286,7,ARHGAP30
4.170494886540094e-289,1.69366275047843,0.563,0.211,7.663701403506077e-285,7,PNPLA2
1.6612488219780629e-286,1.0362807367617886,0.844,0.381,3.0527108352668884e-282,7,MNDA
4.806798404913311e-286,1.8301251543918238,0.371,0.095,8.8329727488687e-282,7,GPR160
1.3808980297349935e-278,1.3287482400589847,0.664,0.275,2.537538219441024e-274,7,TYROBP
1.7657818644472677e-275,2.0907202250771313,0.333,0.081,3.2448007541082993e-271,7,RGS19
1.8405533844977571e-274,1.4082075752973113,0.586,0.217,3.3822008993530786e-270,7,RAB31
6.616416753243196e-274,1.6263829771453209,0.46,0.144,1.2158327425759697e-269,7,LSP1
1.1769119784350184e-273,1.096891283249179,0.718,0.299,2.1626934515721897e-269,7,NCF2
7.116728446659737e-268,2.3907464815783026,0.263,0.054,1.3077700193581932e-263,7,C19orf38
1.754489989816892e-266,1.5504072704031036,0.546,0.203,3.224050805287521e-262,7,ADD3
2.753081927247549e-266,1.5424432833243518,0.48,0.157,5.059063349510096e-262,7,GPSM3
9.310756870832308e-264,1.1323728691399344,0.833,0.473,1.710944682584145e-259,7,S100A11
1.2203775265626548e-262,1.4055693876414455,0.566,0.211,2.2425657428115344e-258,7,COTL1
9.137271119040802e-259,0.8820549590353699,0.731,0.294,1.6790649408349379e-254,7,CLEC4E
6.892366136772707e-256,1.1002948499027991,0.879,0.564,1.2665412012933528e-251,7,MYL6
1.7053111954547692e-253,1.5336332382560414,0.372,0.101,3.133679852767684e-249,7,IL18R1
3.0273085270451383e-252,1.0768314068709022,0.621,0.232,5.5629821492981465e-248,7,VNN2
2.353295893494319e-251,1.2711120114078653,0.678,0.303,4.324416533885161e-247,7,LAPTM5
1.022717121751404e-250,1.543381002177541,0.451,0.147,1.8793449829303802e-246,7,CSTA
2.624992026977763e-249,1.704580182733553,0.422,0.132,4.823685348774337e-245,7,IL17RA
9.33291607612442e-249,1.6369492382642017,0.321,0.08,1.7150166581486236e-244,7,GPR84
4.784304481135342e-243,2.186408688817839,0.255,0.055,8.791637914534305e-239,7,PIK3CG
9.040611342414697e-243,1.152921967078234,0.774,0.409,1.6613027402821248e-238,7,IQGAP1
6.368444343534317e-236,0.9226128923170278,0.732,0.326,1.170265332567866e-231,7,CD53
1.3456387520912656e-234,0.6679125420978904,0.852,0.396,2.4727457708429095e-230,7,G0S2
6.435937553203678e-234,1.8501309605688436,0.355,0.104,1.1826678847767078e-229,7,VCL
7.080244365246753e-234,1.722075184955632,0.389,0.122,1.3010657045577433e-229,7,KIF1B
3.0245104808773613e-233,1.9049122903079279,0.324,0.087,5.557840459660239e-229,7,CYFIP2
5.259823150790372e-232,1.4900780963604716,0.477,0.171,9.665451021892387e-228,7,ATP11B
2.803304856176132e-230,1.8127899926503155,0.345,0.098,5.15135300370926e-226,7,RASA2
1.7412259311471654e-227,1.8448315543687135,0.423,0.149,3.1996767710760313e-223,7,PCMT1
1.1471885576729707e-223,0.6821210412121896,0.969,0.766,2.108073693579851e-219,7,VIM
3.687667674187004e-223,0.9073462830491441,0.781,0.386,6.776458118086039e-219,7,RNF149
1.1741660216202486e-222,1.3146756533151776,0.421,0.136,2.1576474813293688e-218,7,LRG1
3.1714058952595255e-222,1.8406243684284356,0.34,0.098,5.827775473128904e-218,7,CBL
5.256978885332075e-220,2.0533332228587895,0.279,0.07,9.660224399686222e-216,7,TOR1B
8.534807545334794e-220,1.6343624129026209,0.402,0.133,1.5683562345307216e-215,7,LPGAT1
4.1897880411102204e-219,1.4533597425490044,0.515,0.206,7.699154504344141e-215,7,LASP1
4.328477947024809e-219,0.3817215983073403,0.929,0.435,7.954011075452789e-215,7,C5AR1
4.373988031870136e-217,0.9199116551914797,0.849,0.476,8.037640407364562e-213,7,RGS2
6.311492905363973e-217,1.6395442158294402,0.434,0.155,1.1597999362896836e-212,7,RIOK3
3.3518822822112356e-216,0.7434014408689649,0.828,0.415,6.159418881791366e-212,7,MXD1
7.857506927065372e-215,1.928377841416856,0.283,0.073,1.4438954729175328e-210,7,GPAT3
5.787884814151929e-214,1.2272813936431985,0.646,0.31,1.0635817134485584e-209,7,ARPC3
4.245936603748098e-212,1.3196215692787452,0.571,0.246,7.802333103047504e-208,7,PPP1R12A
2.501888061839176e-210,1.7484131705084378,0.333,0.098,4.59746950243567e-206,7,AGTPBP1
8.946738199614302e-210,1.1663225512700683,0.552,0.223,1.6440526115611242e-205,7,RASSF5
4.1218660463587425e-209,1.4730858236239532,0.431,0.154,7.5743410467888254e-205,7,ANXA11
3.5289129213366905e-208,0.8215381240923216,0.875,0.524,6.484730384248302e-204,7,HLA-E
2.4630439592127284e-206,0.8876645555813019,0.905,0.674,4.526089579449309e-202,7,YWHAZ
1.3368172172106224e-203,0.9409406097154656,0.634,0.276,2.45653531834624e-199,7,SLA
5.91679873591683e-203,1.3097590099541168,0.5,0.195,1.0872709357120767e-198,7,ARHGAP9
1.8592480256622793e-202,1.3396726295737407,0.536,0.226,3.4165541719570044e-198,7,PHF20L1
3.5796846241732494e-202,1.202860928118003,0.562,0.238,6.578028465380763e-198,7,FAM49B
3.3826869999456485e-201,1.2621974143577943,0.538,0.222,6.216025631100123e-197,7,STK4
4.870581264488582e-201,1.3066586262290996,0.394,0.128,8.950180131624219e-197,7,CXCR1
1.4078590320093353e-198,1.0095077755258082,0.75,0.419,2.5870817572203545e-194,7,ACTR3
2.7609588764783644e-198,1.3171828173944755,0.499,0.2,5.0735380314166425e-194,7,GLRX
1.3449122037653863e-197,1.0292294357324006,0.558,0.228,2.471410665639274e-193,7,MAP4K4
1.597908386570907e-196,1.0331725116878565,0.769,0.434,2.9363164511626987e-192,7,ACTR2
9.025834481290418e-196,1.8725228300052936,0.278,0.075,1.6585873442819274e-191,7,PSTPIP2
2.4763364997093148e-194,1.7224877791729676,0.294,0.082,4.550515951865836e-190,7,PADI2
4.393293513153806e-193,1.7290005116149316,0.329,0.102,8.073116159771434e-189,7,EIF2AK2
3.987956777981543e-192,1.7141444713422593,0.307,0.091,7.328269375218884e-188,7,CAPG
1.7807914976740748e-191,1.279996098266878,0.502,0.208,3.2723824561258797e-187,7,PPP4R2
2.2827175592428167e-191,0.7548555982946326,0.857,0.513,4.1947217868646e-187,7,SDCBP
4.4477496230800415e-191,1.1911253673726432,0.461,0.174,8.173184707371884e-187,7,VSIR
1.1574318229634675e-190,0.6047160002268286,0.387,0.124,2.126896717877668e-186,7,BPI
3.4299351860391794e-190,1.0926675524923892,0.646,0.311,6.302848897865596e-186,7,ROCK1
3.342323895467007e-188,1.112251563121775,0.58,0.259,6.141854390310172e-184,7,EFHD2
6.071605048611937e-188,1.1512903284053368,0.521,0.219,1.1157181437329295e-183,7,SKAP2
5.652939700121004e-187,1.320990800137796,0.452,0.176,1.0387841992942357e-182,7,GRN
2.5207395192237655e-186,1.1620174830822831,0.583,0.272,4.632110940525592e-182,7,ASAH1
1.060329468372603e-184,1.457804003218156,0.409,0.151,1.9484614310814954e-180,7,MAP2K1
2.797627514054458e-184,1.467947942417847,0.415,0.152,5.140920319826472e-180,7,BIN2
2.05197653677564e-183,1.640203641545419,0.293,0.086,3.770712083978916e-179,7,CACUL1
7.410194134678649e-183,1.213678223914578,0.55,0.246,1.3616972741885486e-178,7,MSL1
2.6211297846738366e-182,0.9170615698169526,0.767,0.438,4.8165880923166423e-178,7,S100A4
1.6617462259206638e-181,1.3184775049114008,0.343,0.109,3.0536248647518117e-177,7,TMEM71
1.1421068397153881e-178,1.1396348785537043,0.525,0.221,2.098735528660997e-174,7,ARRB2
2.948798633799339e-178,1.0463219731292528,0.565,0.252,5.418712369469666e-174,7,CMTM6
4.4055070716008005e-178,1.6886165793180252,0.298,0.09,8.095559794773631e-174,7,LPCAT2
5.211336298840352e-178,1.605979279212733,0.34,0.113,9.576351582749031e-174,7,ZNF106
1.5215163945919857e-177,1.5309061291053054,0.291,0.085,2.795938526702233e-173,7,GAPT
1.7000552618489138e-177,1.6694305002716265,0.316,0.1,3.124021549173564e-173,7,SLC36A4
2.4879616091722493e-177,0.6159636437319058,0.746,0.363,4.5718782530149255e-173,7,SAMSN1
1.731062913709961e-176,1.4255674946633106,0.372,0.13,3.181001210233425e-172,7,RAB11FIP1
2.3731773320132312e-176,1.730501854132682,0.312,0.098,4.3609506653075134e-172,7,MSRB1
1.284386283500952e-175,0.7671893532032943,0.552,0.226,2.360188234561349e-171,7,IL1R2
2.51062196641207e-175,1.5919328827136792,0.296,0.088,4.6135189254788195e-171,7,MMP25
2.5484674436149294e-174,1.1266564538947519,0.554,0.25,4.683063774386794e-170,7,STK17B
4.377144801911095e-171,1.4906084630683152,0.373,0.136,8.043441287991829e-167,7,DIAPH1
3.524420760422301e-170,1.4571063626712992,0.352,0.121,6.47647558935202e-166,7,NCF4
1.0188705196004253e-168,1.5208169273751606,0.373,0.138,1.8722764668177417e-164,7,RNF145
3.008814529378999e-168,0.7258603866961271,0.373,0.123,5.5289975791868486e-164,7,CD24
3.7334446219638677e-168,1.5426323911705688,0.288,0.087,6.8605778373208035e-164,7,GLIPR2
3.883125973346401e-168,1.762971552857267,0.263,0.076,7.135632288621346e-164,7,ATP11A
4.337423918309136e-168,0.6797547835372466,0.786,0.409,7.970450192284868e-164,7,PTPRC
8.316057601376226e-167,1.6914832782662081,0.273,0.082,1.528158744828895e-162,7,HIPK2
8.958404862586379e-166,1.699168708346274,0.269,0.079,1.6461964775488729e-161,7,ARID3A
1.4018936967584548e-164,0.9231313323870598,0.761,0.469,2.5761198571633364e-160,7,CDC42
6.6428484273126925e-164,0.9428189640046609,0.583,0.267,1.2206898270029805e-159,7,LYN
2.4349290960679288e-163,1.6239577216288785,0.32,0.108,4.474425706934426e-159,7,HK2
5.017090162856119e-163,0.8009098716736607,0.892,0.617,9.219404883264404e-159,7,CALM1
9.55041305548885e-160,1.0443468309790571,0.574,0.281,1.754983903076631e-155,7,IFRD1
3.0002054262467216e-159,1.0772774766953048,0.539,0.255,5.5131774912709756e-155,7,GNAI3
3.8518203432378647e-159,1.1326821582383637,0.435,0.175,7.0781050627339e-155,7,RALB
1.136110703718822e-158,1.0141092778220864,0.617,0.317,2.0877170291537074e-154,7,CAPZA1
3.1569120734230127e-158,0.8914415182261797,0.303,0.093,5.8011416261221285e-154,7,MMP8
2.0672206403128488e-157,1.4589999140630194,0.339,0.12,3.798724648638891e-153,7,SPOPL
6.483323883053412e-157,1.5680920476298137,0.269,0.081,1.1913755967498948e-152,7,LST1
4.708000671520924e-156,1.12117209622583,0.548,0.266,8.651422033986849e-152,7,PRR13
6.665899635171481e-156,1.0704464466740051,0.46,0.195,1.2249257169591114e-151,7,TFDP1
6.347131608670476e-155,1.4931592209777025,0.312,0.105,1.1663489044092867e-150,7,UBN1
1.7301929746624734e-154,1.335381989523246,0.418,0.17,3.179402610239761e-150,7,CCND3
2.0731199908373068e-153,1.2687012689773813,0.416,0.17,3.8095652951626348e-149,7,RTFDC1
2.844473091345239e-153,1.0989496837155555,0.568,0.29,5.2270037526560115e-149,7,SNX3
8.112904903272468e-153,0.9669218432824935,0.572,0.275,1.4908274050253487e-148,7,GRB2
1.3272734331964303e-152,0.8082294923127344,0.583,0.274,2.43899766084176e-148,7,PTPRE
3.996167332127535e-152,1.101328076102901,0.618,0.344,7.343357089517559e-148,7,MYL12B
5.2318861488140995e-152,0.9132607580540482,0.772,0.51,9.61411398706079e-148,7,OAZ1
3.678290474467569e-151,1.5691805106895602,0.253,0.074,6.759226575881604e-147,7,MAST3
9.202126646763653e-151,0.9769660510806313,0.518,0.237,1.690982792609289e-146,7,LRP10
2.3589555547887496e-150,1.5258013836905193,0.253,0.075,4.334816727479806e-146,7,DYSF
1.2992409051421508e-149,1.0914041093958684,0.388,0.147,2.3874850872892163e-145,7,THEMIS2
1.6659452567851847e-149,1.0470418627558564,0.451,0.188,3.0613410038684553e-145,7,WAS
2.34792297773906e-148,1.1525657301572256,0.379,0.145,4.314543263893297e-144,7,SPI1
3.005506831314806e-148,1.3434840144378462,0.33,0.118,5.522919353224087e-144,7,SYK
4.1251628415777806e-147,0.5393770266604463,0.957,0.748,7.58039923768333e-143,7,HLA-B
3.3782295939554595e-146,0.726217436245927,0.578,0.268,6.207834701852553e-142,7,ACSL1
4.025373397026592e-146,0.30898291030328195,0.942,0.575,7.397026154376065e-142,7,IFITM2
5.591482182852355e-146,1.6969461614834809,0.252,0.077,1.0274907659209487e-141,7,SAMD8
1.3727556953202437e-145,1.4331736872781486,0.313,0.11,2.52257586572048e-141,7,MTMR3
2.064167272960643e-145,0.8079862203242376,0.698,0.39,3.793113780792477e-141,7,MYADM
3.13232510377535e-144,1.1888222722961141,0.474,0.221,5.755960610697583e-140,7,TGOLN2
2.6397781922068722e-142,1.4483088231130454,0.287,0.096,4.8508564059993486e-138,7,MOB3A
3.4473850886713284e-142,1.6131955196528587,0.292,0.101,6.334914838942434e-138,7,METTL9
1.0565279755213241e-141,1.1119596541558132,0.472,0.214,1.9414758078179853e-137,7,TALDO1
2.1519779897732394e-140,1.5533285091920737,0.291,0.101,3.954474754007305e-136,7,CTSD
2.375451555028041e-140,1.174976575231895,0.307,0.105,4.3651297775195285e-136,7,UBXN2B
3.9519968745058872e-140,1.0505600573145626,0.518,0.252,7.262189456592019e-136,7,MAPKAPK2
6.501534928413583e-139,1.0459190516798147,0.477,0.222,1.19472205844528e-134,7,RABGEF1
9.905873029094122e-139,0.8286862576864324,0.677,0.388,1.8203032278263357e-134,7,TXNIP
3.5577098087037537e-137,1.2294808467619243,0.426,0.188,6.537647544474018e-133,7,MAPK14
2.9597546267698346e-136,1.0353088777365331,0.377,0.146,5.438845102152248e-132,7,ADAM8
7.760973230436551e-136,1.0498081762710012,0.525,0.262,1.4261564408250207e-131,7,MTPN
1.0327323411648823e-135,1.2985484628627568,0.402,0.173,1.8977489501245878e-131,7,GNAI2
2.4956601862702572e-135,0.8701583293452084,0.746,0.489,4.586025158290225e-131,7,EIF4G2
2.2505484650888995e-134,0.8858045485983284,0.534,0.259,4.135607859447362e-130,7,MAP3K2
1.806157721805612e-133,0.7404500950047175,0.582,0.293,3.318995429589993e-129,7,RILPL2
3.412047724809839e-132,1.3982810858265475,0.331,0.128,6.269978899110559e-128,7,KDM5A
4.931204067769829e-132,1.2773485324361895,0.333,0.127,9.061580594933837e-128,7,FAM8A1
2.878675394570807e-131,1.3649108982005256,0.32,0.121,5.2898539050633155e-127,7,AP1S2
4.3302474299377284e-131,1.6854027825466682,0.25,0.082,7.95726267725357e-127,7,FBXW2
4.805361124802918e-130,1.0171741712927262,0.49,0.237,8.830331602937842e-126,7,BRI3
5.303235656003768e-129,1.2906164701815457,0.293,0.105,9.745225841472525e-125,7,MYD88
5.851040890529539e-129,1.4838703666924555,0.262,0.089,1.075187274043708e-124,7,DBNL
1.292891576541466e-128,1.2746416347165543,0.345,0.138,2.3758175610525978e-124,7,CTDSP1
1.3554391394398162e-127,1.1485519781511964,0.415,0.186,2.4907549626346064e-123,7,WASF2
1.6755241708808135e-127,1.4011079834538762,0.322,0.125,3.078943216410583e-123,7,MBD2
7.950194688582277e-126,0.9429909364564641,0.389,0.158,1.4609277759738792e-121,7,TMEM154
9.634497357584709e-126,0.7083019553271144,0.74,0.453,1.770435234429766e-121,7,GAPDH
9.766589711978497e-126,1.0450478454361685,0.335,0.128,1.7947085254731685e-121,7,SYNE2
1.7855832867274168e-125,0.8410552716057538,0.681,0.411,3.281187847690301e-121,7,DAZAP2
3.399697643205157e-125,1.079600884654022,0.4,0.174,6.247284389153797e-121,7,CAB39
3.498784958285808e-125,1.0632199938099667,0.457,0.217,6.429367239346001e-121,7,TLN1
8.108907966384957e-125,1.2660394766780885,0.312,0.117,1.4900929279028997e-120,7,FMNL1
1.0859961674597063e-124,0.8237653062197521,0.637,0.359,1.9956265573239564e-120,7,MSN
5.941239060925478e-124,0.6095898951791243,0.814,0.561,1.0917620898356658e-119,7,PSAP
2.051907003929805e-122,0.9592177802336519,0.398,0.169,3.7705843104214097e-118,7,IL2RG
7.821257615711802e-122,1.4017137281579994,0.286,0.106,1.4372342994632008e-117,7,OSTF1
6.074606716102532e-121,1.2224987899864626,0.266,0.091,1.1162697301510012e-116,7,ABTB1
2.836695675622356e-120,1.4080774009346857,0.255,0.087,5.212711973523641e-116,7,USP3
5.3518236416983406e-120,1.0132648900493766,0.517,0.269,9.83451112398487e-116,7,CCPG1
8.642927249372349e-120,0.9152246884704938,0.469,0.222,1.5882243113446628e-115,7,BOD1L1
1.4316535436097746e-119,0.9799890514182055,0.404,0.177,2.630806551737322e-115,7,STOM
3.253611028329532e-119,1.5480379754978446,0.263,0.095,5.978835625658348e-115,7,DEGS1
4.3683537945652237e-119,0.9940771882652729,0.34,0.133,8.027286932893055e-115,7,SIRPB1
1.0739464950178943e-117,1.300063045161308,0.288,0.107,1.9734840792448825e-113,7,GPCPD1
3.449531151118242e-117,1.3235169932891457,0.287,0.107,6.338858443294882e-113,7,FLOT2
4.682015423979085e-117,1.2373974678881832,0.348,0.147,8.603671543103967e-113,7,SOS2
2.1554701407250686e-116,0.997723653558291,0.442,0.209,3.960891930596386e-112,7,MBP
3.19666295528636e-116,1.111022398936898,0.446,0.221,5.874187846634215e-112,7,CD164
6.516357224062323e-115,1.2052640066120721,0.3,0.115,1.1974458034936925e-110,7,TLE3
1.9191271637993292e-114,0.916155396500413,0.464,0.224,3.526588076197647e-110,7,PTBP3
1.2118143520069443e-113,0.3102823581577381,0.905,0.61,2.2268300532479607e-109,7,LITAF
1.2696639209470034e-113,0.9850888751737429,0.338,0.136,2.3331344211322135e-109,7,MYO1F
1.5424504678510866e-113,1.280620146337862,0.28,0.104,2.8344069797231565e-109,7,LAT2
4.1147960324960204e-112,0.9511181781285658,0.462,0.232,7.561349189314687e-108,7,GSN
8.930588308662096e-112,0.7529603817344224,0.47,0.225,1.6410849075997468e-107,7,ATP6V0D1
2.41105485480574e-111,1.0730894641400668,0.421,0.203,4.4305544011910274e-107,7,SFT2D1
8.998505969102607e-111,1.0220508485332949,0.321,0.128,1.6535654568822952e-106,7,SNX10
4.9015839793129027e-110,0.803691222140106,0.624,0.37,9.00715072038539e-106,7,PTP4A2
5.695560310840056e-110,0.6540852688529846,0.779,0.511,1.0466161627199686e-105,7,NEAT1
6.465404963996744e-110,1.3543303787770655,0.299,0.12,1.1880828161840416e-105,7,JDP2
7.717606950813222e-110,1.2804768436905323,0.288,0.112,1.4181874532814376e-105,7,ZYX
1.706778902893492e-109,1.0086039694712108,0.258,0.091,3.136376911957081e-105,7,ADGRG3
4.558205364029643e-109,0.8334218478009552,0.405,0.184,8.376158176940872e-105,7,IL6R
9.918395080906769e-109,1.4072304077820004,0.258,0.095,1.8226042800674276e-104,7,TMOD3
1.153131661649184e-108,0.5862666381969377,0.457,0.205,2.1189947414465405e-104,7,RIPOR2
2.7831301882624313e-108,1.0555722480840894,0.419,0.202,5.114280033951044e-104,7,TES
2.1400317319001037e-107,1.2058127821410625,0.301,0.121,3.9325223105396304e-103,7,RNF24
1.763357752543251e-106,1.3162175971023795,0.331,0.144,3.240346206073478e-102,7,TSPO
1.9910693942281976e-106,1.0931943339518857,0.337,0.143,3.658789118833736e-102,7,GRK2
2.5657426083406944e-106,0.8522546452903401,0.35,0.147,4.71480861708686e-102,7,CARD16
2.96082094332182e-106,0.6327840635791993,0.745,0.488,5.440804565448176e-102,7,YPEL5
2.1675757695004074e-105,0.9609543049234566,0.347,0.148,3.9831372340339484e-101,7,NIN
5.9781958335787136e-105,0.6444663553727725,0.906,0.652,1.0985532663784244e-100,7,HSPA1A
7.124636850593368e-105,1.1532987945656352,0.28,0.108,1.3092232676650374e-100,7,PXN
9.628279606581823e-105,1.0128981670683999,0.379,0.17,1.7692926605054758e-100,7,IGF2R
2.992974829124788e-104,1.0047981219471227,0.37,0.167,5.499890545999711e-100,7,SHOC2
3.500027081876088e-104,1.412017261148857,0.263,0.1,6.431649765655499e-100,7,FAR1
8.199394480289382e-104,1.225575059979556,0.35,0.157,1.5067207296979769e-99,7,MAX
6.032138863519533e-103,1.4521156361379388,0.264,0.102,1.1084658375603493e-98,7,KIAA1109
6.49218800825086e-103,0.7790392542509532,0.485,0.247,1.1930044683961781e-98,7,FOXO3
2.097012523957356e-102,0.5302866185164672,0.752,0.469,3.8534702140240375e-98,7,KLF6
3.2054905057467863e-102,1.0947933356751363,0.285,0.111,5.890409353360295e-98,7,SLC6A6
8.210914099349805e-102,0.9718378708014916,0.442,0.225,1.5088375748965201e-97,7,CAPZB
9.585641855847824e-102,0.5101796114955919,0.478,0.227,1.7614575474305963e-97,7,FGD4
1.00229310769556e-101,0.842950225244373,0.409,0.192,1.841813814701361e-97,7,RXRA
1.8072522298373505e-101,0.7572177614836482,0.362,0.159,3.321006697549115e-97,7,IRF1
2.827281898019952e-101,0.859482206245807,0.431,0.208,5.195413215801464e-97,7,CELF2
6.911657189154713e-101,0.936510418339833,0.368,0.166,1.2700861250790701e-96,7,FBXL5
7.505448123763395e-101,1.2234212059932486,0.26,0.099,1.3792011472227613e-96,7,ABHD5
1.0123377471682354e-100,1.0696266620260282,0.256,0.094,1.8602718441963495e-96,7,RGS18
5.04639859114788e-100,1.1843623096432725,0.32,0.139,9.273262051093344e-96,7,MKRN1
9.313645023204236e-100,1.084173448761789,0.344,0.157,1.7114754094640105e-95,7,LIMS1
9.35978296526467e-100,1.0228370478720592,0.378,0.178,1.7199537176970356e-95,7,WDR1
1.5156368402157995e-99,0.9398419061161765,0.333,0.142,2.7851342575805532e-95,7,ZNF281
1.4225622110241078e-98,1.2549009665294355,0.276,0.111,2.6141003189779006e-94,7,PDZD8
1.7117946960430366e-98,0.8430929953283088,0.451,0.228,3.145593933448684e-94,7,WDR26
3.211240536021966e-98,0.8700061996981625,0.546,0.318,5.900975608993965e-94,7,SEC62
1.1856529980964573e-97,0.39815531016093164,0.73,0.415,2.17875594930205e-93,7,SMAP2
2.6136827777506175e-97,1.0422439832384323,0.304,0.129,4.8029034723945345e-93,7,GNAQ
3.0817137777511914e-97,1.0877603180732882,0.282,0.113,5.662957237995589e-93,7,ICAM3
7.749878235524153e-97,0.7037025680780231,0.351,0.15,1.4241176245599185e-92,7,LRRK2
3.221592234130802e-96,0.39790473022612893,0.952,0.732,5.919997889438762e-92,7,HLA-C
3.5770960354559545e-96,1.120878550997309,0.281,0.112,6.573271674753862e-92,7,PCNX1
4.457344286791714e-96,1.1769226456700645,0.28,0.114,8.190815861408454e-92,7,HERPUD2
1.989457415594869e-95,0.7328573682539665,0.596,0.35,3.655826946897131e-91,7,LRRFIP1
3.0460089096732693e-94,0.6642698600976489,0.317,0.13,5.597345972415599e-90,7,TMCC3
5.53264615464061e-94,0.904335419710943,0.331,0.146,1.0166790573767584e-89,7,PSEN1
9.013400794368598e-94,1.2094760098995034,0.303,0.133,1.6563025299731734e-89,7,BNIP2
1.1037748634396018e-93,0.8795584701282552,0.331,0.143,2.0282966890566123e-89,7,PLXNC1
2.3849951468750536e-93,1.047091802607126,0.306,0.129,4.382667081897598e-89,7,LILRB2
1.0920293285290792e-92,0.8910524738977376,0.345,0.154,2.006713094105036e-88,7,HSD17B11
6.82536342760063e-92,0.9485477065391299,0.376,0.178,1.2542287834558918e-87,7,CREBBP
1.3710048730805862e-91,1.0356485192183822,0.308,0.133,2.519358554772885e-87,7,PRKCD
2.9227257968592e-91,0.9098168387187484,0.459,0.251,5.370800924308465e-87,7,HIF1A
6.036646616159719e-91,0.6118262431638635,0.445,0.218,1.10929418218551e-86,7,TNFRSF1B
7.358419012368417e-91,0.8330188913309389,0.404,0.199,1.3521830777128203e-86,7,PTEN
3.1581065532255796e-90,1.1191580109520687,0.304,0.133,5.803336602207325e-86,7,WIPF2
5.38334877846963e-89,0.8732959605978874,0.465,0.25,9.892441715315793e-85,7,IER2
6.655984401557768e-89,1.1144611086704383,0.295,0.127,1.2231036936302556e-84,7,PTK2B
8.738002353163181e-89,1.289673332287088,0.264,0.109,1.605695312417266e-84,7,NUP50
2.6872478719867086e-88,0.5799557541788056,0.548,0.302,4.938086689562776e-84,7,CFLAR
4.536574159498828e-88,1.0087521697207569,0.361,0.175,8.336408675495046e-84,7,ACTN1
4.579065272465113e-88,1.145548713928903,0.277,0.117,8.414490344681892e-84,7,MAFG
9.146647359483255e-88,0.8525620672205643,0.359,0.17,1.680787918778643e-83,7,SH3KBP1
8.418706324786283e-87,0.8745974431322447,0.418,0.217,1.5470214742427275e-82,7,TMX4
1.1832078325518522e-86,0.9300410640358344,0.352,0.169,2.1742627130972837e-82,7,CHIC2
1.6350820556868423e-86,0.8775589344529173,0.4,0.206,3.0046267855301414e-82,7,MLF2
3.0375313950551987e-86,1.070835848048353,0.33,0.154,5.581767691553433e-82,7,MAPK1
6.676972765061563e-86,0.49842581273600084,0.51,0.274,1.2269605153077129e-81,7,FOSL2
7.504223535564295e-86,0.5945212765963861,0.58,0.337,1.378976116895295e-81,7,IRS2
7.112171760532009e-85,0.9179467094354179,0.44,0.242,1.3069326827153621e-80,7,CAST
9.250226033361477e-85,0.38615145136089524,0.98,0.888,1.699821535890505e-80,7,ACTG1
9.379594923911085e-85,1.0098975482931853,0.285,0.122,1.723594363217901e-80,7,PHC2
3.414458409070289e-84,0.7828464128839125,0.41,0.208,6.2744087725075624e-80,7,YPEL3
5.372564483565753e-83,1.0376365505167473,0.427,0.238,9.872624495000427e-79,7,ALDOA
6.819097165811354e-83,1.1585914093103704,0.311,0.146,1.2530772951894944e-78,7,PPP2R2A
5.434164040998757e-82,1.0048226985334574,0.276,0.119,9.985819841739316e-78,7,INPP5D
1.2841087684845443e-81,1.2217078242934634,0.291,0.133,2.3596782729671988e-77,7,ZBTB7A
2.14650447834925e-81,0.648838761498848,0.541,0.31,3.944416629414582e-77,7,FAM107B
3.204566255360328e-81,0.7992415555766998,0.381,0.191,5.888710950850139e-77,7,DEDD2
7.336458337892165e-81,0.7496987915560926,0.534,0.324,1.3481475841710642e-76,7,SF1
2.564195456346596e-80,0.5735288951635673,0.729,0.511,4.711965570582505e-76,7,ATP5E
1.1231432784096503e-77,0.7224247246305753,0.287,0.124,2.0638880884055735e-73,7,FPR2
1.151175023608897e-77,0.6674744543992597,0.381,0.191,2.1153992233837092e-73,7,IFNGR2
6.069619240085859e-77,0.5106741012755445,0.425,0.215,1.1153532315581775e-72,7,PREX1
1.1822878789030342e-76,1.0316432527505057,0.268,0.117,2.1725722062722157e-72,7,FNBP1
1.1445639286655445e-75,1.0025684052503825,0.277,0.124,2.1032506753158044e-71,7,PIAS1
3.248627349070909e-75,0.6404468978124038,0.525,0.309,5.969677616652702e-71,7,BAZ1A
8.56792161212541e-75,0.6814939203416723,0.421,0.227,1.5744412754441653e-70,7,NOP10
9.474463895267823e-75,0.795060386048524,0.315,0.148,1.741027485394415e-70,7,RASSF3
1.238290139217599e-74,0.8261873182476293,0.343,0.172,2.27548195982626e-70,7,QSOX1
1.2566910963521414e-73,0.8316464477752019,0.446,0.259,2.309295558656695e-69,7,TAX1BP1
2.35037495221616e-73,0.790891738895311,0.463,0.269,4.3190490121924154e-69,7,PRKAR1A
1.4070191829422044e-72,0.7773760541289343,0.409,0.224,2.5855384505745948e-68,7,CHMP4B
1.5321169945276026e-71,0.9194575829075989,0.366,0.197,2.8154181891439226e-67,7,TM9SF2
5.753930950563853e-71,0.8906618005580741,0.302,0.143,1.0573423514756137e-66,7,PRKCB
6.6406655505878015e-71,0.8372053690088055,0.321,0.158,1.2202887015760143e-66,7,ACAP2
8.207530625342683e-71,0.8351945616954696,0.331,0.166,1.5082158277129714e-66,7,NRBF2
1.8102569046517938e-70,0.6398487672725839,0.6,0.392,3.3265280879881364e-66,7,WAC
2.6727995568398057e-70,0.6672173156556425,0.41,0.222,4.911536465648827e-66,7,CLIC1
3.106409243912095e-70,0.6062306899171563,0.486,0.284,5.708337626612866e-66,7,LAMP2
8.991871737609207e-70,1.0913191770910697,0.267,0.124,1.6523463505030679e-65,7,RNF10
1.3083847329104985e-69,0.782706464644155,0.403,0.219,2.404287785196332e-65,7,EP300
4.938746006747582e-69,1.0659483032616843,0.319,0.163,9.075439661999356e-65,7,PSMA7
7.685623661802245e-69,0.8750835344266411,0.279,0.13,1.4123102040927804e-64,7,ASAP1
3.709430880295033e-68,0.5526613185310585,0.674,0.455,6.816450185630153e-64,7,PGK1
6.5763469036031395e-68,0.8285571836362635,0.389,0.215,1.2084695070061128e-63,7,C16orf72
2.6420783579691125e-67,0.9801223728232039,0.285,0.138,4.8550831906040414e-63,7,TLE4
3.502014482008522e-67,0.4607823026082729,0.415,0.219,6.43530181213886e-63,7,JOSD1
1.3476441317246248e-66,0.6587882858134249,0.411,0.225,2.4764308564571704e-62,7,WIPF1
2.4425199402833303e-66,0.8188756045001007,0.409,0.232,4.488374642264648e-62,7,KIF5B
3.3246516973145516e-65,0.9966721829361231,0.27,0.128,6.10937995898522e-61,7,ANKRD11
5.4633870647327316e-65,0.6401338316938592,0.378,0.202,1.0039520070152868e-60,7,ATG3
6.559831122456435e-65,0.8816772801425208,0.29,0.142,1.2054345670625946e-60,7,BRD4
8.061449389019806e-65,0.7475317151314547,0.467,0.286,1.4813719397262794e-60,7,PKM
1.1320294248646928e-64,0.3908102922188099,0.293,0.135,2.0802172711313593e-60,7,SLC11A1
1.1601944795769848e-64,0.6988815786707706,0.301,0.146,2.1319733756706674e-60,7,ATP6V0B
3.0048104594429618e-64,0.9263348071305584,0.376,0.215,5.521639700272387e-60,7,ENSA
6.30771856206221e-64,0.42420355187165004,0.803,0.568,1.1591063629645517e-59,7,ZFP36
7.799121631004562e-64,0.9484397629614769,0.253,0.118,1.4331665909133983e-59,7,TAOK1
9.231895622359293e-63,0.6711431517534154,0.395,0.219,1.6964531395647435e-58,7,RNF19B
9.713179252771167e-62,0.2931992730944373,0.46,0.251,1.7848938194892295e-57,7,LCP2
3.536548922914353e-61,0.37822794313594255,0.646,0.433,6.498762300747415e-57,7,SKIL
6.750711188917832e-61,0.7209803760209714,0.326,0.17,1.2405106880755408e-56,7,PAK2
8.439391395041898e-61,0.8308550748521938,0.282,0.138,1.5508225627528991e-56,7,LYST
2.4537102483101094e-60,0.8797386509737648,0.278,0.136,4.508937952294657e-56,7,RAB8B
8.234331366726832e-60,0.7338169686985941,0.343,0.184,1.5131407319497226e-55,7,PLSCR1
1.2689277656875594e-59,0.8897513492067093,0.272,0.135,2.3317816622274592e-55,7,HEBP2
2.5381120510188885e-59,1.0191005507964945,0.252,0.12,4.664034704952309e-55,7,CHMP2A
2.992865487858038e-59,0.6847971254512852,0.388,0.224,5.49968962048793e-55,7,XRCC5
2.4267621988963564e-58,0.7158988728324105,0.327,0.172,4.4594182166919447e-54,7,UBE2H
5.266016804817618e-58,0.8857812030085891,0.254,0.124,9.676832480532855e-54,7,MARCH7
5.934231263414656e-57,0.6341347389990291,0.374,0.21,1.0904743369650771e-52,7,OSBPL8
1.9911797379805645e-56,0.6563607078239153,0.392,0.225,3.658991886513085e-52,7,BCL6
3.6204117521133043e-56,0.45750510155307356,0.375,0.205,6.652868635683408e-52,7,USP10
6.378811690603513e-56,0.6109812771544623,0.328,0.174,1.1721704362653016e-51,7,CSNK1D
8.846238824565366e-56,0.6572873067128923,0.317,0.166,1.6255848464021314e-51,7,IFNGR1
1.1831876040805944e-55,0.514865748061657,0.45,0.269,2.1742255412585004e-51,7,H2AFY
1.5569942097551035e-55,0.8057665381994377,0.262,0.129,2.861132559845978e-51,7,ADAR
1.4005381713117786e-53,0.5941133194564614,0.432,0.261,2.5736289436025244e-49,7,KMT2E
2.3773878154757496e-53,0.9249463295456968,0.271,0.14,4.3686878497182376e-49,7,MIER1
3.3505690489459717e-53,0.5867240462954875,0.394,0.23,6.157005684343118e-49,7,CD46
4.544059274682435e-53,0.6560708003205062,0.393,0.231,8.350163323156442e-49,7,MOB1A
6.184497277865717e-53,0.3761672083396954,0.634,0.443,1.1364632197806043e-48,7,JUNB
9.686769767932364e-53,0.39619851961789965,0.364,0.198,1.7800408125552512e-48,7,ITPRIP
1.1799152932238615e-52,0.3988995688570913,0.458,0.269,2.168212342828168e-48,7,HECA
2.572653241976122e-52,0.8696240140710674,0.29,0.155,4.727507597455322e-48,7,DNAJC3
3.593651564908244e-52,0.5059409937046655,0.362,0.2,6.60369411567539e-48,7,MAP2K3
4.105965943205823e-52,0.6427445305073295,0.25,0.122,7.54512301723502e-48,7,BRAF
8.737499700870711e-52,0.8372791409170752,0.305,0.168,1.6056029450320018e-47,7,SLTM
6.16678952856691e-51,0.7993730831161195,0.288,0.154,1.1332092437694555e-46,7,TMED5
9.650054164280372e-51,0.45041973048977324,0.652,0.474,1.773293953228161e-46,7,RHOA
1.4406957603101431e-50,0.3201640946933715,0.644,0.45,2.6474225291459192e-46,7,RAB7A
1.5206902872069437e-50,0.7956548235493099,0.278,0.148,2.7944204717714795e-46,7,RAB10
3.1641984669784425e-50,0.5956175858347885,0.337,0.188,5.814531102919586e-46,7,JAK1
4.084895199922575e-50,0.4724074610701159,0.344,0.187,7.506403419377724e-46,7,OLR1
5.280302687626825e-50,0.48362289143015913,0.252,0.122,9.703084218783053e-46,7,BCL3
1.457569567367623e-49,0.7749626724443232,0.27,0.141,2.678429836994744e-45,7,ITSN2
2.5990545593217103e-49,0.5756365011999804,0.409,0.251,4.776022658209575e-45,7,AZIN1
2.6974870316221295e-49,0.49896428060659215,0.292,0.151,4.956902169308825e-45,7,STX11
6.453632867700219e-49,0.40875187865001017,0.74,0.552,1.185919575768592e-44,7,CCNI
1.6449543895276385e-48,0.7457981286716273,0.258,0.134,3.0227681861959883e-44,7,HIPK1
4.699151299856985e-48,0.4087962098185509,0.399,0.236,8.635160428617196e-44,7,CD44
5.501202828015468e-48,0.39477783506707853,0.508,0.331,1.0109010316761224e-43,7,TXN
6.860741780249357e-48,0.7209314262806126,0.28,0.15,1.2607299095386218e-43,7,AKIRIN2
1.1029063466528869e-47,0.5373161070615642,0.507,0.341,2.026700702609345e-43,7,SERP1
1.223913353208046e-47,0.5912274013845262,0.453,0.292,2.2490631778551054e-43,7,SERINC1
4.152177907425461e-47,0.5157441076630406,0.26,0.132,7.630042122685028e-43,7,SUSD6
7.386209325721848e-47,0.8449165393264073,0.277,0.152,1.3572898256946467e-42,7,ZFAND6
7.693650365724149e-47,0.6491576865475284,0.324,0.187,1.4137851912054697e-42,7,COPA
8.689794994804183e-47,0.7120827207095908,0.282,0.152,1.5968367282452168e-42,7,CMIP
1.2643627231767778e-46,0.6603249877967476,0.404,0.253,2.323392940109647e-42,7,RAD21
1.5434377199957022e-46,0.291652199594701,0.41,0.236,2.8362211542641024e-42,7,SORL1
1.7937336125295606e-46,0.6196965309904978,0.338,0.197,3.2961648863843206e-42,7,MFSD1
5.270445146887454e-46,0.3270647690096331,0.339,0.187,9.684970001920386e-42,7,OXSR1
1.41415835994022e-44,0.5568721514260145,0.341,0.202,2.5986574022261483e-40,7,BNIP3L
3.8025705066215275e-44,0.6080728962468019,0.252,0.128,6.987603562967719e-40,7,CSF2RB
9.716944328202296e-44,0.8056153134180688,0.255,0.137,1.785585689750454e-39,7,PTPN12
1.0220895202627135e-43,0.8295463127520966,0.25,0.134,1.8781917024347622e-39,7,MARCH6
1.820954725681937e-42,0.8537240346881441,0.25,0.137,3.3461864039131275e-38,7,SUMO1
2.294677086664889e-42,0.4965261602814681,0.448,0.291,4.2166986144554003e-38,7,SON
2.7537766445438112e-42,0.44875608543540224,0.521,0.356,5.060339962013708e-38,7,ATP6V0E1
3.203733508593276e-42,0.4297945889174435,0.546,0.379,5.887180695391004e-38,7,MAP1LC3B
3.487561968145498e-42,0.5863151483677225,0.449,0.3,6.408743872664167e-38,7,VAPA
9.40143853804967e-42,0.8228337159167375,0.268,0.15,1.7276083457520074e-37,7,TACC1
2.2659618385827106e-41,0.6178119306195244,0.35,0.217,4.163931474579589e-37,7,NPTN
4.306550922317722e-41,0.4576776594472891,0.438,0.286,7.913717974851045e-37,7,SERINC3
1.070441336918404e-40,0.6846750783931854,0.358,0.224,1.967043000721259e-36,7,PAIP2
2.7039000825690147e-40,0.876441832157521,0.252,0.14,4.9686867917288214e-36,7,ADSS
1.271044750191114e-39,0.6875338125908135,0.283,0.16,2.335671832951191e-35,7,MGEA5
2.386139300669245e-39,0.34996470427825344,0.401,0.25,4.3847695789098047e-35,7,ZC3H12A
1.0168457817302437e-38,0.6588404379028817,0.257,0.144,1.868555808507496e-34,7,WBP2
1.2982603800054955e-37,0.2755699641884193,0.293,0.163,2.3856832742980985e-33,7,OSM
1.7161503853714912e-37,0.45312820803943565,0.495,0.339,3.153597948158652e-33,7,DDX17
4.692093375444409e-37,0.4177380304660454,0.263,0.144,8.622190786716646e-33,7,PAK1
9.185507897683402e-37,0.3851344289749812,0.619,0.469,1.687928931278302e-32,7,TMBIM6
7.432836240219954e-36,0.6162640038977846,0.288,0.172,1.3658579875028187e-31,7,STAG2
7.711182918310245e-36,0.3580343800351805,0.273,0.155,1.4170069730686907e-31,7,MID1IP1
9.961943708790473e-36,0.5631169899091055,0.319,0.197,1.8306067759273374e-31,7,ADIPOR1
1.734054911177464e-35,0.3281984063920833,0.408,0.263,3.1864993047797078e-31,7,APLP2
3.2844619694223946e-35,0.5707665401098534,0.306,0.188,6.035527315010592e-31,7,PJA2
3.642038655305621e-35,0.6419715133900504,0.304,0.185,6.692610232989608e-31,7,PAFAH1B1
3.6866870965554754e-35,0.38800294194451923,0.383,0.248,6.774656208630342e-31,7,NCOA4
6.365584843525226e-35,0.26815996274397236,0.35,0.213,1.1697398708461955e-30,7,NBN
8.490862114245832e-35,0.6740539885272233,0.281,0.169,1.5602808221138142e-30,7,CHORDC1
9.522594760173732e-35,0.5676591727317555,0.335,0.213,1.749872013129525e-30,7,PRPF38B
1.069229046177735e-34,0.30349034176006073,0.343,0.208,1.9648152952562058e-30,7,ATP6V1B2
1.6950006877941866e-34,0.25572789596776335,0.691,0.523,3.1147332638905972e-30,7,DDX3X
2.299157162835277e-34,0.5322117406234743,0.415,0.283,4.224931202426105e-30,7,RAB2A
2.7261978772893337e-34,0.42735330390866055,0.351,0.22,5.00966121930688e-30,7,STAT3
5.533821187915916e-34,0.6362300861092185,0.259,0.153,1.0168949814914287e-29,7,ABI1
6.759278747323744e-34,0.38064488688956843,0.342,0.21,1.2420850626082112e-29,7,USP15
6.7659011045300465e-34,0.39608278005145836,0.522,0.372,1.2433019869684414e-29,7,SUB1
1.0958649985068283e-33,0.35119144163519866,0.307,0.184,2.0137615212561476e-29,7,SEC14L1
4.280118740734556e-33,0.6326455563473051,0.286,0.175,7.86514619797382e-29,7,SUPT4H1
1.3366433287518383e-32,0.6578608465219673,0.276,0.167,2.456215780914378e-28,7,MKNK2
4.6717250436684103e-32,0.384913711136873,0.457,0.318,8.58476194024507e-28,7,GNB1
5.373353731277047e-32,0.4762546658985458,0.327,0.204,9.8740748165947e-28,7,TUBA1A
7.217063898997859e-32,0.3613757928667307,0.596,0.446,1.3262076620798467e-27,7,UBE2D3
9.030049065232615e-32,0.36193819269036553,0.403,0.268,1.6593618162271454e-27,7,UBE2R2
1.1219540110724012e-31,0.2870227451225811,0.345,0.216,2.0617026907466444e-27,7,NDEL1
2.5547215358486285e-31,0.4151179389035844,0.402,0.271,4.69455629427544e-27,7,MAPRE1
1.2321183332148229e-30,0.4411500385024021,0.347,0.227,2.2641406491155584e-26,7,RAP1A
1.770688108929305e-30,0.41859703069306264,0.392,0.264,3.253816468968491e-26,7,ARID4B
1.862070495375277e-30,0.5079295302798337,0.285,0.176,3.4217407423016094e-26,7,MED13L
1.4460155513055139e-29,0.6177864143290053,0.26,0.16,2.657198177079012e-25,7,RAD23B
6.156254658308418e-29,0.5348993452827168,0.264,0.162,1.1312733560107548e-24,7,YTHDC1
5.393292527840282e-28,0.5795610177237398,0.308,0.205,9.910714349159302e-24,7,MMADHC
6.746092089344582e-27,0.4862740108932484,0.619,0.494,1.2396618823379605e-22,7,BTG2
8.659542672205476e-27,0.48413180490326124,0.372,0.258,1.5912775614444783e-22,7,DNAJB6
1.7887310194320327e-26,0.4377835793633671,0.349,0.237,3.2869721213083033e-22,7,NUFIP2
5.734813047401647e-26,0.4488217030284194,0.325,0.219,1.0538292455905267e-21,7,ATP6AP2
5.76538662677381e-26,0.5089208406376464,0.255,0.16,1.0594474465359552e-21,7,CAPZA2
6.34299883850324e-26,0.5744303517519256,0.269,0.172,1.1655894665633555e-21,7,PNN
8.063490843293262e-26,0.4782656888654562,0.274,0.174,1.4817470773635697e-21,7,NIPBL
9.416547179078853e-26,0.475196539790563,0.277,0.179,1.73038470962753e-21,7,COX4I1
2.6013422432944115e-25,0.28193324681324805,0.582,0.443,4.780226506277811e-21,7,SRSF5
1.055792197339983e-24,0.4787884091072032,0.274,0.176,1.9401237418319527e-20,7,RB1CC1
1.2679882364328557e-24,0.44543193511425616,0.302,0.198,2.3300551832690156e-20,7,PICALM
2.773544379620844e-24,0.41935714054815143,0.299,0.198,5.0966651519912626e-20,7,LAMP1
4.7054507499846926e-24,0.27436213339451854,0.422,0.3,8.646736298171871e-20,7,GABARAPL1
1.787904597628358e-23,0.46372640434542034,0.257,0.165,3.285453488601871e-19,7,FAM120A
2.2556254020412424e-23,0.47875509106558,0.26,0.17,4.144937238790987e-19,7,CDV3
7.337634751837375e-23,0.2949212198203528,0.346,0.236,1.348363761997636e-18,7,IDS
9.646227128127911e-23,0.41065341175148573,0.356,0.249,1.772590697064785e-18,7,RSRP1
1.1993847734889422e-21,0.48188253679934234,0.302,0.207,2.2039894597632803e-17,7,ZNF207
1.1295373350222756e-20,0.31683753527079395,0.288,0.194,2.0756378068369335e-16,7,CPEB4
1.3285631673426292e-20,0.4124017566601653,0.29,0.2,2.4413676763088154e-16,7,UBL3
6.87538759419554e-20,0.26297611855354885,0.415,0.302,1.2634212243093725e-15,7,ZFP36L2
6.638110226600182e-19,0.38723698199814693,0.284,0.194,1.2198191352400496e-14,7,SKI
2.000764837507948e-18,0.2883567247932004,0.278,0.19,3.6766054654046054e-14,7,MIDN
1.749139528749724e-17,0.3490045241363202,0.292,0.207,3.2142187980304925e-13,7,TMBIM1
2.1274017295422152e-17,0.36095092055974987,0.267,0.184,3.9093134182067746e-13,7,GOLGB1
2.7605887990251487e-17,0.4466831321710284,0.296,0.213,5.072857977088613e-13,7,REEP5
8.363890130247634e-17,0.3708403176365658,0.334,0.247,1.5369484503343051e-12,7,RSL24D1
2.8138180772482804e-13,0.25138086420088834,0.503,0.408,5.17067209875144e-9,7,ZFAND5
3.292534753067115e-13,0.40955739639922384,0.312,0.239,6.050361862236131e-9,7,TERF2IP
5.94792261220895e-13,0.27612342188673167,0.271,0.201,1.0929902592195165e-8,7,PPP2CA
1.0928239541153345e-11,0.25055914317018235,0.364,0.287,2.0081732980823386e-7,7,TAF7
2.3143260094488914e-11,0.36011137499227597,0.256,0.194,4.252805474963283e-7,7,COX7A2L
9.430639691254918e-11,0.30448381638687616,0.281,0.217,1.7329743496650036e-6,7,CREG1
2.5304653555061795e-9,0.3181756005716213,0.263,0.204,4.6499831372781555e-5,7,TRIR
0,6.172611776592822,0.72,0.028,0,8,MS4A3
0,5.540274943399332,0.695,0.031,0,8,RNASE2
0,8.165538863590024,0.652,0.032,0,8,DEFA4
0,5.9082138444829075,0.691,0.075,0,8,MPO
0,8.091983871883624,0.662,0.061,0,8,DEFA3
0,5.329541537382495,0.62,0.036,0,8,CEACAM6
0,4.465411846736165,0.691,0.116,0,8,BPI
0,2.5689995000766865,0.891,0.354,0,8,SERPINB1
0,5.4139830538258105,0.553,0.017,0,8,RNASE3
0,3.371471032853506,0.649,0.115,0,8,CD24
0,3.3221643244096373,0.693,0.16,0,8,NUCB2
0,2.632784659225321,0.828,0.316,0,8,LRRC75A
0,8.095999442475259,0.527,0.019,0,8,CTSG
0,2.418744893807287,0.888,0.403,0,8,LYZ
0,3.0547571210277433,0.555,0.086,0,8,CEACAM8
0,3.8701074086323355,0.515,0.061,0,8,PLAC8
0,3.804827635488511,0.491,0.056,0,8,VAMP8
0,3.8923750432307296,0.476,0.044,0,8,SPN
0,2.8046233295100267,0.549,0.126,0,8,GPI
0,2.120112932336208,0.643,0.231,0,8,HDGF
0,5.803158768735308,0.416,0.053,0,8,ELANE
0,2.716677472150648,0.426,0.069,0,8,NKG7
0,2.9873231635582034,0.373,0.059,0,8,MIS18BP1
0,4.478892943523723,0.325,0.016,0,8,SLC2A5
0,4.2100955859879905,0.367,0.061,0,8,CST7
0,2.9896605333850257,0.358,0.057,0,8,ALAS1
0,3.7795918198847867,0.323,0.032,0,8,ATP8B4
0,5.142743293874258,0.302,0.014,0,8,SUCNR1
0,5.813992664670475,0.335,0.055,0,8,AZU1
0,4.668778624212177,0.283,0.013,0,8,MYB
0,3.2267768915687287,0.292,0.03,0,8,ABCA13
0,3.8218344128609,0.286,0.03,0,8,SERPINB10
0,2.818168460105662,0.286,0.042,0,8,ALDH2
0,3.6955313289526766,0.26,0.026,0,8,COL17A1
0,1.6496714982110792,0.992,0.758,0,8,MT-CO1
0,3.0556637302739995,0.266,0.034,0,8,MCU
0,1.5747433404470703,0.989,0.818,0,8,MT-CO3
0,1.3693769247629657,0.991,0.846,0,8,MT-CO2
3.657810661823066e-306,1.5841442031475113,0.396,0.083,6.721592872166066e-302,8,SLPI
2.0919597147695923e-305,2.4576561658538436,0.32,0.056,3.844185171860603e-301,8,STMN1
2.149753522329454e-298,2.6850661287188364,0.306,0.053,3.950387072632605e-294,8,RAB13
2.1764015530896033e-298,2.0337847887589406,0.498,0.131,3.9993554939574546e-294,8,ANXA3
3.0246905880057246e-296,1.0855877725545566,0.977,0.799,5.55817142451932e-292,8,MT-ATP6
3.443152293442418e-296,2.018157396559247,0.686,0.283,6.327136654429788e-292,8,ANP32B
7.588012009774501e-294,1.1363919734719001,0.973,0.804,1.3943730869161624e-289,8,MT-ND3
8.31110938971692e-292,2.6816551735342324,0.282,0.046,1.5272494614543813e-287,8,CLEC5A
1.739945799599731e-289,2.805982424661952,0.333,0.064,3.1973244013444657e-285,8,RAB32
3.2554194823148703e-280,1.9446794208274598,0.75,0.355,5.9821588407018054e-276,8,RPLP1
3.076480428835786e-278,2.3712146103016205,0.419,0.103,5.65334043602864e-274,8,UGCG
2.1923646357959595e-269,1.5853666321337632,0.888,0.504,4.028689254738655e-265,8,RPS24
3.8428640024864825e-266,2.530367518037907,0.442,0.121,7.061646890969161e-262,8,DUT
1.277506689702168e-263,2.4736784363732465,0.424,0.112,2.347546292996704e-259,8,FAM46A
6.312674070326712e-262,2.0916671722120994,0.594,0.214,1.1600169871632366e-257,8,HMGN1
6.809263149952814e-262,2.1620165560704634,0.597,0.223,1.2512701964353292e-257,8,MTDH
7.994130589127557e-259,0.9889789775698565,0.977,0.806,1.46900143705808e-254,8,MT-CYB
1.2765692914227603e-250,2.2151477816904053,0.451,0.13,2.345823729918464e-246,8,YWHAH
1.007861852576602e-249,2.7450351780894544,0.253,0.043,1.852046940294764e-245,8,CNTRL
6.370793260020976e-245,2.2967805438007627,0.435,0.119,1.1706969694614545e-240,8,CAT
5.750182128386643e-235,1.963880073472513,0.518,0.176,1.0566534679123295e-230,8,STOM
9.241765485139369e-233,1.6961127123053452,0.666,0.293,1.6982668255492102e-228,8,TKT
2.1640778149580853e-231,1.5751124289027982,0.601,0.218,3.9767093927669776e-227,8,EMB
2.537324615720424e-231,2.7170302330874074,0.255,0.047,4.662587713847851e-227,8,HMGN2
6.306827524910259e-227,1.2803694904966307,0.837,0.517,1.1589426259775092e-222,8,MT-ND6
4.1639859798942785e-225,2.249397999345285,0.368,0.095,7.651740636653726e-221,8,ANP32E
1.6603630251209128e-224,2.074918270962466,0.421,0.117,3.051083094962189e-220,8,SYK
3.756997554694989e-221,1.8679595202292814,0.601,0.244,6.903858706507512e-217,8,CANX
5.163584070377275e-216,1.0117339267260297,0.947,0.795,9.488602087725281e-212,8,MT-ND1
1.1342063120801629e-212,2.143195076197238,0.468,0.156,2.0842175190785073e-208,8,H2AFV
6.984503554460799e-206,1.7054969782994798,0.659,0.29,1.2834723731677163e-201,8,RPS19
8.718738534630212e-201,1.3054582707686273,0.897,0.542,1.6021553931236477e-196,8,RPL37
5.075409171917283e-195,1.619063140604422,0.676,0.319,9.326571894315198e-191,8,RPLP2
5.562258926075727e-192,2.646489222151617,0.257,0.055,1.0221207002556756e-187,8,VAT1
3.5910814167670784e-183,0.7235131979722285,0.983,0.874,6.598971211451184e-179,8,MT-ND4
7.117839390274623e-178,2.004947415931032,0.264,0.06,1.3079741663568648e-173,8,SMC4
2.029816696333289e-177,1.5833629644205338,0.354,0.098,3.729991161182051e-173,8,AIF1
5.697572997007523e-175,2.417552471040069,0.256,0.059,1.0469860139301023e-170,8,PSMB7
1.2166423726602824e-169,1.4088028654816709,0.769,0.406,2.235702024000535e-165,8,RPS17
9.78871399951092e-166,1.66588247919235,0.464,0.17,1.7987740845501267e-161,8,TPP1
1.4158401492921884e-163,1.529004126708688,0.435,0.151,2.6017478583393254e-159,8,CPNE3
1.687225842040627e-162,1.0003907053798833,0.828,0.462,3.1004462073338564e-158,8,PTMA
7.963550818761878e-162,1.212733507642909,0.827,0.489,1.463382098455683e-157,8,RPL27A
1.0724212649558649e-160,1.9601419919480816,0.372,0.12,1.9706813164828974e-156,8,ERP29
4.166434222989965e-158,1.8748024289543173,0.442,0.168,7.65623952816636e-154,8,TUBB
3.541179329648963e-155,1.5997986101906931,0.585,0.271,6.507271136162935e-151,8,RACK1
3.699584432426907e-154,1.4026981979026978,0.464,0.172,6.798356353027683e-150,8,TMEM123
5.727510071446198e-154,0.950265461022819,0.919,0.54,1.0524872507289533e-149,8,RPS8
2.773105408254922e-153,1.9294200242337243,0.267,0.068,5.0958584982092445e-149,8,SMC3
1.1443403067232526e-152,1.4128058109700157,0.617,0.31,2.102839747634649e-148,8,FAM107B
7.013642755677593e-152,1.9773941175125573,0.291,0.08,1.2888269927833146e-147,8,CS
2.8119573615697743e-151,1.6361392468949758,0.429,0.153,5.167252847620618e-147,8,CSTA
8.779658476876633e-151,0.7803931280499974,0.928,0.572,1.6133500417108501e-146,8,RPS20
5.6601632952949355e-149,1.753465698130987,0.389,0.134,1.0401116071433973e-144,8,PRDX5
1.222751194697691e-148,1.2036863673820877,0.727,0.378,2.246927595376477e-144,8,NAP1L1
3.7430177822519296e-146,0.960697447756309,0.953,0.594,6.878169476666146e-142,8,RPS6
7.653824002605395e-145,1.7328849050175144,0.404,0.144,1.4064666987187674e-140,8,GRK2
1.8300692918457989e-144,1.632070009113422,0.343,0.107,3.36293533069584e-140,8,TNFAIP8
7.915328104785274e-144,1.7408037990945342,0.327,0.1,1.4545206925353419e-139,8,EDEM3
1.063957574345978e-141,1.9411938619254618,0.293,0.085,1.955128438618169e-137,8,PTDSS1
2.1959192684166284e-138,1.4217116930004245,0.458,0.178,4.035221247642396e-134,8,PGD
3.9767116529711394e-138,1.2259402141477964,0.739,0.457,7.307605333499766e-134,8,GAPDH
5.467995439858903e-137,1.3365641359529745,0.574,0.267,1.004798842028472e-132,8,H2AFY
2.642481807679642e-134,0.9384178896602902,0.835,0.52,4.85582456979211e-130,8,RPS29
1.91929837411936e-132,1.7372121317697509,0.339,0.114,3.526902692281736e-128,8,FBXO9
4.450278163980679e-127,1.7033753935849372,0.342,0.118,8.177831154130896e-123,8,RAB5B
1.4758733349040226e-125,1.5965387599485563,0.561,0.275,2.712064840219632e-121,8,RPS14
8.390544161306998e-125,1.2175588608123413,0.51,0.227,1.541846395081774e-120,8,RAB31
2.446079521932919e-122,1.9681913203753827,0.318,0.109,4.494915729503932e-118,8,GSTP1
7.768658911058556e-122,1.101800435756589,0.772,0.451,1.4275687614961201e-117,8,RPL11
8.705262226538443e-120,1.4386281475513316,0.341,0.117,1.5996789867487043e-115,8,ARFGEF1
5.098343720591325e-119,0.7723891129285487,0.868,0.507,9.36871642095862e-115,8,RPS12
8.228883252631093e-119,0.6037916668998005,0.971,0.641,1.5121395865034896e-114,8,SRGN
3.2545622767364876e-115,1.072102529820568,0.46,0.202,5.98058363973097e-111,8,LTF
4.880176929985896e-115,0.7533966689652143,0.857,0.524,8.967813126542082e-111,8,RPL31
1.1844706038008974e-114,1.402100208857765,0.429,0.182,2.176583181544529e-110,8,GRN
1.1942377505507018e-110,1.1394900668563759,0.469,0.202,2.1945312904119697e-106,8,B4GALT5
2.434143498044558e-110,1.5325631794773102,0.389,0.157,4.47298209200668e-106,8,EIF3A
2.261413133517491e-109,0.9199516961624017,0.752,0.483,4.155572774151742e-105,8,HMGB2
3.2978671363392243e-107,1.4642595763771031,0.288,0.094,6.060160649736959e-103,8,LPCAT2
1.0925745013698013e-106,0.524831510043664,0.952,0.815,2.0077149037171468e-102,8,MT-ND2
1.3792806412652355e-106,2.0471081790139634,0.333,0.129,2.534566106388997e-102,8,P4HB
1.3367766881491428e-105,1.280299341876129,0.376,0.147,2.456460842142865e-101,8,GYG1
1.7532766464406415e-104,0.9407854078297455,0.69,0.407,3.221821165499323e-100,8,ARHGDIB
4.070273847054103e-104,0.8477410989362832,0.851,0.738,7.47953522134662e-100,8,TMSB4X
3.8539732056160666e-101,0.7497377893207391,0.848,0.517,7.082061162640084e-97,8,RPS13
2.2807224638236944e-100,1.45131677254107,0.338,0.129,4.191055599522421e-96,8,GSTO1
1.3489527447992475e-97,1.0020997644371605,0.736,0.439,2.4788355638430973e-93,8,RPL5
1.552969015655384e-95,0.7821054239384111,0.813,0.633,2.8537358631683335e-91,8,PABPC1
2.1195695496025978e-95,1.0524420524166151,0.652,0.365,3.894921004349734e-91,8,RPS4X
2.3284148857351938e-95,0.9170682115433468,0.701,0.403,4.2786951940269924e-91,8,RPS21
2.6283133992022456e-95,0.7179720591720997,0.866,0.537,4.8297887023740464e-91,8,RPL37A
2.8608707537523015e-95,1.4682366132012727,0.345,0.138,5.25713609709523e-91,8,PTBP1
2.0443334414856966e-94,1.1853396820023767,0.637,0.377,3.756667132074116e-90,8,RPS11
3.202882179053227e-94,1.243571797082654,0.48,0.236,5.88561629222821e-90,8,HNRNPA1
4.075325354588447e-94,0.6488245511045836,0.865,0.564,7.48881787159173e-90,8,RPL23
4.7000627755406716e-94,1.3724248457971489,0.273,0.094,8.636835356333537e-90,8,PHIP
7.679005983784876e-94,1.041118762894019,0.461,0.211,1.4110941395803087e-89,8,RAB27A
8.11122758453446e-94,1.09976360013281,0.626,0.357,1.4905191809340525e-89,8,RPS3
1.030745174184269e-93,1.3337973453026382,0.39,0.168,1.8940973320810124e-89,8,PNN
7.960969753794565e-92,0.8596345044734033,0.747,0.57,1.4629078019572894e-87,8,PFN1
1.2700800512969186e-91,1.353346537845449,0.442,0.215,2.3338991022632176e-87,8,DEK
1.4218119797869485e-91,0.8830900257637415,0.426,0.187,2.6127216940564967e-87,8,CYBB
7.799100382266347e-91,1.2582361872732744,0.487,0.246,1.433162686245264e-86,8,RPL8
7.195813838196057e-90,1.4183418688542506,0.489,0.248,1.3223027509069074e-85,8,RPS18
8.444277431730787e-90,1.5644150586829602,0.319,0.127,1.5517204208548496e-85,8,NONO
3.453361486325247e-89,1.3930838821405445,0.393,0.176,6.345897067271273e-85,8,COX4I1
6.951406805157863e-89,1.045378446666463,0.385,0.166,1.277390514515809e-84,8,LTA4H
3.3789938118132574e-87,1.2496674969375814,0.397,0.177,6.2092390285880414e-83,8,ACTN1
3.709154850902756e-87,1.617611675849567,0.295,0.113,6.815942954018904e-83,8,PDZD8
2.7099282164922035e-84,0.6251093877281892,0.879,0.592,4.9797640906260734e-80,8,RPL30
5.382061823367505e-83,1.1904648179428843,0.374,0.164,9.890076806620127e-79,8,PRPF40A
2.576398665450522e-82,1.6126661156263573,0.282,0.109,4.734390187631879e-78,8,SCP2
6.034088682608873e-82,1.4381138390788195,0.277,0.105,1.1088241363162065e-77,8,ADIPOR2
5.979785094729172e-81,1.0887759352826583,0.341,0.141,1.0988453090074326e-76,8,RCOR1
6.356586768429335e-81,0.953481795805342,0.384,0.166,1.1680863845665746e-76,8,CLEC12A
6.3016710182661555e-80,1.1635094577816516,0.257,0.093,1.1579950663165888e-75,8,CELF1
1.7362075223529722e-79,1.503002314278317,0.261,0.098,3.190454943075822e-75,8,RBM17
4.7675515724947035e-79,1.1022330138433125,0.302,0.118,8.760852769616268e-75,8,FRAT2
1.0128719120448068e-78,1.6701343115226572,0.258,0.098,1.861253425573537e-74,8,COX8A
2.1327537231764465e-77,1.3537498004592168,0.393,0.187,3.919148241709038e-73,8,HNRNPD
2.6842772976179258e-77,1.240201469986274,0.406,0.198,4.9326279621027e-73,8,HMGB1
1.1813792246160731e-76,1.021428768793411,0.33,0.139,2.170902463154496e-72,8,ADSS
2.686529836317869e-76,0.4349961068883941,0.886,0.593,4.936767227217716e-72,8,RPL34
4.591864941479424e-75,1.62194523474641,0.278,0.113,8.438011016462589e-71,8,ATP5A1
7.886582291683314e-74,1.0254634732744252,0.539,0.308,1.4492383619197258e-69,8,ENO1
1.2883672067325324e-73,0.818926184056473,0.686,0.421,2.367503579091702e-69,8,RPL15
4.872618882030197e-73,2.083522354176205,0.436,0.244,8.953924457618691e-69,8,CALR
1.647332659440049e-72,1.188152443803231,0.298,0.123,3.0271384949870338e-68,8,NSD3
2.124052712112424e-72,1.3654926624341528,0.338,0.153,3.90315926377779e-68,8,CITED2
3.092103213279837e-72,0.9250814269954379,0.426,0.208,5.6820488647230285e-68,8,GLRX
1.061838766113448e-71,0.8499479953933977,0.685,0.428,1.9512349166100717e-67,8,RPL38
1.3260693393137141e-70,0.6389800990624064,0.725,0.442,2.436785017922881e-66,8,RPL32
1.150057589595925e-69,1.0149690772846331,0.325,0.138,2.1133458266414717e-65,8,LYST
1.9787171323637456e-69,0.6626933574925458,0.78,0.676,3.636090602431619e-65,8,CFL1
4.3317479423759016e-69,1.2671790987566753,0.27,0.109,7.960020018909957e-65,8,ARGLU1
5.399633696027948e-69,1.1610112950665805,0.34,0.156,9.922366879820957e-65,8,HP1BP3
7.026894674625312e-69,1.0647257407016992,0.549,0.323,1.2912621654091473e-64,8,RPL19
1.3695712142525613e-68,0.7232721005248093,0.393,0.179,2.5167240633105067e-64,8,RFLNB
2.3479172749027894e-68,1.042362754210292,0.297,0.124,4.314532784361366e-64,8,RNF24
3.852695279508385e-68,0.4547865921586878,0.833,0.535,7.079712845624608e-64,8,RPS27A
2.0894398045449283e-67,0.9619102792094778,0.446,0.233,3.83955458483176e-63,8,KIF5B
7.813533332092118e-67,0.880166765940416,0.635,0.38,1.4358148851052476e-62,8,RPL10A
9.826854097622887e-67,0.8789883779226875,0.306,0.135,1.8057827089791818e-62,8,CAMP
3.416615284320781e-66,1.5402486411595258,0.306,0.138,6.278372246467867e-62,8,EIF3L
4.431411458490902e-66,0.9521782835551618,0.481,0.267,8.143161696122881e-62,8,PPIA
9.769290844612798e-66,1.3522220608476345,0.263,0.107,1.7952048856060476e-61,8,MBD4
1.4856822102069806e-65,1.3757924280398626,0.432,0.234,2.7300896294763477e-61,8,RPL29
3.5453924376657586e-65,1.0883457573264046,0.548,0.338,6.515013143454598e-61,8,RPL39
1.628071889573753e-64,1.4150574657257373,0.396,0.208,2.9917449042807286e-60,8,RPLP0
2.6227123582177096e-64,1.3015835883062896,0.303,0.134,4.8194962294608633e-60,8,HIPK1
6.537994151511898e-64,0.8546975411413729,0.551,0.315,1.2014218052818264e-59,8,HSP90B1
3.6909383496585315e-63,1.1411052792465504,0.505,0.317,6.782468311332518e-59,8,TUBA1B
1.7003295876450012e-62,1.007075592686162,0.35,0.169,3.1245256502564542e-58,8,CD47
3.6864880578203683e-62,1.0643282133349752,0.396,0.205,6.774290455050709e-58,8,ZNF207
4.394063596808672e-62,1.3379426935171448,0.296,0.133,8.074531265495615e-58,8,FXR1
9.929214000933103e-62,0.8507355948568764,0.629,0.399,1.824592364811467e-57,8,RPL27
1.1766935235622806e-61,1.1589312412574755,0.293,0.128,2.1622920188980467e-57,8,TAOK3
1.5670143391243987e-61,1.2422602565230854,0.277,0.12,2.8795455495749953e-57,8,SURF4
4.558198401607241e-61,0.8368611756048274,0.53,0.312,8.376145382793466e-57,8,BAZ1A
1.4898367235646453e-60,0.9012814647885032,0.298,0.129,2.737723963222392e-56,8,PTK2B
4.203047817671415e-60,1.094653622439364,0.523,0.313,7.723520669752993e-56,8,RPL7A
1.9331815754614672e-59,1.3252333666962768,0.328,0.159,3.552414463067992e-55,8,ARL8B
2.003625601698505e-59,0.6903982985850656,0.52,0.297,3.6818624056811734e-55,8,APMAP
2.1620347107533913e-59,0.38185355662289355,0.558,0.3,3.9729549844804316e-55,8,S100P
2.367915714452564e-59,0.5481362876266687,0.666,0.413,4.3512819168780314e-55,8,RAC2
4.342781071195881e-59,1.1809689056753478,0.264,0.112,7.980294496429552e-55,8,NUP50
7.186056979209545e-59,1.4431792685560256,0.298,0.138,1.320509830499546e-54,8,SLC25A6
3.4745922995529554e-57,1.5182748442826839,0.252,0.109,6.384910809658511e-53,8,DDOST
1.2377017552887015e-56,1.0209953782672565,0.254,0.106,2.274400745518518e-52,8,SLC36A4
1.967445993822859e-56,0.9790326975068611,0.345,0.17,3.6153787582488855e-52,8,LUC7L3
4.01123887351559e-55,1.1562679614472526,0.379,0.202,7.371052553972248e-51,8,GDI2
4.181528152449785e-55,1.0855119121414822,0.405,0.221,7.683976132941725e-51,8,RPL36
1.2029987757256487e-54,1.0576973057759846,0.339,0.169,2.210630550273452e-50,8,SLTM
1.6665488309889844e-54,0.8721980500937603,0.565,0.349,3.062450131825358e-50,8,RPL4
1.6885985318421972e-54,1.0071356252751449,0.586,0.388,3.1029686621132214e-50,8,BTF3
3.955825552337319e-54,0.8809783219051832,0.341,0.167,7.269225034975058e-50,8,APP
1.0484758694595618e-53,0.9009890971531969,0.423,0.233,1.9266792577188907e-49,8,HNRNPF
1.2164202497696931e-53,0.9672419056293733,0.503,0.304,2.235293850976788e-49,8,RPL14
3.134259579181399e-53,0.901105431737603,0.422,0.233,5.759515402703739e-49,8,RBM25
3.3809061634202996e-53,0.5140139904921659,0.775,0.539,6.212753165901143e-49,8,EEF1A1
6.724482860250222e-53,1.1510971659877676,0.288,0.136,1.2356909703995808e-48,8,SEC63
1.1271174800478257e-52,1.003556722624684,0.424,0.243,2.0711910813358844e-48,8,UBA52
1.736486155079533e-52,1.232212775674461,0.273,0.126,3.1909669585741494e-48,8,NASP
2.3448107645882094e-52,1.0229883833062061,0.36,0.19,4.3088242610072933e-48,8,COX7A2L
4.381160418899992e-52,0.6149864743465145,0.646,0.446,8.050820385770625e-48,8,MT-ATP8
2.0093969740256617e-51,0.9923777041492114,0.445,0.262,3.692467879469556e-47,8,SEC11A
9.586916210446437e-51,1.1202973642674756,0.349,0.181,1.7616917228316374e-46,8,SLC25A5
1.4228065239247943e-50,1.0357356172091234,0.398,0.223,2.614549268364202e-46,8,CBX3
1.6847782086216399e-50,1.1289846982853857,0.269,0.124,3.0959484361631252e-46,8,PDCD6IP
1.986513412542018e-50,1.1328227967560158,0.3,0.149,3.650417046887213e-46,8,TSPO
3.2633705717952846e-50,0.5299141186108032,0.698,0.458,5.996769762731015e-46,8,RPL35A
3.868892919422294e-50,1.1291715461089928,0.38,0.21,7.109477628730408e-46,8,ATP5G2
1.5045087963195308e-49,0.9718141139663189,0.328,0.166,2.7646853641167698e-45,8,EIF2S2
2.200730348968643e-49,0.7124142125657189,0.28,0.128,4.044062089264778e-45,8,NCF4
4.481273117303379e-49,0.8939334679384721,0.467,0.278,8.234787480356689e-45,8,HNRNPH1
6.81595901633037e-49,1.2318703288325517,0.461,0.286,1.2525006288408688e-44,8,RPS2
9.529177741035718e-49,0.656599075377398,0.617,0.436,1.7510817016927237e-44,8,HSPH1
2.9253040769706143e-48,0.8619359174271595,0.523,0.33,5.375538771841201e-44,8,YBX1
4.271532656025794e-47,0.8949824424038535,0.429,0.25,7.849368408713e-43,8,SET
1.305129712707093e-46,0.9908413398404659,0.274,0.132,2.398306360070554e-42,8,HSPA4
1.8027422250171744e-46,0.8310322228512818,0.308,0.155,3.31271911269156e-42,8,CACYBP
2.0299347584398475e-46,0.6891846700417963,0.585,0.372,3.730208112109064e-42,8,RPS16
5.3683436248726276e-46,0.6506381402032999,0.618,0.41,9.864868245065941e-42,8,RPS15A
5.688999610993863e-46,1.0152275439586258,0.356,0.195,1.0454105685162323e-41,8,AP3S1
6.76283737360003e-46,0.9312517378717786,0.29,0.143,1.2427389957727417e-41,8,GNG5
1.396792658723125e-45,0.30702775613157396,0.697,0.506,2.5667461896696146e-41,8,ANXA1
3.966901555862884e-44,0.7472496958820893,0.514,0.332,7.289578299053636e-40,8,HSPD1
4.090790988727393e-44,0.9033236523828814,0.32,0.163,7.517237520885457e-40,8,ANXA11
1.0177065043555746e-43,1.4387944191088606,0.257,0.127,1.870137472403804e-39,8,RPSA
3.380327779869456e-43,0.4309761603094939,0.6,0.375,6.211690328288113e-39,8,GCA
3.688137370347746e-43,1.012805727473767,0.394,0.232,6.777321231751018e-39,8,RPL13A
1.8709425112479714e-42,0.9102458740950323,0.398,0.234,3.438043958669272e-38,8,ATP5L
1.0956474193284599e-40,0.9361412434587199,0.27,0.133,2.013361697757978e-36,8,GNAQ
2.079337233051331e-40,1.0689030621110986,0.265,0.134,3.820990099455126e-36,8,TBCA
7.647001523439314e-40,0.5901366044612066,0.293,0.146,1.4052129999472082e-35,8,BST1
8.014879493194755e-40,1.036214764762845,0.297,0.158,1.4728142556694683e-35,8,CLINT1
8.93302069881233e-40,0.7936774823958903,0.459,0.289,1.6415318836137539e-35,8,PKM
1.400786176002286e-39,0.9654290973358344,0.354,0.201,2.5740846770218006e-35,8,TRIR
1.4036867141235274e-39,0.5772305789126324,0.435,0.257,2.579414705873394e-35,8,PPP1R12A
1.589842509739092e-39,0.6219110738340845,0.624,0.446,2.921494595896556e-35,8,ACTR2
3.3584075128304806e-39,0.6579151792963263,0.455,0.28,6.171409645577292e-35,8,KPNB1
9.628667885771878e-39,0.655419782843083,0.655,0.519,1.7693640106894402e-34,8,OAZ1
1.6641939221278114e-38,0.7892473729263068,0.58,0.397,3.0581227513020664e-34,8,NACA
2.0343601964463214e-38,0.44766930881644784,0.6,0.404,3.73834029698976e-34,8,RTN3
4.98725427578598e-37,0.8585446607316071,0.28,0.148,9.164578457184317e-33,8,NUCKS1
6.101926098024645e-37,0.7230043344370067,0.486,0.316,1.1212899397730089e-32,8,RPL26
7.728241937177822e-37,1.008501583275029,0.292,0.159,1.4201417383757967e-32,8,CCT4
1.0263377589183112e-36,0.8263200082605606,0.479,0.309,1.8859982657882886e-32,8,RPL13
1.2240733923340637e-36,0.7072908729773157,0.454,0.283,2.2493572657530755e-32,8,RAN
1.3272059820732914e-36,0.8116952229022996,0.348,0.195,2.4388737126578802e-32,8,MAPK14
1.766731368581409e-36,0.8370917302307559,0.36,0.212,3.246545562905197e-32,8,SRSF11
8.33385994017924e-36,0.5387317705740422,0.883,0.884,1.5314301026073372e-31,8,HSP90AA1
3.879841077237874e-35,0.9833541593455366,0.373,0.227,7.1295959635323175e-31,8,EEF1B2
7.541583889943171e-35,0.8826124701820663,0.261,0.137,1.3858414556159572e-30,8,HNRNPAB
1.4369008923116023e-34,0.5651301764187506,0.385,0.222,2.6404490797118006e-30,8,TALDO1
2.902134710864892e-34,0.5347853437374777,0.394,0.239,5.3329627446853256e-30,8,GSN
3.2837522648690497e-34,0.7652752915481997,0.512,0.354,6.0342231619233654e-30,8,H2AFZ
3.058897275490757e-33,0.40435075196246206,0.403,0.243,5.621029633441815e-29,8,CD59
1.7410541540944163e-32,0.2667667122969659,0.614,0.399,3.1993611135638995e-28,8,MNDA
2.816192311546352e-32,0.8237054396120117,0.336,0.197,5.175034991697576e-28,8,YY1
3.468755229378452e-32,0.8248989597067111,0.266,0.143,6.374184609505843e-28,8,MIER1
5.354328090292156e-32,1.0758815862957671,0.257,0.14,9.839113298720865e-28,8,SERBP1
1.0483836690969296e-31,0.8432062985384561,0.335,0.2,1.926509830332518e-27,8,RBMX
1.425990133124848e-31,0.5030269794587943,0.341,0.199,2.6203994686302204e-27,8,UGP2
1.5108788499459648e-31,0.8074045723905612,0.319,0.188,2.776390974660705e-27,8,KHDRBS1
4.171208597041054e-31,0.6721584876127678,0.487,0.329,7.665012917922642e-27,8,SERF2
5.108039661693331e-31,0.8882680847863017,0.284,0.16,9.386533682327666e-27,8,UQCRH
1.2279070438126747e-30,0.7185113687153695,0.383,0.235,2.256401983710171e-26,8,RPL10
1.988939118205142e-30,0.4574763080443103,0.306,0.17,3.6548745236137694e-26,8,FCN1
3.31164866583198e-30,0.7918781095209944,0.403,0.259,6.085485588332847e-26,8,JTB
7.725275248941018e-30,0.5495599986571398,0.373,0.225,1.4195965797454015e-25,8,PNPLA2
3.686791848118636e-29,0.6888867375114656,0.287,0.163,6.774848700102806e-25,8,MAX
5.180275326355271e-29,0.744988816224483,0.282,0.16,9.519273939710446e-25,8,HNRNPUL1
6.052921971916526e-29,0.6941936036394217,0.307,0.18,1.1122849415593808e-24,8,RSRC2
7.457717340878953e-29,0.7921515316505733,0.309,0.184,1.3704301385599164e-24,8,PNISR
1.6889422160733395e-28,0.5075610854822262,0.311,0.179,3.1036002162563687e-24,8,CCND3
3.295326212836403e-28,0.6484243158265666,0.436,0.284,6.0554914487081745e-24,8,NCL
3.5973073229020168e-28,0.5952627875532202,0.299,0.172,6.610411936564746e-24,8,SCAF11
5.710762409880634e-28,1.0348808938011218,0.33,0.207,1.0494097004396653e-23,8,RPL22
1.3872349647218788e-27,0.6565374180949894,0.419,0.27,2.5491829711729245e-23,8,MTPN
2.8178599377507935e-27,0.6857988759320959,0.273,0.156,5.178099421610858e-23,8,EIF4EBP2
4.3897000511353106e-27,0.43038999615686935,0.631,0.509,8.066512813966246e-23,8,CD63
1.026587096890756e-26,0.420841532089157,0.657,0.543,1.8864564492464532e-22,8,S100A8
1.0812522455781455e-26,0.5433996175364322,0.365,0.228,1.9869091264744003e-22,8,CD164
1.0867425607520909e-26,0.73924080002054815,0.348,0.219,1.9969981296380423e-22,8,ENSA
1.151957454814205e-26,0.6416450408689367,0.341,0.211,2.116837018966583e-22,8,ARF6
3.579151103889483e-26,0.7337903986451014,0.269,0.155,6.577048068507314e-22,8,N4BP2L2
4.570119837419046e-26,0.7316507785493556,0.367,0.238,8.398052213241239e-22,8,NUFIP2
5.352348807971419e-26,0.5527446723912776,0.276,0.158,9.83547616952828e-22,8,DNAJC3
5.942991521995083e-26,0.5742815268322542,0.275,0.157,1.0920841220818164e-21,8,BCLAF1
8.051247301539796e-26,0.48765178272874676,0.358,0.214,1.4794972041309528e-21,8,CELF2
1.3884201969068697e-25,0.4868319883863823,0.492,0.342,2.551360953836064e-21,8,DDX17
5.086585036161917e-25,0.5112019240456644,0.471,0.323,9.347108662451138e-21,8,ARPC3
9.901863921858394e-25,0.4141899800379618,0.403,0.257,1.8195665142806985e-20,8,RHOG
1.169129886875083e-24,0.7517964699788856,0.262,0.154,2.1483930801216525e-20,8,PABPC4
2.0062055741765638e-24,0.8134853613177022,0.345,0.219,3.6866033631068537e-20,8,EIF3E
3.33405275477109e-24,0.8790882562221914,0.26,0.154,6.126655342167355e-20,8,RPN2
4.157315506686413e-23,0.8123929632141973,0.313,0.2,7.639482975086953e-19,8,MFSD1
8.476545452575463e-23,0.7184337035120973,0.275,0.166,1.557649992365267e-18,8,HNRNPM
9.706076968057752e-23,1.0270504121926989,0.261,0.159,1.7835887036502926e-18,8,EIF4B
2.2892192928759386e-22,0.7953982588597173,0.373,0.25,4.2066693725888245e-18,8,RPL6
4.166623700876493e-22,0.3635449492097924,0.273,0.161,7.656587712730643e-18,8,BPTF
6.251785852707452e-22,1.0116696308796838,0.348,0.238,1.1488281682935214e-17,8,HINT1
7.152066002393654e-22,0.7146786604247849,0.265,0.16,1.314263648599858e-17,8,PCMT1
1.2825743653084299e-21,0.5486884653736535,0.277,0.167,2.3568586536907706e-17,8,RIOK3
2.3599575997384206e-21,0.9826768468997452,0.261,0.163,4.3366580852793215e-17,8,RPL28
3.759788248307191e-21,0.4110898356962642,0.528,0.369,6.908986885089293e-17,8,NPM1
6.81146657954331e-21,0.37637293409242956,0.566,0.427,1.2516750986568785e-16,8,YWHAB
1.0496462761078769e-20,0.5159743899061572,0.286,0.178,1.9288299969758346e-16,8,ENY2
1.2949547602803322e-20,0.3350882925209677,0.727,0.65,2.3796088674911384e-16,8,HNRNPA2B1
1.6272112848693176e-20,0.45320602135423926,0.334,0.215,2.990163457075858e-16,8,PRPF38B
6.483913276460495e-20,0.42552656806850964,0.639,0.519,1.1914839036823805e-15,8,ATP5E
2.306708324134275e-19,0.6190432714422491,0.328,0.216,4.2388072164291435e-15,8,CREG1
2.5164064683178976e-19,0.7241608143582284,0.261,0.162,4.6241485261809684e-15,8,ATP5G3
2.611709192784623e-19,0.5218353811509961,0.312,0.202,4.799276812661023e-15,8,TM9SF2
3.070254399989708e-19,0.3649213303230041,0.352,0.232,5.641899485421087e-15,8,SRRM2
4.495289797073559e-19,0.6787171634453237,0.333,0.224,8.260544531102372e-15,8,RPS9
2.2208071896188203e-18,0.8606046767845041,0.37,0.267,4.0809552916435444e-14,8,EEF2
2.6213276716619613e-18,0.4065678882340731,0.42,0.294,4.81695172944602e-14,8,SON
3.510080364138579e-18,0.52388726181842,0.424,0.305,6.450123677141053e-14,8,TPI1
3.53260212205691e-18,0.6945190924956306,0.347,0.236,6.491509659491777e-14,8,MATR3
5.235286983167457e-18,0.48590801460350985,0.281,0.178,9.620363360268518e-14,8,QSOX1
5.3699876300729696e-18,0.4967368424371582,0.261,0.161,9.867889269022089e-14,8,HSD17B11
5.6113107920598095e-18,0.5890954716262486,0.44,0.315,1.0311344711489106e-13,8,RPS5
6.7201021133166565e-18,0.8041226691469561,0.343,0.24,1.234885964343069e-13,8,RPL12
6.722557649585318e-18,0.6309243412988546,0.326,0.221,1.235337193687798e-13,8,ATP6AP2
1.6569500692090347e-17,0.764872060939918,0.299,0.203,3.044811447178522e-13,8,RPS28
1.711420580136619e-17,0.4958019561230256,0.415,0.301,3.1449064580590513e-13,8,SNX3
1.7377147272565775e-17,0.26652920106682054,0.278,0.173,3.193224582806687e-13,8,ELOVL5
6.211534594168088e-17,0.7486741583224257,0.261,0.17,1.1414315970243278e-12,8,COX6B1
7.419866069492026e-17,0.4433035310693203,0.275,0.175,1.3634745889298549e-12,8,PCBP2
9.540643644016031e-17,0.2722676768469263,0.501,0.353,1.753188676024386e-12,8,RPS23
1.200528019637536e-16,0.5564376113091041,0.374,0.263,2.206090288885936e-12,8,PTGES3
2.0773084822910915e-16,0.5303693686767171,0.267,0.174,3.8172620670581095e-12,8,EWSR1
2.7243961583470636e-16,0.471967442737927,0.464,0.339,5.006350380578564e-12,8,RPS25
3.553919317027018e-16,0.3496327517573209,0.261,0.163,6.530682136968849e-12,8,ACAP2
3.588848114452052e-16,0.3985550637617292,0.584,0.474,6.594867295117091e-12,8,SFPQ
1.1307328587609374e-15,0.5232336092099139,0.414,0.3,2.0778347012590985e-11,8,EEF1D
3.706854484260243e-15,0.5614062536097273,0.315,0.215,6.811715800276623e-11,8,RBM3
6.182293150934231e-15,0.34429117363821127,0.298,0.197,1.1360581894156744e-10,8,NPC2
2.72410878768553e-14,0.2697732404101185,0.395,0.278,5.00582230825093e-10,8,PRR13
3.290971580905858e-14,0.48228783969210176,0.428,0.321,6.047489377072605e-10,8,HNRNPDL
1.4370575060377305e-13,0.4096087275656395,0.257,0.172,2.6407368730949335e-9,8,CHORDC1
4.765379879649816e-13,0.38984469387756016,0.351,0.251,8.756862066844501e-9,8,RSRP1
5.203263225478791e-13,0.27332268213436994,0.251,0.166,9.561516503139827e-9,8,PPIG
6.445193603286983e-13,0.4196238728035897,0.322,0.225,1.1843687765400161e-8,8,TMEM258
7.582839412094859e-13,0.5195496262134454,0.321,0.231,1.3934225703665514e-8,8,COX6C
8.931406803525392e-13,0.2757162535084998,0.38,0.271,1.641235314215826e-8,8,FKBP1A
1.2878590782301766e-12,0.29327489590067124,0.285,0.195,2.3665698421557724e-8,8,WASF2
1.4852250266914917e-12,0.3400801713134396,0.312,0.219,2.729249509048285e-8,8,NORAD
2.992050085760814e-12,0.5073430712513813,0.319,0.23,5.498191237594072e-8,8,XRCC5
3.6208200709629026e-12,0.5671468493117553,0.333,0.243,6.65361896240143e-8,8,COX7C
1.0088910986110478e-11,0.5102664715691851,0.418,0.322,1.8539382828076615e-7,8,PFDN5
1.4934335029774977e-10,0.3521064360732864,0.353,0.258,2.74433340507145e-6,8,AC112491.1
1.7717865393041101e-10,0.5771853483652734,0.276,0.2,3.2558349446252327e-6,8,NDUFS5
1.8578370865848832e-10,0.6760989610370205,0.332,0.25,3.4139614303083813e-6,8,RPS7
2.4750772854766236e-10,0.4264511679069305,0.381,0.288,4.548202019791843e-6,8,HNRNPA3
1.1275711828649998e-9,0.4186390185530422,0.345,0.259,2.0720248056327237e-5,8,COMMD6
2.0808389103324517e-9,0.42328200300369745,0.325,0.246,3.823749581626913e-5,8,SRP14
2.6225365992579574e-9,0.3697350710189995,0.425,0.334,4.8191732547964224e-5,8,UQCRB
5.985774837232336e-9,0.38017429854354334,0.251,0.18,1.099945984089814e-4,8,ZNF90
9.813743085669974e-8,0.5013469730916358,0.291,0.223,0.0018033734294227144,8,RPL36AL
1.2702972925064252e-6,0.35679359945509104,0.393,0.324,0.02334298304709807,8,SLC25A3
2.543361807435769e-6,0.372859176002315,0.494,0.411,0.04673681657343969,8,HNRNPK
2.954280154581226e-6,0.5294616774547498,0.304,0.242,0.05428785212058461,8,PDIA3
3.6389651882222493e-6,0.2636422539967733,0.29,0.226,0.06686962429877205,8,CHCHD2
7.066843016703994e-6,0.4849729144553745,0.313,0.256,0.1298603072749526,8,NBEAL1
9.893259470123023e-6,0.2574843446082007,0.329,0.267,0.18179853602298068,8,DDX21
1.5815349907926273e-5,0.3213993817324221,0.536,0.475,0.2906228699080532,8,TMBIM6
1.1138236476732191e-4,0.2878030793067825,0.385,0.325,1,8,MBNL1
0,3.882299021594165,0.565,0.053,0,9,HLA-DRA
0,3.056490443573253,0.654,0.149,0,9,CD74
0,6.356860737035738,0.48,0.019,0,9,EREG
0,4.896959127718103,0.385,0.028,0,9,AREG
0,3.678865066253576,0.442,0.092,0,9,CXCL2
0,3.0235772254932027,0.405,0.082,0,9,SERPINB9
0,5.049170293088945,0.312,0.03,0,9,CXCL3
0,3.021755015180232,0.306,0.036,0,9,HLA-DRB1
0,3.5482364167551244,0.309,0.042,0,9,CCL3
0,5.496470457540675,0.262,0.005,0,9,KYNU
0,2.887078525338321,0.278,0.038,0,9,MS4A6A
0,3.4412864612458467,0.253,0.023,0,9,NLRP3
0,1.4995535417054962,0.979,0.759,0,9,MT-CO1
0,1.3100061886386287,0.979,0.848,0,9,MT-CO2
1.5907608124012893e-294,3.723590669395559,0.261,0.037,2.923182068868609e-290,9,IL1A
2.6097130640961477e-273,2.541576852738797,0.76,0.41,4.795608726583081e-269,9,LYZ
1.6096493157140681e-257,1.1407111026702088,0.977,0.819,2.9578915825561715e-253,9,MT-CO3
1.439384006782368e-232,0.979978865579616,0.979,0.874,2.645012050863279e-228,9,MT-ND4
2.7778945770967748e-232,1.1171436374934594,0.952,0.808,5.1046590748730335e-228,9,MT-CYB
1.359156602434339e-224,1.0690614848934272,0.957,0.8,2.4975861726333413e-220,9,MT-ATP6
4.352717884892851e-203,3.4826225241232076,0.271,0.055,7.998554385279104e-199,9,CCL3L3
1.711937715800946e-192,2.80075994869153,0.341,0.091,3.145856746555818e-188,9,MPO
3.181154018987404e-190,0.968951854204466,0.937,0.806,5.845688625291254e-186,9,MT-ND3
4.479045600538903e-176,0.8931282721650966,0.95,0.815,8.230694195550287e-172,9,MT-ND2
7.75493492563269e-171,0.9798087638616604,0.916,0.797,1.425046841934263e-166,9,MT-ND1
1.771328778498341e-166,3.4438241504534512,0.259,0.06,3.2549937633685515e-162,9,THBS1
2.7083768835508224e-143,1.8584085811409436,0.334,0.099,4.976913361212991e-139,9,ZEB2
8.295692528470427e-142,1.2764242819356655,0.789,0.509,1.5244164590317257e-137,9,RPS24
9.35860544478535e-139,1.1772953504938295,0.762,0.522,1.719737336533756e-134,9,MT-ND6
8.147230489984213e-131,2.613203216776724,0.53,0.267,1.497135074839499e-126,9,IL1B
9.67502842126847e-130,1.867271883816879,0.593,0.33,1.777883222692294e-125,9,HSPD1
6.973258624336822e-125,2.1065460199705193,0.328,0.109,1.2814060048081344e-120,9,CCL20
2.8459622133121688e-123,0.9843946659051781,0.85,0.545,5.229740163182442e-119,9,RPS8
4.436619540374009e-120,1.7834018311071467,0.364,0.13,8.15273206739128e-116,9,NFKB1
7.771468663167946e-120,0.9428700742136193,0.822,0.618,1.4280850815437416e-115,9,MT-ND5
4.343943662350936e-109,1.2068488072949273,0.732,0.637,7.982430873936081e-105,9,PABPC1
2.7683151853538032e-108,1.4752181576322436,0.656,0.382,5.087055984606149e-104,9,NAP1L1
4.094097807865973e-100,2.150185623830712,0.349,0.137,7.523314131734512e-96,9,SLC25A6
1.6054196856682313e-97,1.7647537887020142,0.407,0.183,2.9501192143839416e-93,9,ATP1B3
3.1572213383686667e-96,1.9136665248999862,0.37,0.158,5.8017099313862616e-92,9,ARL8B
5.255835882077727e-94,0.8308040338913534,0.879,0.599,9.658124016906031e-90,9,RPS6
5.616348142034284e-94,0.8816628313888648,0.779,0.521,1.03206013458022e-89,9,RPS13
5.894579694994311e-92,1.4549443674975713,0.457,0.227,1.0831879647521546e-87,9,ATP2B1
1.319941035822299e-91,1.5773249134328315,0.407,0.188,2.425523647427057e-87,9,OLR1
2.2148172046681433e-91,1.1277132615335264,0.702,0.455,4.06994809529818e-87,9,RPL11
1.8910137902281901e-90,1.9322930322095222,0.33,0.131,3.4749269409233225e-86,9,GSTO1
3.137429620552966e-90,0.8839644183197342,0.805,0.687,5.7653406707281306e-86,9,HSP90AB1
7.142661980507095e-88,1.5158385415307558,0.558,0.329,1.3125355655379837e-83,9,YBX1
1.4458602150454221e-87,1.1724495996437088,0.619,0.372,2.6569127311674676e-83,9,RPS16
4.716977911963599e-87,0.9971827699234614,0.737,0.467,8.667918611024309e-83,9,PTMA
3.1028521261667472e-86,1.2953886666350298,0.639,0.436,5.701801067044015e-82,9,HSPH1
7.73135527310554e-86,0.921971161125704,0.78,0.548,1.420713844985874e-81,9,RPL37
1.2893625069305438e-85,1.6815307841132987,0.326,0.128,2.369332542735567e-81,9,IPO7
5.128494563132104e-81,1.9252844033133194,0.288,0.11,9.424121609211555e-77,9,TNFAIP8
1.6548171029796252e-79,1.1990024468997895,0.252,0.086,3.0408919084353594e-75,9,CD83
3.1992779320027873e-77,0.9755524214481834,0.892,0.884,5.878993127848322e-73,9,HSP90AA1
9.02639621829817e-74,1.5155698294865652,0.312,0.131,1.6586905690744717e-69,9,GCH1
1.260058882128123e-71,1.2466319428068915,0.272,0.102,2.3154842017986387e-67,9,AIF1
1.3316075590056266e-70,0.7493656193231493,0.772,0.512,2.4469620504287394e-66,9,RPS12
4.5481825126818365e-70,1.112943467240121,0.295,0.116,8.357740185304143e-66,9,ATP13A3
1.2878521923578824e-69,0.5608227711966576,0.847,0.576,2.3665571886768447e-65,9,RPS20
3.003217971178879e-69,1.5154228564106016,0.262,0.098,5.518713343838308e-65,9,BIRC3
3.5929717193516155e-68,0.693770547770419,0.787,0.569,6.602444831480529e-64,9,RPL23
5.352283891762007e-67,0.9847584007417669,0.257,0.095,9.835356879501863e-63,9,CD48
6.54061457357859e-65,1.149983947595918,0.569,0.369,1.2019033340408017e-60,9,SERPINB1
4.111677665777864e-64,1.4793068872796378,0.298,0.126,7.555618878633403e-60,9,AP1S2
3.83522134459498e-63,1.3346306881593994,0.562,0.381,7.0476027428277355e-59,9,RPS11
4.4064310378755904e-63,1.0276539516328538,0.635,0.412,8.097257675200185e-59,9,RPS17
1.8376971057650054e-62,1.2951019083595572,0.581,0.389,3.376952201553774e-58,9,BTF3
1.1773197521761943e-61,1.6271955513316538,0.252,0.101,2.1634427765989748e-57,9,CCDC88A
2.767420186093801e-61,1.5714263295417343,0.463,0.277,5.085411333965969e-57,9,RACK1
8.640286514103327e-61,1.01588075841152,0.387,0.189,1.5877390498316275e-56,9,AHNAK
3.7445641184633243e-60,1.4169895375077304,0.315,0.143,6.881011024088205e-56,9,SLC7A5
7.268235207355681e-60,0.920812979255635,0.692,0.496,1.33561090170368e-55,9,RPL27A
3.094776087250662e-59,0.6076641979591653,0.781,0.541,5.686960537931816e-55,9,RPL37A
3.096277747864515e-59,1.1415447714456692,0.262,0.106,5.689719989475833e-55,9,PMAIP1
2.14815052289704e-57,0.9403483795147842,0.278,0.119,3.9474414008756006e-53,9,VCAN
2.365002181173758e-57,1.1186582650793295,0.314,0.142,4.345928008124898e-53,9,PIM3
8.891606087264608e-57,1.986681227211144,0.3,0.141,1.6339215345957445e-52,9,LDHB
1.0422006865263108e-56,1.1318558122811089,0.555,0.361,1.9151479815607486e-52,9,RPS3
1.7480747078475737e-54,1.1185162202374044,0.49,0.298,3.2122620831407015e-50,9,RPS19
3.1893643435887003e-52,0.6133668581026299,0.78,0.597,5.860775917778596e-48,9,RPL30
3.5062946163837644e-52,0.8659750592199775,0.652,0.444,6.443166987066805e-48,9,RPL5
7.538673928990187e-52,1.3070085934686144,0.459,0.272,1.3853067211912366e-47,9,H2AFY
2.0366621516031902e-51,0.26103564225295184,0.435,0.238,3.7425703697860224e-47,9,PPIF
2.0310889164552085e-50,0.5881186604491742,0.742,0.53,3.732328992878091e-46,9,RPL31
6.755189297988432e-48,0.5859476046917957,0.719,0.526,1.2413335853983543e-43,9,RPS29
8.355940031597814e-48,1.2045225414693075,0.423,0.252,1.5354875402064145e-43,9,RPS18
1.0584888360938914e-47,1.3649288819948,0.316,0.162,1.945079085206135e-43,9,LIMS1
2.061652906565505e-47,1.190934376589782,0.433,0.263,3.788493381104772e-43,9,DDX21
2.195298913283907e-47,0.8935026179930521,0.602,0.408,4.034081283050508e-43,9,RPS21
3.19736277483597e-47,0.9486143597364283,0.581,0.383,5.875473835038578e-43,9,RPL10A
4.296215137111404e-47,1.4030434807806225,0.34,0.178,7.894724935955916e-43,9,TMEM123
4.094389986174706e-46,1.194997129319823,0.402,0.239,7.52385103859464e-42,9,CD44
3.3396124752153673e-44,1.3288018729912723,0.313,0.161,6.136871884455759e-40,9,EIF3A
3.8701550482342884e-43,1.577628778855141,0.334,0.182,7.111796916635328e-39,9,SLC25A5
7.0138648682030336e-43,1.4242609741831074,0.325,0.174,1.2888678081809894e-38,9,YWHAG
9.028396783342072e-42,1.2381724576910815,0.329,0.182,1.6590581929069392e-37,9,PRNP
1.4040346709001375e-41,0.9876396990222966,0.7,0.665,2.5800541112460926e-37,9,HSPA1A
6.088687697271112e-41,1.3895234419665974,0.318,0.17,1.1188572512505396e-36,9,CHORDC1
1.713348116390964e-40,1.0418918372874373,0.491,0.328,3.148448498680035e-36,9,RPLP2
1.980537326966186e-37,0.7913788850306367,0.576,0.449,3.639435392033063e-33,9,MT-ATP8
1.419460387563039e-36,1.0500034905203317,0.384,0.232,2.6084004081858406e-32,9,CYCS
1.4611017162360695e-36,0.733498275166153,0.405,0.257,2.684920513755401e-32,9,CTSB
2.7544886520311717e-36,0.9770960771950441,0.303,0.16,5.061648346972481e-32,9,MAP2K1
1.659052329608476e-35,1.2891160750611934,0.383,0.237,3.0486745608885354e-31,9,RPL29
8.371352321481958e-34,1.184128993987173,0.431,0.288,1.5383197025955248e-29,9,RPS2
3.8051038286036535e-33,0.9954975646349795,0.477,0.327,6.992258795442074e-29,9,RPL19
1.7680945122526953e-32,0.5324043139971417,0.761,0.778,3.2490504757155528e-28,9,VIM
5.524867549964914e-32,0.5160135221934956,0.294,0.154,1.0152496609815527e-27,9,STX11
1.9196843018648547e-31,1.0038754339233438,0.419,0.282,3.527611873106857e-27,9,RPS14
4.664046007311757e-31,1.026482453259189,0.336,0.2,8.570650943036085e-27,9,MFSD1
2.9701416981819937e-30,0.7538123566486647,0.576,0.434,5.457932384579232e-26,9,RPL38
4.5725645988551403e-29,0.5874257048247009,0.326,0.186,8.402544706856205e-25,9,TNFAIP2
1.1085593598361088e-28,0.9000814602923124,0.425,0.308,2.0370886796348336e-24,9,CDKN1A
5.746004690308619e-27,0.8543482847946304,0.478,0.384,1.0558858218911117e-22,9,ANXA5
8.05944380360663e-27,0.6306669826270803,0.298,0.171,1.4810033933507543e-22,9,DSE
1.2927377676970035e-26,0.6037247145037656,0.395,0.258,2.3755349219200136e-22,9,REL
1.3528895353346034e-26,1.2320591318039318,0.307,0.191,2.486069810130867e-22,9,DDIT4
2.3916419638673135e-26,0.910853922652648,0.498,0.366,4.3948812728025755e-22,9,RPLP1
6.358227694252007e-26,0.8004942367258243,0.563,0.465,1.1683879210957487e-21,9,GAPDH
1.0338809982149955e-25,0.5164414584210126,0.605,0.448,1.8998597223198756e-21,9,RPL32
1.4597114085677332e-25,0.49045606135602493,0.275,0.154,2.6823656843840666e-21,9,DUSP2
1.0832492631679703e-24,1.3059864338942138,0.405,0.295,1.9905788459974624e-20,9,ANP32B
2.33050023032028e-24,0.8459300746175404,0.298,0.178,4.282527223236547e-20,9,TPP1
3.1687142726643823e-24,1.1344975566344813,0.352,0.234,5.822829347448068e-20,9,RPL13A
5.609599233893255e-24,0.7855762950018983,0.481,0.353,1.0308199552202246e-19,9,RPL4
6.3338757541742574e-24,0.5051077747355057,0.407,0.263,1.1639130085870616e-19,9,ANXA2
1.4494345800746335e-23,0.8026898841955963,0.507,0.372,2.6634809843451466e-19,9,RPS4X
1.4859800483595066e-23,1.2008045302711003,0.26,0.154,2.730636936865429e-19,9,PABPC4
1.5957280928336984e-23,0.9857803036640185,0.33,0.212,2.932309943391204e-19,9,ARF6
3.144439875182294e-23,0.6381364204858428,0.676,0.652,5.778222714634984e-19,9,HNRNPA2B1
3.166963743465304e-23,1.0577663383008225,0.372,0.254,5.819612574991843e-19,9,CANX
1.7217914289173905e-22,0.8478161561647464,0.437,0.312,3.1639639297785968e-18,9,RPL13
1.9148329580324095e-22,0.2510672653453154,0.72,0.54,3.518697043680356e-18,9,RPS27A
4.920286258031413e-22,0.7236478786372086,0.28,0.169,9.041518027758525e-18,9,MAP3K8
6.022457541441844e-22,0.7962662897742002,0.251,0.147,1.1066867978153532e-17,9,ATP1A1
6.87375950326685e-22,0.7074888419518142,0.539,0.427,1.2631220463203163e-17,9,MT-ND4L
9.749191664096745e-22,1.0866637569996036,0.436,0.333,1.7915114601944178e-17,9,LRRC75A
3.1628043364819507e-21,1.0697136025491458,0.38,0.267,5.811969248719233e-17,9,EEF2
2.0947952674955327e-20,1.3242982131866365,0.349,0.248,3.8493957835497906e-16,9,CALR
4.412637299984107e-20,0.719410549660306,0.529,0.414,8.108662302450794e-16,9,RPS15A
5.0937277683750314e-20,0.7687379385729227,0.548,0.476,9.360234147165958e-16,9,SFPQ
5.354083906834799e-19,1.4957331114067274,0.267,0.176,9.838664587199627e-15,9,TUBB
6.1427015828269595e-19,0.7078073100317075,0.3,0.191,1.1287828428602821e-14,9,B4GALT1
8.031859053600121e-19,0.9411759467575815,0.354,0.252,1.4759344196895583e-14,9,RPL8
1.119100609444641e-18,0.6486125498000622,0.25,0.149,2.0564592799154726e-14,9,AKAP13
1.7366510898311286e-18,0.43066505064316285,0.595,0.463,3.191270042673682e-14,9,RPL35A
2.8057992305568606e-18,1.0140809969716666,0.303,0.202,5.155936666071287e-14,9,INSIG1
4.752038456266435e-18,0.5637190684718316,0.589,0.588,8.732345867235202e-14,9,PNRC1
4.950880693600118e-18,0.9426930255642652,0.392,0.286,9.097738362559576e-14,9,RAN
4.975916061302987e-18,0.6932943041316459,0.363,0.252,9.143743354250368e-14,9,NCOA4
1.4328771395839343e-17,0.6607596419113291,0.295,0.193,2.6330550316994376e-13,9,EZR
1.618922137508269e-17,0.5122829790404912,0.553,0.428,2.9749313198851953e-13,9,RPL15
2.3285245402008627e-17,1.0753462583129,0.263,0.167,4.2788966950731053e-13,9,HNRNPM
8.031942863902414e-17,0.7031075757520906,0.5,0.401,1.4759498206707076e-12,9,NACA
3.331068973857516e-16,0.9195071716112349,0.407,0.309,6.121172346360571e-12,9,RPL14
6.916755113055074e-16,0.7810218999517873,0.476,0.371,1.2710229195750003e-11,9,NPM1
1.1976620869420207e-14,0.6402811929948518,0.364,0.268,2.2008238509646573e-10,9,APLP2
2.1810875524872813e-14,0.6884138446977803,0.497,0.405,4.007966486450628e-10,9,RPL27
4.7425529617408806e-14,0.5883751057559408,0.32,0.232,8.714915322495042e-10,9,VEGFA
4.980588378039146e-14,1.0621591601078983,0.331,0.243,9.152329203484735e-10,9,HNRNPA1
7.137196569915309e-14,0.5577430241202812,0.463,0.355,1.3115312416876371e-9,9,RPS23
1.2633794994574033e-13,0.3108176855737934,0.638,0.545,2.3215861682029242e-9,9,EEF1A1
1.421201816200808e-13,1.100519903389746,0.297,0.213,2.611600457450605e-9,9,ATP5G2
3.5566741228595243e-13,0.35526340206248364,0.316,0.218,6.5357443681666615e-9,9,DNTTIP2
4.240087303862199e-13,0.9131804519345377,0.373,0.287,7.791584429577177e-9,9,NCL
4.958570763086105e-13,1.2005178968555388,0.389,0.323,9.111869634247027e-9,9,TUBA1B
1.2022317954836664e-12,1.1321374168512246,0.291,0.209,2.2092211473807855e-8,9,RPL22
1.3800496391105982e-12,0.7581679913709647,0.44,0.359,2.535979216829635e-8,9,HNRNPU
1.5385119608136671e-12,0.5325741762788425,0.35,0.256,2.8271695791911946e-8,9,TOP1
4.1612613796017224e-12,0.9746114243837899,0.271,0.19,7.646733911156124e-8,9,KHDRBS1
4.453844812436777e-12,0.60959040277876,0.401,0.32,8.184385227333821e-8,9,FAM107B
7.519826379750564e-12,0.3706861675733326,0.381,0.278,1.3818432955429637e-7,9,ITGB2
1.4968347176033886e-11,1.072713046977205,0.287,0.213,2.750583477067987e-7,9,RPLP0
1.6888152686214016e-11,0.7228408407822333,0.468,0.409,3.103366937618688e-7,9,HNRNPC
4.289560602261578e-11,0.6958750103904439,0.345,0.262,7.882496562715876e-7,9,DNAJB6
1.2189730238127582e-10,0.6186187595394985,0.404,0.323,2.2399848285583245e-6,9,PFDN5
1.3666749821863086e-10,0.9737766386751798,0.307,0.23,2.5114019472655607e-6,9,EEF1B2
1.3688085528764596e-10,1.2091660272293376,0.271,0.203,2.5153225967657823e-6,9,RBMX
2.865639901707351e-10,0.7303100287342619,0.256,0.18,5.265899883377429e-6,9,ZNF90
4.5019587017112435e-10,0.8302921220859412,0.317,0.245,8.272799310264581e-6,9,HDGF
5.438687909027554e-10,1.0286473773343827,0.292,0.221,9.994132901629034e-6,9,DEK
6.29935679686331e-10,0.5993726561825286,0.427,0.341,1.1575698049916019e-5,9,RPS25
9.549396342251753e-10,0.869647844774573,0.352,0.273,1.754797071852182e-5,9,PPIA
1.2230757368594164e-9,0.8585568610192564,0.327,0.251,2.2475239740528635e-5,9,RPS7
1.37354225044732e-9,0.9305218161148843,0.333,0.265,2.524021239421995e-5,9,PTGES3
1.4604670611202225e-9,0.9464185898592304,0.264,0.193,2.6837542715145208e-5,9,HNRNPD
2.227877171370219e-9,0.8019226686181169,0.361,0.286,4.093947090109914e-5,9,YWHAE
3.115489519102184e-9,0.903536789728359,0.294,0.222,5.725023540302173e-5,9,EIF3E
3.712069708499274e-9,0.5387792693173048,0.519,0.451,6.821299296338266e-5,9,ACTR2
6.075506006987339e-9,0.8890182107932534,0.305,0.236,1.1164349838439934e-4,9,TRA2B
6.6992174749714296e-9,0.5667836113959637,0.605,0.585,1.23104820320075e-4,9,HSPA8
9.124280361417121e-9,0.6485225650164743,0.389,0.315,1.6766777592140103e-4,9,ENO1
5.2181855584143514e-8,0.760787077047471,0.321,0.252,9.588937782142212e-4,9,RPL6
8.559298904496673e-8,0.4065326370964457,0.358,0.283,0.0015728567666903088,9,PRRC2C
3.940327367815564e-7,0.6590862598275915,0.323,0.255,0.007240745571097881,9,CSNK1A1
4.378479746934143e-7,0.5435806130918679,0.387,0.317,0.008045894382966181,9,RPS5
6.294483989057957e-7,0.6077523360978724,0.276,0.21,0.011566743778292901,9,ZNF207
7.994781274015742e-7,0.654475972446394,0.281,0.227,0.014691210069131327,9,RPL36
2.369226367552651e-6,0.5204356167215385,0.301,0.239,0.043536903730147514,9,RPL10
2.8783059267690993e-6,0.6092064242043462,0.383,0.319,0.052891749710308966,9,RPL7A
4.889252671322398e-6,0.5929335896818237,0.449,0.405,0.08984490708822039,9,SRSF2
5.254548480241811e-6,0.4772582753762966,0.275,0.218,0.09655758287292351,9,CHMP1B
7.409169796999933e-6,0.9230068190374132,0.304,0.256,0.13615090418967077,9,SET
1.0171122364366576e-5,0.8609058276500074,0.282,0.233,0.1869045445676002,9,COX6C
1.0418284773940375e-5,0.7697617766866492,0.273,0.217,0.19144640100592833,9,RBM3
1.3221686183738654e-5,0.5087078893724906,0.382,0.321,0.2429617053123815,9,RPL26
1.3281328987519912e-5,0.521383960023166,0.527,0.578,0.2440577014746659,9,PSAP
1.3567353359739366e-5,0.25167306522935085,0.322,0.259,0.2493136853385706,9,PPP1R15B
2.6679356803019472e-5,0.3222305263653613,0.314,0.256,0.4902598606122858,9,QKI
3.669716007441385e-5,1.0065769554906,0.279,0.241,0.674347013527429,9,HINT1
4.360864904792012e-5,0.8983724500935064,0.286,0.238,0.8013525349045801,9,MATR3
8.371825122011639e-5,0.6446370567609276,0.372,0.325,1,9,SLC25A3
1.207848985877874e-4,0.7261744756600791,0.255,0.207,1,9,GDI2
1.2475738928533872e-4,0.5031058226582246,0.323,0.282,1,9,WTAP
1.290769327352169e-4,0.6265609311251212,0.29,0.239,1,9,HNRNPF
1.9398786982573483e-4,0.25908454926470714,0.683,0.68,1,9,CFL1
5.333123082431369e-4,0.5587995179782428,0.329,0.285,1,9,HNRNPH1
9.507844980868854e-4,0.4195656354797437,0.269,0.223,1,9,ATP6AP2
9.74274252040782e-4,0.4175348902773546,0.309,0.26,1,9,PNRC2
0.0014262141150244239,0.3650342629342791,0.339,0.29,1,9,GRB2
0.0014368975306181032,0.5036132832306031,0.322,0.279,1,9,RAC1
0.002568458976265623,0.4415441803590272,0.399,0.362,1,9,LRRFIP1
0.002638434983947252,0.2807762035232795,0.43,0.391,1,9,TAGLN2
0.0027761396755193834,0.5086503835346106,0.256,0.219,1,9,CREG1
0.002920995027816046,0.41990097945382765,0.256,0.214,1,9,PPP1CB
0.0030215097012325537,0.5896051254192312,0.281,0.243,1,9,RPL12
0.004127669102655555,0.4189127574152256,0.341,0.298,1,9,SON
0.005660971104982383,0.6391368300082128,0.351,0.325,1,9,HNRNPDL
0.0066628053837325665,0.645988786115385,0.268,0.238,1,9,MTDH
0.006758159206203167,0.5569894201731489,0.303,0.263,1,9,SF3B1
0,4.324053119103592,0.985,0.195,0,10,HBB
0,6.8186493802618875,0.76,0.029,0,10,CA1
0,4.630699338106904,0.648,0.031,0,10,HBD
0,4.524208725866004,0.72,0.118,0,10,TFRC
0,5.968067163774263,0.573,0.02,0,10,CD36
0,6.350133790501703,0.551,0.016,0,10,CA2
0,5.964045246328013,0.549,0.017,0,10,AHSP
0,3.861623313383867,0.628,0.108,0,10,HBA1
0,4.8597431910878095,0.504,0.016,0,10,SLC4A1
0,5.8564684785138805,0.499,0.014,0,10,HEMGN
0,5.6829357962079285,0.496,0.035,0,10,PRDX2
0,5.773478538469966,0.436,0.011,0,10,RHAG
0,5.382329820273338,0.444,0.032,0,10,UROD
0,5.5653943369814,0.404,0.011,0,10,GYPA
0,5.329414906987024,0.397,0.028,0,10,ALAD
0,4.5640308635389175,0.387,0.04,0,10,HIST1H4C
0,5.121330585054539,0.351,0.017,0,10,CENPF
0,4.863918751471202,0.339,0.017,0,10,TOP2A
0,5.063537482649622,0.327,0.017,0,10,PRC1
0,4.842504711608977,0.314,0.019,0,10,FECH
0,4.852009571057739,0.304,0.018,0,10,MKI67
0,4.867157810704368,0.284,0.02,0,10,BLVRB
0,4.666466200575346,0.267,0.013,0,10,TPX2
0,5.511705598937082,0.26,0.009,0,10,ANK1
9.637387858377659e-297,3.7160368088589175,0.568,0.117,1.7709663928554787e-292,10,HBA2
4.0508294914699416e-296,4.5491965147684645,0.339,0.038,7.443804273525164e-292,10,UBAC1
5.595838629941848e-287,4.360490191089765,0.255,0.021,1.028291306638114e-282,10,NUSAP1
1.0077915350310449e-270,3.9301694682922252,0.412,0.062,1.851917724773048e-266,10,SMC4
7.563106329463801e-264,4.404848583395546,0.337,0.042,1.389796419102268e-259,10,TMEM56
1.5617991405918152e-249,1.721716514938299,0.995,0.763,2.8699621007515196e-245,10,MT-CO1
5.816724587423397e-215,1.6767877785852638,0.983,0.822,1.0688813101849234e-210,10,MT-CO3
2.348275991992056e-194,4.0899946428370955,0.285,0.04,4.315191962884602e-190,10,LMO2
9.872986934932502e-186,1.4200277959988705,0.992,0.85,1.8142600791631966e-181,10,MT-CO2
7.452258039257124e-160,2.5825033339561805,0.703,0.331,1.3694269372938892e-155,10,YBX1
3.528484625584169e-151,1.9972348891664886,0.816,0.487,6.483943347973469e-147,10,HMGB2
4.65221746250319e-146,3.09201030374469,0.514,0.173,8.548914809095862e-142,10,TUBB
6.239177976727197e-143,2.4982233916563934,0.664,0.319,1.1465113450033898e-138,10,TUBA1B
2.3027998667246047e-141,2.9977535294793873,0.444,0.126,4.2316250350931336e-137,10,CAT
4.0746079924267654e-141,3.4198752500882788,0.421,0.114,7.487499646883424e-137,10,ATPIF1
1.269810255157618e-137,3.5842953167558598,0.295,0.057,2.3334033248776386e-133,10,FAM210B
2.888922356332394e-135,1.1067661982703347,0.982,0.876,5.308683721996407e-131,10,MT-ND4
6.027694141851521e-135,3.532424814891951,0.295,0.059,1.1076490755066356e-130,10,UCP2
6.591090421278598e-131,1.203551541007072,0.975,0.81,1.211178775814155e-126,10,MT-CYB
3.1296958195081417e-130,1.3275357835416477,0.945,0.798,5.751129037928161e-126,10,MT-ND1
5.96880970857773e-119,2.4560148296822693,0.613,0.293,1.0968284720482437e-114,10,ANP32B
9.143155814004492e-118,1.4742817743130487,0.886,0.549,1.6801463123814654e-113,10,RPS8
7.0798809740647435e-106,3.243596987495367,0.384,0.118,1.3009989277941372e-101,10,METAP2
7.290415863978293e-106,1.0480294118597184,0.958,0.803,1.3396868191646511e-101,10,MT-ATP6
2.3654707927932983e-101,3.117633510983023,0.327,0.089,4.346789128836965e-97,10,H1F0
8.948128957661799e-94,3.3898968324285916,0.29,0.075,1.6443081772599323e-89,10,PCNA
1.338875264404862e-92,2.946184790469988,0.367,0.12,2.4603171858703744e-88,10,EIF2AK1
8.19207736391741e-91,2.7444188289011175,0.265,0.063,1.5053761363934633e-86,10,STMN1
5.0110515352558874e-89,1.3627178766328298,0.788,0.526,9.208308301186219e-85,10,MT-ND6
6.530941599261232e-89,3.5008009026285074,0.279,0.073,1.200125828280244e-84,10,TMEM14B
5.48406053310772e-88,2.9587965923935227,0.297,0.082,1.0077509635638747e-83,10,FBXO7
2.159810084641741e-87,1.2821978528238,0.821,0.516,3.9688670115376634e-83,10,RPS12
6.493732265773839e-86,2.773719725721196,0.255,0.062,1.1932882411586006e-81,10,SLC2A1
4.238022962828604e-85,2.1463041682721267,0.566,0.285,7.787790996493842e-81,10,RAN
1.1840074569678915e-84,1.8677873377201384,0.649,0.363,2.1757321029241974e-80,10,RPS3
7.13505940993314e-81,2.3330242324372508,0.503,0.243,1.311138517169314e-76,10,HDGF
3.110383427127533e-79,1.2529984126077074,0.761,0.471,5.715640585689555e-75,10,PTMA
1.218367742290036e-78,1.0160610659081453,0.891,0.603,2.2388725632321704e-74,10,RPS6
5.141541397316347e-76,1.124715630283906,0.836,0.545,9.44809647170852e-72,10,RPL37A
5.816583179656554e-76,2.540194299518741,0.456,0.202,1.0688553250936883e-71,10,HMGB1
6.490284207710697e-70,1.7126963627692229,0.631,0.376,1.1926546260089176e-65,10,RPS16
3.794216400902849e-69,0.7756014582516357,0.952,0.818,6.972252058299075e-65,10,MT-ND2
1.7502115456990918e-68,1.5057555149804154,0.669,0.41,3.216188736376651e-64,10,RPS21
1.2712618265482354e-64,3.016136765498969,0.262,0.08,2.3360707324650373e-60,10,PA2G4
9.288861596388529e-58,2.6319744609804765,0.331,0.131,1.706921206952356e-53,10,DUT
1.2958683610366128e-57,0.8964006299228702,0.835,0.582,2.3812877002408796e-53,10,RPS20
3.112937663697769e-57,0.9827764998449586,0.793,0.622,5.72033425081102e-53,10,MT-ND5
4.075937901262918e-57,2.326146165281541,0.374,0.162,7.489943487360738e-53,10,EIF3A
4.8880428221589167e-57,1.2151203262018901,0.746,0.553,8.982267489999225e-53,10,RPL37
2.9109631464997135e-52,2.4972167102616796,0.294,0.112,5.3491858780078737e-48,10,MGST3
2.075950595496298e-49,0.6493780417189683,0.927,0.808,3.814766814283997e-45,10,MT-ND3
6.604139358691744e-48,2.151279684939655,0.434,0.233,1.2135766485531948e-43,10,OAT
1.9752447548568753e-47,1.037033488176752,0.708,0.516,3.629709761524994e-43,10,RPS24
1.7663626635439706e-45,1.3943788265400223,0.608,0.417,3.2458680305284006e-41,10,RPS17
2.0338663143202084e-45,1.564026334717,0.548,0.354,3.737432739194815e-41,10,RPL4
4.87509339375698e-44,2.67813064826481,0.264,0.101,8.958471620367826e-40,10,CCT2
9.93932686139188e-43,2.010839327025252,0.411,0.22,1.8264507040493718e-38,10,DEK
3.994838053195376e-42,2.460282242479627,0.279,0.114,7.340914406551823e-38,10,HNRNPR
2.1065466414371447e-41,1.9067893997665275,0.394,0.206,3.870990108304897e-37,10,TFDP1
3.518299643646061e-39,1.3812937819974622,0.526,0.369,6.465227425164001e-35,10,SLC25A37
4.340750432508423e-39,1.8106152711270136,0.481,0.309,7.976562994777478e-35,10,RPL14
4.811696549874273e-39,2.1897964825523,0.25,0.098,8.841973580048963e-35,10,DNAJA4
2.204369672967173e-38,1.1416838970701515,0.634,0.461,4.050749711044477e-34,10,RPL11
1.8587029491351763e-37,2.7121357501114196,0.282,0.129,3.4155525393308e-33,10,PRDX3
1.665541092906151e-34,1.7196229458045502,0.424,0.252,3.060598312324343e-30,10,RPL8
3.5751726611691066e-34,2.052773895311956,0.309,0.15,6.56973728216435e-30,10,NUCKS1
3.3157816959106514e-33,2.428778533509539,0.29,0.139,6.093080444405413e-29,10,HNRNPAB
1.8517544081254906e-32,1.3552249880531422,0.536,0.385,3.4027839003714016e-28,10,RPS11
2.7386719231436514e-32,2.5873320790107788,0.255,0.117,5.0325835259687735e-28,10,ATP5A1
5.693881069946132e-32,1.2386069539449411,0.491,0.313,1.0463075854133013e-27,10,SOD1
2.135227513412961e-31,0.7256031049856349,0.716,0.527,3.923694078647657e-27,10,RPS13
2.439046593608766e-31,1.892474137540683,0.439,0.287,4.481992020415469e-27,10,NCL
6.376774599124786e-31,2.4252426641299007,0.269,0.13,1.1717961003351706e-26,10,NASP
6.383340563229423e-30,0.7864340979371329,0.683,0.53,1.1730026618990388e-25,10,RPS29
2.331622743478875e-29,0.9145300905888956,0.648,0.5,4.284589953416781e-25,10,RPL27A
1.5603921233709225e-27,1.751702218423579,0.419,0.281,2.8673765659064074e-23,10,RACK1
8.105439326139471e-26,1.416005114930822,0.516,0.394,1.4894555305713893e-21,10,BTF3
1.2782911160627625e-24,1.066049594890997,0.568,0.449,2.3489877548769323e-20,10,RPL5
6.5831345175056176e-24,0.33666769569023547,0.933,0.883,1.2097167989368324e-19,10,HSP90AA1
1.7738455573131124e-23,0.790542000012505,0.683,0.575,3.2596185961185756e-19,10,RPL23
4.704594348002011e-23,1.1830401572588594,0.449,0.302,8.645162573888496e-19,10,RPS19
6.707179785051419e-23,0.5434949301838463,0.751,0.601,1.2325113573010488e-18,10,RPL30
8.419498742579669e-23,2.123383829438938,0.25,0.13,1.5471670889364399e-18,10,RPSA
1.4431989835701957e-21,1.7212471505876865,0.402,0.291,2.6520224522085917e-17,10,RPS2
1.820197510090593e-21,1.209011596799011,0.461,0.332,3.344794944542474e-17,10,RPLP2
1.0098683471670018e-20,1.551368002384343,0.311,0.184,1.8557340747540825e-16,10,CKS2
1.9441309881892194e-20,0.5711333500856055,0.679,0.535,3.5725351038965094e-16,10,RPL31
9.854341318088679e-20,1.5617083347368486,0.362,0.24,1.810833760611976e-15,10,RPL29
5.280956176688703e-19,1.0236820227827526,0.524,0.43,9.70428507028316e-15,10,MT-ND4L
7.261203783440762e-18,0.9310709076743198,0.539,0.437,1.3343188072450743e-13,10,RPL38
1.156591252189362e-17,1.4174956728416097,0.379,0.256,2.1253520850231717e-13,10,RPS18
3.798002479786649e-17,1.00568475528339,0.491,0.389,6.979209356855946e-13,10,RPL10A
5.750887406159178e-17,1.9659366167518995,0.25,0.144,1.0567830697558104e-12,10,PTBP1
2.2742624612972343e-16,1.5236958338981033,0.362,0.255,4.179184698879798e-12,10,SET
2.6547773866480493e-15,2.0103690383399493,0.26,0.165,4.878418925704455e-11,10,ATP5G3
7.46309497341436e-15,1.599378567822304,0.316,0.216,1.371418332314623e-10,10,SRSF11
1.0982108439429934e-14,0.4725646801888477,0.669,0.544,2.0180722468296446e-10,10,RPS27A
1.9806983642523323e-14,1.2033751247562545,0.422,0.338,3.639731314150086e-10,10,HSPD1
2.1017323472314934e-14,1.2028119514340956,0.452,0.374,3.8621433612725923e-10,10,NPM1
2.045599880911954e-12,0.9396269060772489,0.481,0.417,3.758994341163807e-8,10,RPS15A
5.525574589013452e-12,1.1815164202523945,0.404,0.336,1.015379586477112e-7,10,LRRC75A
6.107576104147372e-12,1.4600382985409603,0.322,0.241,1.1223281848981211e-7,10,HINT1
2.41315424389423e-11,1.4381036328355428,0.312,0.232,4.434412238580037e-7,10,XRCC5
2.6864710976232365e-11,0.702450657017438,0.543,0.466,4.93665928899246e-7,10,RPL35A
4.609510042286847e-11,1.5258969732195284,0.295,0.214,8.47043565370631e-7,10,RPLP0
1.3724418479907154e-10,1.2689001087669554,0.317,0.233,2.5219991398677384e-6,10,COX6C
2.5070093233647026e-10,1.7144985817820513,0.254,0.176,4.606880332614977e-6,10,LUC7L3
3.73303836883381e-10,0.7736809688190469,0.499,0.453,6.859831306569009e-6,10,MT-ATP8
5.476814550770556e-10,0.6722781756610883,0.521,0.452,1.0064194418495973e-5,10,RPL32
8.537229879710103e-10,1.4712435399076613,0.306,0.229,1.5688013626955287e-5,10,CBX3
5.080617389642535e-9,1.0239812294482191,0.392,0.331,9.336142515207121e-5,10,RPL19
5.974098403042951e-9,1.212749588402349,0.311,0.24,1.0978003225431727e-4,10,RBM25
1.3193566793344013e-8,1.0179276889699778,0.379,0.319,2.424449833944896e-4,10,RPS5
1.967422870315583e-8,0.978548362364509,0.409,0.358,3.615336266491915e-4,10,RPS23
5.131716790326185e-8,1.5108439440138874,0.26,0.194,9.430042773903398e-4,10,HNRNPD
7.459108247191679e-8,1.3650053056850462,0.272,0.206,0.0013706857315039429,10,CLTC
1.0540423471314986e-7,1.3646839629994358,0.299,0.237,0.0019369082170888417,10,TRA2B
2.372008118997724e-7,0.9780589843737943,0.311,0.241,0.004358802119470218,10,LBR
3.224411531639732e-7,0.9981669486586933,0.346,0.286,0.005925178630541172,10,RPS14
4.321879625564472e-7,0.6174201105786774,0.613,0.653,0.007941885999937275,10,HNRNPA2B1
5.159816949193533e-7,1.580537538147009,0.297,0.245,0.009481679625838036,10,HNRNPA1
6.019039242301946e-7,1.4616826327782324,0.284,0.232,0.011060586511654057,10,EEF1B2
8.006227234661442e-7,1.5230514284092043,0.259,0.205,0.014712243166413865,10,RBMX
8.393004597823485e-7,1.2197080614137594,0.304,0.252,0.015422985248960436,10,CAST
1.1775035014984942e-6,1.1319334509212102,0.311,0.261,0.021637804343536328,10,RAD21
5.627868239536334e-6,0.8928321990738994,0.311,0.258,0.10341770676971968,10,TOP1
6.3212584462229e-6,0.32897665766512696,0.172,0.276,0.11615944520779202,10,CNBP
9.082256475953884e-6,1.1791907416333274,0.277,0.228,0.16689554500212855,10,RPL36
1.329877433955648e-5,0.4869135700353122,0.581,0.586,0.24437827726368988,10,HSPA8
1.9220151203337203e-5,0.876382205974465,0.377,0.343,0.35318949851252446,10,RPS25
4.2416767521289e-5,1.0215085233493837,0.414,0.406,0.7794505199712066,10,SRSF2
5.0590449440026315e-5,0.6372004408428125,0.511,0.524,0.9296500989099236,10,ATP5E
9.895545203122273e-5,0.7475238782735438,0.399,0.376,1,10,RPS4X
1.0391812219725826e-4,0.26650835771934633,0.179,0.266,1,10,SF3B1
3.138135725688418e-4,1.2016003312079262,0.336,0.321,1,10,RPL7A
4.242982478766463e-4,1.3262033131949125,0.264,0.238,1,10,RPL13A
5.209208924423289e-4,0.6317287531718376,0.29,0.251,1,10,CALR
7.777207264542428e-4,0.7987914475541322,0.259,0.217,1,10,USP15
8.213851771445761e-4,0.27535882288448565,0.202,0.282,1,10,RAC1
0.0012640250522408072,1.1295545054100333,0.307,0.289,1,10,YWHAE
0.0014027136733174243,0.302102591825419,0.264,0.363,1,10,H2AFZ
0.003402976964182892,0.967611748644319,0.301,0.279,1,10,H2AFY
0.003636839915792657,1.2341698733569684,0.262,0.244,1,10,ARL6IP1
0.0048650260375397,1.1267448055325953,0.292,0.276,1,10,PPIA
0.005793401126275469,0.3433239470452183,0.199,0.266,1,10,JTB
0.007624873783364928,1.0912246542689747,0.282,0.267,1,10,PTGES3
0.008156038332766066,0.4421654051760926,0.185,0.251,1,10,SRP14
0.009171066121900223,1.1822489662709477,0.267,0.253,1,10,RPS7
0,6.230833202711979,0.833,0.041,0,11,CCL3
0,4.994338031887998,0.809,0.062,0,11,HLA-DRA
0,5.259685386652091,0.956,0.254,0,11,CTSB
0,3.5511766563381197,0.772,0.096,0,11,CXCL2
0,4.7877140418414275,0.831,0.159,0,11,CD74
0,5.625054845639019,0.726,0.055,0,11,CCL3L3
0,4.646135348173757,0.688,0.032,0,11,CXCL3
0,6.317053156603986,0.668,0.027,0,11,SPP1
0,6.624104969877591,0.552,0.015,0,11,GPNMB
0,5.257922926122429,0.579,0.047,0,11,CCL4L2
0,5.972949323822563,0.55,0.042,0,11,LGMN
0,5.809243424198296,0.542,0.04,0,11,HLA-DRB1
0,4.227856564219671,0.569,0.076,0,11,CCL4
0,9.074638506471231,0.479,0.003,0,11,C1QC
0,4.911516216640887,0.465,0.038,0,11,HLA-DPB1
0,6.3651887201797015,0.443,0.017,0,11,CD163
0,7.701917514032492,0.429,0.006,0,11,RNASE1
0,4.5591727821101005,0.448,0.041,0,11,GPR183
0,9.331591255478475,0.395,0.002,0,11,MSR1
0,5.080026177583523,0.4,0.03,0,11,TNF
0,4.975911646947456,0.397,0.031,0,11,HLA-DPA1
0,4.348450506398244,0.385,0.028,0,11,RGS1
0,9.349329872489324,0.349,0.002,0,11,C1QA
0,8.514337005585492,0.349,0.003,0,11,C1QB
0,6.547678703105531,0.346,0.015,0,11,LIPA
0,5.726376963331083,0.322,0.012,0,11,HLA-DQA1
0,5.8928044345252175,0.324,0.014,0,11,MS4A7
0,5.969127613878757,0.322,0.015,0,11,CPM
0,8.56231189294793,0.308,0.002,0,11,APOC1
0,4.923503546483013,0.317,0.022,0,11,HLA-DQB1
0,7.947732135237281,0.281,0.003,0,11,MS4A4A
0,6.214795840021827,0.278,0.008,0,11,HLA-DMB
0,5.958500255742609,0.276,0.007,0,11,CD84
0,7.579577331746817,0.262,0.004,0,11,ACP5
2.1410488166715305e-286,4.691714583780036,0.472,0.057,3.934391305515604e-282,11,CTSZ
1.0915424974473918e-260,4.345336864188898,0.443,0.054,2.0058184933093272e-256,11,GPX1
4.57422249174809e-245,4.926031713777001,0.262,0.019,8.405591250836289e-241,11,CD68
3.23658843468423e-232,4.583485109657165,0.278,0.023,5.947554907575742e-228,11,CD4
3.706855778100365e-212,4.284877792122554,0.288,0.027,6.81171817783723e-208,11,CD36
5.058444235377152e-175,2.984342451168006,0.923,0.571,9.295397126929055e-171,11,PSAP
4.115307222245611e-163,3.89063709571194,0.322,0.043,7.562288551598535e-159,11,MS4A6A
7.668978110857145e-146,2.378388621558617,0.947,0.676,1.409251417651109e-141,11,FTL
7.577283289704671e-132,1.41853109436828,0.993,0.764,1.3924015773161303e-127,11,MT-CO1
2.2632425388385255e-127,3.139622511406973,0.593,0.196,4.1589344893696746e-123,11,NPC2
3.079055681941161e-125,3.616336581582726,0.305,0.049,5.658072721135078e-121,11,DAB2
3.5193439917680296e-123,3.13886925253854,0.407,0.088,6.467146519272931e-119,11,CD83
5.3774019629678024e-114,3.2230738118057225,0.354,0.07,9.881513847149634e-110,11,VAMP8
1.2032543157465114e-111,3.437476005963119,0.276,0.044,2.2111001306157893e-107,11,SAMHD1
1.61612837865736e-110,1.1876129209264024,0.988,0.851,2.969797508620765e-106,11,MT-CO2
6.717872847861639e-104,1.4155798431304465,0.959,0.74,1.2344763145230548e-99,11,TMSB4X
5.3048405501474773e-101,1.1655804551973752,0.985,0.823,9.748174994951004e-97,11,MT-CO3
1.2832814944312181e-98,1.2043832673155164,0.969,0.804,2.3581580741668064e-94,11,MT-ATP6
3.5805366920803716e-96,3.2986163408645965,0.567,0.221,6.579594225366891e-92,11,CSTB
2.257572922601033e-94,2.841456204460796,0.332,0.072,4.148516002571658e-90,11,PLIN2
1.6249036492286055e-93,2.234476194527311,0.627,0.264,2.9859229458224856e-89,11,ANXA2
9.338753147193148e-89,3.4130067734752987,0.378,0.1,1.7160892783282129e-84,11,CAPG
2.4286712202470913e-85,3.127272340114288,0.39,0.108,4.462926234326055e-81,11,CTSD
2.601142832401125e-84,3.191677450624297,0.252,0.047,4.779860068820307e-80,11,FCGR3A
1.2788545227234116e-83,3.209643275607275,0.385,0.108,2.3500230709565412e-79,11,CTSL
5.938841965471995e-80,1.1349717349801773,0.935,0.776,1.0913215995751338e-75,11,VIM
1.4642284329558573e-76,1.058252184453699,0.959,0.809,2.6906661683996833e-72,11,MT-ND3
1.8943387481683208e-75,2.997534494659242,0.356,0.099,3.4810368836341063e-71,11,PHLDA1
1.0645159555066159e-74,2.3313474082633987,0.334,0.085,1.9561545198389572e-70,11,A2M
2.4271621038681497e-74,2.5333990038465624,0.511,0.201,4.460153082068112e-70,11,MFSD1
1.0684916488726483e-68,2.6046318847536405,0.346,0.098,1.9634602539683785e-64,11,LGALS1
4.333041095138642e-67,2.923296700059214,0.274,0.066,7.962396316426768e-63,11,KCTD12
8.704622943502078e-65,2.0883208592927325,0.322,0.087,1.5995615120979419e-60,11,TGFBI
2.6759814465842432e-58,2.076900458043319,0.47,0.192,4.9173835062432053e-54,11,AHNAK
6.519993244229879e-58,0.8573586096951589,0.954,0.811,1.1981139585596826e-53,11,MT-CYB
4.6475111098481365e-55,1.3029412881643445,0.768,0.527,8.540266415456936e-51,11,MT-ND6
4.408805455996327e-54,0.7074446794586704,0.983,0.877,8.10162090593885e-50,11,MT-ND4
9.291060217780552e-53,1.5184027792969435,0.666,0.384,1.7073252256193544e-48,11,ANXA5
1.0304714668581019e-47,2.566207684090386,0.32,0.109,1.893594367498448e-43,11,TMSB10
4.820724386956511e-45,2.1114904376705637,0.31,0.104,8.858563133471285e-41,11,CCDC88A
3.3896986639570664e-43,2.25434843563675,0.38,0.159,6.228910264887505e-39,11,CST3
5.44930039243574e-41,2.7997596715591078,0.264,0.087,1.0013634401139916e-36,11,PEA15
6.281696092446406e-39,0.8607277379197171,0.55,0.273,1.1543244739479515e-34,11,IL1B
1.1825202703714939e-38,1.2096189752073658,0.32,0.114,2.1729992488346573e-34,11,CCL20
1.3410793413199683e-38,1.8763604164182588,0.375,0.156,2.4643673976095736e-34,11,DUSP2
8.410914865877517e-38,0.6954044537878916,0.935,0.819,1.5455897157536525e-33,11,MT-ND2
1.716804077460834e-36,1.932238277090752,0.293,0.106,3.1547991727420286e-32,11,AIF1
2.5804671529916765e-36,2.2363241224395787,0.293,0.109,4.7418664403375046e-32,11,PMAIP1
9.16367036110081e-35,2.13616785696993,0.424,0.218,1.683916065555885e-30,11,CREG1
2.676100730176166e-34,0.7187823546606875,0.908,0.8,4.917602701771722e-30,11,MT-ND1
2.5549709438741933e-33,2.2969731956315926,0.262,0.095,4.695014606463218e-29,11,ATP6AP1
2.411695623610649e-32,1.9494691335696162,0.378,0.18,4.431731877946928e-28,11,TPP1
1.4709330186309216e-27,2.2139309923117567,0.303,0.136,2.7029865150361813e-23,11,GSTO1
1.578061833721865e-25,1.1178020916437195,0.54,0.339,2.899846425647299e-21,11,FCER1G
1.2716207533094537e-24,0.7379273841213791,0.758,0.624,2.336730296281452e-20,11,MT-ND5
4.409557930294519e-24,1.8800739402669149,0.458,0.285,8.103003652709208e-20,11,LGALS3
8.036675752552785e-24,2.013337672038334,0.271,0.12,1.4768195362890998e-19,11,CD9
1.364932586657397e-23,1.5511431611052267,0.504,0.336,2.5082001212416326e-19,11,YBX1
9.198390069893163e-23,1.4986504555874531,0.361,0.189,1.6902961592435676e-18,11,ATP1B3
9.279016217546586e-23,2.0601831791658087,0.286,0.136,1.7051120201363606e-18,11,DBI
2.502215456859583e-22,1.8980576200235009,0.349,0.19,4.59807112352517e-18,11,GRN
2.542684917549474e-22,1.2347147839702832,0.617,0.513,4.672437804488913e-18,11,CD63
1.3867447355002699e-21,1.431657823520737,0.416,0.25,2.5482821259552958e-17,11,CALR
8.364634579968325e-21,1.1895422195991756,0.404,0.234,1.5370852504149794e-16,11,CD99
1.7463406441654295e-20,1.946854430877696,0.356,0.204,3.2090755677183935e-16,11,INSIG1
2.4847188306924483e-20,2.1199318725629035,0.278,0.138,4.565919323280443e-16,11,SNX10
2.4537064261112434e-18,0.8200797672730165,0.736,0.665,4.508930928622021e-14,11,HSPA1A
5.221014319743887e-18,1.3613707649992675,0.349,0.203,9.594135913961367e-14,11,JUN
8.521978895758212e-18,0.7276295832577091,0.738,0.679,1.5659988418845292e-13,11,CFL1
1.809101076284669e-17,0.5204011914145212,0.671,0.518,3.3244041377807077e-13,11,NFKBIA
3.3576020971545687e-17,0.7761447144482583,0.69,0.583,6.169929613731235e-13,11,IER3
5.433896217400267e-17,0.5241236841150774,0.356,0.196,9.985327689094732e-13,11,CXCL1
7.171878329521731e-17,1.5085094428744525,0.3,0.161,1.3179043618329133e-12,11,HMOX1
2.1534226068246327e-16,1.4575389551392237,0.383,0.244,3.957129382300945e-12,11,CD44
2.2111145837927273e-14,1.3965843853626412,0.412,0.288,4.0631441591775155e-10,11,ASAH1
2.4961350060874725e-14,1.7019630792308864,0.278,0.156,4.5868976871863396e-10,11,PABPC4
2.987394881326173e-14,0.998793917803551,0.436,0.295,5.489636833924975e-10,11,TYROBP
7.760054616384551e-13,0.5656185663908451,0.521,0.356,1.425987636306825e-8,11,TNFAIP3
6.33021279641175e-12,1.2431971644006534,0.431,0.324,1.1632399034686233e-7,11,TUBA1B
1.196849280247879e-11,1.0872832065271338,0.487,0.377,2.1993302373835025e-7,11,HSPA1B
2.430528330627467e-11,0.9119596796382041,0.341,0.217,4.4663388603610333e-7,11,S100A10
4.0409297483482015e-11,0.9241978369036015,0.259,0.146,7.425612505564655e-7,11,FCGR2A
7.237486746446773e-11,0.9099831846463307,0.564,0.484,1.3299605645270591e-6,11,KLF6
6.049694495109565e-10,0.9552429174660713,0.564,0.523,1.1116918604213337e-5,11,ATP5E
6.835322931133115e-10,1.2282953140877717,0.37,0.275,1.2560589418250212e-5,11,PPIA
1.278366135007142e-8,0.9945868869780723,0.397,0.311,2.349125609689124e-4,11,ID2
2.1904254683296357e-8,1.6028565442106801,0.252,0.165,4.025125840602539e-4,11,ATP5G3
3.548542904617312e-8,1.087472404827072,0.252,0.16,6.520802441524773e-4,11,PMP22
1.1228154927361605e-7,0.7318232276191501,0.511,0.453,0.0020632857494519686,11,MT-ATP8
1.6440657247526284e-07,0.777283761799271,0.402,0.311,0.00302113517580543,11,CDKN1A
3.2074900293331155e-7,0.515374624045803,0.392,0.299,0.005894083677902533,11,ZFP36L1
3.218283150987471e-7,1.3022279486199848,0.354,0.279,0.005913917118254577,11,RAC1
3.962959956596013e-7,1.2229892075125812,0.303,0.224,0.007282335216240833,11,ATP6AP2
5.469889821688821e-7,1.180118449600731,0.254,0.172,0.010051469536335378,11,PEBP1
3.1138307607888417e-6,1.0002873008795659,0.329,0.255,0.057219754060255756,11,NCOA4
4.819633080656144e-6,0.9086508719919271,0.293,0.215,0.0885655774901373,11,ATP6V1B2
6.372616394659155e-6,0.26792858303502864,0.291,0.196,0.11710319886825662,11,CYBB
9.336612759068836e-6,0.4589235887108951,0.508,0.443,0.17156959606064892,11,HSPH1
1.843740330381564e-5,0.94945062578162,0.344,0.278,0.3388057231109162,11,H2AFY
2.097049946498415e-5,0.6811436377015694,0.424,0.368,0.38535389816854876,11,PPP1R15A
2.296200089482501e-5,1.3063438794076614,0.266,0.203,0.4219497284433044,11,LAMP1
2.6980768526584564e-5,1.1614730478247368,0.305,0.244,0.49579860244451796,11,GSN
3.447656659288838e-5,0.6108720239242347,0.492,0.457,0.6335413877109168,11,S100A4
4.1791087373973975e-5,0.9857241654913844,0.332,0.271,0.7679530215841458,11,APLP2
5.223339568617259e-5,0.9215926088015556,0.3,0.234,0.9598408791291074,11,COX6C
6.431722476566436e-5,0.3975433189689368,0.542,0.492,1,11,S100A11
4.433817313567145e-4,0.8669869234140894,0.339,0.281,1,11,ITGB2
9.110148619756223e-4,0.3311604856994732,0.366,0.304,1,11,RPS19
9.859972696430448e-4,1.0952922837155776,0.257,0.212,1,11,TMBIM1
0.001867429556692814,0.9679803512634795,0.361,0.341,1,11,TXN
0.0020855556281720923,0.5676896608797541,0.252,0.201,1,11,GADD45B
0.0044253316796092545,0.566135166175973,0.47,0.477,1,11,DNAJB1
0.004876996714473752,0.5950885589524633,0.329,0.29,1,11,NCL
0.005211963041912815,0.5649574179605064,0.453,0.423,1,11,ARPC5
0.005871039269687351,0.4846241859265743,0.455,0.425,1,11,GLUL
0.006132487328877589,0.7814810122147144,0.356,0.326,1,11,PFDN5
0.006512356841789273,0.43935255833207254,0.448,0.431,1,11,MT-ND4L
0.0067285018501946885,0.5132764552527429,0.368,0.324,1,11,LAPTM5
0.009468068613699837,0.6645159209523672,0.281,0.238,1,11,RAB31
0,4.4449384104619964,0.967,0.159,0,12,CD74
0,4.608542095967001,0.801,0.064,0,12,HLA-DRA
0,9.398373554677447,0.474,0.002,0,12,CD79A
0,3.539545835298558,0.508,0.041,0,12,HLA-DRB1
0,3.7224591077631555,0.492,0.039,0,12,HLA-DPB1
0,9.69924343947166,0.495,0.046,0,12,IGKC
0,3.973358541324807,0.477,0.031,0,12,HLA-DPA1
0,9.494657342470132,0.369,0.001,0,12,IGHM
0,8.190581952170032,0.369,0.001,0,12,SPIB
0,9.310006445575361,0.347,0.001,0,12,MS4A1
0,4.841996462208052,0.353,0.012,0,12,HLA-DQA1
0,6.027622637611534,0.32,0.006,0,12,IRF4
0,5.1351254491812615,0.317,0.009,0,12,SEL1L3
0,5.977500865904229,0.302,0.011,0,12,BANK1
0,7.916216266326827,0.287,0.001,0,12,FAM129C
0,6.008072257535931,0.293,0.008,0,12,BACH2
0,4.5862266458334915,0.284,0.013,0,12,IRF8
0,10.120952226105075,0.269,0.004,0,12,JCHAIN
8.34316866328086e-306,4.221356569049193,0.254,0.011,1.533140673564491e-301,12,HLA-DMA
2.177653574946143e-277,4.4023357037819535,0.402,0.033,4.001656209321032e-273,12,CD69
2.0140768360731545e-256,4.031957726832653,0.314,0.022,3.701067593968029e-252,12,ZHX2
2.851549512741179e-250,3.4393071173717606,0.846,0.19,5.24000738461319e-246,12,EZR
4.489603864879698e-220,3.4957091049855507,0.616,0.099,8.250096062102933e-216,12,BIRC3
1.649486898682947e-197,3.7168023304923916,0.317,0.029,3.031097125019784e-193,12,RALGPS2
2.0368954828538654e-169,3.678172427671708,0.263,0.023,3.742999139292263e-165,12,HLA-DQB1
1.3627129854410794e-164,3.208189076978149,0.314,0.033,2.5041213820465276e-160,12,SH2B3
1.420315752358872e-160,3.4409880657197864,0.281,0.027,2.609972226534663e-156,12,CXXC5
6.822090408278246e-159,3.2852443017801956,0.381,0.05,1.2536273334252106e-154,12,ZNF331
3.820000185468524e-155,3.4705519472362534,0.266,0.025,7.01963234081696e-151,12,MEF2C
4.087202961241664e-127,1.9486171597498259,0.912,0.363,7.510644161577682e-123,12,CXCR4
1.368546638900302e-123,3.3928868210842422,0.251,0.028,2.514841303643195e-119,12,ZBTB10
2.3149677214217287e-122,3.476341127765549,0.447,0.088,4.253984684884569e-118,12,CD83
3.0774635115896975e-121,3.1169226106304695,0.293,0.038,5.655146948897228e-117,12,PPM1K
1.2122560446312505e-112,2.8180289671920753,0.414,0.08,2.2276417076143858e-108,12,FYTTD1
1.598995875874862e-112,1.3995602084973662,1,0.818,2.9383148215076463e-108,12,MT-ND2
6.484648074998872e-111,1.265644676954368,1,0.877,1.1916189302617928e-106,12,MT-ND4
1.486632891334891e-105,1.7902213299132574,0.958,0.472,2.7318366011169954e-101,12,PTMA
5.70894924057385e-100,1.2208528150156717,1,0.811,1.0490765124478507e-95,12,MT-CYB
3.411616717704747e-99,2.725870005373081,0.269,0.038,6.269186880454243e-95,12,BCL2L11
3.759297972003675e-96,1.169070547007121,0.997,0.851,6.908085953353952e-92,12,MT-CO2
8.883050423302504e-96,1.2086869728544531,0.994,0.804,1.632349345786068e-91,12,MT-ATP6
4.059690577199669e-93,2.4881300463634735,0.257,0.037,7.460087404662111e-89,12,TGIF2
5.260082664721473e-93,2.4411638719256783,0.341,0.063,9.665927904692179e-89,12,TCF4
2.540949357186186e-91,1.8599084180460808,0.84,0.383,4.669248538765336e-87,12,RPS11
1.0837807424347072e-89,1.5733100372756335,0.894,0.449,1.991555492298018e-85,12,MT-ATP8
4.71137137639782e-87,1.2163277362158214,0.994,0.765,8.657616041268634e-83,12,MT-CO1
5.470563033311569e-87,1.0871776012835452,1,0.809,1.0052706630013339e-82,12,MT-ND3
2.331883688793081e-84,2.593062857633293,0.574,0.18,4.285069466526166e-80,12,TMEM123
1.427888811695064e-81,1.4000904753814818,0.943,0.526,2.62388848037085e-77,12,MT-ND6
3.5225508579128437e-81,1.9665742656693743,0.329,0.064,6.473039456500642e-77,12,STMN1
5.364560519102355e-80,3.7745257433737724,0.26,0.044,9.857916409902487e-76,12,GPR183
3.3179727838199394e-75,1.2226844752721417,0.958,0.622,6.097106787547521e-71,12,MT-ND5
9.757678235192604e-75,1.3635863548776475,0.9,0.46,1.793070952498993e-70,12,RPL11
1.5021831011203487e-74,1.052476434302199,0.994,0.799,2.760411666618753e-70,12,MT-ND1
1.1322770523331226e-72,1.358431793236432,0.846,0.387,2.080672311367346e-68,12,NAP1L1
3.254598172294098e-71,1.473555381846345,0.846,0.427,5.980649601407635e-67,12,MT-ND4L
1.4299052160599963e-68,2.1239629979531034,0.644,0.259,2.627593825031849e-64,12,REL
1.9454608868299037e-67,1.1072720514131675,0.876,0.385,3.574978925638631e-63,12,RPL10A
3.049589101248492e-67,1.3027424142647264,0.755,0.315,5.603924932454229e-63,12,RPS5
1.9182611080073971e-66,0.8826452813975729,0.994,0.823,3.524996612074393e-62,12,MT-CO3
7.191703614694606e-65,1.7918347569491133,0.722,0.336,1.3215474562362808e-60,12,HSPD1
1.154218581871185e-64,0.9841229093220747,0.958,0.552,2.1209920660464894e-60,12,RPS8
6.99445460694949e-64,1.218857697342869,0.937,0.638,1.285300978573038e-59,12,PABPC1
2.778809078003052e-63,0.9593785329466593,0.967,0.542,5.1063395617384085e-59,12,RPS27A
3.663787373371521e-63,2.1767138356933886,0.299,0.067,6.7325756773075075e-59,12,FAM46C
8.96236481845057e-63,2.065518279288891,0.314,0.072,1.646924159038477e-58,12,EDEM1
9.148404005023458e-63,2.144802586484148,0.269,0.054,1.6811107199631108e-58,12,PTPN2
2.2739281205167067e-62,1.0045606674385192,0.934,0.528,4.1785703142615e-58,12,RPS29
7.85317675889308e-62,1.1726179682389666,0.798,0.354,1.4430997612141923e-57,12,RPS23
1.2645176796470404e-61,1.2545422374920157,0.758,0.328,2.3236776881194015e-57,12,RPL19
1.2715057791979617e-61,1.8600745204870188,0.396,0.11,2.3365190198541744e-57,12,TAF1D
4.857370752076185e-61,2.2644403311330565,0.284,0.062,8.925904494015198e-57,12,RB1
1.0569520173115837e-60,0.9713866148451613,0.955,0.544,1.9422550270117663e-56,12,EEF1A1
2.0857354334761465e-60,2.475930428816783,0.251,0.05,3.832747432555767e-56,12,VPS13C
4.838319411919777e-60,1.0845298899546436,0.894,0.449,8.890895751343781e-56,12,RPL32
5.366043244790441e-60,1.9324317909811914,0.405,0.116,9.860641066626914e-56,12,SLC38A1
1.31730259832952e-59,2.113821781317836,0.257,0.052,2.420675254690326e-55,12,RCC2
8.310577498386368e-58,1.364103136179936,0.604,0.234,1.527151721103479e-53,12,RPL13A
1.2228475699750493e-57,1.8926278566826789,0.42,0.128,2.2471046945861507e-53,12,USP7
3.2206509119751684e-57,1.0114641505834658,0.955,0.6,5.918268115845569e-53,12,RPL30
1.8283002238894475e-56,1.9188555993871665,0.517,0.188,3.3596844914192485e-52,12,ATP1B3
1.2013682081292934e-55,0.9047975241566153,0.985,0.605,2.2076342192583894e-51,12,RPS6
2.694463042568106e-55,1.0178300922507844,0.894,0.499,4.9513452870231515e-51,12,RPL27A
3.357647679048807e-55,0.9541387415788618,0.903,0.463,6.170013375020088e-51,12,RPL35A
5.246153314005292e-55,0.9326806224208131,0.861,0.41,9.640331329816125e-51,12,RPS21
7.757605559717238e-54,2.0472268968841636,0.263,0.059,1.4255375976536396e-49,12,FNBP4
8.562158666843525e-54,2.0133070553412797,0.299,0.073,1.5733822766191662e-49,12,NCOA3
1.0575617076214644e-53,1.331542615846534,0.308,0.075,1.943375393925203e-49,12,RUNX3
2.175371115886039e-53,1.1109156931910498,0.782,0.377,3.997461962552186e-49,12,RPS16
4.56677059000477e-53,0.956477836418788,0.888,0.447,8.391897636192764e-49,12,RPL5
8.592814298008675e-53,0.8409681210386841,0.952,0.517,1.5790155554020743e-48,12,RPS12
8.674629754803077e-53,2.2135162386116676,0.32,0.086,1.5940499637426136e-48,12,TOP2B
9.012205223106738e-53,1.350968595224506,0.644,0.28,1.6560828317980943e-48,12,RACK1
2.992068504487329e-52,1.0329682885454425,0.789,0.372,5.498225083845915e-48,12,RPS4X
3.0036953109285976e-52,2.1104532273182803,0.287,0.07,5.519590503362391e-48,12,KLHL24
6.246470994814299e-52,1.086440440846634,0.671,0.286,1.1478515100070756e-47,12,NCL
5.072271944553764e-51,2.2099295108774824,0.257,0.059,9.320806925311997e-47,12,TSPYL2
6.894428378178064e-51,1.26016762904344,0.701,0.322,1.2669201587740011e-46,12,HNRNPDL
1.9350396294713392e-50,1.180065905923029,0.937,0.689,3.555828823116533e-46,12,HSP90AB1
2.77560422401681e-50,1.2928907794765516,0.622,0.258,5.10045032205329e-46,12,AC112491.1
6.003130145900822e-50,1.0179824602622776,0.81,0.414,1.103135195610735e-45,12,RPS15A
7.747426437428983e-50,1.6645037535534113,0.405,0.129,1.42366708214195e-45,12,NASP
1.3391331960452793e-49,1.290108982253166,0.668,0.301,2.460791161052805e-45,12,RPS19
1.4045482108885399e-49,0.7742466650490654,0.952,0.602,2.5809977923287808e-45,12,RPL34
2.7530326267903458e-49,1.513063848837434,0.254,0.057,5.058972754989939e-45,12,MAN1A1
5.437535641031141e-49,1.429813096931754,0.495,0.185,9.992015493958824e-45,12,SLC25A5
6.395671440343739e-49,2.1528963693796133,0.311,0.085,1.1752685838775656e-44,12,FKBP4
8.144491846916303e-49,0.9079751298578982,0.931,0.553,1.4966318217893397e-44,12,RPL37
1.2351675763266163e-48,1.4589531632001278,0.592,0.254,2.2697439382577903e-44,12,SET
1.7452512570301703e-47,1.1530948458708283,0.58,0.233,3.207073709918641e-43,12,SRRM2
6.383099756239582e-47,1.327965072455498,0.544,0.22,1.1729584112065857e-42,12,SRSF7
7.983885898694881e-47,0.9625582407234861,0.891,0.583,1.4671188727441712e-42,12,JUND
2.125783096633156e-46,1.535141566576995,0.48,0.18,3.906339018373087e-42,12,ZNF90
4.501274169472873e-46,1.3305463369364394,0.568,0.238,8.27154141382335e-42,12,RPL10
5.795715558747281e-46,1.1075710690553793,0.683,0.312,1.0650206910754004e-41,12,RPL13
1.4438199846677646e-45,1.821209960546165,0.45,0.171,2.6531636038254844e-41,12,MKNK2
2.726885937418385e-45,1.8580400636672743,0.338,0.104,5.010925598600024e-41,12,ITM2C
7.636338671900689e-45,0.7705009423299245,0.934,0.534,1.4032535943484705e-40,12,RPL31
1.0677315583998699e-44,1.6539498916507998,0.444,0.162,1.962063511715601e-40,12,BPTF
3.252798209919941e-44,1.3323575360932043,0.583,0.25,5.9773419905488835e-40,12,RPS7
4.585693086303485e-44,1.9821744626693434,0.26,0.067,8.426669615391284e-40,12,MYCBP2
5.416883292299044e-44,1.4353612496642274,0.408,0.141,9.954064737928723e-40,12,SYNCRIP
5.427913347331638e-44,1.968196331347619,0.393,0.139,9.974333567056618e-40,12,YBX3
7.073604020857274e-44,0.8807601792240867,0.822,0.435,1.2998454748727328e-39,12,RPL38
9.010168975914085e-44,1.6589874542663554,0.269,0.07,1.6557086510139722e-39,12,ZBTB1
1.4754145196363377e-43,0.6979302701211259,0.961,0.582,2.7112217212837343e-39,12,RPS20
1.4884166759146338e-43,1.4967800122393555,0.761,0.44,2.735114483660731e-39,12,HSPH1
1.868438249451488e-43,1.0239279107056483,0.737,0.364,3.433442127192054e-39,12,RPS3
5.975504836199413e-43,1.443044713276275,0.622,0.305,1.0980587687000041e-38,12,ZFP36L2
6.0372504267356615e-43,1.626254188422845,0.344,0.107,1.1094051384169451e-38,12,PPP4R3A
1.7836023171694816e-42,1.191288197517078,0.677,0.331,3.2775476180306394e-38,12,RPLP2
1.899823152716788e-42,1.8233900391752806,0.659,0.356,3.4911150254323695e-38,12,HERPUD1
2.4069251587146956e-42,0.7163311905039338,0.921,0.527,4.4229656716541247e-38,12,RPS13
4.118257169087242e-42,1.6502107043934402,0.378,0.127,7.567709373914716e-38,12,ERP29
1.6537590933416614e-41,1.4079632912788431,0.589,0.283,3.038947709924637e-37,12,HNRNPH1
3.584702264031745e-41,0.6059631907526573,0.946,0.546,6.587248880384735e-37,12,RPL37A
5.918519472777739e-41,1.1720976605598232,0.586,0.261,1.0875871383176374e-36,12,SF3B1
1.7121704244324123e-40,1.692028050769924,0.281,0.08,3.146284371937001e-36,12,USP12
7.360234162856396e-40,1.4956784058077193,0.631,0.321,1.3525166297664912e-35,12,HSP90B1
9.669171857870225e-40,1.283005862432144,0.417,0.152,1.7768070206022326e-35,12,KTN1
2.336703465364808e-39,0.9957067447343051,0.622,0.289,4.293926287954371e-35,12,RPS2
3.309278695544286e-39,0.6613959372735785,0.94,0.573,6.081130530932181e-35,12,RPL23
3.7405456363908056e-39,1.460378960807391,0.447,0.176,6.873626661431744e-35,12,RPL23A
7.071844556083751e-39,1.5258045853441389,0.257,0.069,1.2995221556259502e-34,12,UTRN
9.076053698547482e-39,0.9781160357198231,0.592,0.267,1.6678156276450853e-34,12,EEF2
2.012841704072507e-38,0.8092961511791081,0.798,0.416,3.698797915403639e-34,12,RPS17
2.028334309528733e-38,1.3254893386995428,0.58,0.268,3.7272671271899995e-34,12,KMT2E
4.71586378011071e-38,1.07088156699017,0.713,0.376,8.665871282331441e-34,12,EIF4A2
1.8975759885446587e-37,1.1867366687673595,0.323,0.102,3.486985636549665e-33,12,CNOT6L
2.0453090746068426e-37,2.0579127526541448,0.302,0.097,3.758459955497534e-33,12,DUSP5
2.477753697814782e-37,0.9188103124953866,0.698,0.354,4.553120195104443e-33,12,RPL4
4.125595309019119e-37,1.5042809309308625,0.396,0.146,7.581193939853534e-33,12,ITSN2
5.647206512847233e-37,1.6469022596343565,0.287,0.087,1.0377306688008076e-32,12,BBX
6.641307487271293e-37,1.4571970096874844,0.381,0.138,1.2204066638609728e-32,12,ZC3HAV1
3.702232061219448e-36,0.940601465130229,0.647,0.318,6.803221635696858e-32,12,RPL7A
3.803137364482223e-36,1.2894441842497488,0.338,0.115,6.988645220972532e-32,12,HNRNPR
1.3125892900515133e-35,1.2390509495108013,0.381,0.137,2.412014079398661e-31,12,PIM2
1.400463495921268e-34,0.8161437905021738,0.686,0.34,2.573491720104922e-30,12,RPS25
1.4294285863305914e-34,1.1090365333981604,0.414,0.159,2.6267179702410946e-30,12,BCLAF1
2.7768030447519152e-34,1.7732037920374737,0.329,0.116,5.102653275036119e-30,12,RANBP2
1.3483928925159116e-33,1.3757526395561026,0.353,0.13,2.477806779287239e-29,12,RPSA
1.9478626214872933e-33,0.981373443036822,0.517,0.23,3.5793923532450505e-29,12,EEF1B2
2.214968329866997e-33,0.690340473976566,0.882,0.516,4.0702258029635937e-29,12,RPS24
2.402699663311443e-33,1.5917016621455575,0.272,0.085,4.4152009013011074e-29,12,STARD7
2.599255831901175e-33,1.3399718378499017,0.967,0.883,4.776392516701599e-29,12,HSP90AA1
4.3819481511290805e-33,1.5225050238899989,0.287,0.092,8.052267922514799e-29,12,SERPINB9
6.779998344565191e-33,1.3039490698044083,0.332,0.116,1.2458924957972994e-28,12,RSL1D1
7.65270583136134e-33,1.4018053244339945,0.344,0.125,1.40626122357096e-28,12,DDX24
7.973624941446201e-33,1.7490179203348881,0.281,0.092,1.465233319240154e-28,12,RPL3
3.1221216493641103e-32,1.3741295272615508,0.296,0.099,5.7372107428714895e-28,12,PPP1CC
3.5081087353337284e-32,1.303340328829752,0.474,0.213,6.446500612049259e-28,12,ARF6
5.658989869345064e-32,1.4634762425693917,0.384,0.15,1.0398959783908489e-27,12,PRKCB
1.338913907372237e-31,1.6445652586284896,0.332,0.122,2.460388196187223e-27,12,DHX9
1.3898088083571879e-31,0.8913027008546499,0.414,0.164,2.5539126662371683e-27,12,EIF3A
1.5905709778933873e-31,1.582440664666645,0.251,0.078,2.9228332289768885e-27,12,ZNF706
3.299191210135166e-31,1.5524266082242948,0.408,0.173,6.062593767744381e-27,12,CHORDC1
1.0028486456346137e-30,1.007167896652951,0.514,0.24,1.8428346712181662e-26,12,HINT1
1.0809308787075104e-30,1.3085684652578788,0.293,0.098,1.986318582712921e-26,12,CD48
1.9232519535819977e-30,0.8595286342113435,0.541,0.255,3.534167789902279e-26,12,RPS18
2.8564680932904344e-30,1.1949510507598404,0.363,0.137,5.249045768230502e-26,12,NFKB1
3.9401056131972064e-30,1.276541254427174,0.296,0.102,7.240338074811187e-26,12,CCT2
8.237688129122472e-30,0.8183577338635448,0.707,0.403,1.5137575706075456e-25,12,SRSF2
9.451560173289767e-30,1.1828405695570496,0.356,0.137,1.7368186974437275e-25,12,GNA13
9.882580096607397e-30,1.026014552406443,0.381,0.148,1.8160229185525754e-25,12,CYLD
1.3886122468293776e-29,1.4928275197288217,0.317,0.117,2.5517138647736642e-25,12,SRRM1
1.4921797289162735e-29,1.5061432556216339,0.311,0.113,2.742029469856544e-25,12,ARGLU1
1.9695806858930184e-29,0.9762524803875468,0.577,0.293,3.6193014683970107e-25,12,FAU
2.2656338064696307e-29,1.19863748248136,0.45,0.2,4.163328682768594e-25,12,YY1
2.6384663817774255e-29,1.246475951303987,0.459,0.211,4.848445823154197e-25,12,CREM
2.882152480874078e-29,1.0448984336443414,0.544,0.274,5.2962433988542055e-25,12,CLK1
3.759435677802332e-29,0.7405792956970609,0.731,0.405,6.908339001529565e-25,12,RPL27
4.83029083133342e-29,0.8604475267494149,0.71,0.402,8.876142431658293e-25,12,NACA
4.842247747989841e-29,1.708562703604649,0.275,0.095,8.898114461706132e-25,12,PRDM2
5.954294403040772e-29,1.362833689181708,0.296,0.106,1.0941611395027721e-24,12,GLO1
6.401630586642235e-29,0.7134377474797342,0.48,0.213,1.176363636601377e-24,12,RPLP0
1.1972576046937661e-28,1.2757491817377322,0.332,0.127,2.2000805743852645e-24,12,CHD4
1.6290850366845001e-28,0.818546811756399,0.81,0.525,2.9936066634114376e-24,12,GNAS
2.8740568065289954e-28,1.189991564272425,0.447,0.21,5.281366787677682e-24,12,RPL22
3.0895554292114427e-28,1.2913626218851917,0.326,0.124,5.677367056718947e-24,12,MED13
6.199609300516292e-27,0.8585974533010692,0.502,0.243,1.1392402050628738e-22,12,HNRNPA1
7.755926276361515e-27,0.8670736119207456,0.622,0.344,1.4252290125441921e-22,12,RPL39
1.535575431145691e-26,0.9373264602531497,0.474,0.217,2.821773412273322e-22,12,ANKRD12
1.6793415817062137e-26,0.9868493138220091,0.486,0.238,3.0859580905433383e-22,12,MATR3
2.1611265046036085e-26,1.1277236139053703,0.317,0.122,3.971286064859591e-22,12,ODC1
4.6308822228597056e-26,0.8291984238864678,0.514,0.252,8.509709172726995e-22,12,RPL6
5.054938008355277e-26,0.8901681877984258,0.571,0.297,9.288954084153658e-22,12,SON
8.491044842140019e-26,0.6368653299015063,0.653,0.366,1.56031440019165e-21,12,SARAF
2.288323292570494e-25,1.4321895536605913,0.26,0.093,4.205022882427539e-21,12,PTPN1
3.072661274024779e-25,0.9098918872291433,0.489,0.24,5.646322357147934e-21,12,RPL29
3.7654539474155157e-25,0.934138571805089,0.366,0.156,6.919398173770752e-21,12,PABPC4
5.734238156968405e-25,1.1553784957109239,0.281,0.104,1.0537236037245141e-20,12,GNL3
6.872600151907803e-25,1.1618620566019309,0.302,0.117,1.2629090039145779e-20,12,TTC3
7.5069999074349175e-25,0.7931415486801141,0.689,0.415,1.3794863029902404e-20,12,UBB
8.339019637322003e-25,1.572317588998145,0.266,0.098,1.532378248554291e-20,12,WDR82
9.764065930141912e-25,0.9370968707004925,0.405,0.183,1.7942447553228778e-20,12,RSRC2
1.1263736464296779e-24,1.5012998202690946,0.423,0.203,2.0698242126791762e-20,12,JUN
1.83852552399765e-24,0.5520236406970009,0.508,0.249,3.3784745028980815e-20,12,CALR
3.440794224110285e-24,0.672711047284384,0.604,0.32,6.322803466225059e-20,12,RPL26
3.964696345465147e-24,0.9214259745785685,0.344,0.142,7.285526004426754e-20,12,SLC25A6
4.272048706043632e-24,0.6525393005870401,0.692,0.393,7.850316702225778e-20,12,BTF3
4.954454449223964e-24,1.3470397348700083,0.326,0.136,9.104305495893956e-20,12,HSPA4
9.176804188094394e-24,1.36391074907889,0.284,0.11,1.686329537604226e-19,12,PLEKHA2
9.517910878297018e-24,1.8403619429469869,0.272,0.105,1.74901130299586e-19,12,RCSD1
1.1419967959240006e-23,0.9739119443632921,0.323,0.133,2.0985333121899434e-19,12,NONO
1.2198032509592441e-23,1.0491644984504513,0.317,0.128,2.241510453962707e-19,12,AKAP9
1.6493316263189467e-23,0.6053229837763259,0.61,0.335,3.0308117965236967e-19,12,YBX1
3.833591020501568e-23,0.6647242022272986,0.692,0.41,7.044606859273681e-19,12,RBM39
4.425022642660654e-23,0.9869255736567331,0.547,0.302,8.131421608153218e-19,12,EEF1D
4.4777333180809985e-23,0.8868085000563979,0.492,0.253,8.228282745305643e-19,12,RPL8
5.020427756146623e-23,1.4009309221879276,0.269,0.104,9.225538044695036e-19,12,MRPS6
5.296398186943676e-23,1.1007306703302526,0.399,0.185,9.7326613083277e-19,12,PRNP
7.139932089122507e-23,1.2663456155712296,0.251,0.091,1.312033920697152e-18,12,ZFP91
1.1708929944184098e-22,1.2221139849913631,0.399,0.193,2.15163296654327e-18,12,HNRNPD
2.4494648030780965e-22,0.8486499933452886,0.287,0.11,4.50113652213631e-18,12,PMAIP1
2.549221646014041e-22,0.7456994135311206,0.607,0.345,4.684449696715402e-18,12,DDX17
2.820273655016599e-22,1.146491487499582,0.432,0.216,5.182534868458502e-18,12,SRSF11
2.9468500571715036e-22,1.2361102525264616,0.284,0.113,5.415131665058355e-18,12,SPEN
2.951958865341215e-22,0.743046441345039,0.453,0.226,5.4245196109510164e-18,12,RPL36
4.31362084269801e-22,1.1238436424190528,0.329,0.143,7.926709660541864e-18,12,EIF3L
7.674915075441877e-22,0.641847985530867,0.891,0.685,1.4103423942631994e-17,12,YWHAZ
8.823144779834607e-22,0.7222670880778672,0.535,0.289,1.6213410847424073e-17,12,HNRNPA3
1.3380478632614843e-21,1.1112226681113457,0.308,0.13,2.4587967535293038e-17,12,HSPE1
1.486310676846876e-21,0.615794013032049,0.571,0.309,2.7312444997738195e-17,12,RPL14
1.8350993303565638e-21,1.1499403120364418,0.396,0.193,3.3721785294632216e-17,12,B4GALT1
2.065993798886724e-21,0.9124012366951104,0.459,0.236,3.7964702048342436e-17,12,TRA2B
2.3641190448677034e-21,0.5214105487099419,0.637,0.368,4.344305156848892e-17,12,RPLP1
3.9483595708866385e-21,1.2814573930967676,0.287,0.118,7.255505547461287e-17,12,UBE2J1
5.36498140280467e-21,0.7690756458023169,0.541,0.297,9.858689825793861e-17,12,GPBP1
6.887874898735404e-21,0.6542506399800261,0.477,0.242,1.2657158913916179e-16,12,RPL12
7.535373579932102e-21,1.0363361324743638,0.544,0.297,1.384700249048323e-16,12,ZFP36L1
7.563004724313174e-21,0.9304815713955524,0.296,0.122,1.3897777481397888e-16,12,SNHG8
1.0918819779001128e-20,1.1402842748795508,0.384,0.187,2.0064423225892474e-16,12,PNISR
1.1791331367538643e-20,0.7133801375661935,0.716,0.476,2.166775052098901e-16,12,SFPQ
1.689758000873899e-20,1.172145144584479,0.263,0.105,3.105099302405877e-16,12,ILF2
2.015515382860953e-20,1.2175388006448167,0.302,0.128,3.7037110675452875e-16,12,NSD3
2.5427005762048838e-20,0.8091690226854127,0.459,0.238,4.672466578834094e-16,12,MOB1A
3.237780624835646e-20,0.7662053816392562,0.405,0.194,5.949745676197983e-16,12,AHNAK
5.1461464675415705e-20,0.9750238454129889,0.275,0.112,9.45655874875439e-16,12,IL6ST
6.010156990762788e-20,1.0854894456424373,0.266,0.107,1.10442644862257e-15,12,USP9X
9.548610199766961e-20,1.541359981249317,0.281,0.121,1.7546526103091768e-15,12,RPS27
9.765153034728055e-20,0.9578440131405765,0.405,0.204,1.7944445216616274e-15,12,RBMX
1.193564221398938e-19,0.89229784477595,0.39,0.19,2.193293613242689e-15,12,TRAM1
1.2148584543494855e-19,1.0691502141512244,0.323,0.147,2.2324238957126145e-15,12,TCP1
1.2907674132318875e-19,0.9988825336003887,0.32,0.145,2.3719141985549164e-15,12,PTBP1
1.84145278685193e-19,0.4198579528352204,0.662,0.372,3.3838536411191066e-15,12,NPM1
1.8549417962159177e-19,0.7436097367466439,0.492,0.267,3.4086410447263705e-15,12,DDX21
2.3143232132308384e-19,0.8824609448223262,0.408,0.207,4.2528003366329886e-15,12,GDI2
9.72203379866862e-19,1.2802382344143404,0.257,0.107,1.7865209308433455e-14,12,SRSF10
1.8271473239968617e-18,0.7383262071302511,0.326,0.147,3.357565922576633e-14,12,PIM3
1.8339491654668777e-18,0.8089924057318361,0.474,0.265,3.3700649864619346e-14,12,PTGES3
1.900606954653605e-18,0.3711705569037438,0.731,0.429,3.4925553398714644e-14,12,RPL15
2.3748532057996864e-18,1.1300510534159733,0.408,0.214,4.364030250977504e-14,12,NR4A2
2.5192016497388465e-18,0.9535385405514916,0.35,0.169,4.629284951560104e-14,12,HNRNPM
3.348677588381835e-18,1.035544989197635,0.251,0.102,6.15352993641046e-14,12,PLEKHB2
4.765244935399858e-18,0.9855723323749096,0.353,0.169,8.756614093290779e-14,12,ATRX
7.595785820761379e-18,0.5989109357039168,0.477,0.256,1.395801602423111e-13,12,NBEAL1
9.844694961856346e-18,0.8545408811343378,0.396,0.205,1.8090611461907223e-13,12,HMGB1
2.4182737595896846e-17,0.9049184681519788,0.42,0.222,4.4438198606220046e-13,12,EIF3E
2.441148332575185e-17,0.8902773297863238,0.263,0.113,4.48585417594016e-13,12,SRP72
2.849208698459329e-17,0.7281997333976404,0.495,0.284,5.235705904288863e-13,12,CSDE1
2.977978799112479e-17,1.2897047696398927,0.263,0.117,5.472333841249091e-13,12,SMAD7
3.978644521777261e-17,1.2978947421965457,0.32,0.158,7.311157173217894e-13,12,SP100
3.9982832984349287e-17,1.0339292454622826,0.263,0.112,7.347245389204025e-13,12,CYTIP
6.247127139687934e-17,0.45387894542346485,0.523,0.287,1.1479720831890547e-12,12,RAN
7.153919062022225e-17,1.09474365504171,0.272,0.121,1.314604166837204e-12,12,SMARCA2
9.540749017643042e-17,0.9960151362709975,0.287,0.131,1.7532080394820853e-12,12,TIPARP
9.950369172653806e-17,0.5169189367735685,0.734,0.498,1.8284798391668633e-12,12,BTG2
1.1375934545323026e-16,0.529855795705994,0.492,0.274,2.0904417320485594e-12,12,PPIA
1.2618624544335134e-16,0.6872494379892742,0.562,0.334,2.318798446267024e-12,12,SF1
1.7452149664526154e-16,1.0851155381374307,0.317,0.152,3.207007022353326e-12,12,TRA2A
3.4676871225153287e-16,0.6387754943461929,0.338,0.163,6.372221856334168e-12,12,MARCKSL1
4.0840890408813523e-16,0.5115690413716405,0.568,0.335,7.504922021523573e-12,12,BRD2
4.89139745296386e-16,0.6351042965837035,0.553,0.332,8.98843195956639e-12,12,SRSF3
5.2174267214374695e-16,0.9664066014773969,0.347,0.176,9.587543343313493e-12,12,LUC7L3
7.401757228154631e-16,0.9407238529470594,0.26,0.115,1.360146908245695e-11,12,DDX18
7.975804498397233e-16,1.0496471859365397,0.293,0.138,1.4656338346254758e-11,12,KDM5A
1.0592836067913225e-15,1.0702304426788516,0.257,0.114,1.9465395558397342e-11,12,HNRNPL
1.3905529447702955e-15,0.9335594793546667,0.296,0.14,2.555280091309895e-11,12,SRSF6
1.5314960340888943e-15,0.8836915795679703,0.278,0.129,2.814277112241752e-11,12,EIF1AX
1.737974198320149e-15,0.8552427049149027,0.363,0.191,3.193701386833106e-11,12,KHDRBS1
2.6875134459079678e-15,0.6218377493979323,0.498,0.284,4.9385747082004816e-11,12,PRRC2C
2.8594148878956744e-15,0.8858701733021792,0.302,0.147,5.254460797997091e-11,12,RPS3A
2.9288769192319036e-15,0.7707300047401389,0.411,0.227,5.3821042267805464e-11,12,HMGN1
3.5628442507577665e-15,0.9495911669211978,0.287,0.136,6.547082595192472e-11,12,DNAJB9
7.32742689680018e-15,0.569942519457852,0.541,0.324,1.3464879665560011e-10,12,PFDN5
7.502723021718447e-15,0.9847705637630222,0.269,0.126,1.3787003824709818e-10,12,ZC3H15
7.515631088108114e-15,0.777430740522407,0.275,0.128,1.3810723687507471e-10,12,SYF2
8.051258516070583e-15,0.6628023865347508,0.387,0.21,1.4794992649131304e-10,12,HNRNPA0
1.16125790944735e-14,0.5796908060210673,0.426,0.237,2.1339275344004502e-10,12,MTDH
1.4101813973881803e-14,0.6948974101160375,0.363,0.187,2.59134933584052e-10,12,GOLGB1
1.5578936026429387e-14,0.9641093910155174,0.287,0.14,2.8627852842166643e-10,12,MAPK1IP1L
1.7717219830827543e-14,0.8640474835764984,0.341,0.178,3.2557163161128695e-10,12,NIPBL
1.8003032585950064e-14,0.6074757110025657,0.628,0.412,3.3082372679941836e-10,12,HNRNPK
1.9564531661961233e-14,0.6898171002945732,0.571,0.365,3.595178338201996e-10,12,SLC38A2
2.268234394179865e-14,0.5563863527280759,0.314,0.153,4.16810752274492e-10,12,SSR3
2.8590818222057604e-14,0.925196992879187,0.341,0.183,5.253848756485305e-10,12,COX4I1
2.986897991634208e-14,0.7042326354591153,0.296,0.143,5.48872374942702e-10,12,SERBP1
4.063318914067443e-14,0.7785406173895907,0.338,0.175,7.466754836490333e-10,12,SCAF11
4.140001415953256e-14,0.7930627091488219,0.272,0.128,7.607666601955704e-10,12,SEC61B
4.797922199942352e-14,1.0112017079522029,0.254,0.118,8.816661834614066e-10,12,CEP350
4.8627274588501294e-14,0.7681135601024227,0.317,0.162,8.935747978382998e-10,12,G3BP1
7.05464412198711e-14,0.9245455342488651,0.26,0.122,1.2963614038563513e-9,12,RPL9
7.172470369401523e-14,0.7035875800969689,0.761,0.584,1.3180131550812237e-9,12,HSPA8
7.731420125078039e-14,0.5194388249163482,0.429,0.235,1.4207257621843404e-9,12,CYCS
7.771582159022191e-14,0.57097975031951,0.372,0.194,1.4281059375419179e-9,12,JAK1
9.450179800847286e-14,1.0294981030072359,0.296,0.148,1.7365650402036973e-9,12,BRD4
1.450511273970801e-13,0.7665183757626356,0.353,0.189,2.665459517048744e-9,12,ST13
2.2096068139275478e-13,0.7317567850999486,0.317,0.163,4.060373481273262e-9,12,HNRNPUL1
2.3610003786900843e-13,0.3745682831872106,0.55,0.322,4.338574295880899e-9,12,LAPTM5
3.1839871216359604e-13,0.772861722112845,0.293,0.148,5.850894734718241e-9,12,C6orf48
3.461432212803083e-13,0.49861540115180536,0.387,0.211,6.360727834246946e-9,12,ZNF207
3.9035001758343336e-13,0.8041832227120715,0.326,0.173,7.173071923113171e-9,12,HNRNPH3
4.0075028704970436e-13,0.5596824483106047,0.387,0.215,7.364187274825368e-9,12,ATP5G2
5.279730182023618e-13,0.8313681119092164,0.275,0.135,9.7020321824866e-9,12,PTK2B
5.330840155159738e-13,1.0467658303602503,0.26,0.126,9.795951869121535e-9,12,INPP5D
5.607682249820384e-13,0.5322668538077261,0.335,0.177,1.0304676902269939e-8,12,YWHAG
5.9688660955594e-13,0.500887517954808,0.547,0.348,1.0968388337199952e-8,12,SERP1
6.187179757401554e-13,0.5821543609088472,0.344,0.185,1.1369561522201095e-8,12,SSR2
6.929810104559425e-13,0.7624014455450739,0.302,0.152,1.27342190481384e-8,12,AKAP13
7.133704649292788e-13,0.6035395120140294,0.465,0.285,1.3108895663540426e-8,12,RPS14
8.333645360075309e-13,0.9924692584581813,0.384,0.219,1.5313906713674386e-8,12,CHMP1B
9.191534062651097e-13,0.7300824809709094,0.263,0.129,1.6890362993527657e-8,12,ARFGAP3
9.810158829324913e-13,0.8287137767275008,0.384,0.218,1.802714786476746e-8,12,PRPF38B
9.979234238790703e-13,0.4297833238960481,0.347,0.179,1.8337840837201797e-8,12,MEF2D
1.492219305712236e-12,0.724462924185659,0.305,0.158,2.7421021961768048e-8,12,YME1L1
1.5488380289800833e-12,1.0826588226807363,0.299,0.16,2.846144762053801e-8,12,CACYBP
2.1466162746540328e-12,0.79030531970166,0.29,0.149,3.944622066304251e-8,12,AFF4
9.501280851686636e-12,0.6389254503477035,0.308,0.164,1.7459553693059364e-7,12,SELENOF
1.1030830980302608e-11,0.5214054949835654,0.308,0.163,2.0270255009404072e-7,12,CCT4
1.1179893957426586e-11,0.6354416459654502,0.489,0.303,2.0544173136167094e-7,12,SMCHD1
1.3560220174929505e-11,0.5565597469383179,0.453,0.278,2.491826059345046e-7,12,PRKAR1A
1.4462538840869703e-11,0.6834670362944483,0.317,0.172,2.6576361373982165e-7,12,PRPF40A
1.6158330238174962e-11,0.6762398993705518,0.347,0.195,2.969254764567031e-7,12,ARIH1
1.71522488482713e-11,0.4981370733480879,0.438,0.263,3.1518972483583343e-7,12,DNAJB6
1.9204707913103387e-11,0.47975343631955214,0.71,0.501,3.5290571261118786e-7,12,EIF4G2
1.9377854075761515e-11,0.6648205668001679,0.42,0.254,3.560874464961936e-7,12,RSRP1
2.392578790287244e-11,0.4729676468600206,0.489,0.31,4.3966027850318396e-7,12,CCNL1
3.373881279714773e-11,0.5384186606248618,0.378,0.218,6.199844239603867e-7,12,RBM3
4.1922604946536636e-11,0.6732108264750299,0.317,0.174,7.703697884975572e-7,12,SLTM
4.404124178867888e-11,0.45913124283510154,0.562,0.379,8.09301859108763e-7,12,SUB1
4.784077490730644e-11,0.9539810758415755,0.311,0.176,8.791220796966631e-7,12,PNN
4.852285125131275e-11,0.7512902655580731,0.414,0.244,8.916559145941231e-7,12,IER5
6.07444701157013e-11,0.8500635303871679,0.263,0.139,1.1162403828461272e-6,12,FXR1
8.011973126933021e-11,0.5332831578970421,0.275,0.145,1.472280181805212e-6,12,LDHB
8.073004770488352e-11,0.5916174948901634,0.366,0.213,1.4834953566249396e-6,12,RBBP6
1.569297731523951e-10,0.5672137245304585,0.29,0.157,2.883741511448412e-6,12,SEPT2
1.9052868857064893e-10,0.6265201624213652,0.311,0.173,3.501155181174245e-6,12,CDV3
2.773743146765199e-10,0.5357938726804998,0.281,0.152,5.0970304064957295e-6,12,GGNBP2
3.5165991119074977e-10,0.42995786035873507,0.502,0.324,6.462102528041218e-6,12,GNB1
3.758059418121709e-10,0.68849970876543,0.275,0.149,6.905809986740453e-6,12,FGFR1OP2
4.6120235354900125e-10,0.43899208815196933,0.402,0.245,8.475054448816447e-6,12,COX7C
5.345657616770847e-10,0.4748337168284227,0.414,0.25,9.823180436578108e-6,12,ELF1
7.301636079819765e-10,1.0816619358243584,0.257,0.143,1.34174864602768e-5,12,NR3C1
7.627371165333912e-10,0.573874739310591,0.375,0.227,1.4016057253417596e-5,12,RPS9
9.34876210896055e-10,0.34107206369908116,0.544,0.361,1.7179285251425907e-5,12,HNRNPU
1.218575280378206e-9,0.34995372436751193,0.387,0.228,2.2392539352229913e-5,12,PDE4B
1.3086745798826859e-9,0.6754697074753832,0.317,0.185,2.4048204079924235e-5,12,PCF11
1.4783008568830741e-9,0.4271395288222588,0.514,0.348,2.716525654608337e-5,12,IRF2BP2
1.6499370108796149e-9,0.32469369650065405,0.311,0.174,3.0319242511923804e-5,12,YWHAQ
1.7134856948651927e-9,0.7290216854082713,0.251,0.135,3.148701312884278e-5,12,ANKRD11
2.0143292639510977e-9,0.4854026380066674,0.329,0.191,3.7015314554365374e-5,12,PAFAH1B1
2.432125158633855e-9,0.3821836783280901,0.698,0.531,4.4692731915055715e-5,12,DDX3X
2.4496229104275953e-9,0.44799300696281663,0.372,0.224,4.501427060201749e-5,12,RPL36AL
2.52450890055211e-9,0.5924849024480849,0.284,0.161,4.6390375556545573e-5,12,EIF4B
2.532673947096225e-9,0.34537489511827113,0.453,0.286,4.6540416451840235e-5,12,KPNB1
2.5958803515122157e-9,0.5278916269009896,0.254,0.136,4.7701897339388473e-5,12,KMT2C
3.1816514838084194e-9,0.803565336072999,0.275,0.155,5.846602766646351e-5,12,NSA2
3.3881458754655017e-9,0.43838534234902404,0.335,0.198,6.226056860755406e-5,12,DYNLL1
3.531884236392877e-9,0.3655565206984629,0.317,0.183,6.490190472795551e-5,12,TMED2
4.021612186939143e-9,0.42373450554579506,0.393,0.24,7.390114554719369e-5,12,RBM25
5.2688524702008085e-9,0.7849816016415543,0.299,0.172,9.682043299241006e-5,12,NFKBID
5.382676931583938e-9,0.7330681204950503,0.254,0.14,9.891207129478643e-5,12,MARCH6
6.1951904097812136e-9,0.3686254436291385,0.825,0.651,1.1384281897013959e-4,12,HNRNPA2B1
6.2104372097371825e-9,0.5538153552834792,0.287,0.163,1.1412299416613047e-4,12,UBE2D2
6.905372444063641e-9,0.5091940130466193,0.384,0.241,1.2689312403211346e-4,12,IDS
1.0021029330355338e-8,0.36961133117621303,0.495,0.321,1.841464349746097e-4,12,FAM107B
1.2549112649158313e-8,0.47559686716507477,0.254,0.141,2.3060249404093316e-4,12,HNRNPAB
1.2612091628010662e-8,0.324953648649815,0.586,0.401,2.3175979575632393e-4,12,WAC
1.3302550410693094e-8,0.26639842802832936,0.677,0.501,2.444476663468963e-4,12,YPEL5
2.0543513904119784e-8,0.4514161894807125,0.305,0.18,3.7750761150210515e-4,12,HSPA9
2.240215476964444e-8,0.32033784697894285,0.628,0.444,4.116619960469862e-4,12,SKIL
3.2649069805470724e-8,0.42723393167782486,0.568,0.41,5.9995930674533e-4,12,EIF5
3.430236589509537e-8,0.3295661640032368,0.483,0.326,6.303402756882725e-4,12,SLC25A3
4.555807225614476e-8,0.6225060873450037,0.384,0.259,8.371751357789161e-4,12,PAPOLA
5.151315498803422e-8,0.38565244775490193,0.335,0.206,9.466057360601169e-4,12,RPS28
6.214832621947124e-8,0.8346042778065862,0.254,0.148,0.0011420376426090036,12,SLC7A5
7.367894091992346e-8,0.7602020397898055,0.278,0.169,0.0013539242183445135,12,PPIG
7.755510040230664e-8,0.35495844537402665,0.32,0.194,0.0014251525249927867,12,COPA
8.6750806041605e-8,0.5304581197308218,0.278,0.166,0.0015941328118205336,12,SPCS1
1.3546842386150692e-7,0.46079038068063416,0.405,0.27,0.0024893677568790513,12,ARID4B
1.5491455998459247e-7,0.29305381884711457,0.344,0.212,0.0028467099542768713,12,GLS
1.731108035953489e-7,0.4972125370083993,0.272,0.162,0.0031810841268681317,12,CLINT1
2.2583801463922759e-7,0.5060926380525571,0.275,0.162,0.004149999357010446,12,UBXN4
2.3708811669394578e-7,0.4905090645546177,0.263,0.154,0.004356731232367948,12,CMPK1
3.2673040297371116e-7,0.30387309809252216,0.269,0.158,0.006003997885044916,12,DUSP2
5.324040346402883e-7,0.7889355913214331,0.275,0.169,0.009783456540549938,12,RUBCNL
5.369570695404845e-7,0.4395649677030182,0.254,0.149,0.009867123109875944,12,KPNA4
7.364275750138954e-7,0.7161424310557627,0.305,0.194,0.013532593118455342,12,DDIT4
8.027314373160002e-7,0.7054871931085853,0.287,0.18,0.01475099289211882,12,RB1CC1
1.1167121200031183e-6,0.4090814939841385,0.429,0.29,0.0205207019171773,12,TAF7
1.6383409401481362e-6,0.2544250464766502,0.366,0.241,0.030106153116162153,12,TERF2IP
1.7721104500166128e-6,0.6823556184044591,0.311,0.206,0.03256430162950528,12,TRIR
1.8669010988098211e-6,0.26985650377992065,0.257,0.156,0.03430617459172927,12,TMED9
1.9398130082123586e-6,0.36691769770881494,0.257,0.154,0.0356460038389103,12,ATP5B
2.806073467993209e-6,0.3115613060318638,0.356,0.239,0.05156440604784321,12,ATP5L
4.1817780486653625e-6,0.2849439691182636,0.363,0.243,0.0768443534222747,12,ARL6IP1
5.213854419973495e-6,0.40746128927662273,0.378,0.264,0.09580978882143294,12,SEPT7
6.0036213841089344e-6,0.35769207227780697,0.323,0.214,0.11032254655438578,12,PPP1CB
9.686414533119428e-6,0.3707304730268073,0.408,0.283,0.17799755346060261,12,LYN
9.86265276803352e-6,0.5240346534219876,0.275,0.178,0.18123610726538397,12,STAG2
1.3086049515480412e-5,0.547658494251002,0.278,0.18,0.24046924589646804,12,UBE2H
1.3116806313355528e-5,0.2987201497455322,0.299,0.195,0.24103443281422118,12,C11orf58
1.3154604408721073e-5,0.4043171211675116,0.36,0.248,0.24172901061465846,12,SRP14
1.403069533284115e-5,0.2524461706340264,0.335,0.224,0.25782805743628895,12,C16orf72
2.0510113849490563e-5,0.4189864257254924,0.269,0.177,0.3768938520982386,12,EWSR1
2.1388920955252542e-5,0.321434801759118,0.332,0.225,0.3930428114737207,12,MRFAP1
2.7397439946559793e-5,0.3253155620482455,0.263,0.172,0.5034553564579828,12,C1orf43
3.419157404774841e-5,0.31992911763200227,0.344,0.239,0.6283043647014247,12,STK4
8.2979916207316e-5,0.2630589950549165,0.299,0.204,1,12,PPP2CA
9.025499374687324e-5,0.3396088620301303,0.341,0.239,1,12,WDR26
1.261182181434591e-4,0.2651702812673151,0.278,0.19,1,12,PPP2R5C
2.6098108391075527e-4,0.4493071635326511,0.257,0.178,1,12,PAK2
2.648756703861582e-4,1.179347346914585,0.45,0.378,1,12,HSPA1B
6.758799921050631e-4,0.3863216751579801,0.299,0.215,1,12,AMD1
0.0013727235198757624,0.3613929108089353,0.423,0.343,1,12,HSPA5
0.004609120995966278,0.2746321483584815,0.29,0.223,1,12,ENSA
0.004647081975199112,0.2774529773701391,0.35,0.276,1,12,MTPN
0.005293478345905403,0.34998977009079535,0.263,0.198,1,12,WASF2
0,7.407069401830109,0.993,0.016,0,13,SLC4A1
0,7.507303850627849,0.993,0.034,0,13,HBD
0,6.349716889760488,0.951,0.014,0,13,HEMGN
0,7.7669921770375545,0.941,0.01,0,13,SNCA
0,6.0460247792706525,0.921,0.019,0,13,AHSP
0,7.86774517523665,0.997,0.11,0,13,HBA1
0,7.804160292290511,0.891,0.007,0,13,ALAS2
0,8.006400473621094,0.993,0.117,0,13,HBA2
0,6.66731415547046,0.875,0.01,0,13,GYPA
0,5.599341697721028,0.921,0.057,0,13,SLC2A1
0,6.276129077363939,0.882,0.025,0,13,TRAK2
0,6.448192130303483,0.865,0.011,0,13,RHAG
0,7.091437834865496,0.885,0.034,0,13,XPO7
0,5.294126227220806,0.855,0.035,0,13,CA1
0,10.572813859396419,0.822,0.005,0,13,TMCC2
0,9.42761260588124,0.816,0.003,0,13,TRIM58
0,6.208953530670648,0.829,0.017,0,13,FECH
0,4.365837137528649,0.918,0.117,0,13,EIF2AK1
0,7.6507132506963895,1,0.202,0,13,HBB
0,7.535622751473021,0.793,0.005,0,13,EPB42
0,7.337857965093548,0.793,0.008,0,13,DMTN
0,5.215827400638244,0.809,0.034,0,13,TNS1
0,5.139223359669865,0.836,0.062,0,13,FAM46C
0,4.547258423493348,0.852,0.078,0,13,FBXO7
0,6.756459166305033,0.786,0.014,0,13,SELENBP1
0,3.990335352718533,0.895,0.125,0,13,CAT
0,3.952388355855139,0.882,0.122,0,13,TFRC
0,5.0610579618626845,0.809,0.056,0,13,BPGM
0,5.218578072524557,0.806,0.053,0,13,DCAF12
0,7.106723735371494,0.757,0.009,0,13,FAXDC2
0,6.372767583768761,0.753,0.007,0,13,ANK1
0,5.272531894458757,0.773,0.035,0,13,MARCH8
0,6.429757731869712,0.747,0.01,0,13,HBM
0,6.532512580816315,0.747,0.01,0,13,STRADB
0,3.4242801221562313,0.872,0.14,0,13,PIM1
0,6.162645514271913,0.757,0.025,0,13,SLC25A39
0,6.970000618731246,0.727,0.007,0,13,HMBS
0,5.41469581282965,0.737,0.019,0,13,CA2
0,5.115981917672837,0.753,0.042,0,13,METTL7A
0,8.014980163731218,0.714,0.003,0,13,SPTA1
0,11.534964248694573,0.711,0.001,0,13,IFIT1B
0,5.232435742525931,0.737,0.028,0,13,GLRX5
0,4.206963517783241,0.753,0.055,0,13,FAM210B
0,8.025252795166919,0.691,0.004,0,13,ACSL6
0,5.735374531236432,0.694,0.017,0,13,TSPAN5
0,5.1451394978558325,0.707,0.039,0,13,ARL4A
0,5.262284628488823,0.681,0.018,0,13,BLVRB
0,5.299940733310038,0.691,0.029,0,13,EPB41
0,3.4866826525844417,0.734,0.079,0,13,SLC14A1
0,6.264025439793092,0.664,0.013,0,13,RANBP10
0,5.423811926360998,0.671,0.023,0,13,SOX6
0,7.773296761557656,0.638,0.004,0,13,OSBP2
0,5.179428564870273,0.655,0.022,0,13,GCLC
0,4.099763780882969,0.681,0.05,0,13,SPECC1
0,5.226759661854683,0.645,0.017,0,13,DDI2
0,6.632685554788578,0.641,0.014,0,13,BCL2L1
0,4.786943932070175,0.658,0.036,0,13,RBM38
0,3.5508040670733925,0.694,0.079,0,13,SLC40A1
0,7.359850238766565,0.612,0.005,0,13,GYPB
0,3.7500647743217694,0.664,0.057,0,13,UCP2
0,4.3839304235182555,0.635,0.033,0,13,CLCN3
0,5.48787414032382,0.602,0.013,0,13,ERMAP
0,6.185047956937118,0.599,0.011,0,13,MBNL3
0,3.991733346209765,0.622,0.034,0,13,UROD
0,3.933201181551151,0.641,0.056,0,13,NFIX
0,4.447016977613089,0.615,0.031,0,13,ARHGEF12
0,7.261120338778479,0.586,0.004,0,13,FHDC1
0,5.555720654216783,0.579,0.014,0,13,MOB1B
0,4.064588074935372,0.605,0.049,0,13,ZNF451
0,6.501813173684538,0.559,0.005,0,13,RHCE
0,4.406403301913999,0.592,0.041,0,13,TMEM57
0,4.007018158634762,0.595,0.045,0,13,RAD23A
0,6.593108943567589,0.553,0.004,0,13,TAL1
0,4.423005426236906,0.586,0.038,0,13,TFDP2
0,7.655327874959627,0.546,0.002,0,13,TRIM10
0,4.872496686117845,0.566,0.022,0,13,HECTD4
0,3.8664763669382145,0.569,0.03,0,13,ALAD
0,4.700759298747119,0.576,0.042,0,13,BSG
0,3.810084941172603,0.589,0.06,0,13,LPIN2
0,6.792197742444279,0.533,0.005,0,13,TBCEL
0,4.15111561828261,0.556,0.033,0,13,FAM117A
0,7.4530856345782,0.523,0.004,0,13,PDZK1IP1
0,3.437242621419923,0.556,0.038,0,13,UBAC1
0,3.6081989161023422,0.569,0.051,0,13,CMAS
0,3.9002036333221004,0.553,0.036,0,13,CDC27
0,3.8191304118227065,0.553,0.043,0,13,TMEM56
0,3.509650407138488,0.546,0.038,0,13,PRDX2
0,3.6700875910163737,0.533,0.026,0,13,CD36
0,6.471698503124956,0.507,0.005,0,13,CLIC2
0,3.5182799903709387,0.546,0.051,0,13,GAPVD1
0,3.8542461323851285,0.523,0.028,0,13,GYPC
0,3.6188715272730363,0.53,0.044,0,13,YOD1
0,4.141610500786787,0.487,0.012,0,13,RSAD2
0,3.773153473548511,0.507,0.04,0,13,TMEM131L
0,3.83353604150638,0.497,0.031,0,13,TANGO2
0,5.2570592317727085,0.477,0.015,0,13,ITSN1
0,6.311555023214354,0.461,0.004,0,13,RHD
0,4.2974146164558755,0.477,0.022,0,13,NATD1
0,5.24542316738868,0.457,0.005,0,13,KLF1
0,3.8268464641442295,0.477,0.03,0,13,SMOX
0,9.626251458230238,0.438,0.001,0,13,AL138900.3
0,3.8609705052718732,0.457,0.021,0,13,MICAL2
0,8.259569355795694,0.434,0.002,0,13,TSPO2
0,3.4874467003904037,0.451,0.03,0,13,NFE2
0,4.360570095454494,0.431,0.018,0,13,TAB3
0,5.576755685367429,0.414,0.008,0,13,E2F2
0,4.716690785921126,0.418,0.013,0,13,CPOX
0,4.105855215962836,0.424,0.024,0,13,KANK2
0,6.849873846509919,0.401,0.002,0,13,GMPR
0,4.9393212125388155,0.405,0.009,0,13,ATG14
0,3.8243628270761487,0.421,0.025,0,13,RNF14
0,3.869904471684232,0.421,0.03,0,13,MOSPD1
0,8.535702772029408,0.388,0.001,0,13,YPEL4
0,3.895649077574617,0.408,0.024,0,13,TCP11L2
0,3.919543357513775,0.411,0.028,0,13,MINPP1
0,6.479276238555813,0.385,0.003,0,13,FRMD4A
0,5.667083983612991,0.375,0.007,0,13,UBE2O
0,7.640160067371582,0.368,0.002,0,13,ART4
0,4.341293977795631,0.378,0.016,0,13,CHST2
0,8.30946742609031,0.359,0.001,0,13,GCNT2
0,3.9497765399356357,0.372,0.018,0,13,ASCC2
0,3.616272147421098,0.378,0.024,0,13,ZMYND8
0,4.3928731384396045,0.362,0.013,0,13,PPME1
0,8.160455619270772,0.349,0.001,0,13,RIPOR3
0,4.40651318281559,0.359,0.016,0,13,NCEH1
0,5.840196579185451,0.345,0.005,0,13,RFESD
0,4.119581817234899,0.336,0.014,0,13,HAGH
0,6.3121512332319,0.322,0.002,0,13,XK
0,4.144249394604624,0.332,0.013,0,13,ABCB10
0,6.069783239430021,0.306,0.002,0,13,SPTB
0,5.215572944384505,0.309,0.009,0,13,DPM2
0,4.508240646130721,0.309,0.01,0,13,C1orf109
0,8.77134160355799,0.289,0.001,0,13,LINC00570
0,4.742701551682297,0.289,0.01,0,13,ATG4A
0,4.082262564993112,0.289,0.011,0,13,BMP2K
0,4.600376462805473,0.283,0.008,0,13,PHLPP2
0,4.53957759630188,0.28,0.009,0,13,SLC6A8
0,4.42719495155675,0.28,0.011,0,13,CDC34
0,4.980110380112809,0.263,0.006,0,13,ABCC4
0,5.628822576055913,0.257,0.004,0,13,TLN2
0,8.772338038430421,0.25,0,0,13,SLFN14
0,3.8972960902057796,0.253,0.01,0,13,KIAA1586
1.0124016913831875e-306,3.8074239829939116,0.303,0.015,1.8603893480857454e-302,13,GAB1
5.6423748123454826e-306,3.4045576622550793,0.684,0.085,1.0368427955166058e-301,13,MXI1
1.6162113946626265e-304,3.252739492529861,0.526,0.047,2.9699500588320425e-300,13,DCAF11
1.0955925699228075e-297,3.933445060122931,0.826,0.143,2.013260906490151e-293,13,MKRN1
9.16781733547381e-293,3.8796060168125175,0.918,0.203,1.6846781135666675e-288,13,BNIP3L
2.4963327864579445e-292,3.576630044066782,0.612,0.071,4.587261128395119e-288,13,PSMF1
1.280990156574071e-287,3.306759219169326,0.816,0.135,2.3539475117205127e-283,13,YBX3
5.31016458827699e-280,3.8183769386476083,0.326,0.02,9.757958447417797e-276,13,DYRK3
8.078930399801255e-270,3.286937742719908,0.53,0.055,1.4845842502674787e-265,13,HERC1
5.7625874313061445e-269,3.070742485522821,0.533,0.055,1.0589330663768171e-264,13,MAN1A1
4.2681117500756235e-267,3.5378718015423805,0.832,0.161,7.843082151938966e-263,13,WNK1
2.9346855429573047e-266,4.108231660114814,0.293,0.017,5.392778153738343e-262,13,MARCH3
1.0615882472594937e-254,3.6649687481286177,0.934,0.25,1.9507745631640457e-250,13,NCOA4
6.449727018720819e-254,3.2275990803552137,0.438,0.039,1.1852018369601378e-249,13,SSBP3
1.7526963819062628e-252,3.486302062677402,0.431,0.038,3.2207548713909487e-248,13,DCAF8
5.197895808928662e-252,3.01750104222212,0.885,0.183,9.55165333848731e-248,13,STOM
8.881089508601363e-251,2.953985248057122,0.72,0.111,1.6319890081005864e-246,13,MPP1
1.277456882602443e-246,3.843564894437624,0.993,0.366,2.3474547674702494e-242,13,SLC25A37
2.1901344080196568e-243,3.5725761231555664,0.372,0.03,4.024590988176922e-239,13,OPA1
2.030167140598104e-242,3.1925092943968094,0.447,0.043,3.730635137563076e-238,13,FLCN
1.32400265122852e-238,3.582082692479782,0.582,0.076,2.432987271897528e-234,13,SUCO
4.8416456516247823e-237,2.970413228937302,0.717,0.116,8.8970080494257e-233,13,MARK3
5.13793272139397e-236,3.20942600716769,0.51,0.057,9.44146516883356e-232,13,EMC3
4.2566712160456003e-234,3.397212743484435,0.539,0.066,7.822059026605395e-230,13,NUDT4
8.225496754846671e-234,3.2300930185768415,0.414,0.038,1.5115172836706244e-229,13,RPIA
1.6578159332473113e-233,3.1377721679590573,0.674,0.104,3.0464025589352592e-229,13,PIP4K2A
4.4900835739084214e-232,3.0211280137863192,0.451,0.045,8.250977575414115e-228,13,DENND4A
3.007854461083233e-231,3.3642992385383073,0.418,0.039,5.527233357686549e-227,13,FRYL
1.7574298719702244e-230,3.485239231134062,0.342,0.026,3.2294531327324843e-226,13,JAZF1
1.8838823867670753e-230,3.1090521277934857,0.822,0.175,3.461822273923178e-226,13,UBE2H
1.1933200628682373e-229,3.1236982281655905,0.931,0.253,2.192844947526673e-225,13,TOP1
1.0718023711896468e-228,3.247593816418545,0.688,0.112,1.969544037298095e-224,13,GPCPD1
2.263079046664574e-226,3.255712288890329,0.539,0.067,4.158634056150821e-222,13,BSDC1
3.4697738684896735e-225,3.073586421073068,0.5,0.057,6.376056460736624e-221,13,UBR2
1.35682936105706e-221,3.4667568213921482,0.359,0.03,2.4933096338784535e-217,13,NARF
5.227410296811442e-217,3.6160548983869,0.253,0.015,9.605889161420705e-213,13,ATP7A
3.7764606299344694e-215,3.544359205085173,0.273,0.018,6.939624053567581e-211,13,EPOR
1.2976276530999657e-214,3.1298915158237284,0.438,0.045,2.384520575336497e-210,13,SRSF8
2.4147721957435157e-214,3.116913561379731,0.493,0.059,4.4373853868982844e-210,13,FBXO30
3.12763227410582e-213,3.22818497520128,0.286,0.02,5.747337066896855e-209,13,SLC25A38
7.800319447409799e-213,2.7220048842655844,0.701,0.119,1.4333867016560246e-208,13,RAPGEF2
1.3626270954739126e-211,2.943235496790069,0.579,0.082,2.5039635506428617e-207,13,KAT2B
1.5463271948474084e-209,3.1980031214041027,0.375,0.035,2.841530853251598e-205,13,RAB2B
4.204637832863778e-209,3.403471825738274,0.352,0.03,7.726442481670479e-205,13,E2F4
1.758385304888797e-207,2.9899224104347137,0.786,0.165,3.231208836263653e-203,13,RIOK3
8.114968673539892e-207,3.2039340462983352,0.355,0.031,1.4912066434496905e-202,13,CISD2
4.450523754767577e-197,3.2181282344494067,0.345,0.031,8.178282451760899e-193,13,GUK1
1.807084018607724e-195,3.1320190736398126,0.286,0.021,3.320697592593554e-191,13,FKBP8
6.43317542575656e-194,3.2260214995028784,0.28,0.021,1.1821603162370256e-189,13,FOXO4
2.920215657498893e-189,2.913762245095562,0.806,0.193,5.366188292219966e-185,13,CPEB4
5.192285623351571e-189,3.2246152254424914,0.484,0.063,9.541344061470846e-185,13,RNF19A
2.165876399971934e-188,3.4660618160970196,0.257,0.018,3.980014472588426e-184,13,ATG2B
1.452233854624721e-181,2.902065579316823,0.418,0.049,2.668624931258387e-177,13,DCUN1D1
2.1177307797137457e-180,2.6778670294363907,0.622,0.106,3.891542080801979e-176,13,CCNDBP1
3.492264402391551e-180,2.9969025180340143,0.289,0.024,6.417385065834715e-176,13,GUCD1
5.322958883154464e-177,2.697199536787202,0.645,0.118,9.781469243684644e-173,13,FBXO9
1.555647782586065e-175,3.067581626472164,0.454,0.059,2.858658365280153e-171,13,NT5C3A
3.040662236609431e-175,2.8145084063078825,0.582,0.098,5.58752092599349e-171,13,GSPT1
5.429914291374758e-175,2.622175855030778,0.776,0.176,9.978010501830254e-171,13,RB1CC1
2.92624045778436e-174,3.9355723620868392,0.293,0.026,5.377259465224539e-170,13,EIF1AY
3.659916304888844e-173,2.5750447658710316,0.516,0.075,6.72546220186374e-169,13,SDE2
1.0581844273973982e-172,3.012475266540365,0.447,0.058,1.944519703785459e-168,13,GDE1
8.280814658332877e-172,2.8466179087754515,0.651,0.127,1.5216825016152495e-167,13,RNF10
1.7208972070301717e-168,3.065701528043868,0.457,0.063,3.1623207076386436e-164,13,PITHD1
8.462819048966557e-168,2.529265493673771,0.447,0.059,1.5551276284380947e-163,13,DCAF6
9.496644657935479e-167,2.6335166471044653,0.382,0.043,1.7451034223422235e-162,13,FBXO34
7.085891754945462e-164,2.691004599472832,0.421,0.053,1.302103468888778e-159,13,FAM214B
5.51461559200542e-161,2.661618377857219,0.684,0.145,1.013365761186916e-156,13,FGFR1OP2
4.841705305722839e-159,3.1183562273326233,0.303,0.029,8.897117669796288e-155,13,BRD8
1.8289772836207447e-157,2.745803294316376,0.428,0.057,3.36092865638148e-153,13,ISCA1
4.6403622687904074e-156,2.8160256384239464,0.431,0.06,8.527129705129253e-152,13,ACP1
2.969157582510115e-148,2.9144729384652504,0.322,0.035,5.456123973620587e-144,13,GTPBP2
5.3054694885259225e-148,3.052806574272812,0.286,0.028,9.749330732115235e-144,13,DHX29
3.6837445577369215e-147,2.880934358220509,0.309,0.033,6.769248999297367e-143,13,FCHO2
3.6182808729629655e-146,2.520362370553409,0.615,0.126,6.648952932156745e-142,13,USP7
3.2161536311396737e-139,2.677467531432448,0.306,0.034,5.910003912582265e-135,13,FIS1
5.113879769106584e-137,2.3204286282735715,0.464,0.075,9.397265463710257e-133,13,DDB1
1.8767482187955712e-136,2.4508316343938623,0.539,0.101,3.4487125268587416e-132,13,KLF3
2.8234931362078395e-135,2.4130424395663645,0.47,0.079,5.188450987095526e-131,13,USP12
1.1858428269793226e-132,2.4789690251050236,0.484,0.083,2.1791047788572032e-128,13,MARF1
7.180327028926745e-131,2.4803727134671387,0.378,0.052,1.3194568948355787e-126,13,SAMD9
6.353698557166469e-130,2.2755366873720018,0.372,0.051,1.1675556468649103e-125,13,PER1
3.420008771812634e-129,2.3393092786715517,0.78,0.238,6.284608119082897e-125,13,TERF2IP
4.523213849561629e-128,2.3208988937977884,0.507,0.093,8.311857769954449e-124,13,PDCD10
6.083567205253771e-127,2.8630297240149543,0.316,0.039,1.1179163096374329e-122,13,SGMS1
1.4989248052338247e-125,2.2193307916921015,0.487,0.088,2.7544242220976762e-121,13,PNP
2.47204439145971e-125,2.297152869934356,0.908,0.413,4.542628773746363e-121,13,UBB
5.056962333808027e-124,2.688145198032566,0.319,0.041,9.29267398460563e-120,13,MAP4K5
4.5505461127270444e-123,2.5639527242339537,0.309,0.038,8.362083536747217e-119,13,RABGAP1L
8.414156560671942e-123,2.330067692507785,0.457,0.079,1.546185409589076e-118,13,TNRC6B
5.219645328316812e-122,2.6484079751309855,0.266,0.029,9.591620255314973e-118,13,PGM2L1
2.3935741763962347e-121,2.32054173747938,0.355,0.05,4.398431906545721e-117,13,OPTN
7.6839537699078925e-121,2.3234336728966687,0.391,0.06,1.4120033447582744e-116,13,PCGF5
1.9729858040458554e-120,2.34906431304253,0.362,0.052,3.625558713514664e-116,13,SESN3
2.0658339056162668e-120,2.5048898489438907,0.289,0.034,3.7961763849604517e-116,13,ARRDC2
2.881171819507709e-118,2.0873300653151934,0.707,0.199,5.2944413355273666e-114,13,ADIPOR1
1.542114243822144e-116,3.12972869205848,0.253,0.028,2.833789134447572e-112,13,AGPAT4
9.126909877750512e-115,2.0155955315093284,0.648,0.162,1.677160959135434e-110,13,SLC1A5
4.781445325056823e-112,2.4464366520013887,0.365,0.057,8.786383929324418e-108,13,CALCOCO1
1.8680152005502737e-109,2.1255754324741805,0.493,0.099,3.432664732531183e-105,13,ISCU
1.6030505657886806e-108,2.115844991336943,0.615,0.152,2.945765719693279e-104,13,GADD45A
3.2027884512319358e-105,2.5144171854514643,0.276,0.035,5.885444057983805e-101,13,STAM
1.5822956139115548e-103,2.0661463030351683,0.467,0.095,2.9076264201238733e-99,13,SIAH2
3.0421463070362855e-103,2.021430078875637,0.556,0.131,5.5902480538098784e-99,13,C9orf78
1.0861064919487576e-98,1.8890407338087105,0.829,0.326,1.995829289605037e-94,13,SEC62
5.8646082961561194e-95,2.5242595054156594,0.289,0.042,1.0776804205016484e-90,13,WIPI2
1.0578701500938311e-94,2.499950894459042,0.434,0.09,1.943942187812424e-90,13,H1F0
8.258226017011247e-94,1.7239643634928536,0.783,0.282,1.5175316128859868e-89,13,LGALS3
1.3337091782804595e-91,1.7361129280710603,0.457,0.097,2.450823986008172e-87,13,DNAJA4
4.3064625174399894e-91,2.0759184176038756,0.352,0.062,7.913555522047725e-87,13,PSME4
4.3848550317611675e-91,1.9087564484096324,0.704,0.236,8.057609606364322e-87,13,WDR26
7.764247643851208e-91,2.381454176334125,0.299,0.047,1.426758147034098e-86,13,NAP1L4
8.732652683744811e-91,2.219785018112239,0.303,0.047,1.6047122571649464e-86,13,GRINA
2.4293980484430596e-90,1.9895570385070624,0.398,0.078,4.464261853818966e-86,13,FDFT1
6.608074358069601e-90,1.5720930172335548,0.701,0.213,1.2142997440388699e-85,13,USP15
3.6548862318540047e-87,2.7944693615406893,0.362,0.07,6.716218939654919e-83,13,SLC30A1
4.154780567028355e-86,2.0389348807022523,0.382,0.075,7.634824769971305e-82,13,DNAJB4
2.6825609687287616e-85,1.5473616504439374,0.717,0.243,4.929474036135972e-81,13,HDGF
6.179123549449939e-84,2.124618698103112,0.332,0.059,1.1354757434469208e-79,13,KIAA0232
5.79008392638084e-81,0.32345419497579764,0.349,0.064,1.0639858223117432e-76,13,AZU1
8.698109989984264e-81,1.81830836101275,0.447,0.103,1.5983646917595084e-76,13,RBX1
1.0518980471748444e-80,2.0551450773400086,0.296,0.049,1.9329678514884942e-76,13,CUL4A
7.297485100000821e-79,2.288843207059837,0.296,0.051,1.340985861976151e-74,13,ZDHHC17
7.313009476376242e-78,0.9464052395687745,0.737,0.258,1.3438386213788983e-73,13,CTSB
8.421523081444331e-76,1.8039209788155495,0.359,0.072,1.5475390814462103e-71,13,RMND5A
1.9143689844327122e-75,1.8748913034252608,0.266,0.043,3.517844445793552e-71,13,BAG1
9.602662433223879e-75,1.870405272628307,0.391,0.086,1.76458524872922e-70,13,NUP153
2.874097983131201e-73,2.220165820747355,0.286,0.051,5.281442453801895e-69,13,CDKN1B
8.033028977298382e-73,1.7869271502767963,0.368,0.079,1.4761494048683507e-68,13,MBOAT2
8.29667607326114e-73,2.2169026053377596,0.326,0.065,1.524597195222467e-68,13,YIPF6
5.140779812338191e-72,1.533845282574383,0.658,0.225,9.44669698315266e-68,13,EP300
2.0150982493195976e-71,1.9457538547693642,0.398,0.092,3.7029445429496924e-67,13,KDM7A
4.914114399217082e-69,1.5077165617949386,0.691,0.256,9.03017662000131e-65,13,FOXO3
3.03730397776093e-67,1.6609770505297816,0.326,0.067,5.581349789533486e-63,13,REXO2
1.6398999223075274e-66,1.9828426426050059,0.345,0.076,3.0134800972323124e-62,13,XRN1
9.329694484307771e-65,1.636751013715295,0.326,0.069,1.714424658436396e-60,13,MORC3
1.773455892476796e-63,1.1458891010309062,0.513,0.146,3.2589025480153606e-59,13,SLC7A5
4.885317119926934e-63,1.6700384551950576,0.454,0.126,8.977258739577735e-59,13,AKAP9
7.565541373894347e-63,1.8247101175378173,0.306,0.063,1.3902438828668252e-58,13,MKLN1
2.563877836609557e-62,1.9620652658335698,0.263,0.049,4.711381912553722e-58,13,HK1
7.085000773390687e-61,1.736057964768685,0.441,0.124,1.3019397421182725e-56,13,SERTAD2
1.278516421075407e-60,1.4161602839081797,0.332,0.073,2.349401775368168e-56,13,AGO2
1.2706835137958923e-58,1.6513952965726113,0.378,0.096,2.3350080249513318e-54,13,PCM1
9.956997313232638e-58,1.7724517661992605,0.316,0.071,1.8296978262796295e-53,13,NBR1
1.44080178572399e-57,1.370240736613249,0.342,0.081,2.647617361446404e-53,13,PA2G4
4.4028700719710854e-57,1.795850645019971,0.253,0.049,8.090714044254067e-53,13,TBC1D23
7.331041885218342e-57,1.8630162070387926,0.266,0.054,1.3471522568277225e-52,13,BROX
2.927137021691384e-56,0.3199374600313054,0.303,0.066,5.3789069910600874e-52,13,ELANE
6.199508186468897e-56,1.5798435001924451,0.368,0.094,1.1392216243455246e-51,13,UBR4
1.3605599992313189e-55,1.6010490658684802,0.454,0.138,2.5001650545874715e-51,13,MARCH6
2.8357109088700174e-54,1.0076927519213716,0.385,0.098,5.210902366139544e-50,13,MFN2
5.097306333276388e-53,1.6378440775371386,0.441,0.136,9.36681011802869e-49,13,GOLGA4
1.0374956904202852e-52,1.3659368205636375,0.27,0.057,1.906502080716316e-48,13,ST3GAL1
1.660934458038799e-50,1.4133564488994044,0.47,0.152,3.0521331600920968e-46,13,STMP1
2.416269141414625e-50,1.485865642782755,0.763,0.375,4.4401361742635155e-46,13,HSPA1B
2.8489402339866095e-48,1.8711747210543184,0.266,0.06,5.235212573973793e-44,13,AFF1
1.579386127438773e-47,1.411169768859633,0.385,0.112,2.902279947781489e-43,13,MGST3
8.076961203588648e-47,1.1695717141501683,0.457,0.148,1.48422239077145e-42,13,WBP2
1.8881316539895216e-46,1.3649790897049652,0.273,0.064,3.469630727371145e-42,13,LARP1
7.880317415095681e-46,0.9942799016444503,0.743,0.334,1.4480871281979824e-41,13,YBX1
8.65627130078204e-45,1.2517714526983388,0.434,0.138,1.5906764142317078e-40,13,HIPK1
1.5149882645203252e-41,1.204453768397811,0.286,0.073,2.7839424348825493e-37,13,NPL
7.702804456474907e-41,1.1230791473918325,0.474,0.168,1.4154673469218289e-36,13,RNF11
3.770818986571142e-40,1.135760458239623,0.385,0.121,6.92925696972313e-36,13,ODC1
2.1047533148748296e-39,1.197444580161653,0.467,0.171,3.8676946914139867e-35,13,MKNK2
5.1117048568915044e-39,1.213830666804496,0.25,0.061,9.393268845023828e-35,13,OTUD5
1.1534427025043248e-38,1.2159405731096742,0.352,0.109,2.1195663101219472e-34,13,CTSL
3.6177802041055104e-38,1.1414841425363422,0.378,0.122,6.648032903064286e-34,13,ADD1
2.6978410009255722e-37,0.951702261729193,0.329,0.097,4.9575526233008314e-33,13,R3HDM4
3.003592779553238e-37,1.518847260359133,0.266,0.071,5.51940209170703e-33,13,BAZ2A
1.9193219717442654e-36,1.0363662965592138,0.424,0.15,3.526946055277262e-32,13,EIF1B
1.9576092470126434e-36,1.1401037947622181,0.368,0.119,3.597302752310433e-32,13,MTMR3
2.4507888747938174e-36,1.1605632586877987,0.329,0.1,4.503569636321119e-32,13,PIK3R1
3.281963133389595e-33,0.7499900770332584,0.697,0.313,6.03093545391672e-29,13,SOD1
1.824141246011539e-32,1.2328478933552214,0.385,0.14,3.352041953670804e-28,13,ZBTB7A
2.9352366196021816e-31,1.0619770065769014,0.421,0.162,5.393790812180969e-27,13,ZMAT2
3.259886770780151e-30,1.2252682293975707,0.556,0.252,5.990367929985605e-26,13,RSRP1
4.065867786032948e-30,0.821485235664086,0.612,0.296,7.471438643614145e-26,13,ANP32B
5.131090932521408e-30,1.2298601648028789,0.375,0.138,9.42889269760134e-26,13,ZC3HAV1
5.623620320492382e-30,1.0505799203902542,0.26,0.077,1.0333964700936801e-25,13,RAP2B
2.4928953353903849e-29,0.9759701489373658,0.362,0.132,4.580944468313372e-25,13,STAU1
2.6068106781903935e-29,0.793627795763184,0.477,0.196,4.790275302242667e-25,13,WASF2
1.485398914789548e-28,0.631507602198208,0.516,0.216,2.7295690458172732e-24,13,YPEL3
7.849469027917301e-28,0.6159081182588704,0.753,0.401,1.442418428570083e-23,13,TXNIP
1.2400723365132048e-27,0.7786294647481815,0.441,0.176,2.2787569255766653e-23,13,STAG2
1.5038406388054471e-27,0.9326167116018924,0.704,0.409,2.7634575578688895e-23,13,EIF5
5.03180178489537e-27,0.5836481191003724,0.497,0.207,9.246438959923732e-23,13,MAP2K3
8.669787374711859e-26,0.7611672147871611,0.47,0.206,1.5931601279770513e-21,13,HEXIM1
8.876445410397317e-26,0.8184740649390941,0.378,0.148,1.631135608614611e-21,13,BRD4
5.046986755368253e-25,0.9714105997097138,0.329,0.123,9.274342861664701e-21,13,UBE2K
1.4359445286836509e-24,0.854871268977079,0.263,0.087,2.6386916659090767e-20,13,PPM1A
1.387395463747756e-23,0.6468616903477789,0.457,0.2,2.5494779041828763e-19,13,DEDD2
1.7635037992003615e-23,1.0055472553572393,0.385,0.163,3.2406145814105843e-19,13,PRDX6
7.402063339991441e-23,0.8072533012499052,0.372,0.153,1.3602031593568271e-18,13,SH3BGRL
3.819803628778066e-22,0.9861862419883558,0.289,0.107,7.019271148242575e-18,13,USP9X
5.080401846228186e-22,0.7391547608476152,0.579,0.303,9.335746432628914e-18,13,SNX3
6.837324582688338e-21,0.7393259184043701,0.309,0.121,1.256426765314809e-16,13,KIDINS220
7.495283409810227e-21,0.8904603534359972,0.52,0.265,1.3773332793867272e-16,13,PTGES3
8.546705161016576e-21,0.6232722783273215,0.339,0.136,1.570542540388406e-16,13,ASAP1
2.3059835237666574e-20,0.8440818730409028,0.447,0.208,4.23747532327361e-16,13,TFDP1
7.547807369422428e-20,0.5635035371106469,0.441,0.205,1.3869850822050654e-15,13,CLTC
9.099640124665574e-20,0.787898081844343,0.273,0.102,1.6721498693085459e-15,13,CCDC186
1.125933852270185e-19,0.6889843581552109,0.322,0.132,2.069016046931692e-15,13,DDX6
1.7410689523587089e-19,0.8586166234168894,0.276,0.107,3.1993883068543635e-15,13,GCLM
1.9704337852372787e-19,0.6899501625654032,0.451,0.219,3.620869123752023e-15,13,CREG1
2.465625189204212e-19,0.33980366363175474,0.993,0.765,4.53083284768166e-15,13,MT-CO1
6.639339153300743e-19,0.5369912157055801,0.516,0.262,1.2200449628105445e-14,13,SF3B1
1.5206328728945254e-18,0.38663825307916433,0.484,0.227,2.79431496723098e-14,13,TALDO1
2.6330813577004316e-18,0.37122843516081727,0.375,0.166,4.8385503029103134e-14,13,C6orf62
4.824092635552567e-18,0.4327569078716853,0.5,0.244,8.864752627091398e-14,13,CHD2
1.2882121340905897e-16,0.7151680009847781,0.385,0.183,2.3672186176048677e-12,13,RSRC2
1.7455035100032982e-16,0.8353818512321977,0.359,0.165,3.207537249982061e-12,13,MGEA5
8.338282924527772e-16,0.3236175918660187,0.52,0.265,1.5322428702112233e-11,13,STK17B
3.655971020846556e-15,0.8659663944097474,0.25,0.105,6.718212347907631e-11,13,HADHA
9.769026595528169e-15,0.5486237707009864,0.526,0.297,1.7951563271942563e-10,13,SON
1.0983659582528189e-14,0.7846299177019598,0.266,0.117,2.01835728488538e-10,13,ANXA7
1.8775159549290685e-13,0.47449812106223044,0.372,0.189,3.450123318777656e-9,13,ST13
1.4981148278175075e-12,0.38689676489231584,0.355,0.178,2.7529358075974517e-8,13,NIPBL
1.632076313286691e-11,0.6017419142499083,0.319,0.164,2.999103433295623e-7,13,BPTF
3.366764365482921e-11,0.5320217519516361,0.47,0.275,6.186766198011415e-7,13,CLK1
6.632912706106596e-11,0.3051201521071375,0.368,0.198,1.218864038874148e-6,13,GHITM
8.57801960248686e-11,0.3070522536212934,0.28,0.135,1.5762968821529853e-6,13,PTK2B
1.6591964092839165e-10,0.4508060768940667,0.273,0.136,3.0489393217001248e-6,13,DNAJB9
1.12719164160897e-9,0.296495627261793,0.296,0.155,2.0713273606206434e-5,13,MTCH1
1.4682888766595075e-9,0.328992977905873,0.253,0.126,2.698127639749511e-5,13,RAB5B
1.3628131466637859e-8,0.9664622042102708,0.28,0.16,2.504305438309373e-4,13,CACYBP
3.066395061989217e-8,1.0757981980469324,0.26,0.149,5.634807565911385e-4,13,C6orf48
4.525446411431044e-6,0.7045049328954933,0.283,0.177,0.08315960325645687,13,LUC7L3
