p_val,avg_log2FC,pct.1,pct.2,p_val_adj,cluster,gene
0,1.478855236484442,0.802,0.261,0,0,CNMD
0,1.3749258401573865,0.74,0.245,0,0,CLEC3A
0,2.2458272082133632,0.552,0.106,0,0,CP
0,2.0858940454495243,0.494,0.098,0,0,SLC14A1
1.2468878970228811e-303,2.7453436784406517,0.371,0.053,2.2912811995692465e-299,0,FRZB
1.746831183559142e-303,1.2205011202959741,0.935,0.554,3.209976982908279e-299,0,JUND
1.0367336225980933e-291,1.156494585960103,0.975,0.676,1.9051017048862562e-287,0,FOSB
7.38261777714713e-287,1.499476892545922,0.942,0.626,1.3566298427285567e-282,0,EMP1
3.2850997320347207e-283,3.8642815037841283,0.259,0.016,6.0366992675870025e-279,0,CHRDL2
2.0836455727364253e-281,1.1520662530606733,0.965,0.64,3.828907104460455e-277,0,KLF4
4.133370853198162e-272,1.1668964438013902,0.844,0.405,7.595482279836942e-268,0,CDR1
1.796546354089348e-269,1.0940037779661416,0.722,0.256,3.301333580274586e-265,0,ITM2A
8.939038437760386e-265,1.2163007515457744,0.962,0.724,1.6426377033228487e-260,0,CYR61
6.630087730140763e-258,1.3102669464888792,0.724,0.287,1.2183449212906666e-253,0,TRIB1
7.232825450142811e-254,1.8219283400437867,0.434,0.096,1.3291040047182429e-249,0,WIF1
1.642006245839787e-251,1.098818567413101,0.632,0.209,3.0173506773551924e-247,0,GPRC5A
2.927185212690702e-249,0.9267420346697866,0.778,0.317,5.378995546840435e-245,0,ACAN
9.712340949194407e-237,1.7712308959829937,0.378,0.075,1.7847397728239643e-232,0,IGF2
3.9239251092738564e-221,0.9217307343750547,0.787,0.348,7.2106047808016385e-217,0,SRSF5
9.37246373656929e-219,1.3112590191089641,0.351,0.068,1.7222839362319728e-214,0,COL9A2
1.7957247081454264e-217,1.1059387516126593,0.946,0.611,3.2998237236880353e-213,0,EGR1
5.726406087355519e-214,0.9475417593665614,0.706,0.291,1.0522843826124502e-209,0,WSB1
2.481981335630971e-213,1.1271765890169463,0.745,0.342,4.5608889023554726e-209,0,DUSP1
7.654348540799838e-209,1.0950692799949748,0.741,0.324,1.4065630878573782e-204,0,BTG2
8.582501209574906e-204,0.8953696681204726,0.597,0.212,1.5771204222714849e-199,0,SERPINA5
5.5938063095101845e-202,1.0348712859202567,0.866,0.471,1.0279178474355916e-197,0,SOX9
8.4644332681093165e-196,0.8426247644030456,0.618,0.231,1.555424257347768e-191,0,HNRNPH1
1.4581064060180656e-194,0.9705084639624111,0.52,0.173,2.679416331698797e-190,0,ITM2C
1.626010458761871e-192,1.3738228512208717,0.441,0.13,2.9879568190208143e-188,0,TIPARP
1.512973708809279e-191,0.9071859218403739,0.667,0.276,2.780240487307931e-187,0,CPE
2.588748036017476e-191,1.359873697427791,0.364,0.089,4.757083390985714e-187,0,MAPK14
1.8037552998413708e-190,1.1127046700954524,0.684,0.293,3.314580738988503e-186,0,GEM
3.713278694579261e-189,0.7864810723073123,0.807,0.369,6.82352092915885e-185,0,SERPINA1
2.1309798256858483e-179,0.9842293462252585,0.523,0.186,3.915888527680315e-175,0,ODC1
2.2883084597894678e-176,0.7306882424652454,0.924,0.554,4.204995625709126e-172,0,DDX5
2.4861377326641637e-176,0.9674261335443697,0.462,0.15,4.568526697543667e-172,0,WWP2
5.820560461692697e-176,1.0052234875568915,0.427,0.127,1.06958619044065e-171,0,PAX1
6.946009547221663e-176,0.7007454594227784,0.821,0.404,1.2763987143974527e-171,0,HLA-A
2.577994785138822e-174,0.7194930971528186,0.656,0.271,4.737323217171099e-170,0,MAN1A2
1.0100287818206403e-170,0.7234394697285222,0.588,0.23,1.8560288894736086e-166,0,GLS
5.72713488428601e-169,1.0812910146484482,0.368,0.1,1.052418306336397e-164,0,MIDN
8.796726166752903e-169,1.0220029527345618,0.415,0.125,1.6164864004025134e-164,0,TMX4
1.4835846942343148e-168,0.617432696588148,0.791,0.377,2.726235234124977e-164,0,SFPQ
6.031692540963599e-165,0.9343596787700998,0.539,0.207,1.1083838213274711e-160,0,NFIL3
8.631135025037113e-165,0.7524315415297393,0.54,0.203,1.5860573722008198e-160,0,DDX17
8.420836247857042e-164,0.9151817728647096,0.601,0.248,1.54741286890621e-159,0,KLF10
1.1172810858913193e-163,0.7151663094065079,0.799,0.398,2.0531157234338884e-159,0,EIF5
5.551023443060679e-160,0.629934618591903,0.739,0.344,1.0200560678968305e-155,0,DDX3X
2.444195493566785e-159,0.9960739646930037,0.948,0.705,4.491453638978324e-155,0,ANXA1
2.5004768397989424e-159,0.9279572426758684,0.654,0.289,4.594876240814537e-155,0,FHL1
1.727443762688079e-158,0.695162052079644,0.722,0.331,3.174350658315614e-154,0,PNRC2
8.043861295865111e-157,0.6637519419636639,0.949,0.647,1.4781399517281728e-152,0,EEF1A1
1.2502273573189513e-155,1.0953237250019605,0.329,0.086,2.2974177918093048e-151,0,TUBB2B
2.6099408596563744e-155,0.7579983189085073,0.539,0.21,4.796027323704554e-151,0,PRNP
4.326055647025804e-155,0.6758267568450511,0.526,0.199,7.949559856974618e-151,0,HSPA9
4.630891909560142e-155,0.6308704956708451,0.79,0.394,8.509726973007717e-151,0,HLA-B
5.4237163611414485e-154,0.7402069782637433,0.507,0.191,9.966621185233527e-150,0,HIF1A
1.2366995749540537e-153,0.5822986130110719,0.649,0.282,2.272559138935569e-149,0,HNRNPA1
1.3329319652499353e-151,0.644697924767808,0.968,0.784,2.4493957793432813e-147,0,ACTB
6.211239947663756e-151,0.9983115092652216,0.366,0.108,1.1413774527826918e-146,0,MYLIP
9.410222265030379e-151,0.6990636446980472,0.86,0.474,1.7292224434219825e-146,0,BTG1
2.035249533951263e-150,0.7597388881373033,0.561,0.23,3.7399745435888406e-146,0,ATP1B1
3.6861755403954016e-149,1.0351756051532077,0.424,0.145,6.77371617303059e-145,0,BAMBI
1.4165066587265883e-148,0.5610819520748378,0.665,0.298,2.6029726360759786e-144,0,P4HA1
1.9040318440932665e-148,0.9050245646559804,0.431,0.148,3.4988489167057866e-144,0,HSPA2
1.469523015673283e-147,0.6307623213490572,0.625,0.264,2.700395493601225e-143,0,S100B
8.373180048736269e-147,0.54773256884561206,0.638,0.28,1.5386555657557768e-142,0,LITAF
1.0842326794565638e-144,0.667047981734533,0.655,0.298,1.9923859717693817e-140,0,JUNB
1.3778056465481888e-144,0.5773816947132184,0.714,0.338,2.5318556560969516e-140,0,SRSF3
8.127021326665775e-144,0.6502562491915795,0.874,0.489,1.4934214389881027e-139,0,MCL1
9.043549202673587e-144,0.7818406149970509,0.783,0.417,1.6618426014832983e-139,0,CDKN1A
1.0667140274021925e-143,0.6038529996923816,0.645,0.288,1.960193696754269e-139,0,VEGFA
2.1565316313691113e-143,0.5986015024875169,0.803,0.416,3.962842525803879e-139,0,HLA-C
3.0056489695682344e-143,0.6372933573002508,0.59,0.251,5.523180546478587e-139,0,KLHL21
4.417522599570265e-143,1.1918018763623581,0.355,0.108,8.11763952897032e-139,0,MARCKSL1
1.5865402341470631e-142,0.5800361968101821,0.476,0.174,2.915426334268643e-138,0,RBP4
2.301436008541052e-142,0.7644905928431986,0.42,0.143,4.229118809295037e-138,0,RHOBTB3
2.4757875858558922e-142,0.9820505107435906,0.439,0.157,4.549507267768788e-138,0,ADM
6.529720369143516e-142,0.9526619494532833,0.372,0.117,1.1999014150338126e-137,0,CEBPG
6.559050947060018e-142,1.20457547105568,0.297,0.076,1.205291202031749e-137,0,MYLK
1.3119191627818214e-141,0.6389549901142215,0.472,0.174,2.410782653527875e-137,0,UBL3
1.444233171011833e-141,0.8566769910464203,0.502,0.198,2.6539228750513444e-137,0,MAFF
3.06604161294357e-141,1.2027272372767523,0.435,0.16,5.634158067945105e-137,0,A2M
5.717915519526204e-141,0.780165458410226,0.458,0.169,1.0507241558681352e-136,0,BNIP3
1.1358759181983052e-140,0.5924892105825108,0.545,0.221,2.0872855872812056e-136,0,PID1
1.288372372032314e-140,0.9087451407005059,0.388,0.126,2.3675130708465802e-136,0,SPINT2
3.100984809551514e-140,0.6199553102793578,0.49,0.186,5.698369686031862e-136,0,ARL6IP1
1.7093913706197407e-139,0.5511720451420294,0.563,0.234,3.1411775826508355e-135,0,MATR3
7.903244704061585e-139,0.6944521287422458,0.531,0.213,1.452300246818357e-134,0,ID4
2.509130440193906e-138,0.6016038904555407,0.725,0.356,4.610778096900321e-134,0,MYADM
4.4169356228159084e-138,0.9545303151156315,0.894,0.672,8.116560900486513e-134,0,OGN
4.658957387852544e-138,0.982571981850742,0.374,0.121,8.561300095917834e-134,0,NFATC1
2.6179925569227024e-137,0.5457591183239487,0.495,0.19,4.810823122601158e-133,0,NEAT1
5.623392297630221e-135,0.5691398106346544,0.683,0.324,1.0333545686125294e-130,0,XBP1
4.791964498519822e-134,0.6643835586024265,0.664,0.319,8.805713962480025e-130,0,UBC
1.0794828959954238e-133,0.811522139707556,0.374,0.122,1.983657769681191e-129,0,CRY1
2.8762570110092256e-133,0.7539129355785121,0.449,0.169,5.285409883430553e-129,0,CREG1
6.209590282389397e-133,0.5289910025301618,0.344,0.101,1.1410743102918757e-128,0,COL11A2
2.0971322026001256e-131,0.42231468260038163,0.717,0.343,3.853690135497991e-127,0,ZFAND5
2.53928583039342e-131,0.4781637785841246,0.82,0.434,4.6661916419309486e-127,0,PAPSS2
2.899252161635479e-131,0.8373443114873549,0.821,0.475,5.3276657722213565e-127,0,FOS
3.4834602873420677e-131,0.45773104393248887,0.575,0.248,6.401206624019784e-127,0,RBMX
5.060926543115717e-131,0.5784360513745674,0.561,0.243,9.299958615629442e-127,0,DEK
7.767722911259922e-131,0.7877224472558243,0.378,0.127,1.4273967621731233e-126,0,PNISR
1.0927587422826147e-130,0.38156721425724704,0.61,0.268,2.0080534648185328e-126,0,RYBP
4.653871220304691e-130,0.6410051159285035,0.54,0.231,8.5519537544319e-126,0,ST13
1.01681500948367e-128,0.6882040907431266,0.905,0.583,1.8684992614271921e-124,0,DNAJB1
1.0189686518860535e-128,0.8778558699306296,0.384,0.133,1.8724567947058119e-124,0,ZC3H6
7.897188529700021e-128,0.5457889479440281,0.978,0.779,1.4511873642176759e-123,0,H3F3B
3.0269937568136487e-127,0.6874877968090225,0.489,0.2,5.562403727520761e-123,0,TAF7
3.057316638724537e-127,0.931519471983297,0.4,0.144,5.6181250553202095e-123,0,CITED2
1.0638984965735288e-125,0.4852553013205938,0.716,0.351,1.9550198773035165e-121,0,SRSF2
2.8541923250631663e-125,0.481028683421572,0.635,0.291,5.244863816536074e-121,0,CNBP
3.117828054960352e-125,0.968409145638339,0.349,0.114,5.729320833795143e-121,0,PELI1
8.576886103395831e-125,0.5324639753079636,0.798,0.422,1.576088590360018e-120,0,PGK1
9.627254736919981e-125,0.5865740851658314,0.898,0.551,1.7691043304564158e-120,0,NAP1L1
1.1965003293315173e-124,0.8571433270047462,0.634,0.315,2.1986890051795963e-120,0,BHLHE40
1.1364502383181024e-123,0.69037697231233075,0.325,0.099,2.088340957933345e-119,0,CDH19
9.794006974055975e-123,0.6321244391563402,0.509,0.213,1.799746721552526e-118,0,PRDX1
2.739509108318762e-122,1.1302442207748564,0.269,0.072,5.034121937446558e-118,0,WEE1
3.5414022309776807e-122,0.39530527763984447,0.719,0.352,6.507680739644586e-118,0,HNRNPC
4.66251861572398e-122,0.520161313236982,0.838,0.462,8.567844208254386e-118,0,EIF4A2
1.1011640854648165e-120,0.5135805765899408,0.843,0.474,2.0234991234501468e-116,0,CCNI
1.1161966908791175e-120,0.5395103413077464,0.876,0.493,2.0511230391594663e-116,0,ATF4
1.7233318586375682e-120,0.5644616158051257,0.475,0.194,3.1667946234323953e-116,0,TOMM20
1.7916215540952952e-120,0.8562944041499719,0.318,0.098,3.292283767805514e-116,0,STK26
3.964106851223665e-120,0.523255424500559,0.892,0.541,7.284442749808607e-116,0,PLOD2
5.2829883955132724e-120,1.3726341799297164,0.273,0.076,9.70801947559519e-116,0,PPP1R3C
6.307169178929307e-120,0.7815484291813186,0.406,0.153,1.1590054083200495e-115,0,GABARAPL1
7.275672268423122e-120,0.4913835253721164,0.734,0.37,1.3369775360454327e-115,0,TOB1
3.6193115607101756e-119,0.3347193831433324,0.55,0.234,6.650846923961019e-115,0,CYBRD1
5.012898338815687e-119,0.5360604418390396,0.495,0.206,9.211701987407705e-115,0,SKIL
8.272010908804775e-119,0.9311116938277033,0.345,0.117,1.5200647246019654e-114,0,RNF19B
9.021843303531456e-119,0.47303577811216146,0.524,0.224,1.6578539254569404e-114,0,FOXC1
1.1333474400928547e-118,1.1284738410324668,0.262,0.07,2.0826392559146298e-114,0,TSPYL1
1.373734552476951e-118,0.7174616110987069,0.415,0.157,2.5243746136316452e-114,0,HMGCR
2.982235215866744e-118,0.45552695163613666,0.685,0.332,5.480155432676728e-114,0,AC112491.1
3.985423383862462e-118,0.34593337913524014,0.67,0.323,7.323614010185661e-114,0,NCL
6.329191307164886e-118,0.4868809345612206,0.557,0.25,1.1630521946046194e-113,0,AMD1
1.112281597503841e-117,0.4451779317757314,0.501,0.206,2.043928663573058e-113,0,HEXIM1
2.1476308063905606e-117,0.5432312464887523,0.48,0.199,3.946486369823294e-113,0,TSPAN3
1.630787420376687e-116,0.7294637092553455,0.481,0.198,2.9967349636842002e-112,0,ATF3
1.741523596723955e-115,0.547775950618512,0.472,0.195,3.2002237613399394e-111,0,CIRBP
2.085854698013197e-115,0.5166470555705864,0.625,0.297,3.832966593069051e-111,0,EIF3E
2.75631197798758e-115,0.3762710937051259,0.607,0.278,5.0649988907499765e-111,0,C1S
3.3393945084206743e-115,0.36054140517935673,0.55,0.243,6.136471348673831e-111,0,SEC62
4.741264389624069e-115,0.8036077372309802,0.401,0.153,8.71254744237319e-111,0,BNIP3L
1.4109722586541317e-114,0.3537334498648512,0.502,0.209,2.5928026225028323e-110,0,OS9
5.820361412898792e-114,0.46815319381354015,0.369,0.13,1.0695496132342821e-109,0,PLOD1
6.4884878110992496e-114,0.648187891895858,0.355,0.124,1.192324520167598e-109,0,IFRD1
6.648756313147243e-114,0.48713580685351343,0.587,0.27,1.2217754601039375e-109,0,RPL22
2.2090398195824977e-113,0.9692772576597735,0.503,0.228,4.0593315724647976e-109,0,PIM1
5.548843741047827e-113,0.5858281148242497,0.333,0.111,1.0196555258549487e-108,0,TFRC
7.721414166734936e-113,0.4961956601914155,0.968,0.705,1.4188870672792118e-108,0,EIF1
7.956580236435849e-113,0.37040762488905954,0.585,0.267,1.4621011842474516e-108,0,RBM39
1.82796161252992e-112,0.3193797261553608,0.669,0.325,3.3590622591849806e-108,0,GFPT2
1.9412559545885874e-112,0.4396538792400846,0.507,0.215,3.567251942151988e-108,0,FGF2
2.587790028595718e-112,0.5646000473989918,0.961,0.704,4.755322956547491e-108,0,RGCC
2.7284039730601814e-112,0.5413706714634263,0.518,0.226,5.0137151408953896e-108,0,IDI1
1.0296687397306325e-111,0.2639685878357758,0.89,0.515,1.8921192761290103e-107,0,C2orf40
1.2757125495763853e-111,0.4898593702645706,0.579,0.268,2.3442493811015657e-107,0,SRSF7
2.1908928529967236e-111,0.7446386815848303,0.34,0.117,4.0259847066667796e-107,0,EIF4B
3.124675253226874e-111,0.6040708866497128,0.318,0.102,5.741903245329704e-107,0,PPP1R15B
8.310578868691728e-111,0.9091756019834065,0.37,0.138,1.527151972910792e-106,0,MYC
9.089935189684762e-111,0.4031121956456263,0.484,0.204,1.670366490456472e-106,0,HNRNPU
2.2044708140924493e-110,0.5740990050208913,0.369,0.134,4.050935567976285e-106,0,TOR1AIP1
1.4319507827154233e-109,0.5116981328151015,0.419,0.165,2.6313527583178617e-105,0,MAPRE1
1.7487105724127554e-109,0.4747169438662777,0.417,0.163,3.2134305478656792e-105,0,NFATC2
1.8003308827256244e-109,0.6829047296610613,0.371,0.138,3.3082880300966076e-105,0,SRSF6
2.057319543530435e-109,0.4092702293324888,0.797,0.434,3.780530393191527e-105,0,RAB1A
2.9244014359503447e-108,0.4055417448928389,0.851,0.48,5.3738800787023536e-104,0,YWHAZ
3.201257979863033e-108,0.3101003715352637,0.731,0.373,5.882631663796309e-104,0,PLXDC2
1.0608652005749926e-107,0.4687535396394966,0.335,0.115,1.9494458925766063e-103,0,ACSL3
2.471825464918871e-107,0.3176601889920736,0.702,0.357,4.542226474334918e-103,0,CRTAP
2.7947691124398266e-107,0.5017164742426994,0.756,0.409,5.135667721019425e-103,0,COL2A1
5.48448837211585e-107,0.35744859422378017,0.699,0.353,1.0078295832600086e-102,0,EIF3H
7.228707558666626e-107,0.37422957278346347,0.669,0.328,1.3283473009805792e-102,0,F13A1
8.504387829194774e-107,0.4734539937040587,0.562,0.264,1.5627663074928316e-102,0,MIR22HG
8.697945212821692e-107,0.29943119269055885,0.665,0.327,1.5983344123081142e-102,0,HNRNPK
1.3542104660091149e-106,0.38259369442581215,0.506,0.224,2.4884971523383493e-102,0,HNRNPA0
1.4918536852949902e-106,0.702198957633428,0.528,0.244,2.741430332098074e-102,0,GADD45B
3.7880457441479527e-106,1.1548999467926473,0.25,0.071,6.960912859446278e-102,0,BEX4
6.367266624625292e-106,1.131273695765699,0.251,0.072,1.1700489149411437e-101,0,LRIF1
8.523262009405081e-106,0.5874642994873256,0.487,0.217,1.5662346268482778e-101,0,NRN1
1.75442819372153e-105,0.40053795869980924,0.861,0.487,3.223937248782684e-101,0,TOMM7
2.8147169355218395e-105,0.3150442705361116,0.472,0.198,5.172323840714932e-101,0,HNRNPA3
3.655575819401532e-105,0.8176316114874327,0.935,0.765,6.717486125732255e-101,0,CTGF
3.973745040798609e-105,0.9122499056826936,0.306,0.103,7.302153886971523e-101,0,APOD
4.4249418029098486e-105,0.3348295838321915,0.732,0.378,8.131273057027137e-101,0,TMED10
5.712668521867348e-105,0.37505890113604945,0.427,0.171,1.0497599675783439e-100,0,NUFIP2
6.698892535970094e-105,0.6802758798820469,0.375,0.143,1.2309884924098645e-100,0,SLC19A2
1.5575309324833684e-104,0.5833408358772019,0.356,0.132,2.862118841531438e-100,0,ZRANB2
1.8552106688924886e-104,0.6050074225159661,0.307,0.1,3.409135125156837e-100,0,SCD
2.462226208077205e-104,0.8222521200016522,0.322,0.112,4.524586879962672e-100,0,CHAC1
2.6086989937873302e-104,0.40632809813852466,0.861,0.481,4.793745270983597e-100,0,RPS23
3.9334814774260644e-104,0.519287189545436,0.391,0.152,7.228165562918136e-100,0,DNER
4.3485700089911004e-104,0.3508038979716057,0.491,0.216,7.990932248522046e-100,0,WAC
8.345741588085875e-104,0.4891246291722665,0.387,0.15,1.5336134742266603e-99,0,AZIN1
1.2881436947820147e-103,0.5273333531156414,0.517,0.237,2.36709285353143e-99,0,HBEGF
1.3967861810351464e-103,0.37775459447838666,0.561,0.265,2.566734286270185e-99,0,SLC1A5
3.8503686909255454e-103,0.5515950986535197,0.41,0.165,7.075437506444782e-99,0,FXYD6
4.326509744344737e-103,0.41683702731008143,0.956,0.676,7.950394306207888e-99,0,FMOD
5.054927908444089e-103,0.4321836799953741,0.405,0.163,9.288935524556858e-99,0,HNRNPH3
5.222510866606022e-103,0.6042012696771648,0.352,0.131,9.596885968475225e-99,0,HOXC10
9.91589329094618e-103,0.3771321997253374,0.444,0.187,1.82214455114427e-98,0,SF1
1.6427239548567305e-102,0.3839016848143957,0.652,0.321,3.018669539444728e-98,0,UAP1
1.8381704864881395e-102,0.7139545808394542,0.401,0.164,3.3778220859706053e-98,0,TGIF1
1.945809798012244e-102,0.3555708435857974,0.631,0.31,3.5756200848273e-98,0,SBDS
3.7112568149197775e-102,0.3288238439546358,0.833,0.46,6.819805523096584e-98,0,PABPC1
8.05912219094732e-102,0.6809092910782544,0.407,0.165,1.4809442938084797e-97,0,SNAI2
9.814500640486547e-102,0.5479169760899134,0.31,0.104,1.8035126376958078e-97,0,NR4A3
4.516927739151982e-101,0.7709216241638366,0.269,0.083,8.300306413465682e-97,0,CDR2
5.599808739871791e-101,0.6641070893656729,0.281,0.09,1.0290208540388403e-96,0,ZNF24
6.573762125892061e-101,0.27403326465402966,0.368,0.138,1.2079945282539252e-96,0,P4HA2
1.1791668130445604e-100,0.4601903421305753,0.888,0.536,2.166836935650684e-96,0,HERPUD1
1.855340068185832e-100,0.48059655672626145,0.448,0.191,3.409372909298285e-96,0,GLO1
1.9130041262099557e-100,0.5689548178746737,0.369,0.142,3.5153363823234146e-96,0,PERP
5.769728761364889e-100,0.6586422205858757,0.803,0.476,1.060245357188412e-95,0,RHOB
8.09380970981438e-100,0.4965829236996986,0.545,0.259,1.4873184722754904e-95,0,UGDH
1.3878706725103332e-99,0.558480148367805,0.745,0.41,2.550351147804988e-95,0,TSC22D1
1.7848866852728031e-99,0.37035425762723384,0.474,0.206,3.279907772857303e-95,0,RCN2
1.983728730071286e-99,0.40355493610965776,0.433,0.182,3.645299914378995e-95,0,ETF1
2.057088012932909e-99,0.2744382403868275,0.625,0.305,3.780104932565513e-95,0,MORF4L2
2.390181365784159e-99,0.26268917348502563,0.488,0.217,4.39219727776497e-95,0,KHDRBS1
1.1913631517554681e-98,0.6312294108851695,0.401,0.166,2.1892489276658483e-94,0,DNAJB9
1.7565320616375768e-98,0.32032764399921976,0.637,0.317,3.227803316465211e-94,0,UBE2D3
6.155584748667931e-98,0.3874342767968413,0.817,0.462,1.131150253415219e-93,0,HNRNPA2B1
1.3396586849089615e-97,0.7707578425743467,0.498,0.236,2.4617567993887078e-93,0,SGK1
6.388228294294489e-97,0.5100901067111854,0.358,0.138,1.1739008313595553e-92,0,HNRNPD
1.019555614234301e-96,0.6142173477821795,0.312,0.111,1.8735353967169514e-92,0,DARS
1.3587803565952866e-96,0.32951066715891075,0.727,0.379,2.4968947832794985e-92,0,CYCS
1.7262718570508388e-96,0.4350709306715076,0.39,0.158,3.172197164516621e-92,0,TMEM263
1.9432338941758424e-96,0.31510152147356596,0.786,0.424,3.570886603937528e-92,0,SDC2
2.638358482657499e-96,0.695449454186864,0.379,0.153,4.84824754773142e-92,0,TES
1.4294612907016242e-95,0.6434216174774924,0.274,0.089,2.626778067793305e-91,0,CBX4
2.861083106404515e-95,0.7941736480701329,0.25,0.077,5.257526316328937e-91,0,INTS6
2.9620299937359144e-95,0.40017868117118427,0.676,0.354,5.443026316489116e-91,0,HAPLN1
4.7213442734144224e-95,0.49444152102538086,0.365,0.143,8.675942236826343e-91,0,ECM2
4.8055019684143345e-95,0.632438179848876,0.288,0.098,8.830590417158181e-91,0,ARIH1
5.8235417881526174e-95,0.33023138489727977,0.434,0.187,1.070134038990925e-90,0,PRKAR1A
5.9663181093830496e-95,0.5253903564145761,0.388,0.159,1.0963706157802291e-90,0,CCNL1
6.069897905051396e-95,0.42755097958273613,0.461,0.203,1.1154044390322446e-90,0,MTHFD2
8.003510730047446e-95,0.86634882191996,0.336,0.129,1.4707251317535186e-90,0,CLCF1
2.3210642753810042e-94,0.46337995034643376,0.66,0.34,4.265187712440134e-90,0,INSIG1
5.763812455844282e-94,0.4263396119869919,0.313,0.111,1.0591581768859453e-89,0,ACLY
5.836256876410924e-94,0.4313981561902951,0.927,0.576,1.0724705636092713e-89,0,RPL15
6.864957708424491e-94,0.3425128310402794,0.841,0.467,1.2615046285000845e-89,0,RPS25
7.130603676832145e-94,0.6312294051583122,0.302,0.106,1.3103197316546749e-89,0,CSRNP1
9.91205722810542e-94,0.6054327104435204,0.493,0.23,1.821439636236652e-89,0,DUSP14
1.8725303647009162e-92,0.5390671292769281,0.409,0.175,3.440961798174404e-88,0,C1orf21
1.9375183645502003e-92,0.3870956914148824,0.446,0.196,3.560383746697448e-88,0,LDHB
2.3331024902955795e-92,0.34616727707613615,0.481,0.219,4.287309136167157e-88,0,PTP4A1
2.504009456906412e-92,0.6119822082529244,0.288,0.099,4.6013677780112224e-88,0,SPART
3.0004902029894553e-92,0.6660497762721687,0.292,0.102,5.513700797013423e-88,0,SNAPC1
5.474434360028057e-92,0.7104706557737757,0.311,0.114,1.0059820579987557e-87,0,FAM43A
3.516903224468877e-91,0.391046806084395,0.482,0.221,6.462661365284008e-87,0,YBX3
2.3149559200090976e-90,0.28595104448062636,0.417,0.179,4.253962998608718e-86,0,TMEM30A
4.298640988782621e-90,0.2621807482470132,0.387,0.159,7.899182680986944e-86,0,COPB2
4.9479642953806866e-90,0.4634978371853315,0.325,0.123,9.09237918919155e-86,0,SLC25A36
6.461366050186559e-90,0.34327113515384555,0.6,0.302,1.1873406253822821e-85,0,RSL24D1
7.798404175836887e-90,0.35188678046265087,0.517,0.246,1.4330347513517864e-85,0,MAP1LC3B
8.12448565225711e-90,0.27395518857729084,0.431,0.186,1.4929554834587667e-85,0,SLC16A1
1.889351672700392e-89,0.5039459412553857,0.359,0.144,3.4718726337542407e-85,0,EIF3L
2.2002524305024203e-89,0.3431220777362787,0.348,0.135,4.0431838662912474e-85,0,RDX
2.258134059343966e-89,0.5570589431681825,0.371,0.154,4.1495471474504716e-85,0,EIF4A3
7.424274800924937e-89,0.39719290822073383,0.326,0.123,1.3642847374179663e-84,0,IRS2
1.6553716850291878e-88,0.6498776284236004,0.274,0.095,3.0419110084096355e-84,0,SCIN
2.2907200339985363e-88,0.4709021340620053,0.312,0.116,4.20942713447571e-84,0,SLC20A1
4.723806212403659e-87,0.31220281049670895,0.751,0.423,8.680466295912964e-83,0,ENO1
5.741197257399737e-87,0.2533245469222085,0.65,0.337,1.0550024080197756e-82,0,HNRNPDL
1.2483859218179337e-86,0.5562523600271934,0.278,0.097,2.294033969932635e-82,0,ZBTB21
2.5758722721701974e-86,0.31326039578229103,0.863,0.492,4.733422887339955e-82,0,RPS4X
3.302846611078811e-86,0.5943997906438199,0.344,0.139,6.069310932518423e-82,0,TMED4
3.5277595529000006e-86,0.6412313776066385,0.434,0.197,6.482610954409041e-82,0,NR4A2
3.968685930806257e-86,0.5235105360115453,0.466,0.217,7.292857266449578e-82,0,MAP3K8
4.627676650101249e-86,0.33735051262910953,0.411,0.18,8.503818612226056e-82,0,PAPOLA
5.5643136762082414e-86,0.4907026401435911,0.333,0.13,1.0224982811400265e-81,0,SERTAD1
3.2326809387534433e-85,0.27366549107023763,0.442,0.2,5.940374493053328e-81,0,HMGB2
5.613230284183151e-85,0.5813405465554905,0.262,0.089,1.0314871970214959e-80,0,TSC22D2
5.952522755400522e-85,0.36367731530161507,0.891,0.54,1.0938355815324e-80,0,NPM1
6.972451939157889e-85,0.30646764512829083,0.775,0.441,1.2812577683396536e-80,0,HSPA5
8.303698171661236e-85,0.4885471708236655,0.529,0.264,1.5258875760244689e-80,0,KLF2
3.1175246311232406e-84,0.43290982078864393,0.329,0.129,5.728763262152067e-80,0,CSGALNACT1
1.0738920863411559e-83,0.2862848577128174,0.612,0.314,1.973384097860508e-79,0,EEF1B2
1.1208342982276176e-83,0.3128029081905004,0.433,0.196,2.0596451064230702e-79,0,MXRA7
1.2713793161336467e-83,0.2815797143868197,0.519,0.251,2.336286631327189e-79,0,HMGCS1
2.2088989030504954e-83,0.4012954624010727,0.433,0.199,4.05907262424559e-79,0,TERF2IP
4.621269194535241e-83,0.2715128612113369,0.471,0.222,8.492044271877959e-79,0,SRSF11
5.112174766870163e-83,0.4185654734315508,0.266,0.092,9.394132351600611e-79,0,GPC6
7.482134662749898e-83,0.3137981712256299,0.351,0.144,1.3749170656269213e-78,0,TCEAL4
8.504335016459642e-83,0.4970924010474521,0.29,0.107,1.562756602624624e-78,0,U2SURP
1.375686350957404e-82,0.389096306933834,0.447,0.207,2.5279612385193256e-78,0,RPS28
5.0027694846742014e-82,0.47258387669894253,0.323,0.129,9.193089205037313e-78,0,PNN
5.031467604872012e-82,0.3177750482237356,0.396,0.174,9.24582487071281e-78,0,EIF1AX
7.40300467246224e-82,0.28294323525458887,0.496,0.237,1.3603761386116612e-77,0,TRA2B
7.554577860602181e-82,0.6268233309088973,0.263,0.092,1.3882292276642568e-77,0,YIPF6
9.945659502351051e-82,0.601123471181686,0.646,0.362,1.8276143901520293e-77,0,HSPB8
1.6515887716839275e-81,0.3800120122921319,0.424,0.192,3.034959526846385e-77,0,OCIAD1
5.836126559273704e-81,0.42518377869058693,0.316,0.124,1.0724466165321357e-76,0,MEF2A
1.4434858316149226e-80,0.4341886491907877,0.291,0.11,2.6525495641755818e-76,0,SLC44A1
3.511802694423879e-80,0.41646157604726475,0.372,0.16,6.453288631273319e-76,0,LUC7L3
4.090376547005709e-80,0.25348059746379237,0.609,0.319,7.516475942777691e-76,0,EID1
4.407113074372289e-80,0.5010538597451486,0.282,0.105,8.098510985466518e-76,0,EIF4EBP2
4.994819909337546e-80,0.44862705225858424,0.967,0.777,9.178481065398676e-76,0,PRELP
1.0221546984432333e-79,0.4111241714384777,0.4,0.18,1.8783114738592854e-75,0,SDC4
1.0373207249068184e-79,0.680821320604399,0.258,0.091,1.9061805640887695e-75,0,NOP56
3.1916611399839275e-79,0.31003059152640644,0.334,0.136,5.864996510834465e-75,0,FUS
3.6077541721577896e-79,0.3302465662217846,0.358,0.152,6.629609066757154e-75,0,TOP1
4.093235918864185e-79,0.8649189160790658,0.593,0.344,7.521730324504826e-75,0,RCAN1
5.436414559684977e-79,0.38166708559142726,0.414,0.189,9.989955394877114e-75,0,TUBB2A
6.190007092392331e-79,0.863522710519816,0.35,0.152,1.1374757032980149e-74,0,PLK2
6.415451490406573e-79,1.1653164995270413,0.451,0.229,1.1789033658771118e-74,0,PTGS2
7.696118431942117e-79,0.5770001519044989,0.305,0.12,1.4142387230536834e-74,0,CHCHD7
1.5581150260100155e-78,0.30797509956491465,0.438,0.204,2.8631921717960047e-74,0,YPEL5
1.5783527602989167e-78,0.35043823027392323,0.331,0.134,2.9003810323252893e-74,0,RNF13
2.1509279610915737e-78,0.4346465466260917,0.391,0.175,3.952545221301876e-74,0,NACA2
2.8298708577798416e-78,0.3897794840958587,0.314,0.125,5.200170688256237e-74,0,NASP
3.2146826631463477e-78,0.4639590164046703,0.369,0.161,5.907300861797728e-74,0,RNF130
2.5788085307339578e-77,0.7288055067336587,0.259,0.094,4.738818556076721e-73,0,TM2D3
2.5991619993639616e-77,0.36820403272698843,0.438,0.207,4.776220090031216e-73,0,TUBA1C
4.083833878190108e-77,0.2615161616057573,0.488,0.24,7.504453134562143e-73,0,SSR3
6.021588388065509e-77,0.3983585296956025,0.362,0.156,1.106527082190918e-72,0,MRPS6
1.3318159968287705e-76,0.5513935946419685,0.295,0.116,2.447345075772549e-72,0,IFT57
1.7007777116655047e-76,0.3621527071495975,0.279,0.105,3.1253491229565316e-72,0,SC5D
1.8324526423941313e-76,0.41244415547233404,0.31,0.123,3.3673149756634557e-72,0,EIF3J
3.5372362928962944e-76,0.30611182654580427,0.849,0.494,6.500025411826231e-72,0,NACA
3.735835916323748e-76,0.25956399868296787,0.764,0.425,6.864972079836519e-72,0,RPS5
4.199463310241297e-76,0.4412749681539816,0.272,0.101,7.716933778899408e-72,0,TGFBR3
9.012492019481635e-76,0.663444013371226,0.267,0.099,1.6561355334999453e-71,0,PCF11
1.3177459055135894e-75,0.44711390654433747,0.382,0.173,2.4214898759717718e-71,0,SPTSSA
2.3932259109940596e-75,0.43686128928974544,0.988,0.891,4.397791934042684e-71,0,ACTG1
2.990711833056118e-75,0.4271626561554751,0.352,0.152,5.4957320644239225e-71,0,RHEB
4.92600111595111e-75,0.4117997764940016,0.29,0.113,9.052019650671761e-71,0,NOP58
1.2721461903855571e-74,0.3941845455419445,0.317,0.131,2.3376958394525e-70,0,LSM14A
1.3053553984344269e-74,0.5121134200069943,0.325,0.136,2.398721080163103e-70,0,CFAP20
1.7968763944082312e-74,0.3356299698048213,0.922,0.588,3.301940062364566e-70,0,RPL5
2.4608926273496193e-74,0.5913630638325489,0.286,0.113,4.522136292017661e-70,0,BCL10
2.925985344412009e-74,0.25766955835424477,0.503,0.252,5.376790668891508e-70,0,BEX3
5.296515187742704e-74,0.3767018521527794,0.348,0.15,9.732876308995992e-70,0,EZR
6.968503425496319e-74,0.4623866656283244,0.326,0.137,1.2805321894692038e-69,0,ARID5B
1.2495966882651531e-73,0.5258632672066347,0.283,0.11,2.2962588743560452e-69,0,SAV1
2.2370216025504075e-73,0.337876551244213,0.336,0.143,4.110750896846629e-69,0,CLINT1
1.0806230933882601e-72,0.4605107950771242,0.318,0.133,1.985752996410267e-68,0,UBXN4
7.983147598567501e-72,0.3004237482854061,0.304,0.123,1.466983202712764e-67,0,RNF11
1.3897772666068863e-71,0.2654245687339028,0.315,0.131,2.5538547051168143e-67,0,CCDC47
2.571633704077744e-71,0.40753020113970184,0.309,0.127,4.725634094613263e-67,0,SSPN
1.1684375516976674e-70,0.5431452602577833,0.359,0.162,2.1471208449996336e-66,0,CHMP1B
2.645165861338349e-70,0.2824511149938447,0.864,0.534,4.86075678679535e-66,0,HSP90B1
3.21112113893336e-70,0.2752947781225725,0.372,0.17,5.900756204903943e-66,0,GHITM
3.259366026369672e-70,0.41961885005718336,0.259,0.099,5.989411010056909e-66,0,CBX1
7.388688473916754e-70,0.41269765314939166,0.267,0.103,1.3577453939669427e-65,0,BAALC
1.0905257322455861e-69,0.418231075553708,0.35,0.157,2.003950085574489e-65,0,CCDC59
3.463890148103666e-69,0.6031843805559663,0.26,0.101,6.365244536155296e-65,0,ANGPTL5
1.113003631059914e-68,0.2806345111749371,0.365,0.166,2.045255472435698e-64,0,FGFR1OP2
1.9609261543186004e-68,0.45891603382033647,0.273,0.108,3.60339790117586e-64,0,EIF2A
1.9749246192915294e-68,0.4909031531718834,0.277,0.111,3.629121480410115e-64,0,ASAH1
2.6914691893577745e-68,0.9787023744014882,0.384,0.192,4.945843782363847e-64,0,PLA2G2A
3.533728710400206e-67,0.3481038641477301,0.298,0.124,6.493579878231419e-63,0,JMJD1C
4.10593008286546e-67,0.3926112152797312,0.264,0.103,7.545057120273569e-63,0,VASN
6.003398329033049e-67,0.5493347155602524,0.25,0.097,1.1031844769431132e-62,0,ANP32A
4.5898222433249873e-66,0.2887012180276951,0.977,0.79,8.434257354333997e-62,0,RPS6
1.2902441386059165e-65,0.38836144727779587,0.308,0.133,2.3709526291022322e-61,0,PXYLP1
1.8109851897602766e-65,0.3392402283120471,0.318,0.14,3.3278663847034846e-61,0,RRAGA
1.8843274510977757e-65,0.6465886337479101,0.476,0.251,3.462640124137273e-61,0,RGS2
3.176420313164572e-65,0.43501393007168265,0.339,0.153,5.8369899674712174e-61,0,PAIP2
4.0673343199691205e-65,0.5513439971411925,0.252,0.099,7.474133546375256e-61,0,PFKFB3
6.611312046579451e-65,0.3583451872653795,0.302,0.129,1.21489470167944e-60,0,N4BP2L2
7.760218918707726e-65,0.5751944608278815,0.302,0.132,1.4260178285017317e-60,0,VMP1
8.007044329770784e-65,0.288054251207265,0.297,0.126,1.471374466038679e-60,0,PRPF38B
1.2726780002847928e-64,0.3637666095363519,0.305,0.132,2.3386730933233353e-60,0,RABGGTB
2.1396846543003956e-64,0.28967613272925796,0.271,0.11,3.931884520742407e-60,0,SRSF1
2.3138217525314526e-64,0.2683777399577941,0.328,0.146,4.2518788524517973e-60,0,ZC3H15
2.640249102067753e-64,0.3489914829445382,0.391,0.19,4.851721749959703e-60,0,STK38L
3.1729220236286784e-64,0.4248480914673354,0.267,0.108,5.83056151062006e-60,0,GTF2B
5.614006335447827e-64,0.25659358169704244,0.27,0.111,1.0316298042018928e-59,0,NDEL1
7.073379256874452e-64,0.2557121420015619,0.331,0.15,1.2998041722432492e-59,0,RSL1D1
1.1245556895718748e-63,0.36025146031957156,0.307,0.134,2.0664835351572773e-59,0,PCBP2
2.6351089497616745e-63,0.510228243805285,0.399,0.199,4.842276206082053e-59,0,OMD
3.3193861449479515e-63,0.38687558706827974,0.255,0.102,6.0997039799563555e-59,0,TOB2
3.801628044809901e-62,0.3278661670432852,0.381,0.184,6.985871695142674e-58,0,GADD45A
6.610685313443225e-62,0.36572214477480014,0.268,0.11,1.214779533198327e-57,0,USP16
1.2004430647749129e-61,0.3925283020524788,0.271,0.114,2.2059341758303799e-57,0,MAPK1IP1L
2.8198059142493148e-61,0.3624529309002258,0.388,0.191,5.181675348024541e-57,0,FAM46A
6.621163456603942e-61,0.34572599861190145,0.964,0.738,1.2167049967855404e-56,0,HSP90AB1
8.61808009646104e-61,0.3264220060695271,0.991,0.9,1.5836583985256808e-56,0,DCN
1.0992431467169739e-60,0.31442958432223356,0.267,0.111,2.0199692064071112e-56,0,GBE1
1.440247811582314e-60,0.33855567558181576,0.548,0.304,2.6465993785636603e-56,0,TNFRSF11B
2.904479102827538e-60,0.28645876617578847,0.368,0.178,5.337270799355883e-56,0,DAZAP2
3.50155316969631e-60,0.37264180747933484,0.266,0.111,6.434454104633939e-56,0,BZW1
4.1907506055731403e-60,0.4273046479218399,0.306,0.138,7.700923312801203e-56,0,SNHG8
1.5956065485299748e-59,0.34378354747154444,0.258,0.106,2.9320865935786817e-55,0,SYAP1
2.4987470792993393e-59,0.2695280308015637,0.302,0.135,4.591697632920466e-55,0,ARL8B
3.9493167438924527e-59,0.2717106133716944,0.253,0.104,7.257264448576772e-55,0,SPTY2D1
5.925499246492426e-59,0.34699588372056955,0.255,0.106,1.0888697415354482e-54,0,RABGEF1
9.344938363716422e-59,0.3341179633895165,0.256,0.106,1.71722587371653e-54,0,IL13RA1
1.0133213183961354e-58,0.2932025695233751,0.809,0.554,1.8620792546847382e-54,0,INHBA
9.467420223735651e-58,0.3367488911394017,0.256,0.107,1.7397331403136633e-53,0,MAGEH1
1.3425402092168008e-57,0.2898917582629706,0.282,0.124,2.467051888456793e-53,0,TARS
3.2387043944583725e-57,0.3521986388846017,0.305,0.14,5.951443195256706e-53,0,ANXA7
4.0644561595476523e-57,0.4198158194261662,0.274,0.12,7.468844638784766e-53,0,PNP
1.6887644087763482e-56,0.8923056691419777,0.275,0.123,3.1032734775674174e-52,0,SLPI
8.20152727648785e-56,0.3696722716036547,0.264,0.114,1.507112652327407e-51,0,DNTTIP2
1.3855100718020449e-55,0.254135506921215,0.965,0.714,2.5460133079434376e-51,0,RPL30
1.4007827429248016e-55,0.3592732640897549,0.297,0.135,2.5740783683986154e-51,0,CYSTM1
2.0280219430728136e-54,0.34328190362441147,0.567,0.328,3.7266931225906023e-50,0,FHL2
1.442080374676491e-53,0.2601822347600095,0.302,0.142,2.6499668965055202e-49,0,ILF2
2.2309293330763693e-53,0.26334673919875673,0.892,0.592,4.099555742461136e-49,0,DNAJA1
8.300498490701039e-53,0.2875671090547929,0.915,0.631,1.525299602651223e-48,0,PTMA
2.5151240695201002e-52,0.40182701135669585,0.279,0.128,4.6217919901501364e-48,0,H1F0
2.488470078779827e-51,0.2762147382090121,0.386,0.202,4.57281261676581e-47,0,IRF2BP2
2.6711303286074533e-51,0.2769991006137692,0.301,0.143,4.908469091849057e-47,0,BLOC1S2
9.525479275427268e-51,0.40697041237146236,0.305,0.148,1.7504020716525149e-46,0,FAM162A
1.1932471792357788e-50,0.26897975802383745,0.339,0.17,2.1927110165636672e-46,0,RPL9
1.665427045019195e-50,0.32976404950368043,0.261,0.118,3.0603887379272724e-46,0,PIGP
5.756633903177367e-49,0.3471885456923056,0.98,0.845,1.057839046047873e-44,0,HSP90AA1
5.194642134548888e-48,0.4428279864171274,0.632,0.41,9.545674386447037e-44,0,SERPINE1
1.2485323978153494e-47,0.261103477139428,0.303,0.148,2.294303134225486e-43,0,MCMDC2
1.2577334491908826e-47,0.3036824600545831,0.352,0.18,2.311210986233166e-43,0,MSMO1
1.355400481973376e-47,0.30187069486139884,0.289,0.14,2.4906839256742754e-43,0,LBH
8.084089403182369e-47,0.5307962161768018,0.431,0.243,1.485532268728792e-42,0,TM4SF1
2.1695620940715974e-43,0.2766953062179589,0.283,0.14,3.9867873040659677e-39,0,MT1G
7.2430458238399e-39,0.32644800822052655,0.54,0.336,1.33098210058882e-34,0,CRYAB
2.900477242015405e-38,0.33654008029686144,0.264,0.134,5.3299169799275086e-34,0,TXNIP
0,1.6491440456118536,0.978,0.921,0,1,FN1
2.0633173064764957e-238,2.4919470413156812,0.729,0.529,3.7915518823812084e-234,1,ABI3BP
5.073795690342825e-221,2.951845655286137,0.653,0.368,9.323606960573976e-217,1,PRG4
2.7950150081095016e-129,1.5359545231211191,0.725,0.593,5.13611957890202e-125,1,INHBA
4.5978529492901805e-113,1.0293638357293986,0.803,0.735,8.449014579615635e-109,1,FMOD
1.1456095387455e-111,0.937756234144385,0.871,0.815,2.1051720883987307e-107,1,PRELP
1.6882333967477742e-79,1.537352532518005,0.586,0.478,3.10229768986371e-75,1,COL2A1
8.677232589742086e-40,0.287506062506909,0.144,0.349,1.5945282606910056e-35,1,CMPK1
6.55600718422311e-39,0.2557822403677732,0.147,0.35,1.2047318801728387e-34,1,TMEM45A
4.3931006678884857e-38,0.2676882580833664,0.199,0.433,8.07276178731188e-34,1,CLIC4
1.3140907504997046e-37,0.3374865260562061,0.125,0.308,2.4147731631182573e-33,1,C1orf43
1.2417682169772475e-36,0.27362153114003185,0.116,0.289,2.28187327551739e-32,1,PRKAR1A
1.519814805980598e-36,0.39135528175330336,0.111,0.283,2.792811687469947e-32,1,TM9SF3
2.770247669962933e-36,0.272783877643749,0.142,0.332,5.090607118323886e-32,1,DDX17
1.1731782694693248e-34,0.2721835012466729,0.136,0.318,2.155832387976831e-30,1,SERINC1
1.222172161306522e-34,0.2726969236047261,0.12,0.291,2.2458635636168648e-30,1,CSNK1A1
4.520099923969728e-33,0.3102106814955423,0.168,0.367,8.306135620286772e-29,1,TMED9
6.1022592956202085e-33,0.29859134667497833,0.106,0.263,1.1213511681631696e-28,1,FXYD6
1.2141784830848651e-32,0.2525980183348887,0.11,0.267,2.231174380516748e-28,1,KDSR
2.869211784551736e-32,0.313618761643744,0.17,0.366,5.27246357529227e-28,1,GLS
6.175118709734685e-32,0.37213970893100323,0.172,0.367,1.1347398141008456e-27,1,RPN2
1.301161119312035e-31,1.4244277121831508,0.451,0.408,2.3910136728477958e-27,1,COL11A1
1.3961560303702079e-31,1.2871464654134215,0.528,0.534,2.565576321408294e-27,1,TIMP3
1.4996616264493406e-31,0.3092031918381941,0.174,0.371,2.7557782047633083e-27,1,CSDE1
3.373939979093667e-31,0.30161586392308415,0.117,0.276,6.1999521055825224e-27,1,TMEM30A
6.2336155554199865e-31,0.40332154933895414,0.18,0.38,1.1454891944639766e-26,1,CCPG1
6.463948068370806e-31,0.2544347632513144,0.159,0.342,1.1878150970438192e-26,1,FOXC1
1.394320092445663e-30,0.28418383756632837,0.22,0.442,2.5622026018781504e-26,1,P4HA1
1.895657055762504e-30,0.32290388879814824,0.119,0.275,3.4834594056691775e-26,1,TM9SF2
2.379290673063232e-30,0.34990346063463584,0.147,0.322,4.372184540820995e-26,1,HSPA9
5.3011493641275e-30,0.33655717317991174,0.166,0.353,9.741392071520694e-26,1,NUCKS1
6.255497477645635e-30,0.3947679615242037,0.151,0.328,1.1495102164921618e-25,1,PABPC4
1.809012513108897e-29,0.4215594258588251,0.169,0.357,3.3242413940889093e-25,1,MBNL1
1.3399106951255084e-28,0.41089398971672697,0.901,0.853,2.4622198933626342e-24,1,CLU
3.4092266071412626e-28,0.2537492202020124,0.156,0.324,6.264794813282784e-24,1,NRN1
3.422927624350096e-28,0.5593306069293568,0.106,0.25,6.2899718025057366e-24,1,COPB2
5.959107204842076e-28,0.2690715914019144,0.238,0.463,1.0950455399617798e-23,1,NCL
2.0805990008794074e-27,0.40706255482300424,0.12,0.268,3.823308724015999e-23,1,TMBIM1
5.907114075697852e-27,0.5033423423527736,0.174,0.358,1.0854912825502373e-22,1,PAM
1.2553675360493657e-26,0.3477934138125849,0.179,0.363,2.3068633842443143e-22,1,GALNT1
2.0573339164270991e-26,0.37079286141341794,0.15,0.312,3.7805568048264373e-22,1,HNRNPU
5.320798671629429e-26,0.3779342143150468,0.115,0.257,9.777499638986238e-22,1,SELENOS
8.540835699314156e-26,1.4287076214001075,0.421,0.366,1.5694639681059691e-21,1,CILP
1.142668573229926e-24,0.2532468207448433,0.146,0.299,2.099767770167312e-20,1,GNB1
1.5832298780385727e-24,0.41505374745882473,0.134,0.281,2.909343223883681e-20,1,RCN1
2.0595609319359793e-24,0.39014552017456827,0.214,0.414,3.784649168525556e-20,1,EEF2
3.751826533556984e-23,0.5014942715823847,0.129,0.269,6.894356438064314e-19,1,NUFIP2
4.4862228729411615e-23,0.31757839266607846,0.126,0.262,8.243883151316679e-19,1,IL6ST
4.7973150374312546e-23,0.4249188668421069,0.16,0.317,8.815546112783674e-19,1,HEXIM1
5.372107541477929e-23,0.29985727452297617,0.193,0.368,9.871784818219842e-19,1,UGP2
1.1084548321122802e-22,0.50654564692923,0.125,0.261,2.036896599489526e-18,1,WWP2
1.18170762442251e-21,0.4635603750990851,0.185,0.354,2.1715059306388044e-17,1,ATP1B1
1.450372788904701e-21,0.4340046892161491,0.164,0.32,2.6652050368912784e-17,1,OS9
9.558251543650527e-21,0.33517325461347225,0.179,0.337,1.7564243036612207e-16,1,IDI1
2.3600685737865615e-20,0.4478519216537531,0.165,0.314,4.3368620111901857e-16,1,SKIL
5.927785777300617e-20,1.8649450146774362,0.348,0.312,1.0892899144367614e-15,1,VCAN
6.068936035316105e-20,0.5203198917981284,0.174,0.328,1.1152276858496874e-15,1,SEC31A
1.1429538510474993e-19,0.26581601588853276,0.311,0.547,2.1002919966848847e-15,1,TPI1
1.3013928020034807e-19,0.3080912825335598,0.162,0.3,2.3914394129615962e-15,1,JUN
2.7905186787586926e-19,0.41295408012859025,0.145,0.278,5.127857124086973e-15,1,BRD2
8.810096777814505e-19,0.37771930885276306,0.129,0.251,1.6189433838911933e-14,1,KTN1
2.2567868164855446e-18,0.5307656769713978,0.241,0.437,4.147071453973837e-14,1,CANX
3.651412131358025e-18,0.3410282171389887,0.155,0.288,6.709834932583507e-14,1,NR4A2
5.328405046962552e-17,0.33809745408074576,0.242,0.418,9.791477114298385e-13,1,CALR
8.5560928428113415e-17,1.1662259635389405,0.443,0.437,1.5722676207950122e-12,1,ACAN
1.1456920475192593e-16,0.32705771775274695,0.304,0.523,2.105323706521391e-12,1,PDIA3
3.573776220971303e-16,0.5651770813744272,0.167,0.298,6.567171183656866e-12,1,NEAT1
2.089159590696814e-15,0.3677020257273509,0.294,0.49,3.8390396638644656e-11,1,DDX3X
1.2949266907417873e-14,0.8008979854111673,0.145,0.263,2.3795572869071084e-10,1,PDLIM5
3.052236377099409e-14,0.6332557230267779,0.15,0.268,5.608789566557874e-10,1,STK38L
3.196439268130384e-14,0.4516041379669973,0.153,0.268,5.873776799116393e-10,1,FAM46A
3.2633414680186145e-14,0.3074152286733638,0.157,0.273,5.996716281631006e-10,1,TSPAN2
6.024089376585062e-14,0.6847167567963495,0.19,0.33,1.106986663841271e-9,1,NORAD
1.1732074999862872e-13,0.6794148744075335,0.614,0.732,2.1558861019748016e-9,1,TIMP2
3.058609628492092e-13,0.6322807284256051,0.221,0.376,5.620501053317068e-9,1,SLC1A5
3.631913537452236e-13,0.3003247470674335,0.353,0.577,6.674004316422229e-9,1,HSPA5
5.135165409113806e-13,0.2655705715689425,0.201,0.331,9.43637995578753e-9,1,FSTL1
5.2204155778201454e-12,0.5166767324047947,0.168,0.281,9.593035665802299e-8,1,IQGAP1
8.96534606779402e-12,0.6365570387616923,0.167,0.279,1.647471993417829e-7,1,RBBP6
9.908617873620341e-12,0.7152972013516106,0.199,0.333,1.8208076204564738e-7,1,FERMT2
1.991721807526765e-11,0.6765755910634306,0.207,0.343,3.6599879935111835e-7,1,SERPINA5
2.788895275710666e-11,0.4955818331407933,0.228,0.371,5.124873958645919e-7,1,KLHL21
4.298061997140091e-11,0.505112884108065,0.156,0.253,7.898118725944631e-7,1,A2M
1.417039213153039e-10,0.40794422029041844,0.241,0.382,2.6039512580900243e-6,1,ACKR3
1.5583021623366435e-10,0.3262947785110444,0.37,0.561,2.863536053509816e-6,1,CDR1
5.491915395276887e-10,1.245421241064153,0.433,0.484,1.0091943730360808e-5,1,CCDC80
5.5189795226370175e-10,0.5491251828684622,0.199,0.317,1.0141676770797784e-5,1,BGN
2.4510000979239052e-9,0.7372046741552305,0.24,0.383,4.5039577799449684e-5,1,PPP3CA
3.041557955472334e-9,0.8027010631839799,0.158,0.254,5.589166898975961e-5,1,MAGED1
3.114030696809347e-9,0.5361385669192704,0.289,0.46,5.722342808456856e-5,1,SLC29A1
3.614994071399809e-9,1.4283357857258223,0.324,0.321,6.642913105604289e-5,1,HMGCS1
4.8679144010224144e-9,0.715846127211651,0.165,0.264,8.945279503318788e-5,1,NDRG1
1.1574517820172857e-8,0.3618508092958663,0.25,0.375,2.1269333946349642e-4,1,KLF6
1.7095372145708207e-8,0.31814048879224766,0.28,0.415,3.14144558549534e-4,1,AHNAK
2.2121670491421886e-8,0.6922849409952647,0.222,0.347,4.065078169503686e-4,1,GPRC5A
3.648632217210979e-8,0.4977998805569861,0.636,0.754,6.704726562346895e-4,1,HTRA1
1.144614373518824e-7,0.5056611235267652,0.318,0.493,0.002103343372778191,1,CALU
1.3216572366787788e-7,0.5901486837291854,0.592,0.673,0.002428677338120924,1,MALAT1
2.2236220458540117e-6,0.5324598609486264,0.586,0.69,0.04086127871461332,1,PCOLCE2
3.1277705147857793e-6,0.6025272712691483,0.276,0.245,0.057475910979703476,1,TNFAIP6
4.327696658852412e-6,0.9282649958990401,0.201,0.302,0.07952575380307192,1,PMEPA1
2.8095319904753757e-5,0.5394516363855852,0.329,0.487,0.516279598569755,1,MYADM
3.636768990257437e-5,0.7334874547893007,0.23,0.333,0.6682926696497067,1,HBEGF
7.410354392145314e-5,1.2892476503243497,0.26,0.255,1,1,LTBP2
4.3531662013905826e-4,0.5091669952831941,0.514,0.592,1,1,SOX9
0.0010610393789381996,0.35240566699449216,0.342,0.466,1,1,GAPDH
0.001128086335969181,0.6767288684783535,0.248,0.345,1,1,CAVIN1
0.0013191643339648446,0.8031156237325363,0.287,0.408,1,1,VEGFA
0.0017758718121974565,0.32697635742153874,0.661,0.743,1,1,KLF4
0.0020875611223639475,0.9318847936386732,0.377,0.429,1,1,F13A1
0.002188216004972527,0.9352477815271889,0.187,0.256,1,1,CD109
0.002287994142346492,0.32713751186201456,0.459,0.665,1,1,HSP90B1
0,2.1927943448850904,0.95,0.621,0,2,SCRG1
0,1.3543549624636713,0.957,0.69,0,2,RPS27A
0,1.4034497559347088,0.951,0.691,0,2,RPL31
0,1.4509095467984787,0.957,0.711,0,2,RPS12
0,1.294018744140117,0.955,0.72,0,2,RPL23
0,1.4711610286903758,0.968,0.734,0,2,RPL34
0,1.298140844255233,0.971,0.758,0,2,RPL37A
0,1.3916614677561974,0.977,0.783,0,2,RPS20
0,1.3078444595622871,0.988,0.874,0,2,TPT1
1.2596178919679394e-300,1.5920745321569636,0.926,0.609,2.3146738382802854e-296,2,RPS29
2.5500001806109097e-286,1.3041371356330727,0.953,0.709,4.685880331890608e-282,2,RPS13
4.476799774428976e-275,1.1662474467093862,0.968,0.736,8.226567265490687e-271,2,RPL30
1.458841981994771e-268,1.0105253763900022,0.979,0.807,2.680768026113591e-264,2,RPS6
2.1183767186390993e-254,1.3895565982517621,0.912,0.594,3.892729058171209e-250,2,RPL35A
3.192372084480479e-253,1.3578195697268969,0.916,0.604,5.866302942441329e-249,2,RPL32
7.361229277308478e-250,1.5651617552274955,0.909,0.545,1.352699491998206e-245,2,C2orf40
8.728001134123626e-239,1.7197381409547803,0.758,0.393,1.6038574884065577e-234,2,SEC61G
2.073244233771806e-235,1.2747229404534464,0.934,0.683,3.8097936039790704e-231,2,RPL37
1.8552095523387308e-233,1.7267079273616663,0.744,0.376,3.409133073377652e-229,2,TMEM258
5.041361856839014e-225,1.413866107513634,0.879,0.57,9.264006548127373e-221,2,RPS21
4.190022025433504e-214,1.4295121593888176,0.845,0.52,7.699584473936606e-210,2,RPS15A
6.401828861690081e-211,1.3394090639759528,0.887,0.609,1.1764000716241692e-206,2,RPL27A
1.3550163531406098e-202,1.3313182567217554,0.84,0.502,2.4899780505311845e-198,2,RPS25
8.194319786560985e-202,1.246482330028158,0.952,0.776,1.5057882039784465e-197,2,RPS8
5.317219820289927e-201,1.2360206583324818,0.929,0.673,9.770923141764771e-197,2,FGFBP2
2.0806032181267436e-200,1.3015921408328959,0.849,0.519,3.823316473629704e-196,2,RPS23
6.907846694716968e-190,1.9630770595239522,0.903,0.647,1.26938590862119e-185,2,MGP
3.6314065007058138e-186,1.3882100571176132,0.794,0.476,6.673072585697004e-182,2,RPL27
5.2790385414872784e-182,1.2200485194930826,0.9,0.648,9.700761223837023e-178,2,S100A6
5.6875530377501424e-182,1.3332396339507335,0.791,0.47,1.0451447462169663e-177,2,UQCRB
2.2860989423743132e-180,1.050262677791097,0.914,0.675,4.200935416507038e-176,2,RPS24
6.613834990457053e-179,1.493701355128122,0.679,0.336,1.2153583178463882e-174,2,COX7C
9.995245805221378e-178,1.061399098868323,0.939,0.733,1.8367263691674804e-173,2,RGCC
1.6416369267245448e-176,1.1367277871726351,0.879,0.584,3.016672016549023e-172,2,RPL10A
3.9682172663958066e-175,1.4696782389237284,0.598,0.265,7.291996048728934e-171,2,OSTC
9.430126817168464e-175,1.438101907102145,0.722,0.391,1.732880103922877e-170,2,COX6C
2.036116927302782e-172,1.1511470801492933,0.883,0.617,3.741568465611592e-168,2,RPS17
3.1019491683804866e-170,1.0193349233715807,0.902,0.623,5.700141791815983e-166,2,RPL5
6.3845527147211585e-165,1.5865161658892828,0.608,0.287,1.1732254068571601e-160,2,COX7A2
1.4969350046862242e-164,1.3182790318550426,0.752,0.427,2.7507677646114057e-160,2,RPL26
1.9009689475841682e-162,1.6889551182569043,0.568,0.249,3.4932205380806673e-158,2,MRPL33
9.463709078296969e-160,1.1450529616601934,0.825,0.53,1.739051180227851e-155,2,TOMM7
3.9339872610611475e-159,1.3620461016088283,0.716,0.394,7.229094990925965e-155,2,RPL24
5.634431784345834e-159,1.3069783752296278,0.767,0.451,1.0353831846913904e-154,2,ATP5E
1.2594880250815254e-155,1.1427297513133459,0.836,0.552,2.3144351948898113e-151,2,RPL38
7.144423922579303e-153,1.043789996613898,0.853,0.577,1.3128593400131728e-148,2,SOD1
2.2102733132730882e-152,1.3868720124033886,0.632,0.325,4.061598240470627e-148,2,GABARAPL2
5.882252891025829e-152,1.2970147245066443,0.703,0.398,1.0809227912549064e-147,2,PRDX4
2.321360244412715e-150,1.2843086548136116,0.703,0.396,4.265731585132805e-146,2,COMMD6
2.4698602633646433e-150,1.5121847662801011,0.618,0.298,4.538615219958868e-146,2,S100B
7.533895847936596e-148,1.0804793480382688,0.825,0.535,1.3844287010168288e-143,2,RPS4X
3.6230833496549735e-145,0.7012375409561225,0.988,0.909,6.65777796332598e-141,2,DCN
6.547320199307656e-143,1.2931454561838693,0.671,0.373,1.2031355598247748e-138,2,NDUFA1
2.706642096936069e-142,1.4476446753801087,0.55,0.248,4.9737255173297204e-138,2,SNRPG
5.1142095693532087e-141,1.4912891234858487,0.507,0.214,9.397871504643457e-137,2,NDUFAB1
1.9866499443064666e-135,1.689031429990593,0.442,0.171,3.650667937657563e-131,2,USMG5
4.3768284951451566e-134,1.2615691774423705,0.608,0.307,8.04286004267874e-130,2,SERF2
1.647416914589757e-128,1.170160804268377,0.675,0.384,3.0272933222501374e-124,2,NBEAL1
1.2171221403899687e-127,1.2553168419246272,0.662,0.374,2.2365836451806064e-123,2,RPL12
5.448764915241696e-125,1.3266040145354396,0.641,0.358,1.0012650408248141e-120,2,RPL39
6.383974553284318e-125,1.1029146602679833,0.666,0.374,1.1731191639115263e-120,2,PPIA
2.285948401341306e-124,1.4411561514023044,0.754,0.474,4.200658782304784e-120,2,MT1X
5.6196120640544e-123,1.1554560948041102,0.615,0.327,1.0326599128906366e-118,2,SUB1
1.506394717007035e-121,0.9445614677294865,0.811,0.536,2.7681509319721275e-117,2,NACA
2.233368462160614e-121,1.2719627622716234,0.702,0.419,4.1040378860663444e-117,2,S100A4
2.8855907970358095e-121,1.4395987052366699,0.488,0.214,5.3025616486330034e-117,2,DBI
4.545687670200105e-120,1.2166123326243459,0.608,0.318,8.353155662759713e-116,2,NDUFS5
2.061447876833885e-117,1.0758378530243164,0.72,0.447,3.788116618469947e-113,2,RPL7A
2.805641139661833e-117,1.5630839237579237,0.444,0.187,5.1556461582425844e-113,2,NDUFA4
7.858595249099862e-117,1.363467719126331,0.55,0.282,1.4440954629745907e-112,2,CHCHD2
1.217854629663001e-116,1.1902379095925575,0.635,0.358,2.2379296674687307e-112,2,RPS7
4.520212868177342e-114,1.4834419007132764,0.454,0.2,8.306343166562684e-110,2,SEC61B
1.1115983884812028e-113,0.716180991522605,0.98,0.932,2.042673198673058e-109,2,LUM
3.380804398683337e-113,1.3670488277922894,0.808,0.589,6.2125661630205e-109,2,MT2A
3.580791081397569e-112,1.194452241674687,0.668,0.392,6.580061691176173e-108,2,EIF3H
3.885694752644489e-111,1.2088004136027837,0.611,0.325,7.140352677459512e-107,2,ITM2A
1.8486195620227663e-110,1.157184487714437,0.642,0.374,3.3970233071730353e-106,2,AC112491.1
7.256634984978754e-110,1.1348444298797242,0.65,0.379,1.3334792448396958e-105,2,RPL6
1.513165428881161e-109,0.7905028837223984,0.857,0.644,2.7805927921120218e-105,2,DSTN
6.3098681044785255e-109,1.2756030018800364,0.505,0.244,1.1595013628789738e-104,2,ATP5L
6.342624715439035e-109,0.9763641851013967,0.714,0.46,1.165520717709077e-104,2,CDK2AP1
8.687852587235406e-108,1.2016026149628756,0.505,0.245,1.5964797914303783e-103,2,ATP5G3
1.120818948549133e-107,0.9327064093420687,0.767,0.513,2.0596168998538867e-103,2,LGALS3
1.2649749899285236e-107,1.5848149385870576,0.434,0.192,2.324518041492655e-103,2,KRT10
2.1023981103610954e-106,1.1183695967340768,0.638,0.367,3.863366767599549e-102,2,HINT1
2.778427142481282e-106,1.151063118123447,0.506,0.241,5.105637717023604e-102,2,OST4
3.3102396850931686e-106,0.6751449697239611,0.931,0.738,6.082896445327206e-102,2,EIF1
4.183658300245868e-105,0.8015122537097499,0.874,0.62,7.687890492531807e-101,2,RPL15
6.338006081377251e-105,0.9941591105621788,0.674,0.405,1.1646719975138837e-100,2,TMEM59
1.898726639075608e-104,1.3475858245391956,0.457,0.21,3.489100071965337e-100,2,ATP5J
8.476737886042424e-104,1.5538135573963623,0.392,0.16,1.5576853539391558e-99,2,SLIRP
1.94992203410942e-102,1.0801411143759112,0.602,0.34,3.583176729879471e-98,2,JTB
2.8575877388423197e-102,1.8226700731181598,0.339,0.126,5.2511032288966465e-98,2,NDUFB1
4.094740377141283e-101,1.1318513913823063,0.638,0.376,7.524494917034822e-97,2,TXN
1.003080894130185e-100,0.7985648854777665,0.81,0.559,1.843261451053628e-96,2,CALM2
1.5602543610847036e-99,1.2100599191094839,0.445,0.202,2.8671234139292515e-95,2,PPIC
1.323568161109692e-97,1.239952099359274,0.495,0.249,2.43218885285517e-93,2,POMP
5.164676768341034e-97,1.3897483854684325,0.42,0.188,9.490610029503485e-93,2,UQCRQ
6.2487050640680115e-96,1.277851593030194,0.466,0.222,1.1482620425731378e-91,2,ATRAID
1.590967524203695e-95,1.11824421044065,0.607,0.34,2.9235619224767096e-91,2,FHL2
6.643303422532511e-95,1.485997908382818,0.374,0.153,1.2207734369245743e-90,2,C14orf2
1.9024197792182415e-94,1.110492528386967,0.541,0.293,3.4958865862914403e-90,2,DAD1
2.6284426821551537e-94,1.2254159507687228,0.528,0.282,4.830026272728311e-90,2,NPC2
3.836089728300391e-94,1.2281041798701477,0.425,0.194,7.049198484724798e-90,2,VKORC1
1.1212560087592842e-93,1.7626219819214957,0.297,0.104,2.0604200416960604e-89,2,ATP5EP2
1.3483328755793927e-93,0.9689785840206366,0.682,0.422,2.477696492164692e-89,2,CYCS
1.3579200634094072e-93,0.7010350782224068,0.857,0.663,2.4953139085211267e-89,2,CD63
3.152805315627721e-93,1.462013632016128,0.35,0.139,5.7935950479975e-89,2,S100A13
5.373580867897491e-93,1.1663051622986815,0.52,0.271,9.87449220284843e-89,2,BEX3
8.227445388124846e-92,1.3309047976413209,0.372,0.155,1.5118753645218218e-87,2,WISP3
1.508926435940007e-91,0.7809984737072373,0.842,0.606,2.772803218683357e-87,2,RPL11
1.8529502089764518e-90,1.0167334658347427,0.596,0.345,3.404981304015128e-86,2,EEF1B2
2.7627669613979828e-89,0.9656673169176395,0.621,0.374,5.076860568264933e-85,2,SEC11A
8.081914726636952e-89,1.1694751296999484,0.413,0.182,1.4851326501668061e-84,2,MSMO1
3.8137072790581775e-87,1.33418374130036,0.403,0.182,7.008068495997306e-83,2,NDUFC1
8.989797753994167e-87,1.2093140887467952,0.443,0.217,1.651965235273968e-82,2,ENY2
2.5966047752812185e-86,0.6411258549668952,0.903,0.685,4.7715209350567673e-82,2,EEF1A1
5.24004433779223e-86,1.0794481424453446,0.574,0.338,9.629105475127002e-82,2,SKP1
7.324733628250188e-86,1.2829619982067448,0.329,0.129,1.3459930515272547e-81,2,NDUFB3
1.750784111736633e-85,0.7325296111333395,0.796,0.549,3.217240883727237e-81,2,BTF3
1.962392405451001e-83,1.2786129504212571,0.519,0.286,3.6060922842567594e-79,2,MT1E
3.74775900827624e-83,1.5150427549193117,0.331,0.136,6.886881953608418e-79,2,GTF2A2
1.7161214761290028e-82,1.0552309944543754,0.502,0.274,3.1535448245346555e-78,2,SPCS1
1.7528619322790087e-82,1.217175595092205,0.621,0.391,3.2210590867559063e-78,2,RPS3
4.803020347347419e-80,0.9136600928537082,0.591,0.352,8.826030190285617e-76,2,DYNLL1
1.0429298708965251e-79,1.30811488839535,0.448,0.229,1.9164879307594546e-75,2,RPS28
1.4499464511604376e-78,1.0975490993793362,0.445,0.228,2.66442159865242e-74,2,ERH
2.1095782279209952e-78,1.328625093879228,0.331,0.14,3.876560951627621e-74,2,POLR2K
9.052008209846713e-78,1.2231945685989296,0.386,0.182,1.663397028641432e-73,2,TSPAN6
2.454832097236218e-77,0.8823089207968011,0.644,0.412,4.510999461881274e-73,2,RPLP1
8.893583672382803e-77,1.5328094452817826,0.373,0.178,1.634284935637064e-72,2,RPS3A
1.0906348421471046e-76,1.0414663979706174,0.451,0.222,2.0041505859295193e-72,2,DPT
4.084809994661242e-76,1.0388710692862717,0.411,0.2,7.506246846189499e-72,2,PRDX3
1.539601373703746e-75,0.9312029114549771,0.62,0.386,2.8291714843180034e-71,2,RPL19
2.1499974054399485e-75,1.7664312046653596,0.253,0.091,3.950835232236449e-71,2,RPA3
2.6796145828861705e-75,1.0974308955309926,0.469,0.253,4.924059757511627e-71,2,SSBP1
3.3319843083919877e-75,0.8403050205831875,0.693,0.459,6.122854365101117e-71,2,UBB
8.373399070492346e-75,1.121683817208285,0.462,0.247,1.5386958131936736e-70,2,MMADHC
1.8157559687571537e-74,1.2343740449745622,0.401,0.201,3.336633168188146e-70,2,UQCRHL
2.2307999698056273e-74,1.0162472915014433,0.48,0.265,4.099318024514821e-70,2,ATP6V1G1
1.0931936076339381e-73,1.039535285154177,0.468,0.251,2.0088525733881248e-69,2,PSMB1
1.1229738354563623e-73,1.0267429973721538,0.411,0.203,2.0635767200346114e-69,2,SELENOF
1.2906326595639608e-73,0.5083016781971512,0.893,0.704,2.3716665752147345e-69,2,B2M
4.2102646509754373e-72,1.382970250029095,0.341,0.154,7.736782322632464e-68,2,FAM162A
7.566671108397064e-71,0.9879898605696489,0.482,0.261,1.3904514828790443e-66,2,IDI1
8.419612003289776e-71,1.559260534726881,0.419,0.213,1.5471879017245292e-66,2,TNFAIP6
1.0562841683289495e-70,0.6070984082498105,0.816,0.632,1.9410277877212776e-66,2,ITM2B
1.0779016196335298e-70,0.8639836545754811,0.518,0.297,1.9807520162385744e-66,2,SRP14
1.509975709728575e-70,0.9092758942081507,0.567,0.34,2.7747313641972294e-66,2,EIF3E
6.986699426757821e-70,0.9117302967510321,0.435,0.224,1.2838758866610173e-65,2,ATP5H
1.398516873415443e-69,0.8116673724824852,0.657,0.43,2.5699146065882183e-65,2,LRRC75A
1.938378341421035e-69,1.230322788691878,0.298,0.122,3.5619640401952937e-65,2,UBL5
3.5430688431496346e-69,1.0305793701023092,0.432,0.23,6.510743306171768e-65,2,PARK7
6.008275834281963e-69,1.4114821117393612,0.262,0.1,1.1040807673076536e-64,2,PTS
6.170217099600709e-69,1.3701184089622995,0.274,0.108,1.1338390942226262e-64,2,NDUFB6
6.529124674538597e-69,1.155886797700752,0.339,0.153,1.1997919501932125e-64,2,ITGB1BP1
1.4776424659996872e-67,0.7459637452896621,0.639,0.409,2.715315795521025e-63,2,H2AFZ
9.089864349536756e-67,1.1743641014055206,0.374,0.184,1.6703534728708744e-62,2,TBCA
1.0725170453393471e-66,0.9970546857216176,0.485,0.275,1.9708573225155843e-62,2,RPL23A
2.607187208110402e-66,1.4580751362111237,0.271,0.11,4.790967213623675e-62,2,NDUFB9
4.803837328009232e-66,0.7632253929940185,0.639,0.412,8.827531473949765e-62,2,SAT1
4.8665279148081125e-65,0.9161986004382752,0.674,0.458,8.942731696251387e-61,2,RPS16
1.2807668071249781e-64,1.1721763578030715,0.38,0.194,2.3535370847728599e-60,2,SELENOK
2.7398137295245637e-64,1.0154806237042004,0.451,0.254,5.034681709374339e-60,2,PRDX1
8.222659340412764e-64,1.29092266078923,0.298,0.13,1.5109958803942494e-59,2,SF3B6
1.075170399811719e-63,1.0258252212643602,0.433,0.24,1.9757331266940148e-59,2,RCN2
1.3674349424393604e-63,1.7772378674178695,0.315,0.146,2.5127984502265687e-59,2,MT1G
2.2755059459622345e-63,0.9323806897519182,0.45,0.251,4.181469726300202e-59,2,ATP6V0E1
4.409664683118492e-63,0.8875068476362611,0.55,0.341,8.10319982169854e-59,2,RSL24D1
4.770915158745494e-63,0.8135671247486318,0.647,0.44,8.767033695710719e-59,2,PFDN5
1.1043591789379122e-62,0.9043852689947549,0.498,0.298,2.0293704272163075e-58,2,SNX3
1.2299754563194207e-62,1.1777280163154313,0.396,0.211,2.2602028985325674e-58,2,UQCRH
1.8873215605047315e-62,1.0360975459540143,0.563,0.349,3.468142099583494e-58,2,CRYAB
1.9462563730244705e-62,1.0319883477853282,0.377,0.189,3.5764407110697674e-58,2,MGST3
5.898579689204151e-62,0.6169642595783209,0.832,0.679,1.0839230036881549e-57,2,LDHA
7.1365544858182085e-62,1.5081699890951024,0.297,0.135,1.311413252313954e-57,2,NHSL2
7.429956917426783e-62,0.7822267793405131,0.664,0.454,1.3653288831463456e-57,2,RPL13
1.90067888996229e-61,0.7125331430925095,0.685,0.475,3.492687528194704e-57,2,RPS5
3.571772655682815e-61,0.6443821303288204,0.668,0.457,6.563489432082741e-57,2,CD59
1.250643226181068e-60,0.6652154874349048,0.636,0.43,2.2981819924303307e-56,2,MYL6
4.563691284284086e-60,1.3101472497503386,0.296,0.134,8.386239104000437e-56,2,TM2D1
5.109274623072413e-60,1.0047249200181758,0.502,0.309,9.388803047357868e-56,2,RPL36AL
1.2461684576287296e-59,0.8855083046265313,0.488,0.288,2.2899591577385534e-55,2,SEM1
3.4564645846543665e-59,0.6413822205390547,0.842,0.706,6.351599320760864e-55,2,MT-ND3
9.210173911939505e-57,1.0821679318456485,0.327,0.159,1.6924615580580035e-52,2,NDUFB2
1.288531254336336e-56,0.9731171279883932,0.29,0.129,2.3678050329684513e-52,2,NME1
1.5335916788662162e-55,0.8595446468342289,0.531,0.33,2.818128069084559e-51,2,CDO1
2.0333798626670887e-55,1.0388370830519102,0.29,0.129,3.736538835637042e-51,2,S100A1
2.9067252598267393e-55,0.9917504720851336,0.391,0.211,5.3413983374576163e-51,2,BRK1
3.387928432505383e-55,0.8268385444873246,0.326,0.158,6.225657287571893e-51,2,ARPC3
3.9274992476094e-55,1.1139553145878398,0.333,0.167,7.217172617407033e-51,2,PSMA3
8.032106547599237e-55,1.0667330203173857,0.327,0.162,1.4759798991868357e-50,2,COX6B1
6.087838379881047e-54,0.5499389436487041,0.798,0.593,1.1187011806869411e-49,2,NPM1
1.284678074766088e-53,1.0444160062643346,0.273,0.122,2.3607244301901634e-49,2,RBX1
1.2853821270064554e-53,1.137479036578196,0.354,0.186,2.3620181965870624e-49,2,RPS27L
3.9979303798032603e-53,0.4969025925191959,0.81,0.635,7.346596865926471e-49,2,PCOLCE2
5.963937367829631e-52,1.216398700852223,0.268,0.121,1.095933130712373e-47,2,HEBP2
6.594749371803659e-52,0.8098118253173564,0.396,0.219,1.2118511445626404e-47,2,TMEM167A
6.744232443490712e-52,0.811992397668708,0.362,0.187,1.2393201538158534e-47,2,GSTO1
7.662890739685746e-52,1.2315875233821927,0.325,0.168,1.4081328023246528e-47,2,SELENOT
3.916363243249188e-51,0.7028329353311025,0.458,0.271,7.196709095794708e-47,2,TMEM45A
5.2461626524367026e-51,0.7234338670612059,0.544,0.336,9.640348490117685e-47,2,CLEC3A
5.726397790377553e-51,1.1296168347819007,0.29,0.138,1.0522828579597792e-46,2,SFT2D1
1.2346920791833473e-50,0.8157752897946737,0.411,0.233,2.268870164707319e-46,2,CST3
1.2496609715310751e-50,0.9395227983293103,0.386,0.216,2.2963770012855036e-46,2,ELOC
1.0050772502429761e-49,0.7783100322096086,0.45,0.264,1.8469299550464928e-45,2,DUSP14
1.2352960429893798e-49,1.0981111711942266,0.258,0.116,2.2699800085972843e-45,2,NOP10
2.1461148034182313e-49,1.1297238683781388,0.363,0.201,3.943700562761342e-45,2,NACA2
3.876494562942827e-49,1.0126619242953787,0.414,0.24,7.123446408863739e-45,2,RPL36
4.616469092529518e-49,0.7789183793187715,0.574,0.391,8.483223604432241e-45,2,RPL14
5.2176566030868003e-48,0.571446156528383,0.784,0.604,9.587965773832305e-44,2,SERPINE2
6.29236256642651e-48,0.4394895599515065,0.912,0.757,1.1562845452065354e-43,2,CYR61
7.63513230233562e-48,1.1776143545287294,0.342,0.185,1.4030319118771937e-43,2,RPL9
1.469660508142778e-47,1.2232421394535327,0.36,0.202,2.700648149763169e-43,2,ZNF90
1.1520358670263115e-46,1.2508661198414326,0.31,0.163,2.1169811092475502e-42,2,RPS27
1.2208647566464612e-46,0.9150292967840574,0.277,0.133,2.2434610768135372e-42,2,HSBP1
3.4944850359522673e-46,0.6427245507137318,0.584,0.398,6.421465702065886e-42,2,SAP18
4.307155665118791e-46,0.7642513373941999,0.409,0.239,7.91482925022229e-42,2,MYL12B
1.176191855217976e-45,1.1864277040424598,0.317,0.169,2.1613701531485526e-41,2,HSPE1
1.7856542515725957e-45,0.9615638704706543,0.253,0.116,3.2813182526898017e-41,2,SELENOW
6.320240048957907e-45,0.6963198561006333,0.363,0.199,1.161407311396505e-40,2,STMP1
1.2136943509791013e-44,0.7072665229650148,0.494,0.316,2.2302847393591966e-40,2,SRSF7
1.486262714245126e-44,1.016457708462202,0.289,0.146,2.7311563636968433e-40,2,ESD
1.8494088809392496e-44,1.1063939953218997,0.269,0.132,3.3984737596139652e-40,2,SNRPF
3.7853985165771756e-44,0.655258722624158,0.457,0.282,6.956048314062218e-40,2,CSTB
6.368602832040246e-44,1.054975797021693,0.308,0.161,1.1702944564157156e-39,2,NDUFS4
8.711796821366678e-44,0.7267639432758928,0.452,0.282,1.6008797838943408e-39,2,RPLP0
1.89145525653112e-43,0.9802508842943376,0.405,0.244,3.475738179401586e-39,2,RPL10
2.4028701433160966e-43,0.8085435472016553,0.51,0.34,4.415514175357659e-39,2,MAN1A2
4.720594020324209e-43,0.6949090150694759,0.35,0.192,8.674563571747766e-39,2,TCEAL9
1.4010174819428678e-42,0.6633029173931078,0.505,0.331,2.574509724818214e-38,2,TMED2
2.1438723494561558e-42,1.2701138372474272,0.257,0.127,3.939579829360632e-38,2,RPL41
4.287238563732577e-42,0.6689770680803186,0.409,0.242,7.878229584714983e-38,2,S100A11
5.289905975091555e-42,1.082092102286544,0.279,0.142,9.72073121982824e-38,2,THOC7
6.151763375724004e-42,0.5447111380983225,0.574,0.399,1.1304480379230428e-37,2,OAZ1
2.356884963131766e-41,0.964511958556165,0.261,0.129,4.331011808250933e-37,2,COX6A1
2.4841579169684627e-41,0.4659018406921138,0.847,0.703,4.564888588221247e-37,2,OGN
4.2459406761536647e-41,0.9990529101148437,0.257,0.125,7.802340586499974e-37,2,SRP19
9.083538548071751e-41,0.6146685254249522,0.399,0.239,1.669191043593665e-36,2,CBX3
1.4999836849219845e-40,0.763500294344305,0.514,0.335,2.7563700194126388e-36,2,TNFRSF11B
1.704431226861242e-40,0.44236799544892835,0.503,0.331,3.132062822480218e-36,2,KDELR2
4.312218307403703e-40,0.8924939264584646,0.378,0.222,7.924132361685044e-36,2,OMD
1.9285564389335306e-39,0.4987183132822963,0.646,0.446,3.5439153121842557e-35,2,SERPINA1
3.582679683495916e-39,0.5001833544133008,0.59,0.423,6.583532186392095e-35,2,MORF4L1
4.343849014064746e-39,0.9095093755470124,0.304,0.166,7.982256948245377e-35,2,MRPL20
5.600603462920759e-39,1.0752244072276516,0.288,0.156,1.0291668923463187e-34,2,ANAPC16
1.6850612496211544e-38,0.6745495808211681,0.3,0.162,3.0964685523038334e-34,2,DPM1
2.1964309049660964e-38,0.886632904644792,0.303,0.166,4.036161430965699e-34,2,PDCD6
8.537541247937985e-38,1.1140914680487022,0.273,0.144,1.5688585797210842e-33,2,CHCHD7
1.5417574210638547e-37,0.706905238404802,0.496,0.338,2.8331334369469395e-33,2,C4orf3
1.5844747209097176e-37,0.7926788520234966,0.411,0.257,2.911630747143697e-33,2,NNMT
2.152528277803306e-37,0.5842510332279556,0.581,0.404,3.9554859632913556e-33,2,SRSF3
2.1951351705289775e-37,0.5728183471638005,0.268,0.136,4.033780389364049e-33,2,GPX8
2.514380210354408e-37,0.9546178895120412,0.322,0.184,4.62042507454726e-33,2,MRPS6
4.154337143204349e-37,0.8143066136127965,0.411,0.262,7.634009934352312e-33,2,FAU
2.217835976201623e-36,0.9531015507988714,0.268,0.142,4.075495389868102e-32,2,SNU13
6.151809505733902e-36,0.4961029857081418,0.676,0.501,1.1304565147736618e-31,2,S100A10
6.308317578461769e-36,0.44057871276416183,0.778,0.594,1.1592164382181346e-31,2,HERPUD1
6.483454829120919e-36,0.6850317384393605,0.369,0.222,1.19139965939926e-31,2,UBE2B
9.22292840840586e-36,0.8729329623126751,0.327,0.191,1.6948053243286608e-31,2,EIF3I
1.1893649200929666e-35,0.4843280608690379,0.608,0.439,2.1855769771628354e-31,2,TMED10
4.580434893351612e-35,0.5279369068992554,0.373,0.219,8.417007160022922e-31,2,TSPAN2
8.877802014742251e-35,1.0840332136520836,0.252,0.134,1.631384898229036e-30,2,CWC15
1.159255476683641e-34,0.8293812760133769,0.34,0.202,2.1302478639538588e-30,2,SPTSSA
1.292540530133616e-34,0.44593869136603326,0.657,0.485,2.3751724781735328e-30,2,RAN
1.7029187590506808e-34,1.0140067855271202,0.252,0.133,3.129283511631531e-30,2,PIGP
2.1332558560851214e-34,0.904497078070601,0.277,0.152,3.920070961142019e-30,2,TMEM230
2.1492066145921977e-34,0.6085877476809872,0.279,0.148,3.949382074974622e-30,2,TMED3
2.8437267213862904e-34,0.8300837177918651,0.303,0.17,5.225632223219447e-30,2,SPINT2
2.9994249491268413e-34,0.6790196078400301,0.364,0.225,5.5117432865154834e-30,2,COX7A2L
7.227953048228727e-34,0.769032450503033,0.269,0.143,1.328208652142511e-29,2,SCP2
8.847223046588215e-34,0.9871109864309088,0.31,0.183,1.6257657070410505e-29,2,UBA52
1.7174175398195384e-33,0.8742543036833172,0.274,0.15,3.1559264711723835e-29,2,SRI
3.4880884445379026e-33,0.6576638777254222,0.282,0.157,6.40971132568285e-29,2,MYL12A
3.784003382762089e-33,0.6436186440635367,0.401,0.257,6.953484616163614e-29,2,PRDX6
5.684542424059959e-33,0.9583664877153469,0.257,0.138,1.044591515845258e-28,2,PNP
5.854252154078477e-33,0.4862309816185635,0.382,0.235,1.0757773758334608e-28,2,AP3S1
8.5589705176773e-33,0.4679632430074605,0.651,0.475,1.5727964223283808e-28,2,ID2
1.7349673561002958e-32,0.9914183005751321,0.276,0.155,3.1881760135699036e-28,2,CYSTM1
2.936772050674689e-32,0.6054425337365426,0.527,0.37,5.396612320319808e-28,2,RPS11
2.979472236218062e-32,0.7690003930931897,0.369,0.223,5.475078181274311e-28,2,RPS14
4.8127414640528906e-32,0.7919901224009596,0.4,0.262,8.843893714343591e-28,2,NSA2
7.326359217927048e-32,0.8787590894314086,0.288,0.168,1.3462917698862744e-27,2,EMC7
8.144821499893072e-32,0.5739610820517753,0.357,0.218,1.496692398820351e-27,2,TNFRSF12A
8.65566051790307e-32,0.56849864280457,0.456,0.307,1.590564176769868e-27,2,VAPA
1.313007058386105e-31,0.5839798282885202,0.577,0.417,2.4127817704903066e-27,2,FTL
2.9008025755711393e-31,0.3818843615821357,0.678,0.52,5.3305148128695254e-27,2,ARF4
3.634783930245455e-31,0.6917270347256168,0.468,0.327,6.679278950219048e-27,2,RPL22
1.2340458544698632e-30,0.8162203833797357,0.288,0.166,2.2676826621738208e-26,2,MCMDC2
3.303354842751257e-30,0.8071024097822422,0.361,0.235,6.070244859039709e-26,2,GLO1
3.398806696252626e-30,0.7665098134357481,0.302,0.179,6.245647185033825e-26,2,PAIP2
3.606693288897697e-30,0.6445562052114389,0.42,0.283,6.627659587678408e-26,2,ATP5G2
4.8310347911301196e-30,0.72378851487122,0.278,0.159,8.877509532180708e-26,2,NDUFA5
4.9576077052532076e-30,0.6034706955406268,0.444,0.302,9.110099919173294e-26,2,REEP5
7.698855709185943e-30,0.6997229904497158,0.306,0.18,1.414741725120009e-25,2,MDH1
7.774997705220904e-30,0.4651809244748186,0.566,0.421,1.4287335783113933e-25,2,SLC25A3
1.0146799324815597e-29,0.7500469589812264,0.275,0.157,1.864575843928114e-25,2,SNRPB2
3.2551266037745387e-29,0.8229466335609291,0.255,0.142,5.981620647096092e-25,2,UFC1
4.7466713324347564e-29,0.8103720997153857,0.279,0.162,8.72248324048211e-25,2,BLOC1S2
9.949375290530247e-29,0.6686585870883266,0.442,0.299,1.828297203387838e-24,2,RPS19
9.983405469225225e-29,0.5523711711793553,0.32,0.193,1.8345505890248275e-24,2,PPA1
1.3727685410203678e-28,0.7525321536105791,0.268,0.154,2.5225994709790277e-24,2,SNRPD1
1.4290871670001083e-28,0.6872335102236058,0.261,0.145,2.6260905780793988e-24,2,GSTP1
1.4399041881746937e-28,0.5714061143314817,0.497,0.355,2.645967936189817e-24,2,CNBP
4.4692312971823285e-28,0.32520289631717025,0.714,0.549,8.212659431702247e-24,2,LAPTM4A
5.40787030414399e-28,0.8954416950935822,0.278,0.163,9.937502470894996e-24,2,EIF1B
6.344813757208001e-28,0.6769536031469608,0.297,0.179,1.1659229760245423e-23,2,ARL1
6.379033407302101e-28,0.5920465358114217,0.366,0.238,1.172211178925834e-23,2,LDHB
1.5422531359948253e-27,0.5011825970869059,0.422,0.286,2.8340443627040907e-23,2,EIF2S2
2.255711856103936e-27,0.44258638091119096,0.377,0.244,4.1450961067765926e-23,2,ARPC5
3.184424757234333e-27,0.48875666576043075,0.457,0.314,5.85169893389381e-23,2,RPLP2
4.04793216070354e-27,0.44827606739352754,0.507,0.349,7.438480138508825e-23,2,CPE
4.6021542168732404e-27,1.0837704016993246,0.27,0.162,8.456918588926266e-23,2,SNHG8
1.8415419661167418e-26,0.27808354459827145,0.755,0.61,3.3840175169361246e-22,2,ANXA2
2.142360514906265e-26,0.6082947437062758,0.409,0.28,3.9368016821917527e-22,2,PPDPF
2.3796787014146508e-26,0.37507664839040045,0.34,0.215,4.372897581719562e-22,2,CTSK
3.2571312423742167e-26,0.46843844193175377,0.558,0.409,5.985304370986861e-22,2,HSPB8
3.715016591894349e-26,0.40406877743863445,0.673,0.52,6.826714489265056e-22,2,RPL4
3.8769933495930117e-26,0.30543618191118327,0.934,0.807,7.124362979212118e-22,2,H3F3B
4.327215845007741e-26,0.5428337915625358,0.267,0.155,7.951691836786225e-22,2,TMEM50A
3.0741245970412264e-25,0.6135613776731741,0.293,0.18,5.649011359522958e-21,2,PSMB4
5.13861404817351e-25,0.4666839169150999,0.302,0.186,9.442717174923641e-21,2,ATP5F1
6.335247076312772e-25,0.38856919831942394,0.569,0.428,1.164165002743235e-20,2,RHOA
1.0935688744950577e-24,0.5754538281869381,0.343,0.224,2.009542163772118e-20,2,SLC25A5
4.915134843745698e-24,0.6016135365899505,0.257,0.153,9.032051788867095e-20,2,CNIH1
5.223166540937613e-24,0.4823713333836992,0.278,0.169,9.598090835626957e-20,2,SGCB
5.652798460847618e-24,0.5418236459245385,0.252,0.148,1.0387582451653583e-19,2,RAP1A
5.720385045607598e-24,0.7151788991346235,0.259,0.154,1.0511779559808523e-19,2,VDAC2
8.190000943619027e-24,0.46689540023808984,0.391,0.268,1.5049945733994325e-19,2,SERP1
1.1035654887514845e-23,0.444242856454107,0.268,0.161,2.027911942129728e-19,2,PSMB5
1.263361170862838e-23,0.47808269384634006,0.534,0.399,2.321552487577551e-19,2,INSIG1
4.436547824854892e-23,0.5441933949854927,0.38,0.265,8.15260028295335e-19,2,RBM3
5.728991546654613e-23,0.7330732163264209,0.273,0.17,1.0527594866132516e-18,2,CHMP5
2.962941043376926e-22,0.4432518498488527,0.546,0.408,5.444700461309439e-18,2,PNRC2
9.636077758262118e-22,0.3686998667902277,0.493,0.365,1.7707256488582467e-17,2,MORF4L2
1.0522909319159398e-21,0.7709266113132699,0.286,0.186,1.933689816488731e-17,2,RHEB
1.2644304502979496e-21,0.4812691776762883,0.324,0.214,2.3235173954675123e-17,2,DUT
3.024995514305919e-21,0.325200400011183,0.462,0.336,5.558731757088557e-17,2,NUCB2
5.443708402782028e-21,0.42640250502186183,0.307,0.193,1.0003358560952255e-16,2,DNER
6.124440570961653e-21,0.4605190559065635,0.423,0.307,1.1254271993199134e-16,2,C11orf58
7.831194751836266e-21,0.5009736513539996,0.3,0.196,1.4390603475974322e-16,2,CLDND1
9.900506963928325e-21,0.3834105137192685,0.5,0.374,1.819317159691469e-16,2,RPS2
1.1423611101832807e-20,0.4799961910461036,0.341,0.233,2.0992027760727965e-16,2,OCIAD1
2.4404999409476217e-20,0.4527511726331821,0.441,0.319,4.484662691485349e-16,2,MIR22HG
3.798752870690665e-20,0.5559448418469776,0.307,0.204,6.980588275181165e-16,2,COPZ1
1.1971073588876626e-19,0.6244108940155306,0.312,0.21,2.199804482691969e-15,2,SNAI2
1.3188136714110122e-19,0.3481623302680066,0.516,0.385,2.423452002584876e-15,2,RCAN1
1.7050764179471953e-19,0.2886704208888262,0.64,0.504,3.133248425619766e-15,2,RAB1A
2.384004762998273e-19,0.4598599605019844,0.331,0.225,4.3808471524856265e-15,2,BNIP3
1.0111733571855746e-18,0.5813203187493093,0.285,0.189,1.858132161164212e-14,2,CCDC59
1.7778726847789034e-18,0.6895807270193187,0.265,0.172,3.267018845549713e-14,2,RWDD1
6.0521889149743045e-18,0.36320692993222603,0.497,0.379,1.1121502350156782e-13,2,UBE2D3
2.2753461183058662e-17,0.34981569492657494,0.49,0.372,4.18117602699886e-13,2,SBDS
2.703948081542789e-17,0.5917615427972253,0.278,0.188,4.968774994643029e-13,2,TMCO1
5.220341515565197e-17,0.4892547939209937,0.305,0.208,9.592899569002605e-13,2,TGIF1
5.425724758938193e-17,0.31367843291098185,0.409,0.304,9.970311817024823e-13,2,SARAF
8.803320160837412e-17,0.39700681454170494,0.38,0.272,1.6176981127554829e-12,2,TM4SF1
3.2004576226874796e-16,0.5593970234787133,0.322,0.224,5.8811609274505126e-12,2,PLA2G2A
4.3603055924821112e-16,0.41931751369431247,0.335,0.241,8.012497556745127e-12,2,NDFIP1
8.954635009334119e-16,0.28621393517858085,0.543,0.427,1.6455037293152378e-11,2,HNRNPC
1.0283854934539239e-15,0.3742298260894936,0.387,0.286,1.8897611827709305e-11,2,SSR3
1.6849644091556286e-15,0.7328078842670809,0.253,0.169,3.096290598264383e-11,2,WIF1
1.977082915534727e-15,0.3957910170308593,0.286,0.199,3.6330875655866144e-11,2,RNF130
2.065225344690408e-15,0.3952551523030644,0.256,0.171,3.795058093403093e-11,2,FAM177A1
6.299958924556665e-15,0.41126847024048874,0.343,0.251,1.1576804519765328e-10,2,TUBA1C
1.2466539361588884e-14,0.6854633420107492,0.325,0.237,2.2908512730855733e-10,2,RBP4
1.5253429210050706e-14,0.4135011127474628,0.331,0.236,2.8029701516389177e-10,2,CKS2
2.1722731611093235e-14,0.3951112130538761,0.346,0.253,3.9917691608544927e-10,2,MTHFD2
3.42875298382177e-14,0.5098455426348023,0.254,0.174,6.300676483070885e-10,2,COQ10B
6.305675383035206e-14,0.2694386712921455,0.609,0.501,1.1587309083865494e-9,2,PGK1
7.031486449264205e-14,0.29225559862298156,0.409,0.312,1.2921059499167901e-9,2,UGP2
1.0678255195008431e-13,0.3719608049931764,0.317,0.229,1.9622361746347494e-9,2,C6orf48
1.4556114288015008e-13,0.3437256268731459,0.485,0.385,2.6748315615656377e-9,2,PEBP1
1.6985708594222575e-13,0.27104061278294767,0.284,0.201,3.1212938112743403e-9,2,SAR1A
1.0184080668562596e-12,0.3578577794426834,0.353,0.266,1.8714266636550627e-8,2,MAP3K8
3.4272330139809524e-12,0.43154092255913357,0.329,0.243,6.297883386491399e-8,2,RPL8
2.3555446873215006e-11,0.8269608975288166,0.254,0.187,4.3285489174219893e-7,2,ZC3H6
5.837975536549317e-11,0.7284967744066523,0.274,0.205,1.0727863845963024e-6,2,BAMBI
1.2287453983860806e-10,0.2947701476636151,0.305,0.228,2.2579425440742617e-6,2,CREG1
1.385909994504752e-10,0.30804939295732847,0.358,0.272,2.546748205901932e-6,2,NRN1
1.655425987842195e-10,0.38280236623202524,0.326,0.252,3.042010795258818e-6,2,YPEL5
1.7979907836783681e-10,0.3354984616361538,0.259,0.189,3.3039878640873694e-6,2,UBE2D2
1.883795629006102e-10,0.337684509581592,0.274,0.205,3.461662847861613e-6,2,FGFR1OP2
2.162249254936147e-10,0.3016505845044154,0.288,0.216,3.973349230870664e-6,2,FXYD6
6.669194571097352e-9,0.29903647344119333,0.253,0.19,1.2255311943848494e-4,2,PERP
8.263742284740734e-9,0.2885101839113011,0.371,0.298,1.5185452822439572e-4,2,ST13
0.002102332554335223,0.38401415203576894,0.255,0.218,1,2,GPX3
0,4.4245559294973535,0.877,0.17,0,3,COL1A1
0,3.164051976644773,0.956,0.442,0,3,COL1A2
0,3.068627620804862,0.917,0.471,0,3,COL3A1
0,4.57724442410627,0.434,0.05,0,3,POSTN
1.8193768549441847e-269,2.8227499005439203,0.602,0.213,3.343286908645434e-265,3,COL6A3
8.7080801123271e-241,3.1192634430553214,0.449,0.109,1.600196801441228e-236,3,TNC
6.104113668305967e-229,2.4649087429505885,0.662,0.326,1.1216919276879045e-224,3,COL5A2
1.232114287545167e-195,1.2174789161092292,0.927,0.878,2.2641332147929988e-191,3,VIM
1.0073441137881495e-179,2.457963525579949,0.537,0.23,1.8510955434971034e-175,3,COL6A1
7.171716593265219e-163,1.0052439977269287,0.952,0.854,1.3178746411784166e-158,3,SPARC
6.148465670699948e-161,2.18430063476421,0.628,0.381,1.1298420516478224e-156,3,TMSB4X
9.332900876436408e-91,2.805743347052238,0.36,0.164,1.7150138650539545e-86,3,TGFBI
2.109816357087075e-83,2.6701658605820593,0.261,0.09,3.8769985377832086e-79,3,COL15A1
1.9021556354601404e-81,2.1889678827663688,0.394,0.201,3.495401195721554e-77,3,COL5A1
9.950258886949415e-68,2.153442687862902,0.43,0.271,1.8284595730658243e-63,3,PRSS23
1.0023405675250581e-64,3.009171597187331,0.26,0.11,1.8419010268840468e-60,3,LGALS1
1.5675845434958463e-61,2.666824553929433,0.284,0.131,2.880593357127967e-57,3,LOXL2
1.355088934038667e-57,2.0619050986913687,0.295,0.14,2.4901114251894545e-53,3,MXRA5
9.054760225975417e-38,1.486631610113327,0.375,0.244,1.6639027391252428e-33,3,ASPN
5.256497381838465e-37,0.5938295863798677,0.812,0.791,9.659339588866363e-33,3,MT-CO1
1.1629583850804048e-36,0.6468393261555709,0.774,0.762,2.137052328423752e-32,3,MT-ATP6
4.687631984293212e-31,0.5254710855963847,0.793,0.775,8.613992534337207e-27,3,MT-CO2
1.7438149950584503e-29,0.28707952649979007,0.152,0.353,3.2044344349194084e-25,3,NPTN
3.894120934168948e-29,0.29687861429635176,0.113,0.287,7.155836628628859e-25,3,NDFIP1
8.097856279166924e-28,0.5349172213526163,0.752,0.753,1.488062069859714e-23,3,MT-CYB
3.968856934305404e-27,0.410020914836978,0.813,0.799,7.29317150247961e-23,3,MT-ND4
1.2759847829425044e-25,0.334777437477338,0.17,0.367,2.344749637135146e-21,3,SEPT7
3.882040204996371e-25,0.28935258347761206,0.124,0.29,7.133637080701332e-21,3,HMGB2
1.6214494477420407e-24,0.28284354905580344,0.125,0.287,2.979575505170774e-20,3,CERS2
2.2047408438550397e-24,0.2806140835984896,0.146,0.322,4.051431774668021e-20,3,ATP5G3
1.805686058566504e-23,0.38199961213165046,0.142,0.31,3.3181287012218077e-19,3,CTSL
2.7341932741919364e-23,0.4553691807246081,0.131,0.296,5.024353560655103e-19,3,CBX3
9.579279592030834e-23,0.3332198078487971,0.128,0.284,1.760288417831586e-18,3,SSR2
1.0479627951266387e-22,0.34388663086673343,0.173,0.358,1.925736432324711e-18,3,CSDE1
1.6654723022741844e-22,0.4178939405258624,0.146,0.316,3.060471902659041e-18,3,ATP6V0E1
4.930201416190829e-22,0.28481174881092386,0.265,0.515,9.059738122392268e-18,3,YWHAE
6.62459754791287e-22,0.34415307860666733,0.194,0.391,1.217336045404469e-17,3,NUCB2
1.903733757798944e-21,0.4570140824612159,0.169,0.347,3.4983011533313395e-17,3,YWHAQ
2.235103944016421e-21,0.30271541378342404,0.28,0.537,4.107227007524575e-17,3,CD59
4.6112552049055005e-21,0.5066791738815386,0.14,0.297,8.473642564534348e-17,3,GDI2
5.6099943862411515e-21,0.39043666241757247,0.12,0.265,1.030892568415674e-16,3,SELENOF
6.699265884442928e-21,1.890273983972888,0.335,0.276,1.2310570989252325e-16,3,TPM4
1.109008397321062e-20,0.30762949729130784,0.143,0.299,2.0379138309171835e-16,3,ATP1B3
1.219641188952437e-20,0.6357071803574437,0.717,0.769,2.2412126488189983e-16,3,HSPA1A
1.2450075331997927e-20,0.32432946584145417,0.115,0.255,2.287825843007939e-16,3,IL6ST
2.2084969036778562e-20,0.5230108412748429,0.116,0.257,4.0583339101984284e-16,3,DUT
3.109313612466132e-20,0.3926069850409022,0.136,0.287,5.713674694267765e-16,3,AP3S1
5.702793558871112e-20,0.29269517021118596,0.143,0.295,1.0479453443781556e-15,3,MYL12B
1.3552754826612499e-19,1.3737020740008257,0.446,0.448,2.4904542269383126e-15,3,ISLR
3.1627554451003167e-19,0.38657148633843375,0.14,0.29,5.811879405916342e-15,3,IER5
3.351218785870108e-19,0.49078602325261755,0.751,0.761,6.1581996409149105e-15,3,MT-CO3
8.798429949346133e-19,0.429508856526541,0.14,0.287,1.6167994874918455e-14,3,ATP5H
1.5892761390815508e-18,1.5682967517961743,0.297,0.226,2.920453833176258e-14,3,CRTAC1
2.661717853461052e-18,0.3341993804060639,0.8,0.787,4.891172727520029e-14,3,MT-ND2
5.144785998691047e-18,0.5253143476950874,0.174,0.339,9.454058751194668e-14,3,NUCKS1
1.609041256610299e-17,0.32559682925076117,0.122,0.252,2.9567742131470856e-13,3,UQCRQ
4.3615944962931935e-17,0.42189608495961983,0.185,0.351,8.014866046388373e-13,3,TMED9
3.4057856484820434e-16,0.6239805632289188,0.187,0.352,6.258471707650603e-12,3,RAC1
3.8292791580571174e-16,0.5363747810407309,0.14,0.277,7.036683380845759e-12,3,CCT4
6.374133470548323e-16,0.42670259043848136,0.225,0.413,1.1713107665479598e-11,3,CLIC4
8.593750491943574e-16,0.4666878685180593,0.198,0.365,1.5791875903995513e-11,3,ARPC2
3.572515426444978e-15,0.538070891054693,0.127,0.251,6.564854347635291e-11,3,SSR1
4.519139131539299e-15,0.48783812670263305,0.167,0.311,8.304370068116616e-11,3,MTDH
5.136977380525396e-15,0.35017686866008946,0.141,0.27,9.439709634453468e-11,3,RCN1
9.55381174212962e-15,0.571401790916267,0.2,0.365,1.755608445733739e-10,3,CD9
1.2425104491405606e-14,0.5474011202222369,0.144,0.275,2.2832372013406943e-10,3,EDIL3
1.2659929684533227e-14,0.28189841807597893,0.146,0.274,2.326388678829826e-10,3,RND3
2.6864404613850915e-14,0.43743897606579596,0.221,0.393,4.936602991841244e-10,3,PLP2
4.4397885382058925e-14,0.5185874372696646,0.224,0.402,8.158555417807148e-10,3,RAB2A
4.81914272038371e-14,0.3317430295329875,0.317,0.557,8.855656662977105e-10,3,EIF4G2
7.069353161371594e-14,0.737231870968746,0.143,0.27,1.2990643369336441e-9,3,HMGB1
9.87999005733274e-14,0.30913215792017334,0.263,0.456,1.8155469729354644e-9,3,TXN
2.131268033776163e-13,0.2965882799779962,0.295,0.509,3.916418138867077e-9,3,MT-ATP8
2.2640353514837098e-13,1.0485959877899735,0.401,0.383,4.160391361886465e-9,3,AHNAK
5.38896829312768e-13,0.69926576088523,0.188,0.339,9.902768135451424e-9,3,CDC42
9.61576714132996e-13,0.33195983325995115,0.201,0.35,1.7669933698907935e-8,3,RPS19
1.3858158056892439e-12,0.2935607553320465,0.314,0.531,2.5465751245345546e-8,3,TPI1
1.4742340948013912e-12,0.37116002765281486,0.298,0.51,2.7090525726070364e-8,3,PDIA3
2.237756710434266e-12,0.39204722477737075,0.2,0.348,4.112101731094007e-8,3,BAG3
1.3816465610331157e-11,1.2635697429917956,0.391,0.394,2.5389137205544535e-7,3,CAV1
1.6089095893907082e-11,0.5430090070211411,0.167,0.293,2.9565322614643657e-7,3,S100A11
7.875074419961774e-11,0.4771372965061209,0.179,0.304,1.4471236754121754e-6,3,RACK1
1.1521292560652787e-10,1.6429178344426205,0.317,0.301,2.1171527209455563e-6,3,FSTL1
1.184544871520554e-10,0.7394154540803344,0.155,0.272,2.17671965590617e-6,3,CKS2
1.9051080760191695e-10,0.9046808573653693,0.526,0.658,3.5008266004928257e-6,3,ANXA2
2.457696739219341e-10,0.7571782710004611,0.145,0.252,4.5162635279894605e-6,3,TPM1
4.963251104631729e-10,0.7824442587747193,0.252,0.43,9.120470229871265e-6,3,ARL6IP5
6.578206907750027e-10,0.7184603809976637,0.189,0.322,1.2088113013681448e-5,3,YWHAG
2.525394453915598e-9,1.12309707049371,0.419,0.463,4.6406648485153023e-05,3,CALU
3.096844058305044e-9,0.7540699942678879,0.183,0.306,5.690760641541349e-5,3,PTP4A2
6.97038682561102e-9,0.9254180332499709,0.493,0.606,1.280878283074281e-4,3,CFL1
1.1965525979215088e-8,0.5978349289161775,0.56,0.613,2.1987850539405645e-4,3,HSPH1
1.446934990549954e-8,0.9386024142142101,0.152,0.255,2.658887738634595e-4,3,CTSK
3.360505215319642e-8,0.5268088029625835,0.64,0.746,6.175264383671375e-4,3,HTRA1
6.205763153115437e-8,0.7321327245554536,0.194,0.314,0.0011403710370164928,3,SEC31A
4.422425878050994e-7,0.9202310422112715,0.158,0.253,0.008126649793506507,3,ACTR3
7.919791328182333e-7,0.2787979678119341,0.274,0.41,0.014553408544667855,3,ZFP36
1.0480811390491462e-6,0.7828933956100097,0.161,0.254,0.01925953901116711,3,PDPN
1.6218692800891272e-6,1.3080574264187335,0.42,0.502,0.0298034698909178,3,CTSB
3.129928893483969e-6,0.6048935117681977,0.314,0.498,0.057515573346661415,3,MYL6
4.27996606134707e-6,0.6889540269082421,0.179,0.273,0.07864865634331376,3,DDX21
5.78178532691438e-6,0.4651888413056755,0.179,0.267,0.10624608716737866,3,LRRFIP1
7.572668890483495e-6,0.3301103063923869,0.172,0.255,0.1391553635315247,3,DST
1.2902256619380811e-5,0.8932584810941728,0.175,0.267,0.2370918676377418,3,SEPT2
1.318354860584389e-5,0.857639646471515,0.185,0.285,0.24226088918098732,3,ARPC5
1.4973370585101818e-5,1.730047609607522,0.251,0.242,0.275150657871831,3,CD44
4.843734771042431e-5,0.8933430891605281,0.218,0.329,0.8900847015267571,3,YWHAB
4.9248950578420076e-5,0.7315790036371821,0.432,0.48,0.9049987158290473,3,S100A4
6.286626293491104e-5,0.7176537345344594,0.262,0.393,1,3,APP
1.3012307715692896e-4,1.2824388378670388,0.394,0.478,1,3,TUBA1B
1.3840768199117838e-4,0.487547784223735,0.616,0.763,1,3,B2M
1.801534153208209e-4,0.6662645364036077,0.181,0.261,1,3,GLUL
4.3546465622904185e-4,0.6495314278123594,0.338,0.518,1,3,YBX1
8.98443323648003e-4,1.4943321818144282,0.311,0.349,1,3,PFN1
0.0020565527544143865,0.9632892433713818,0.197,0.279,1,3,GNB1
0.0020750718136711274,0.5162614402502719,0.559,0.727,1,3,CALM1
0.002219322917607057,1.0474521286714928,0.196,0.278,1,3,ATP6AP2
0.003411922922522609,0.8494217360065606,0.183,0.252,1,3,CD109
0.005201019181463873,0.43415839256167477,0.587,0.748,1,3,ANXA5
0.00548209131727137,0.7834382305973278,0.192,0.262,1,3,RPS14
0.006158625312838446,1.0439396858567451,0.42,0.536,1,3,CD99
0.00650764319622919,0.7672906465854821,0.282,0.399,1,3,CALR
0.007247739297496371,0.8452188888871677,0.197,0.268,1,3,IQGAP1
2.327767038105054e-305,2.274704828010508,0.464,0.052,4.277504709221847e-301,4,COL12A1
1.3716920934109142e-193,2.4900877579688494,0.383,0.061,2.520621390851896e-189,4,ID3
2.3806780679104031e-181,1.5259383218081757,0.548,0.124,4.374734017592157e-177,4,TNC
2.328934934814735e-180,1.8906734974703059,0.391,0.067,4.279650836215557e-176,4,COL6A2
3.518275030463887e-179,1.4038283139724457,0.41,0.071,6.465182195980439e-175,4,LTBP1
6.888386480801645e-176,1.3419795002167243,0.847,0.34,1.2658098997121102e-171,4,AHNAK
9.906843683198311e-172,2.16995913509867,0.339,0.051,1.820481595224522e-167,4,MMP2
5.008656867660724e-167,1.5571376312793965,0.574,0.154,9.203907860013346e-163,4,ZFP36L1
8.61997713969828e-164,1.296255702017281,0.534,0.128,1.584006999190956e-159,4,MXRA5
9.661393999496913e-157,1.7563632314100535,0.621,0.198,1.7753777613475529e-152,4,CRTAC1
6.616345230709829e-155,1.9656372830433222,0.553,0.166,1.2158195995952381e-150,4,ZFP36L2
3.986345622894332e-146,1.8120853060585287,0.369,0.073,7.325308716630624e-142,4,THBS2
1.5490811442669555e-145,2.3686216158675486,0.262,0.036,2.846591510704957e-141,4,CYP1B1
1.2849964908862636e-144,1.1640258346438839,0.699,0.236,2.361309551652598e-140,4,COL6A1
3.3405078129500536e-133,0.9873661890860204,0.687,0.233,6.138517157077018e-129,4,COL6A3
2.6504477703207777e-132,1.1955411774306688,0.495,0.135,4.870462822741461e-128,4,CALD1
1.9767444216653593e-129,1.1878687168271904,0.929,0.628,3.632465549252264e-125,4,MALAT1
2.4928735334989272e-129,0.9771603798352357,0.675,0.242,4.5809044051576287e-125,4,COL1A1
2.544594605705526e-127,1.207539342853992,0.897,0.486,4.6759470474444746e-123,4,COL1A2
7.955534936717001e-122,1.8302169701062154,0.314,0.063,1.461909099971116e-117,4,CDH11
5.1656912132969756e-120,1.1251170098912273,0.301,0.056,9.492474173554523e-116,4,DKK3
2.9779747018833534e-119,1.9396979681670952,0.347,0.079,5.47232631218085e-115,4,RGS16
4.6717894673443685e-119,1.35496909917617,0.401,0.101,8.584880325192011e-115,4,FOXO3
1.3427757252537333e-118,1.413368948651607,0.499,0.155,2.4674846727262603e-114,4,KLF9
1.3304013892281899e-117,1.1310009909021357,0.397,0.098,2.4447455928457218e-113,4,NFIC
1.7304128478758482e-117,1.7960521715872642,0.29,0.055,3.179806649256659e-113,4,MAFB
2.2842287915561688e-117,1.2349611665254234,0.394,0.098,4.1974988273636156e-113,4,IL1R1
5.3713352884608684e-117,1.0509018297988206,0.386,0.09,9.870365726075692e-113,4,COL15A1
1.0617702182726239e-115,2.1396941253110064,0.347,0.082,1.9511089530977736e-111,4,CFH
1.42925995261178e-115,0.8267698758981084,0.987,0.876,2.6264080889194068e-111,4,VIM
1.1057908657233339e-112,1.4496219428247425,0.37,0.092,2.032001294853198e-108,4,TACC1
3.7532546517723895e-112,1.738879456870372,0.731,0.354,6.896980748096943e-108,4,ZFP36
1.902661323965194e-111,1.4076169025137255,0.356,0.086,3.4963304489184404e-107,4,ANTXR1
3.352545433546124e-109,1.7190307597648329,0.326,0.075,6.160637488684357e-105,4,FKBP5
3.472732520565802e-108,1.7598699786401286,0.251,0.045,6.381493279791717e-104,4,COLEC12
1.8800386808848997e-107,1.8124590692514466,0.358,0.093,3.4547590799940915e-103,4,PIK3R1
2.0329470537475094e-107,1.787685572314487,0.445,0.139,3.7357435059664235e-103,4,SOCS3
1.0776156270729244e-106,0.9485824359574275,0.508,0.163,1.980226476309206e-102,4,TGFBI
3.4538565664981925e-106,1.3176756817523225,0.573,0.217,6.346806826597079e-102,4,BRD2
4.0247260099880395e-106,1.389834748985989,0.271,0.052,7.39583651595402e-102,4,COL8A1
5.159431788366633e-106,0.9842899024913856,0.755,0.341,9.480971854302525e-102,4,COL5A2
1.0782737661430178e-105,0.7025545727450213,0.588,0.207,1.9814358726644094e-101,4,DST
6.277470633351537e-105,1.5603883881977074,0.304,0.068,1.1535480035846784e-100,4,PDGFRA
1.425158543940265e-102,1.1802247632497727,0.601,0.237,2.6188713403446308e-98,4,JUN
5.740316113116416e-100,1.172109270802486,0.469,0.15,1.0548404889462725e-95,4,AEBP1
2.4773770877627626e-95,1.293245076718932,0.312,0.075,4.5524281364728525e-91,4,RAB31
4.457691007344336e-95,1.6495079809283242,0.447,0.154,8.191452995095952e-91,4,SERPING1
1.3562800364567205e-94,1.6110266484162388,0.432,0.142,2.4923001949928697e-90,4,TXNIP
1.982825987728973e-93,1.1827591094004135,0.281,0.063,3.64364103505076e-89,4,TLN1
3.205419726218816e-93,1.188586819095959,0.656,0.291,5.8902792888996966e-89,4,TSC22D3
3.322245733012206e-93,1.1146933232624447,0.744,0.371,6.10495875898323e-89,4,SLC38A2
9.061644459440872e-92,0.8849087471778756,0.422,0.132,1.6651677858668547e-87,4,ITGB5
1.5725054227592733e-91,1.3220185288092576,0.847,0.511,2.889635964862441e-87,4,COL3A1
2.8196703340742173e-91,1.2190324486396786,0.553,0.214,5.181426205894782e-87,4,NFKBIZ
1.7045574951839928e-88,1.1040572588489852,0.36,0.101,3.132294853150105e-84,4,ABL2
2.5542136691049703e-87,0.9578906531520486,0.516,0.194,4.6936230383472934e-83,4,DDR2
9.919081557256039e-87,0.9812055689340137,0.338,0.093,1.8227304269613698e-82,4,SERPINH1
7.429012722949958e-86,0.9097078080401753,0.349,0.099,1.3651553779692842e-81,4,PSD3
3.8270469705558084e-84,1.4299386777042993,0.301,0.079,7.032581513093353e-80,4,SCARA3
7.551328663808661e-83,1.0811388246956448,0.365,0.11,1.3876321552614796e-78,4,AKAP9
3.967867231640501e-82,1.2726919045075622,0.561,0.235,7.2913528248625845e-78,4,ASPN
4.507039202824894e-82,0.6835921700170395,0.538,0.201,8.282135239111025e-78,4,COL5A1
8.187335936236881e-82,1.0679346314514835,0.296,0.076,1.5045048516428893e-77,4,LRP1
8.612364262109042e-82,0.8748594805661183,0.355,0.104,1.5826080568051574e-77,4,DPYSL2
1.8352562451584525e-81,1.0037309573173763,0.27,0.065,3.3724668761031723e-77,4,SPTBN1
3.133003104345399e-81,1.011399242167919,0.335,0.096,5.757206504545106e-77,4,MED13L
3.628808075225416e-81,1.3889240494619597,0.349,0.105,6.668297719034224e-77,4,IER2
9.841337360360475e-81,1.3903704583364607,0.377,0.123,1.8084441533398408e-76,4,C1R
1.9694912034900374e-78,1.2967996820502825,0.317,0.091,3.619137035533293e-74,4,SOD3
2.1251258769722873e-78,1.0103556631172665,0.36,0.112,3.905131311524275e-74,4,DAB2
4.330001901400938e-77,0.8588404847565775,0.378,0.121,7.956811494014364e-73,4,ZBTB20
1.4385250812892714e-75,0.8722906069019924,0.268,0.067,2.643433689377165e-71,4,SPEN
3.623332334351485e-72,0.6827556026957968,0.277,0.073,6.658235497604289e-68,4,FBN1
3.0475110116534247e-71,0.8958458083697565,0.26,0.067,5.6001062350143334e-67,4,CLMP
4.215797387965358e-71,0.8027568564943195,0.648,0.308,7.746949280125142e-67,4,NFKBIA
2.0150801244960802e-70,1.0544436556570749,0.252,0.065,3.702911236773997e-66,4,SLK
2.1064527887381795e-70,0.5608198860049896,0.544,0.228,3.8708176445852785e-66,4,IQGAP1
2.8296447365071136e-70,0.4973919742340174,0.323,0.096,5.199755167805472e-66,4,ABHD2
5.5298448818261014e-70,0.8838278407567465,0.419,0.153,1.0161642954843645e-65,4,TCF4
2.363121878070355e-68,0.900413653601179,0.265,0.072,4.3424727631420845e-64,4,ITPRIPL2
2.928193625647131e-68,0.5361935373387514,0.371,0.125,5.3808486064891676e-64,4,PRRC2C
1.841625580959047e-67,1.0368909286624675,0.282,0.081,3.3841711675703445e-63,4,GJA1
2.5249125183944125e-67,1.0848286240504017,0.404,0.151,4.6397792438015724e-63,4,GALNT15
2.863944668236873e-67,1.2981323492837733,0.505,0.223,5.262784722352078e-63,4,GLUL
3.296551956142801e-67,0.996826799214688,0.338,0.111,6.057743874608011e-63,4,COLGALT2
3.531202508913471e-67,0.7617736345418751,0.283,0.08,6.488937730379395e-63,4,MFGE8
4.2636747834626373e-67,0.9247180433549571,0.331,0.107,7.834928782090942e-63,4,ANKRD12
8.555323110195458e-67,0.8222368158090514,0.521,0.227,1.5721261747295173e-62,4,EDIL3
4.0631880490515503e-66,1.0983230820787089,0.53,0.24,7.466514358937128e-62,4,IER5
7.603665035502563e-65,1.0284323428834843,0.344,0.118,1.397249486923951e-60,4,KMT2E
5.7798423678069155e-64,0.8692497401591832,0.395,0.147,1.0621038335081988e-59,4,UACA
3.4716162607725676e-63,0.9075109696950862,0.305,0.097,6.37944204079567e-59,4,WASF2
4.530005646750601e-63,1.0442790388629466,0.394,0.153,8.324338376468905e-59,4,SSPN
1.5558059339670163e-62,0.9020017732388372,0.544,0.258,2.8589489842577892e-58,4,HEXIM1
2.190945921755887e-62,1.0590021153194331,0.638,0.337,4.0260822258186176e-58,4,C1S
2.9961043156767227e-62,0.46789801399518227,0.505,0.215,5.505641290487546e-58,4,CD109
9.83766310309893e-62,0.8471808636726391,0.26,0.075,1.8077689718254593e-57,4,FOXP1
3.451719879585307e-61,0.7236712742109888,0.579,0.276,6.34288045072596e-57,4,FSTL1
1.2276437023300794e-60,0.7427341558274613,0.329,0.112,2.255918067401754e-56,4,SRRM2
1.6610835919505799e-60,0.8840012840075457,0.536,0.252,3.0524072085683856e-56,4,GSN
1.9053063837891312e-60,1.3751431960117313,0.444,0.192,3.5011910108509076e-56,4,CHI3L2
2.7943849718040215e-60,0.756799818804538,0.712,0.391,5.13496182418707e-56,4,TMSB4X
1.1070723236896013e-58,0.7559553433719921,0.312,0.105,2.0343561020120115e-54,4,SUSD5
2.6088140081732154e-58,0.9013030787375323,0.448,0.192,4.7939566214191007e-54,4,TGFBR2
2.6706775946514294e-58,0.8963827933932138,0.462,0.198,4.9076371479314664e-54,4,IFITM3
5.794682731540755e-58,0.6332236671224656,0.266,0.08,1.0648308987479293e-53,4,WNK1
8.962667825313869e-58,0.5458591518308764,0.394,0.148,1.6469798395796767e-53,4,GOLGB1
1.521253773223999e-57,0.4773836778233558,0.665,0.343,2.7954559336764203e-53,4,APP
2.3040498850469563e-57,0.4838586005482188,0.332,0.116,4.233922068762287e-53,4,MAP4
3.0034647738716944e-57,0.5596981313919389,0.564,0.274,5.519166868466625e-53,4,NORAD
2.516899570842143e-56,1.163823319723138,0.342,0.127,4.625054651379522e-52,4,THBS1
2.557224356462581e-56,0.9128161383871152,0.396,0.161,4.699155477435639e-52,4,RETREG1
7.527968741085325e-56,0.6028840009177786,0.339,0.121,1.3833395358618392e-51,4,ELK3
8.3134904364093e-56,0.9519482978902974,0.252,0.076,1.5276870025945728e-51,4,ROCK2
1.2145807799152824e-54,0.8974475592656376,0.287,0.095,2.231913641172323e-50,4,FAM180A
1.3669911514894912e-54,0.7210929819012739,0.303,0.104,2.511982939977089e-50,4,GLG1
4.426236181611243e-54,0.5930218572858098,0.252,0.076,8.13365160732882e-50,4,MYH9
7.50609846336976e-54,0.72607805726069,0.271,0.088,1.379320653628827e-49,4,CAMSAP2
3.445229801927175e-53,0.7575815075047672,0.262,0.084,6.330954284021377e-49,4,BPTF
2.6101707908287375e-52,0.33160185989411506,0.49,0.219,4.7964498452268877e-48,4,CD44
4.617273535310275e-52,0.7434800601404117,0.429,0.187,8.484701848486162e-48,4,PHLDA1
7.800477014459333e-52,0.49632390177710906,0.449,0.194,1.433415656177047e-47,4,SON
2.859418024050481e-51,0.7430218596637287,0.335,0.128,5.254466560995164e-47,4,NR3C1
1.0431884204240651e-50,0.5164418699413236,0.305,0.109,1.916963041371262e-46,4,NOTCH2
2.9085535708135545e-50,0.4181432346248559,0.462,0.207,5.344758041726988e-46,4,APLP2
2.9593067315122336e-50,0.3598245403839053,0.395,0.159,5.43802204982688e-46,4,EIF3A
8.290239279104664e-50,0.5770309376820011,0.461,0.21,1.523414369928273e-45,4,IL6ST
1.5179832442484286e-49,0.572494452904345,0.983,0.928,2.7894460096309124e-45,4,FN1
3.511685533671247e-49,0.658968850977578,0.29,0.103,6.453073336674284e-45,4,ZNF503
7.82909446920568e-49,0.6953371051184145,0.3,0.109,1.4386743996612358e-44,4,FOXO1
8.090853466848391e-49,0.6196558006756523,0.534,0.267,1.4867752330680605e-44,4,BGN
9.794714747873268e-49,0.5298386806245101,0.4,0.168,1.7998767820691916e-44,4,RBM25
9.973277386863606e-49,0.6825399098346747,0.406,0.178,1.8326894526100562e-44,4,SERTAD2
3.1224056119658515e-48,0.2764597920413904,0.375,0.153,5.737732552548449e-44,4,ITGB1
3.2961860927987756e-48,0.6866429514424861,0.321,0.123,6.057071564127031e-44,4,PRRX1
5.324982491494458e-48,0.8902744039900787,0.258,0.088,9.785187826370215e-44,4,YAP1
6.35003507942792e-48,0.9955812771402519,0.257,0.087,1.1668824461956745e-43,4,CREBRF
1.3186573682974813e-47,0.6107920040405488,0.712,0.421,2.423164779983452e-43,4,ISLR
1.6081826155426712e-47,0.8142921423912205,0.312,0.12,2.9551963743212125e-43,4,ITGA10
6.783441558328825e-47,0.563241795855213,0.343,0.139,1.246525220758505e-42,4,TMEM43
1.512059368189055e-46,0.4335718161096107,0.436,0.195,2.7785602949842077e-42,4,KIF5B
2.6232831094947127e-46,0.8220769780658465,0.282,0.103,4.820545042007484e-42,4,FZD8
1.6822241961687334e-45,0.7366032049451581,0.548,0.294,3.0912551828796647e-41,4,CYBRD1
2.0677534432728668e-45,0.4388709994732697,0.274,0.097,3.79970372735822e-41,4,AKAP13
2.988717820855012e-45,0.8147444169744271,0.291,0.109,5.49206786760317e-41,4,RB1CC1
3.3446047578607093e-45,0.7865519545552833,0.342,0.14,6.1460457030448395e-41,4,LOX
5.595470680545275e-45,0.5891538911458116,0.382,0.167,1.0282236922569998e-40,4,TMEM47
1.0744405293686719e-44,0.655140456333897,0.301,0.116,1.9743919167678714e-40,4,HNRNPUL1
1.3334431226762948e-44,0.5984818195278927,0.452,0.216,2.4503350822299593e-40,4,PLS3
1.4482208360794132e-44,0.4653548147494919,0.418,0.187,2.6612506083795297e-40,4,ATP1A1
1.5629396053175657e-44,0.4293694077931258,0.605,0.326,2.8720578187315587e-40,4,PPP3CA
4.96990759868569e-44,0.4544712818057596,0.33,0.131,9.132702203344823e-40,4,CTDSP2
1.2026004902165683e-43,0.916656889503551,0.678,0.454,2.2098986608219658e-39,4,MT-ATP8
1.7216656450203798e-43,0.6941969120340643,0.37,0.161,3.16373278928945e-39,4,PPP1R15A
1.8432046972537826e-43,0.5954928449090945,0.401,0.185,3.387072951673551e-39,4,TWSG1
2.9146603105661748e-43,0.36727475044935964,0.495,0.243,5.355979786696403e-39,4,GNB1
4.226158957773914e-43,0.43939643871742784,0.526,0.271,7.765989700805344e-39,4,SEC31A
1.2289076485352387e-42,0.2932553390218171,0.49,0.232,2.2582406949483547e-38,4,LTBP2
1.5215663365979503e-42,0.780029302566672,0.844,0.783,2.7960303001323933e-38,4,MT-ND2
1.6001242894209528e-42,0.99125788121267,0.845,0.642,2.9403883942399426e-38,4,HSPA1B
2.5203344224690972e-42,0.7815451868644575,0.261,0.095,4.631366534729213e-38,4,TPP1
3.184259664523554e-42,0.5566750325497236,0.387,0.172,5.851395559528484e-38,4,ETS1
5.2440494069870695e-42,0.7579252064120401,0.355,0.155,9.636465190279438e-38,4,DPYSL3
1.0266296857177935e-41,0.5517563710788391,0.295,0.116,1.886534710475017e-37,4,NFIX
1.062800645672521e-41,0.565220471084348,0.581,0.315,1.9530024664878247e-37,4,CD9
2.9567774357795037e-41,0.42406625270499254,0.303,0.12,5.4333742159884156e-37,4,PICALM
7.696518367223415e-41,0.9694445428121518,0.3,0.123,1.4143122151609747e-36,4,PFKFB3
7.810693130845316e-41,0.6625947204050002,0.257,0.095,1.4352929697241352e-36,4,B4GALT1
1.005459568829106e-40,0.5629464606277257,0.287,0.113,1.847632503680365e-36,4,ESYT2
1.0436747791957032e-40,0.5565828682458858,0.47,0.234,1.9178567742500242e-36,4,RBBP6
1.156913052193928e-40,0.43570679776628984,0.47,0.229,2.125943424711562e-36,4,IRF2BP2
2.3412546577889636e-40,0.8222735702977078,0.914,0.745,4.302289559153e-36,4,HSPA1A
3.838699491484867e-40,0.434365126392226,0.366,0.162,7.053994185552591e-36,4,RSRC2
5.98163029068078e-40,0.4019449767643679,0.514,0.265,1.0991843822155002e-35,4,PTTG1IP
6.216948791014804e-40,0.3623459944959504,0.392,0.178,1.1424265098368805e-35,4,HDLBP
8.719328500496857e-40,0.585168168377102,0.439,0.215,1.6022638052513024e-35,4,EPB41L2
5.231961709048535e-39,0.77796331815067,0.847,0.796,9.614252836547588e-35,4,MT-ND4
7.016732199847224e-39,0.6313058388678161,0.405,0.194,1.289394709043926e-34,4,ANGPTL2
7.395286187678808e-39,0.4339959326374774,0.532,0.28,1.3589577898478577e-34,4,FOXC1
1.9992127276643196e-38,0.5924398174938913,0.277,0.108,3.6737533083559535e-34,4,ANK3
2.476364555926432e-38,0.4634992495850022,0.37,0.169,4.550567507970412e-34,4,SYNCRIP
2.497926546108842e-38,0.4506213794300912,0.313,0.131,4.590189821129608e-34,4,KDELR1
3.276740898999666e-38,0.4710242609600036,0.283,0.113,6.021339076001786e-34,4,TCF7L2
4.839125648204848e-38,0.7856423645710151,0.345,0.156,8.892377291141229e-34,4,RSRP1
5.306456468383319e-38,0.51354339613647,0.396,0.191,9.751144406301187e-34,4,LAMP1
5.421958396834328e-38,0.7016016859222367,0.473,0.246,9.96339075002276e-34,4,CST3
5.860028392319359e-38,0.3118558022052229,0.539,0.29,1.0768388173726054e-33,4,NUCKS1
8.816637117697841e-38,0.341126516595158,0.426,0.205,1.620145236748155e-33,4,KTN1
3.482623910234297e-37,0.2584685463343248,0.509,0.263,6.399669697446544e-33,4,TPM4
4.856362975209927e-37,0.8165098879079228,0.251,0.097,8.924052603245761e-33,4,OSMR
6.133108276716093e-37,0.4133861109589576,0.905,0.687,1.1270199769293493e-32,4,TIMP2
7.022754764292072e-37,0.8082880425594682,0.377,0.184,1.2905014154863112e-32,4,ECM2
7.351063053559009e-37,0.4229996808020899,0.327,0.143,1.3508313467220035e-32,4,HP1BP3
9.579766690475054e-37,0.35305492168947405,0.294,0.12,1.7603779270416958e-32,4,BCLAF1
1.0461227018408147e-36,0.6189859898307268,0.256,0.099,1.9223550769026812e-32,4,FOSL2
2.7573122320751935e-36,0.5062475998769573,0.281,0.114,5.066836957661376e-32,4,CAPZB
4.105905668493285e-36,0.31847440203653665,0.555,0.306,7.545012256423261e-32,4,CSDE1
4.4398688538396e-36,0.2995109296455494,0.504,0.264,8.158703005815649e-32,4,OS9
5.198911137537467e-36,0.4377671540361371,0.334,0.149,9.553519106338849e-32,4,ITGAV
6.441981313968922e-36,0.7622033041416842,0.317,0.142,1.183778486254929e-31,4,ENAH
1.301830040943574e-35,0.37501259525757213,0.4,0.193,2.3922428832379117e-31,4,IDS
1.976879746353296e-35,0.2651479959476599,0.29,0.118,3.6327142218988167e-31,4,LGALS1
5.4613018931944745e-35,0.6200804288162758,0.251,0.099,1.0035688358934166e-30,4,PPFIBP1
1.2322196964842462e-34,0.39701436065144713,0.479,0.259,2.2643269142594508e-30,4,SERINC1
1.6890214420839153e-34,0.5885488045440701,0.323,0.146,3.1037458019734027e-30,4,CYB5R3
1.8193061370271666e-34,0.3355902603338964,0.371,0.178,3.343156957401122e-30,4,RBMS1
2.2040756207959284e-34,0.4352096177467456,0.295,0.124,4.050209360774598e-30,4,ROCK1
5.57941386238953e-34,0.2705322328081454,0.642,0.377,1.0252730913527e-29,4,ARL6IP5
6.76458740662525e-34,0.8586987698065338,0.305,0.138,1.243060581841456e-29,4,VAMP2
8.193594185596657e-34,1.1017444687978983,0.73,0.549,1.5056548675452415e-29,4,FOS
1.5884200895067428e-33,0.6056213588953199,0.34,0.158,2.9188807564775906e-29,4,FOXC2
3.001231118921229e-33,0.3228521141642686,0.33,0.149,5.51506230412965e-29,4,TRPS1
7.503647380147253e-33,0.8712390196957871,0.332,0.16,1.378870242575859e-28,4,MYLIP
9.833691823621624e-33,0.3599698772793287,0.812,0.533,1.8070392095087097e-28,4,PABPC1
1.2678825329899576e-32,0.5379422076479686,0.294,0.131,2.3298609426223463e-28,4,BCL6
2.499181596674177e-32,0.5616290517466604,0.338,0.161,4.592496102048467e-28,4,C16orf72
3.7271016597473164e-32,0.36021602579388023,0.375,0.185,6.848922009951669e-28,4,CAST
9.416300892154645e-32,0.33103872911796295,0.327,0.153,1.7303394519423375e-27,4,SKI
1.6256365273534457e-31,0.39598333541966757,0.423,0.22,2.9872696826646916e-27,4,NUFIP2
2.770776618731169e-31,0.6488128615023423,0.418,0.223,5.091579114580396e-27,4,IFITM2
4.67740665549043e-31,0.4750543053212964,0.256,0.108,8.595202470129213e-27,4,TMF1
4.779364242405797e-31,0.34779612030505824,0.332,0.156,8.782559731844893e-27,4,EMP2
8.447638889471197e-31,0.5392499690674875,0.277,0.121,1.552338122329227e-26,4,SENP6
1.3696985766514967e-30,0.2543746336187569,0.656,0.401,2.5169581044547904e-26,4,BCAT1
1.6245617601252426e-30,0.5857465518681266,0.41,0.218,2.985294690406146e-26,4,GADD45A
3.154887831576193e-30,0.35676644175293737,0.271,0.118,5.797421879304412e-26,4,PALLD
3.983047657541972e-30,0.3454097012198334,0.357,0.176,7.319248375499128e-26,4,ARID4B
6.746204056549885e-30,0.2880419423708076,0.43,0.224,1.239682457431607e-25,4,FAM46A
1.4937658337933957e-29,0.5391119751498017,0.281,0.128,2.744944096178744e-25,4,TOB2
1.586447866551603e-29,0.4457694920627526,0.555,0.329,2.915256599575226e-25,4,CEBPB
1.6512411386978714e-29,0.5414272446685,0.279,0.125,3.0343207164712084e-25,4,HLA-E
3.064350145238813e-29,0.48704338208487075,0.322,0.154,5.631049826890843e-25,4,JMJD1C
3.2155984884178226e-29,0.2868566511678001,0.327,0.157,5.908983782316591e-25,4,GOLIM4
7.375276155550987e-29,0.3111515318494068,0.292,0.135,1.3552807463440495e-24,4,AFF4
2.5438481886606073e-28,0.3263979464676261,0.564,0.326,4.674575431482732e-24,4,KLF6
2.6877253877332947e-28,0.6323909213958707,0.726,0.492,4.938964172498703e-24,4,IER3
3.2664902584580095e-28,0.7589810364913725,0.255,0.113,6.002502498942438e-24,4,ID1
4.425377863398991e-28,0.44858057885443003,0.268,0.12,8.132074361781987e-24,4,CHSY1
4.4512577802961165e-28,0.48989730937289666,0.282,0.129,8.179631297072144e-24,4,CHD1
5.030853395669861e-28,0.3261770259491197,0.262,0.116,9.244696199882937e-24,4,FKBP10
5.839973464866514e-28,0.5683187006387662,0.712,0.511,1.0731535239038706e-23,4,MT-ND6
6.066520540444495e-28,0.4473076308014683,0.479,0.267,1.1147838145120804e-23,4,NNMT
8.759667249591773e-28,0.32229740224275827,0.431,0.234,1.609676453784984e-23,4,SEPT2
1.8279008463757426e-27,0.5192684436701716,0.31,0.152,3.3589505953000644e-23,4,ZNF207
2.7241096518074052e-27,0.4271465274160136,0.283,0.131,5.005823896161288e-23,4,PPIG
5.062918246710985e-27,0.4752861903647262,0.273,0.127,9.303618570156106e-23,4,GGNBP2
6.956691118228607e-27,0.3984690657665405,0.336,0.17,1.2783615598856888e-22,4,YY1
7.690933127322597e-27,0.6120557149931706,0.326,0.165,1.4132858714768004e-22,4,LBH
1.5875339945801377e-26,0.392365492154946,0.27,0.125,2.917252468440461e-22,4,CACYBP
1.952418184039479e-26,0.4561728967348899,0.612,0.389,3.587763654990947e-22,4,SOD2
2.2487034029927996e-26,0.373110594882231,0.253,0.114,4.1322173733395687e-22,4,FRMD4B
2.2665840946017918e-26,0.3126450782687885,0.253,0.113,4.1650749322402524e-22,4,PCYOX1
2.52308073726881e-26,0.34716170420335546,0.326,0.162,4.636413162805165e-22,4,IRS2
6.245946818626884e-26,0.5564426270094994,0.273,0.13,1.1477551873908763e-21,4,PPP1CC
6.932361788552153e-26,0.46619752831610495,0.257,0.117,1.2738908022643436e-21,4,SLTM
7.930812079583197e-26,0.29571225438889237,0.371,0.195,1.4573660277442084e-21,4,CCDC88A
1.0616037648918275e-25,0.5428464150415703,0.373,0.203,1.9508030783652222e-21,4,SDCBP
1.1117041003032988e-25,0.5844251845655846,0.518,0.316,2.042867454717342e-21,4,KLF2
1.164066461679286e-25,0.2990977821023111,0.429,0.236,2.139088529981856e-21,4,RND3
1.7196057823937725e-25,0.30020011456737183,0.8,0.531,3.1599475857267962e-21,4,HNRNPA2B1
1.9366629326147102e-25,0.3306679603502758,0.332,0.171,3.558811804972791e-21,4,SF3B1
3.470066056717468e-25,0.6164937343710157,0.573,0.374,6.376593385824019e-21,4,JUNB
3.4897649440947673e-25,0.5871317162174459,0.274,0.133,6.4127920612685446e-21,4,TGFBR3
4.254119010109899e-25,0.31863344928292703,0.44,0.253,7.817369092977951e-21,4,HNRNPA3
9.436548282444697e-25,0.3093710095660005,0.281,0.134,1.7340601123820374e-20,4,ATRX
1.2916519453457567e-24,0.25897099662942413,0.275,0.132,2.3735396147673627e-20,4,CTNNA1
1.415157886920403e-24,0.49550217799337026,0.391,0.22,2.6004941330049324e-20,4,CLK1
1.4880817439142934e-24,0.5882212678447116,0.84,0.756,2.7344990126169056e-20,4,MT-ATP6
2.5521115982418382e-24,0.39371694268430035,0.374,0.203,4.689760272929202e-20,4,CCNL1
2.6104779427210043e-24,0.2709831489386916,0.401,0.226,4.7970142675441176e-20,4,TM9SF2
2.8745970613853353e-24,0.4079228680870183,0.316,0.161,5.282359560001692e-20,4,NASP
3.1540693105496415e-24,0.45924986202221496,0.278,0.134,5.795917765066021e-20,4,HSPB1
1.2454845984879034e-23,0.4103850919298635,0.377,0.21,2.288702498181371e-19,4,CNN3
1.443795868631548e-23,0.38950853430976906,0.308,0.157,2.6531192881973325e-19,4,CD81
2.179163788073733e-23,0.27638441658593693,0.274,0.134,4.004431376964292e-19,4,PRPF40A
2.541501175221887e-23,0.4640121786461844,0.486,0.289,4.67026255958774e-19,4,IGFBP7
5.674823518836719e-23,0.30891409404588943,0.44,0.253,1.0428055698214354e-18,4,NEAT1
1.7423255381551009e-22,0.461304599133127,0.312,0.166,3.2016974089138133e-18,4,PCBP2
1.7889564223743403e-22,0.3202170161392875,0.266,0.131,3.2873863217550877e-18,4,SPTY2D1
2.6302661620728686e-22,0.2539444762119538,0.348,0.191,4.833377099425103e-18,4,WWTR1
3.4075000779160146e-22,0.42437744502429575,0.3,0.156,6.261622143178468e-18,4,GPBP1
6.991126575518597e-22,0.31446611245895195,0.325,0.173,1.2846894195172975e-17,4,DDX24
8.395314514607223e-22,0.30389012733592996,0.281,0.142,1.5427229952042232e-17,4,UBE2R2
9.591997672241015e-22,0.28282841847816664,0.384,0.219,1.7626254922510087e-17,4,SERINC3
1.534692619896551e-21,0.425876428273412,0.873,0.682,2.8201511583219025e-17,4,EGR1
1.8998453246877532e-21,0.3018594496047454,0.327,0.178,3.491155768646215e-17,4,SERBP1
2.1157016206732613e-21,0.49496757147230186,0.384,0.224,3.887813298149185e-17,4,CTSK
2.2965047194554287e-21,0.30225385820659667,0.296,0.156,4.220057072471296e-17,4,RTN3
2.6052066148016733e-21,0.488170934143358,0.666,0.491,4.787327675359555e-17,4,MT-ND4L
3.969967059706069e-21,0.32058732863405726,0.271,0.139,7.295211468915874e-17,4,TMEM87A
6.7289169248509104e-21,0.31740219188375773,0.617,0.407,1.2365057741106034e-16,4,PNRC1
7.032386054574916e-21,0.25667710660879495,0.634,0.422,1.2922712613886866e-16,4,ZFAND5
7.53716089352077e-21,0.2610105233291877,0.271,0.14,1.3850286857933767e-16,4,NCKAP1
1.4258286094282025e-20,0.43941036653958643,0.309,0.167,2.6201026526852647e-16,4,NFE2L2
1.8602322465728015e-20,0.31346095497028004,0.252,0.127,3.41836277630218e-16,4,DNAJC3
5.108586722137205e-20,0.4875874239349436,0.478,0.303,9.387538960599327e-16,4,GADD45B
6.246070195208855e-20,0.30411935148132985,0.703,0.488,1.1477778590715792e-15,4,ID2
6.636056950555736e-20,0.26641815260086754,0.375,0.219,1.2194418252341221e-15,4,KDSR
9.835207388665118e-20,0.254337350015864,0.27,0.139,1.807317709741102e-15,4,NONO
1.6236653760163904e-19,0.27827161486119967,0.29,0.155,2.983647494967719e-15,4,SLC20A1
1.9984461844111027e-19,0.25458841752500644,0.258,0.134,3.672344708473842e-15,4,TMEM248
2.2827355926418614e-19,0.613365758817765,0.255,0.132,4.194754925038685e-15,4,PCF11
2.568437573436709e-19,0.40504329590279653,0.251,0.128,4.719760884947297e-15,4,ADAMTS1
2.573337727138458e-19,0.35730393889544376,0.417,0.258,4.728765407389631e-15,4,ATF3
8.371571020294185e-19,0.4325566961977266,0.295,0.164,1.5383598906892595e-14,4,EIF4B
2.553841003870276e-18,0.3252964079464271,0.445,0.282,4.692938228712019e-14,4,ID4
9.79538547658819e-18,0.32402760977907974,0.264,0.142,1.800000035177846e-13,4,MAGED2
1.0976662516958645e-17,0.4184693473226182,0.342,0.203,2.0170715041163206e-13,4,LUC7L3
5.226691086486175e-17,0.29153000630604586,0.288,0.163,9.604567540526994e-13,4,MEF2A
5.284792340725298e-17,0.3068255081047866,0.892,0.687,9.711334405316808e-13,4,PTMA
2.1748116318578945e-16,0.26375493020053,0.375,0.231,3.9964338547020666e-12,4,SLC25A37
2.592378481856141e-16,0.27673941438199623,0.297,0.169,4.763754698258845e-12,4,SMAD7
4.1856418209670283e-16,0.3266873189757211,0.944,0.782,7.69153541020901e-12,4,HSP90AB1
7.86696893239408e-16,0.33549266545587786,0.392,0.246,1.4456342110167361e-11,4,NDFIP1
1.4606077640593963e-15,0.39490863820623645,0.251,0.14,2.6840128272355466e-11,4,TCP1
4.5934717408830365e-15,0.2728535648544078,0.286,0.165,8.440963671046667e-11,4,TMEM50A
5.369295005739596e-15,0.47491399849507965,0.257,0.148,9.866616502547081e-11,4,CSRNP1
6.137389184112565e-15,0.2999843435637055,0.282,0.166,1.1278066364725249e-10,4,SLC25A36
1.5975905505176578e-14,0.25602404012574714,0.278,0.163,2.9357323956312483e-10,4,ATP5B
2.1572185154664237e-14,0.5541944866365005,0.347,0.22,3.9641047440211e-10,4,ADM
2.902295806905247e-14,0.2541890315980453,0.3,0.181,5.333258774769082e-10,4,DNAJB4
2.0858433334847647e-13,0.27507600887027905,0.621,0.45,3.832945709611603e-9,4,TOB1
2.8876767341277113e-13,0.39764828443658934,0.253,0.15,5.306394766633082e-9,4,PPP1R15B
4.857835164135049e-13,0.2653209208007882,0.331,0.211,8.926757897614565e-9,4,HSPA2
8.632491342773851e-13,0.408719086279417,0.766,0.665,1.5863066091481228e-8,4,MT-ND5
1.918317641120633e-12,0.3503737706971727,0.261,0.156,3.5251004973232754e-8,4,PGRMC1
1.127163809702161e-11,0.5077622635001928,0.81,0.747,2.071276216708691e-7,4,MT-CYB
1.8452778125357547e-11,0.35260781956176945,0.727,0.592,3.390882508315703e-7,4,HSPH1
3.4585279826062506e-11,0.2869871775316253,0.438,0.303,6.355391020837246e-7,4,HMOX1
1.6537818956275413e-9,0.35708258007577687,0.806,0.719,3.03898961140517e-5,4,MT-ND1
1.1779484204607682e-4,0.38398300559771403,0.894,0.86,1,4,CLU
3.2407068254065786e-250,3.470747905936532,0.603,0.096,5.955122862367129e-246,5,CHI3L1
9.54262185255127e-221,2.990774377143735,0.866,0.282,1.7535521916248215e-216,5,MMP3
6.185358713308277e-206,2.7510581327568553,0.907,0.379,1.136621517157529e-201,5,SOD2
5.592282454927737e-180,3.8129641298146617,0.388,0.051,1.027637823917521e-175,5,CXCL2
1.562157234732859e-157,2.2115205779512195,0.717,0.217,2.8706201345451014e-153,5,NFKBIZ
6.755231598566091e-157,4.700239568810634,0.262,0.025,1.2413413585525049e-152,5,CCL20
3.5918246350207713e-143,2.330147192663638,0.917,0.489,6.6003369493141694e-139,5,IER3
1.0686453640765552e-137,3.0510237145483248,0.626,0.19,1.9637427210270778e-133,5,CHI3L2
1.0611490482163178e-129,3.2464091356311866,0.452,0.1,1.9499674910023055e-125,5,CCDC71L
1.4005567128969867e-127,2.003207665793657,0.775,0.312,2.573663015619503e-123,5,NFKBIA
1.0943811192276084e-114,2.3210822552378914,0.504,0.129,2.0110347446926533e-110,5,LIF
3.047768813780147e-114,3.26887465417182,0.275,0.039,5.600579972202398e-110,5,BIRC3
3.4697585227963756e-112,2.358010832425785,0.405,0.086,6.3760282614906195e-108,5,ICAM1
1.7961740212031468e-98,2.486571569335126,0.349,0.073,3.3006493813629027e-94,5,PDE4B
4.516928939320261e-97,2.300774283188503,0.322,0.062,8.300308618894911e-93,5,PTGER2
9.865180318832501e-94,2.2771416032316525,0.597,0.22,1.8128255353886603e-89,5,BMP2
4.636231712905867e-91,2.832548921777263,0.333,0.072,8.519539395635822e-87,5,MYO10
1.233845081612575e-85,1.3625299135876574,0.909,0.614,2.267313721971268e-81,5,MT2A
3.778131919286888e-83,1.0490460789245848,0.994,0.855,6.942695214881586e-79,5,CLU
1.8492810932067786e-79,2.3053419787616036,0.382,0.103,3.3982389368767763e-75,5,GLRX
4.629535210130671e-78,1.5822753295217504,0.884,0.623,8.507233902136121e-74,5,SERPINE2
2.11543403229323e-74,1.6776776434579932,0.475,0.156,3.8873215777420395e-70,5,FOXC2
2.3735218171625917e-72,1.1689847879558009,0.455,0.145,4.3615836912179786e-68,5,SLPI
4.10875770526803e-68,1.105928339684227,0.849,0.507,7.550253159200532e-64,5,MT1X
8.693540905896733e-62,1.2860944631588356,0.742,0.407,1.5975250768675837e-57,5,PNRC1
5.54050937262166e-61,1.9424385196089868,0.368,0.117,1.0181240023129562e-56,5,GCH1
1.286168573241761e-60,1.464822705038277,0.585,0.264,2.36346337018906e-56,5,MAP3K8
4.83496032256416e-60,1.5918696942303963,0.457,0.169,8.8847230887439e-56,5,AMOTL2
1.4915254096346327e-59,1.0619314066501788,0.909,0.682,2.740827092744601e-55,5,MGP
6.876732028997724e-59,1.1583502021264023,0.829,0.511,1.2636682776486217e-54,5,SLC39A14
1.6342157137013303e-57,2.489626352189126,0.31,0.092,3.003034795497565e-53,5,CXCL8
6.883877161912014e-57,1.3069197457177912,0.512,0.208,1.2649812672729516e-52,5,GPX3
1.5456437253294566e-55,1.3310881379486306,0.762,0.442,2.8402749096654093e-51,5,ERRFI1
3.4029017730024925e-55,1.5033166293493843,0.558,0.256,6.25317229806938e-51,5,WTAP
6.455651990023983e-53,1.4636900475273116,0.455,0.181,1.1862906096868072e-48,5,NAMPT
3.520433302418854e-49,1.1212194934919322,0.665,0.35,6.469148236524886e-45,5,CDO1
5.82674898580317e-49,1.5572985930730996,0.521,0.231,1.0707233936311905e-44,5,C11orf96
2.3841684155688665e-47,1.5079892515637174,0.51,0.232,4.381147880449349e-43,5,GLUL
3.008048238549632e-47,1.209342297533965,0.508,0.228,5.527589443158803e-43,5,SLC25A37
6.2170505914344514e-43,1.0476910260376866,0.554,0.271,1.1424452166819948e-38,5,ELL2
7.509427030006892e-43,1.1208634424166806,0.634,0.334,1.3799323110340664e-38,5,ACKR3
2.3021465787444005e-42,1.3457831703880396,0.322,0.112,4.23042455310071e-38,5,ANK3
1.0053937924331648e-41,1.448143238731715,0.401,0.164,1.8475116329751837e-37,5,MT1G
2.225853770586214e-38,1.0457971723773123,0.483,0.228,4.090228888829227e-34,5,BIRC2
2.0611562864384497e-37,1.6498684618456614,0.275,0.094,3.787580791959295e-33,5,ZC3H12A
7.342053293140794e-36,1.004663446765206,0.626,0.349,1.3491757131475522e-31,5,C1S
4.557671738777283e-35,1.0947794036464693,0.384,0.161,8.375177587177136e-31,5,GALNT15
3.374449758032445e-33,1.1929466759225535,0.397,0.18,6.200888875360421e-29,5,ETS1
4.542791860843062e-33,1.0653330008594533,0.345,0.143,8.34783432348521e-29,5,NIFK
1.3323966872516063e-32,1.2421517235481074,0.275,0.099,2.4484121524935517e-28,5,SLC7A2
5.640075713495156e-32,1.1602506129611885,0.599,0.355,1.0364203131118698e-27,5,TNFRSF11B
2.053379388389518e-31,0.7397519201719378,0.686,0.419,3.773289964104578e-27,5,PNRC2
1.1721015986533104e-30,0.8050024002522296,0.653,0.387,2.1538538976853232e-26,5,TRIB1
2.5365782821776193e-29,0.8635048156985818,0.45,0.225,4.661216251329594e-25,5,SDC4
2.580589683492924e-29,0.8364671888190112,0.502,0.265,4.7420916023865975e-25,5,MAFF
3.093495820886108e-28,0.8407040087984221,0.37,0.168,5.684607920460312e-24,5,NFE2L2
3.8507579100498348e-28,0.9523950508358886,0.368,0.171,7.076152735507576e-24,5,RETREG1
3.366171983307896e-27,0.8054370936040856,0.465,0.246,6.18567763652659e-23,5,DDX21
1.881638495990396e-26,0.7374442370745262,0.446,0.228,3.4576989002319517e-22,5,IFITM2
2.4333873829928408e-26,0.7733439431034366,0.419,0.21,4.4715926549876445e-22,5,IFITM3
1.6301242299726366e-25,0.6224267172073095,0.579,0.335,2.9955162849977172e-21,5,CEBPB
3.439400588080266e-25,1.1406260089278246,0.254,0.101,6.320242520656297e-21,5,PLSCR1
3.458588661760218e-25,0.9336452224731175,0.262,0.105,6.355502524850576e-21,5,RPS4Y1
1.1180777095578898e-24,0.49100025719248186,0.442,0.231,2.0545795990835783e-20,5,CD44
1.2310756413815426e-24,0.7033662559433225,0.494,0.273,2.2622245986027226e-20,5,NNMT
2.2073521503659383e-24,0.9155956637183492,0.306,0.137,4.0562303115124484e-20,5,PIM3
2.8138329716246686e-24,1.043160962147462,0.521,0.318,5.170699468657491e-20,5,MT1E
2.3668083448007266e-23,0.8225598858510006,0.494,0.28,4.349247014405816e-19,5,TM4SF1
2.6446333637526925e-22,0.5986556306224773,0.436,0.232,4.859778269231948e-18,5,NDRG1
3.604504115870137e-22,0.9965983385067749,0.382,0.199,6.623636763322964e-18,5,PHLDA1
2.984857575136307e-21,0.7014825086214755,0.419,0.228,5.484974280070478e-17,5,PDPN
6.938392762381464e-21,0.800316464332218,0.382,0.206,1.274999054015218e-16,5,TGFBR2
9.889078796915207e-21,0.9594473715094053,0.318,0.157,1.8172171197211384e-16,5,ZNF207
3.291602316848388e-20,0.4168634330094658,0.686,0.455,6.048648417440598e-16,5,CD55
3.292632317258042e-20,0.8211024653551577,0.636,0.443,6.050541146193378e-16,5,SAT1
1.8627805670202873e-19,0.5216307936741669,0.589,0.382,3.42304556995648e-15,5,CAV1
2.403511870352686e-19,0.47740533625690595,0.866,0.772,4.416693412960096e-15,5,MT-CO2
3.1392583812678176e-19,0.5224982893078947,0.839,0.725,5.7687012014177414e-15,5,MT-ND3
3.488763945062326e-19,1.1013749707745786,0.283,0.136,6.41095262544653e-15,5,DUSP6
3.096992220649036e-18,0.5808535193307802,0.399,0.221,5.691032904664669e-14,5,CHMP4B
3.710181673779017e-18,0.7133882914363476,0.5,0.304,6.817829843736323e-14,5,HMOX1
3.760062479786343e-18,0.6034534165014609,0.465,0.279,6.909490812855384e-14,5,YBX3
3.865023229443085e-18,0.25671363348146947,0.417,0.226,7.102366686424613e-14,5,CRTAC1
1.0810783588027419e-17,0.6094932955150036,0.426,0.243,1.9865895921359185e-13,5,RND3
1.41591319956454e-17,0.7716581874575636,0.293,0.147,2.6018820955197985e-13,5,SAV1
4.2604679912768957e-17,0.7863810246807101,0.279,0.14,7.829035980770423e-13,5,FAM107B
5.497516270787552e-17,0.7730592005820633,0.409,0.241,1.0102235899199205e-12,5,IRF2BP2
9.116102089289715e-17,0.48548789767282763,0.574,0.368,1.675174919927878e-12,5,RSL24D1
1.036999836126399e-16,0.4157058634465862,0.822,0.665,1.9055908988658706e-12,5,MT-ND5
1.357545133303557e-16,0.8298689784052229,0.326,0.176,2.494624936958616e-12,5,EIF1B
1.8281084018963156e-16,0.4609135245804543,0.864,0.79,3.3593319993246696e-12,5,MT-CO1
2.1340266197433353e-16,0.7420168112561271,0.283,0.144,3.921487316440353e-12,5,SPRY2
2.5647976867927223e-16,0.3057327640029568,0.574,0.371,4.713072229250306e-12,5,CLIC4
2.988859879836382e-16,0.8356597212789045,0.322,0.172,5.492328915187335e-12,5,SERPING1
4.4138503978882875e-16,0.9271837239968557,0.343,0.195,8.110891491159518e-12,5,PLK2
6.450538477262722e-16,0.5354683780166867,0.636,0.436,1.1853509505817978e-11,5,PMP22
9.415598062298715e-16,0.46748333894526084,0.603,0.408,1.730210299928012e-11,5,HNRNPDL
1.0540888691566493e-15,0.40898274030513604,0.395,0.223,1.9369937059622586e-11,5,PLAUR
1.1958579930520238e-15,0.6987181781625904,0.343,0.19,2.197508648032399e-11,5,SERTAD2
2.0357624363597305e-15,0.6200254870799186,0.362,0.207,3.740917053054641e-11,5,CLDND1
2.2129825777739286e-15,0.7523923307537107,0.335,0.189,4.0665767849173716e-11,5,RSL1D1
2.485955028297957e-15,0.4150932077408047,0.624,0.423,4.568190960000325e-11,5,BTG2
2.495516088529519e-15,0.47956231902865554,0.62,0.43,4.585760364281844e-11,5,ZFAND5
3.099228094174934e-15,0.3115559122806033,0.975,0.8,5.695141545855859e-11,5,CTGF
4.30071523234317e-14,0.4136622733329465,0.428,0.264,7.90299431095381e-10,5,S100A11
5.2200348387747565e-14,0.4315552525163948,0.502,0.325,9.592336019732492e-10,5,VAPA
8.216296310996562e-14,0.5256541831356905,0.304,0.165,1.5098266101087283e-9,5,RSRP1
1.3450292821185549e-13,0.5348948005779359,0.355,0.21,2.4716258088210565e-9,5,SDCBP
1.6505279757449514e-13,0.515802455834756,0.457,0.291,3.0330102082289227e-9,5,PIM1
1.8277320166368853e-13,0.4322121297536723,0.349,0.205,3.3586403537719403e-9,5,ARF6
2.2843110385324695e-13,0.6393198299642227,0.281,0.153,4.197649964407266e-9,5,CHORDC1
2.4940605567314385e-13,0.46195060517475595,0.618,0.439,4.583085679049691e-9,5,HNRNPC
3.0205993347592474e-13,0.6640576991427417,0.269,0.145,5.550653337553593e-9,5,SRSF1
3.0756098419562234e-13,0.2670138539995843,0.589,0.378,5.651740645578756e-9,5,FHL2
3.4333509897332354e-13,0.5374313432229219,0.521,0.348,6.309125778733794e-9,5,RYBP
4.403012213268938e-13,0.5534339280938663,0.388,0.239,8.090975243103e-9,5,ETF1
4.4980611022878353e-13,0.3914545434001617,0.667,0.486,8.265637081564126e-9,5,HSPD1
5.497319802890939e-13,0.34743098310142306,0.674,0.488,1.010187486979239e-8,5,RPS16
7.943653045600741e-13,0.5579256743996726,0.254,0.138,1.4597256836595922e-8,5,CCT5
1.013761086792418e-12,0.2532896441928274,0.492,0.319,1.8628873730897474e-8,5,PTGES3
1.244974947833044e-12,0.7253632505915659,0.55,0.379,2.2877659641380017e-8,5,ZFP36
1.2646426727822249e-12,0.5672333051754952,0.411,0.262,2.3239073755046162e-8,5,MTHFD2
1.3169905915318818e-12,0.3366393452395986,0.773,0.564,2.420101910998986e-8,5,BTG1
1.4638121158242228e-12,0.3942637516791003,0.839,0.64,2.6899011440385917e-8,5,DDX5
1.7938490357932801e-12,0.5242123941969334,0.403,0.255,3.2963769881737316e-8,5,HMGB2
2.270631464223884e-12,0.6594667145201185,0.295,0.169,4.1725123786578096e-8,5,SLC25A36
2.346524209878176e-12,0.317643968988488,0.597,0.415,4.311972888072136e-8,5,RPL14
2.5079927518203645e-12,0.5495373329079795,0.289,0.164,4.608687480745102e-8,5,PRPF38B
2.6183174242059654e-12,0.3502632388207192,0.506,0.33,4.811420098720882e-8,5,KLHL21
3.3857294471738664e-12,0.39908991650011805,0.657,0.474,6.221616432126696e-8,5,SERPINA1
4.331627008651565e-12,0.6244437808614127,0.653,0.489,7.959797791098116e-8,5,TSC22D1
6.366838686052025e-12,0.3373859996241757,0.669,0.498,1.1699702769489202e-7,5,MT-ND4L
7.401280346035566e-12,0.4609393150112757,0.477,0.324,1.3600592763874956e-7,5,HNRNPH1
8.270169693889725e-12,0.3704410106486462,0.368,0.224,1.519726382949176e-7,5,ZNF90
1.355121407366698e-11,0.3832166043850256,0.413,0.264,2.490171098177044e-7,5,G3BP1
1.8792451568216135e-11,0.31762383266233885,0.653,0.476,3.453300900175397e-7,5,SFPQ
1.9592876447160526e-11,0.39427509092342405,0.428,0.279,3.600386975930218e-7,5,SRSF11
2.696789099848165e-11,0.3465158953600772,0.287,0.167,4.955619649880988e-7,5,CDV3
3.284067528338417e-11,0.3415879835364626,0.382,0.234,6.034802490074675e-7,5,PLA2G2A
4.1851518914611206e-11,0.5304737802843034,0.295,0.172,7.690635115748955e-7,5,LBH
4.634833511877061e-11,0.34868552714281886,0.461,0.308,8.516970061425287e-7,5,MBNL1
6.142433082329636e-11,0.29525659433120843,0.802,0.632,1.128733503208894e-6,5,NAP1L1
6.665398248463121e-11,0.4897444373323796,0.426,0.284,1.224833582137583e-6,5,FGF2
6.748838743550576e-11,0.5095259568835026,0.273,0.153,1.2401666075148538e-6,5,SLC7A5
8.813681304553088e-11,0.3961224975010815,0.384,0.247,1.6196020765246755e-6,5,SF1
1.0788296233381663e-10,0.3507178324380975,0.839,0.755,1.9824573158462142e-6,5,MT-CO3
1.4765582436695335e-10,0.26633408099937883,0.421,0.275,2.713323428567135e-6,5,CTSL
1.5551874081536694e-10,0.4869242619901111,0.374,0.248,2.857812381223183e-6,5,METAP2
1.7016522989498794e-10,0.4922404674960106,0.293,0.173,3.1269562645502983e-6,5,PPP1R15A
2.789515878699084e-10,0.2501808995550354,0.331,0.201,5.126014378697437e-6,5,PEA15
2.794832772576066e-10,0.3035010668430749,0.576,0.425,5.1357847028857786e-6,5,RPS3
3.018723004768151e-10,0.37271795422184056,0.31,0.189,5.547205393561954e-6,5,TOR1AIP1
3.133085264768124e-10,0.4444136564416168,0.258,0.147,5.757357482537905e-6,5,DNTTIP2
3.3179469338362335e-10,0.3951655217235692,0.333,0.209,6.0970592856174625e-6,5,LUC7L3
4.5032226802867747e-10,0.32059267030824157,0.477,0.322,8.275121997294977e-6,5,AMD1
4.826326255116898e-10,0.2704904697087107,0.494,0.336,8.868857126402813e-6,5,RPL36AL
5.253624918119538e-10,0.4811546862072884,0.372,0.239,9.654061149536463e-6,5,SLC25A5
5.715839650095045e-10,0.2542527573433726,0.798,0.63,1.0503426941014654e-5,5,RPL10A
5.962283249189249e-10,0.3221604654446182,0.498,0.343,1.0956291698710164e-5,5,PPP3CA
6.860777276568985e-10,0.4341481727897428,0.264,0.154,1.2607364323423167e-5,5,PNP
7.646187122394364e-10,0.3738256712032224,0.483,0.34,1.4050633456111885e-5,5,KLF6
7.914492282854178e-10,0.4409271867671145,0.405,0.277,1.4543671018972838e-5,5,PRDX6
8.968259080400131e-10,0.731345794610247,0.324,0.21,1.648007288614328e-5,5,RHOBTB3
9.467795701562464e-10,0.5348481342904579,0.308,0.19,1.7398021381191185e-5,5,HSPE1
1.0293835869426469e-9,0.36529630901249055,0.68,0.521,1.891595279365808e-5,5,MT-ND6
1.1017553124477868e-9,0.30613956970361667,0.463,0.311,2.024585562154053e-5,5,GPRC5A
1.118483057401744e-9,0.31572634424114443,0.289,0.174,2.0553244662814447e-5,5,SMAD7
1.1765125835265096e-9,0.28121957376231554,0.647,0.484,2.161959523488314e-5,5,RPL13
1.4085854830828315e-9,0.37688424318966735,0.287,0.173,2.588416683713011e-5,5,ARL8B
1.661384705304458e-9,0.2764597644616624,0.562,0.399,3.052960534467472e-5,5,UAP1
1.8162315894762018e-9,0.6148025528644451,0.279,0.171,3.337507168821468e-5,5,VMP1
1.8619319027950991e-9,0.25365288287505194,0.574,0.409,3.421486064576274e-5,5,XBP1
2.1906609704405406e-9,0.2563776437815726,0.421,0.279,4.0255585992815375e-5,5,RBM3
2.235153447351053e-9,0.30184997913553135,0.477,0.34,4.107317974852295e-5,5,EEF1D
2.2518308188018194e-9,0.32734338936220475,0.273,0.163,4.137964312630223e-5,5,DHX15
2.261465835246922e-9,0.3748944589449379,0.256,0.151,4.1556696188497435e-5,5,APOD
2.5545456296657485e-9,0.3103830952301192,0.533,0.393,4.6942330490737796e-5,5,UBE2D3
3.064575137113231e-9,0.26617102661244446,0.26,0.155,5.631463271959273e-5,5,UBE2N
3.606223901177801e-9,0.4004096232795388,0.298,0.184,6.626797040804328e-5,5,RPS27
3.612348840103002e-9,0.2738599400171662,0.816,0.662,6.638052228573277e-5,5,DNAJA1
4.566613156232777e-9,0.40172159358977066,0.438,0.31,8.391608335893351e-5,5,CYBRD1
5.6025485231670614e-9,0.3046765186028997,0.397,0.272,1.0295243166171793e-4,5,LMO4
5.8101189801417306e-9,0.4942884907068764,0.285,0.176,1.0676674637908445e-4,5,SNHG8
5.9815459374156045e-9,0.5866892599253347,0.289,0.181,1.0991688814594914e-4,5,NFATC1
6.608038168556536e-9,0.3741710468612831,0.331,0.215,1.214293093853949e-4,5,IPO7
8.098024471140048e-9,0.43743218751300716,0.295,0.188,1.488092976816695e-4,5,ZC3H15
8.482237417090935e-9,0.28900158604973414,0.51,0.374,1.5586959477646302e-4,5,CNBP
9.493797382091965e-9,0.42569288981937026,0.31,0.2,1.7445802069332195e-4,5,TOP1
1.3000854485828725e-8,0.26695445340046264,0.744,0.581,2.3890370203158865e-4,5,MCL1
1.4031727052828947e-8,0.5948040139588966,0.624,0.501,2.578470163227847e-4,5,ID2
2.249101758080077e-8,0.6213960616209906,0.335,0.225,4.132949390647949e-4,5,ADM
2.267212929546942e-8,0.4521317334123268,0.273,0.174,4.1662304793354605e-4,5,BLOC1S6
2.395623498396694e-8,0.27692734783328277,0.405,0.283,4.4021977406537646e-4,5,PABPC4
2.464555781612496e-8,0.44780609431966933,0.331,0.217,4.528867704291122e-4,5,CP
2.6002150960912988e-8,0.25383119382265873,0.349,0.231,4.7781552605773706e-4,5,PDLIM5
3.075865933193476e-8,0.3110444003248818,0.343,0.229,5.652211238836331e-4,5,GNL3
4.277115544721828e-8,0.34689699051637213,0.521,0.385,7.859627524980831e-4,5,EEF1B2
4.496577767926565e-8,0.2712627120826063,0.295,0.187,8.262911306341856e-4,5,PNISR
5.954208836152888e-8,0.3053761045425716,0.473,0.334,0.0010941454157314548,5,MIR22HG
6.519033031744628e-8,0.25793930167527024,0.295,0.19,0.0011979375099133928,5,RBMS1
7.435729245147208e-8,0.3249271154124639,0.302,0.197,0.001366389606088251,5,HNRNPF
2.2811053956877462e-7,0.2643275593735641,0.337,0.227,0.004191759275115802,5,IL6ST
6.341459550904025e-7,0.29061788205012484,0.378,0.268,0.011653066070741236,5,HIF1A
2.408794148793631e-6,0.2884406571236231,0.523,0.393,0.04426400127823176,5,WSB1
2.6926606489313555e-6,0.2731813700061281,0.273,0.182,0.04948033208476259,5,ARID5B
2.8246519045205685e-6,0.31023567152439524,0.271,0.182,0.05190580339746997,5,DDX24
3.108306144240684e-6,0.3389497695781756,0.318,0.223,0.057118233706566816,5,DAZAP2
3.479912114233417e-6,0.2947931865494088,0.293,0.199,0.06394686501115326,5,RHEB
3.7947036280850733e-6,0.4142215324920766,0.504,0.385,0.06973147386969131,5,JUNB
4.795387638670442e-6,0.30111363617725817,0.277,0.189,0.08812004324820805,5,CLINT1
8.618297612090101e-6,0.4010412942767352,0.289,0.202,0.1583698369197677,5,CCDC59
1.3911888379445922e-5,0.2861442985119892,0.258,0.177,0.25564486086069826,5,UBXN4
2.334190254053713e-5,0.3194600041749136,0.3,0.213,0.42893080108491033,5,FGFR1OP2
2.8188574598194144e-5,0.3361040143273383,0.277,0.194,0.5179932468164156,5,MYC
3.581807111812232e-5,0.2743562254387327,0.293,0.209,0.6581928748666157,5,QKI
4.005113466661441e-5,0.4298007777569678,0.287,0.205,0.7359796506337064,5,MRPS6
5.2988405644042236e-5,0.3330549909667372,0.262,0.187,0.9737149421149202,5,TRIR
6.965778499682358e-5,0.3407311561907742,0.25,0.177,1,5,SPAG9
3.147532753330912e-4,0.30511123611354585,0.267,0.195,1,5,ZC3H6
7.002015727828101e-4,0.2872733786211108,0.343,0.266,1,5,NEAT1
0,7.340974228582562,0.39,0.004,0,6,MNDA
3.3404332698795826e-272,7.011716690519963,0.457,0.012,6.138380176730721e-268,6,ALOX5AP
2.195679057438255e-264,7.225842628164848,0.429,0.01,4.034779835948537e-260,6,PLEK
1.1749284543616414e-263,6.779940684699829,0.371,0.007,2.1590485277349521e-259,6,SAMSN1
1.0316073865167576e-225,6.639937797252069,0.257,0.003,1.8956817334631936e-221,6,CLEC4E
1.1096888733912581e-216,6.562945179521483,0.476,0.017,2.039164273743776e-212,6,LCP1
3.3717679108485367e-216,6.581340073360097,0.276,0.004,6.195960712975271e-212,6,CSF3R
4.877132847960478e-213,6.462744973278592,0.333,0.007,8.962219321412175e-209,6,AQP9
1.6598598935267374e-186,5.983943215796412,0.352,0.01,3.050158540344733e-182,6,CTSS
5.119328305528707e-185,7.212136635289138,0.81,0.074,9.407277694239551e-181,6,S100A8
7.582788729664439e-181,5.939452965442224,0.257,0.005,1.3934132569631372e-176,6,VNN2
2.4301485801913513e-160,5.909082554596198,0.286,0.008,4.4656410309596273e-156,6,HCLS1
3.160054417164024e-158,5.538720579570375,0.267,0.007,5.8069159969806103e-154,6,PTPRC
5.753577660287387e-153,5.990976659008414,0.267,0.007,1.0572774308544101e-148,6,FGR
7.658657684320436e-147,7.751892639292184,0.533,0.036,1.4073549360707233e-142,6,LYZ
7.382950069082312e-140,6.8273741619269686,0.4,0.02,1.3566909046945655e-135,6,IL1B
3.991581959225808e-138,4.842904741724755,0.295,0.01,7.3349310082733455e-134,6,RAC2
2.592784702175299e-135,5.89481472998635,0.295,0.01,4.76450116871733e-131,6,CXCR4
4.458917432982188e-128,5.4965097244555725,0.276,0.01,8.19370667484807e-124,6,AC245128.3
1.0038429171526104e-127,5.9498689335592685,0.257,0.008,1.844661744559637e-123,6,SELL
2.21187496932341e-110,5.339081550600179,0.419,0.029,4.0645414436286983e-106,6,C5AR1
5.910397119305396e-96,3.767355310381583,0.276,0.014,1.0860945746435595e-91,6,CXCL1
1.7347900113392052e-93,4.837457689815489,0.41,0.033,3.1878501248369235e-89,6,BCL2A1
2.4249615368825957e-84,5.413375955816965,0.362,0.028,4.456109320175458e-80,6,GCA
6.808219561579712e-79,4.744952953730266,0.467,0.052,1.2510784266358878e-74,6,G0S2
3.3285029750992594e-73,5.070789640515166,0.6,0.098,6.116457067042399e-69,6,CXCL8
8.41564942524374e-71,5.078243607158028,0.695,0.15,1.5464597383827896e-66,6,SRGN
9.709864099327536e-66,6.644238078407417,0.267,0.02,1.784284626892428e-61,6,LTF
2.4513659744422656e-56,3.1113466993732417,0.343,0.037,4.504630114635107e-52,6,TNFAIP3
8.637304075295156e-55,3.344770471204649,0.467,0.072,1.5871909968762379e-50,6,BASP1
2.7998184066986557e-50,3.714035402076306,0.276,0.027,5.14494630414945e-46,6,SMAP2
5.730926244828088e-44,3.7213961800905007,0.314,0.04,1.0531150067496093e-39,6,ARHGDIB
5.974954630964221e-31,2.737932062857072,0.41,0.09,1.0979576629859854e-26,6,MXD1
4.9836277912578234e-23,2.6907031189291004,0.257,0.047,9.157914429215377e-19,6,PTPRE
4.457058692095875e-22,3.1558103725667843,0.286,0.059,8.190291052595381e-18,6,FYB1
9.311973630684666e-22,3.0388976559674497,0.495,0.193,1.7111682743746142e-17,6,NAMPT
3.1601660986053875e-21,2.5326806520278975,0.438,0.136,5.80712122279726e-17,6,HLA-E
2.453997958012742e-19,3.536689965426113,0.314,0.084,4.5094666476442145e-15,6,PPIF
1.1850987801083207e-18,2.1702412952169388,0.267,0.059,2.17773751832705e-14,6,MARCKS
2.5322021030014884e-15,2.4689736881217748,0.305,0.088,4.653174584475535e-11,6,RNF149
5.0987358652116444e-14,2.2962263334167776,0.486,0.237,9.369437025912918e-10,6,IFITM2
3.497665731219974e-11,2.3495830078658715,0.333,0.13,6.427310547689825e-7,6,SERPINB1
4.5823050602061625e-11,1.6156329841950072,0.257,0.081,8.420443778634844e-7,6,VASP
4.5560566366379696e-10,1.6798490301488893,0.276,0.098,8.372209675485933e-6,6,CDC42EP3
4.714885799662159e-9,0.8252379948474595,0.667,0.417,8.664074145459184e-5,6,TMSB4X
5.248655438201055e-9,1.0372097413131227,0.8,0.654,9.644929233238258e-5,6,MALAT1
1.6995957337253412e-8,1.688488623271349,0.543,0.372,3.1231771202936873e-4,6,LITAF
1.8238817218614158e-8,1.5488133793538008,0.61,0.453,3.3515650520925375e-4,6,SAT1
3.4611432782627795e-8,1.537588236110948,0.305,0.127,6.360196888135684e-4,6,ATP2B1
4.042862286234941e-8,1.0019627149327217,0.762,0.739,7.429163737185327e-4,6,B2M
4.922312175848242e-8,1.623590559957314,0.4,0.216,9.04524085433873e-4,6,SDCBP
3.2524791088527846e-7,1.6959927574491964,0.448,0.261,0.005976755610427877,6,HMGB2
5.06018801161006e-7,1.3028738332635594,0.419,0.23,0.009298601490134645,6,PLAUR
8.616999600553884e-7,1.1961469829063187,0.352,0.174,0.015834598465977817,6,IRS2
9.405990760722463e-7,1.6475996262301071,0.352,0.176,0.0172844486219036,6,CYSTM1
9.519688622072266e-7,0.5492467290303393,0.886,0.832,0.017493379811919996,6,ACTB
1.089506963610998e-6,1.0621248339484481,0.314,0.146,0.020020779963315697,6,AC026785.2
1.5934664931232452e-6,1.0273998393854686,0.629,0.517,0.029281540277632752,6,HLA-C
3.944631744900355e-6,0.47956296997910597,0.467,0.249,0.07248655294428892,6,TNFAIP6
4.679227814115875e-6,1.192963415383966,0.438,0.268,0.08598549031219332,6,NEAT1
6.273272502830098e-6,0.9255264949190598,0.438,0.254,0.11527765551200589,6,ACTR2
9.81768326471992e-6,1.067588162767154,0.295,0.144,0.18040974767249324,6,SYAP1
1.0505783524525805e-5,0.6492469275166259,0.581,0.407,0.1930542780466862,6,SOD2
2.053221071149088e-5,1.0986349660394343,0.305,0.156,0.3772999040343564,6,NR4A3
2.340523716740916e-5,1.5222490696244266,0.305,0.167,0.43009463818831073,6,TXNIP
2.77772665765205e-5,1.333557022860081,0.314,0.167,0.5104350506101407,6,RTN3
3.39733832938239e-5,0.9184791498797047,0.629,0.513,0.624294891407308,6,HLA-A
3.6432644154738304e-5,1.1618577300168118,0.514,0.332,0.6694862689874711,6,KLF2
7.355750147338762e-5,1.0026136258183687,0.419,0.264,1,6,YPEL5
2.3537689811206622e-4,0.7036408736254756,0.457,0.308,1,6,RGS2
2.4910553454014084e-4,1.2627809164463413,0.333,0.201,1,6,TAX1BP1
2.9408664452560784e-4,0.9134408937010057,0.562,0.445,1,6,FTL
3.1695970659671133e-4,1.0245363628579471,0.552,0.498,1,6,HLA-B
5.391569293120656e-4,0.7593558069179726,0.257,0.142,1,6,CHD1
7.833365676102649e-4,0.9571812719441015,0.324,0.21,1,6,KPNB1
8.963406570686226e-4,1.5508783350142572,0.267,0.158,1,6,PPP1R15B
9.424314515613764e-4,1.1762835079859206,0.41,0.269,1,6,JUN
0.00100782732429463,0.5917421528270133,0.505,0.346,1,6,KLF6
0.0010897523091848976,1.1245525893079893,0.276,0.168,1,6,GPBP1
0.0012321821954073596,0.6540997072749102,0.419,0.28,1,6,SKIL
0.0014435600624038,0.6186106360726995,0.419,0.305,1,6,IVNS1ABP
0.0014620514968248744,0.9416621037173178,0.305,0.191,1,6,CKAP4
0.005161754144249927,0.6359608253676599,0.514,0.425,1,6,PNRC1
0.006904368306588893,0.616723701305367,0.514,0.428,1,6,PRG4
0.006991705556302166,0.9130567222798234,0.286,0.189,1,6,ARPC3
0.008809314846194488,0.8515731947821247,0.276,0.179,1,6,MYL12A
0.009428503177049697,0.7998073146221931,0.371,0.272,1,6,S100A11
0,9.322750859002511,0.697,0.008,0,7,IBSP
7.687854526283552e-202,7.2743864171650845,0.576,0.019,1.4127201477498656e-197,7,COL10A1
1.6870827989692847e-89,5.200526539397599,0.682,0.068,3.1001833513859575e-85,7,CYTL1
1.9723115435774954e-33,2.9831043540577524,0.742,0.215,3.6243196924780054e-29,7,CHAD
1.236662580354514e-30,3.750618390407414,0.742,0.25,2.2724911576594547e-26,7,RBP4
1.42244951922917e-30,2.9690870071170776,0.924,0.371,2.613893236535523e-26,7,CLEC3A
2.332740724709203e-25,2.7691665595286574,0.697,0.236,4.2866443557256314e-21,7,PDPN
2.899378733044573e-24,2.761662306173485,0.955,0.611,5.3278983598427074e-20,7,C2orf40
3.003643033954183e-18,1.318897630170225,0.333,0.065,5.5194944391942066e-14,7,SPP1
5.9659016195703984e-18,1.3894400242217237,0.955,0.72,1.0962940816122564e-13,7,FGFBP2
2.159845789042586e-16,4.358143511909973,0.47,0.154,3.968932621944656e-12,7,APOD
1.0572251181646914e-15,2.0793121280256206,0.773,0.386,1.942756877139437e-11,7,ZFP36
6.124337988401131e-12,2.0641442904487306,0.364,0.104,1.1254083487485918e-7,7,CFH
2.8003261290375097e-11,0.9363722348549315,0.97,0.681,5.145879294719327e-7,7,SCRG1
6.382778502029245e-11,1.6756075957229575,0.742,0.437,1.1728993775328943e-6,7,HAPLN1
9.962914947335129e-11,1.4557990718350347,0.909,0.694,1.8307852507223033e-6,7,MGP
1.6349601476007521e-10,1.8865050406381552,0.712,0.415,3.004402767231142e-6,7,COL11A1
1.035667406424684e-9,1.5671886777964605,0.803,0.564,1.9031424260459993e-5,7,FOS
4.525114396619533e-9,2.4260672615999397,0.773,0.499,8.315350215228054e-5,7,COL2A1
6.653952864495243e-9,1.1201847361561743,0.818,0.524,1.2227303783796459e-4,7,MT1X
1.1758894872395508e-8,0.7562537319161793,0.955,0.793,2.1608145217513985e-4,7,MT-CO1
1.2480460314848072e-8,0.7995550860536591,0.879,0.731,2.2934093874564816e-4,7,MT-ND3
3.540733900320338e-8,1.0267185987508416,0.864,0.673,6.506452615228653e-4,7,MT-ND5
6.221287369252387e-8,1.928912323122069,0.439,0.201,0.0011432237669738187,7,SLC14A1
1.2633903266459432e-7,0.7708647952150312,0.939,0.8,0.0023216060642445853,7,MT-ND4
3.854365270609824e-7,1.0774275372717703,0.712,0.482,0.007082781621272612,7,SERPINA1
4.3518391959670696e-7,1.5284706590540176,0.5,0.269,0.007996939706509087,7,JUN
1.142820681153101e-6,0.6305195663499408,0.924,0.758,0.021000472836869385,7,MT-CO3
1.398504007977506e-6,1.705655186592324,0.455,0.25,0.02569890965059465,7,OMD
2.4305309162624716e-6,1.4160641575235347,0.439,0.224,0.04466343611723918,7,GPX3
8.07970778272575e-6,0.6647010809155951,0.894,0.763,0.14847271021536837,7,MT-ATP6
8.703601142820663e-6,1.3013593959478733,0.561,0.357,0.1599373746004725,7,S100B
8.836882292688245e-6,0.5529233390028221,0.985,0.923,0.16238654901043917,7,DCN
1.4798118169620857e-5,0.6712809982378465,0.894,0.751,0.2719302194849529,7,MT-CYB
1.9500987822645967e-5,0.8461919143221865,0.712,0.506,0.3583501522289423,7,MT-ND4L
1.956848946678493e-5,1.0038531301103886,0.545,0.317,0.3595905624416399,7,GADD45B
2.011918107479248e-5,1.552917660808194,0.273,0.111,0.36971007143038664,7,SOD3
2.5964762771133837e-5,1.9716628363390079,0.258,0.107,0.47712848068235536,7,CDKN1C
8.196000355910311e-5,0.49837228191247185,0.909,0.776,1,7,MT-CO2
8.68014958241185e-5,0.48642818596454873,0.939,0.809,1,7,CTGF
1.0454179776419871e-4,0.5057838230668681,0.833,0.629,1,7,MT2A
1.1328562863110734e-4,1.1798415822848174,0.591,0.391,1,7,JUNB
2.60791275731052e-4,0.988562203355118,0.561,0.377,1,7,ITM2A
2.8312419695627854e-4,1.132978308511288,0.258,0.116,1,7,PIK3R1
3.0210657315502215e-4,0.7133139282318304,0.697,0.528,1,7,MT-ND6
4.328924328157125e-4,0.521090525256954,0.318,0.162,1,7,SLPI
5.383258246452771e-4,1.6067752393440746,0.303,0.158,1,7,S100A1
6.971947876007645e-4,1.6851234506821227,0.848,0.87,1,7,SPARC
0.001119477581983339,0.8854053347476625,0.576,0.437,1,7,ACAN
0.0011897892345807673,1.4312263342623643,0.424,0.277,1,7,GSN
0.0014228237623438028,0.39568254481749765,0.621,0.402,1,7,CNMD
0.0018928579685527109,0.5324205060115497,0.621,0.474,1,7,MT-ATP8
0.0019191469465321554,0.8039494902359605,0.318,0.177,1,7,S100A13
0.002615084078450029,0.4667268385767427,0.606,0.417,1,7,F13A1
0.003399906583561159,0.9251341102445731,0.47,0.338,1,7,CD9
0.004131366056373715,1.3850813562803699,0.318,0.194,1,7,SPINT2
0.006233818432632292,1.7551573496633441,0.273,0.166,1,7,SOCS3
0.006967671855991636,1.0245381168926355,0.379,0.264,1,7,ITM2C
0,13.195109200194082,0.941,0.001,0,8,PECAM1
0,8.055517843961319,0.922,0.009,0,8,SPARCL1
0,16.23464678898727,0.627,0,0,8,EMCN
0,11.235803987697158,0.569,0,0,8,SHANK3
0,9.811098206382104,0.569,0.001,0,8,RNASE1
0,9.313717807509217,0.51,0.001,0,8,ADGRF5
0,9.777659697956818,0.51,0.001,0,8,CALCRL
0,9.770041625137516,0.51,0.001,0,8,CD34
0,8.835224633202396,0.49,0.003,0,8,CD93
0,8.985906822203322,0.471,0.001,0,8,PODXL
0,8.35381751227558,0.431,0.002,0,8,PTPRB
0,15.1994952498966,0.392,0,0,8,CLEC14A
0,9.793784292065379,0.373,0,0,8,CDH5
0,9.30789250096207,0.373,0.001,0,8,GIMAP7
0,15.124011602212478,0.353,0,0,8,ADGRL4
0,10.715092699368851,0.353,0,0,8,LDB2
0,9.982826763607132,0.333,0.001,0,8,ESAM
0,9.455536190931626,0.314,0.001,0,8,FAM107A
0,9.155319825592745,0.294,0.001,0,8,TSPAN7
0,9.05295220885517,0.275,0,0,8,ADCY4
0,11.1563924267777,0.275,0,0,8,DNASE1L3
0,14.28577322707209,0.275,0,0,8,KDR
0,14.676291805520986,0.275,0,0,8,MMRN1
0,14.719968630236913,0.255,0,0,8,CXorf36
0,13.807780068627382,0.255,0,0,8,SELE
1.8716157846075916e-274,6.372719260373605,0.706,0.016,3.4392811657949103e-270,8,COL4A1
5.966087531633538e-272,7.139474052063113,0.569,0.01,1.096328244812979e-267,8,RAMP2
2.4733782342469725e-239,6.83572624306785,0.353,0.004,4.5450798432522366e-235,8,IFI27
4.477581273959309e-218,7.575320424909997,0.333,0.004,8.228003349027626e-214,8,MCAM
2.1213725783819138e-216,8.912684104001858,0.314,0.003,3.898234250034605e-212,8,CXCL12
8.347082992565346e-216,6.445481433262359,0.314,0.003,1.533859970713808e-211,8,PLAT
1.2886379722454386e-209,6.858395383665387,0.373,0.005,2.368001137798218e-205,8,S1PR1
7.471354782034846e-181,6.2203925148632075,0.314,0.004,1.3729361547467234e-176,8,ENTPD1
1.9430054179890016e-157,6.5900905896174,0.255,0.003,3.570466756096589e-153,8,KCNN3
4.079613034768868e-153,5.769015220721529,0.255,0.003,7.496696912691272e-149,8,AKR1C3
1.2865497237758981e-152,5.702342196105549,0.549,0.018,2.3641637724105905e-148,8,COL4A2
1.2919465314094308e-132,5.6458568894707035,0.275,0.005,2.37408094611797e-128,8,OLFML2A
3.8343051764830893e-128,5.1659253786928225,0.549,0.022,7.045919192305325e-124,8,ITGA6
7.116867932498876e-127,5.815274543465952,0.255,0.004,1.3077956512759933e-122,8,FAM171A1
1.938751383285986e-92,5.385707572327766,0.255,0.006,3.5626495419263277e-88,8,TMEM204
6.945251161674054e-89,5.5699740729940395,0.314,0.01,1.2762593534692243e-84,8,FAM198B
4.14341802280996e-88,4.952168515724235,0.392,0.016,7.613944958715583e-84,8,SYNE2
2.855444708354894e-85,4.858358098811763,0.51,0.029,5.247165196072953e-81,8,AQP1
7.540211124383344e-82,6.451773886277929,0.353,0.014,1.3855891962166834e-77,8,CD74
5.378114539475731e-78,4.255390873890501,0.275,0.009,9.882823277740604e-74,8,SYNE3
8.774051065072782e-71,5.574989304526923,0.255,0.008,1.6123196237177742e-66,8,IL32
1.2440290704314824e-63,4.6482802265150065,0.275,0.011,2.286027819824892e-59,8,PDLIM1
2.0781209118697443e-60,4.0848471965542625,0.569,0.052,3.8187549876518423e-56,8,CFLAR
8.216534666713207e-60,4.3541429206813556,0.647,0.07,1.5098704103552189e-55,8,EPAS1
3.211725746795863e-59,4.031463822073431,0.471,0.036,5.901867232312078e-55,8,NFIB
5.040116786257253e-59,3.8859886610953978,0.686,0.08,9.261718606426328e-55,8,SPTBN1
9.244525445597824e-58,3.9026177041054253,0.431,0.031,1.698773995883056e-53,8,NR2F2
5.356782162194694e-56,5.623970452391282,0.333,0.019,9.84362290124897e-52,8,SLC9A3R2
9.005929107161737e-56,3.8723596540989917,0.392,0.026,1.654929532732041e-51,8,LAMB1
5.8901456507193215e-55,4.452522107241758,0.275,0.013,1.0823731647761826e-50,8,LMO2
9.258422178585613e-55,3.7437537643295453,0.373,0.024,1.7013276595368924e-50,8,HEG1
3.9044306522744495e-54,3.581141814584395,0.784,0.113,7.174781766619529e-50,8,COL15A1
2.020795652030416e-50,3.788170216165863,0.51,0.05,3.713414090171093e-46,8,UTRN
4.655229808490505e-50,4.227651678161068,0.686,0.098,8.554450296082153e-46,8,GNG11
6.151444374673465e-49,4.5933293265646435,0.451,0.041,1.130389418289996e-44,8,MTUS1
9.57390293784165e-49,3.9149118820657547,0.255,0.013,1.7593004038577815e-44,8,DLL1
5.051771830604119e-42,4.242526203365239,0.314,0.023,9.283135915918129e-38,8,NUAK1
2.029632918231942e-38,2.238822281991868,0.569,0.074,3.7296534505430167e-34,8,MMP2
7.61271247773073e-37,3.95813011099306,0.569,0.087,1.3989120449077988e-32,8,ID3
5.185948298797257e-33,4.109853892647219,0.275,0.022,9.52969859386984e-29,8,FYN
5.3279720894319925e-33,3.9865508467743473,0.353,0.036,9.79068151154023e-29,8,CDH13
1.2256303178877267e-32,3.4832887976300224,0.275,0.022,2.2522182721504866e-28,8,LAMA4
9.554794438293281e-32,3.0284807834784715,0.471,0.064,1.7557890259807732e-27,8,IGFBP4
1.95456477110209e-31,3.293812617579675,0.353,0.037,3.591708223377201e-27,8,PTPRM
4.387251040857877e-31,3.9403625205633195,0.255,0.02,8.062012512680436e-27,8,NPDC1
9.691612968607708e-31,3.206944744081631,0.333,0.034,1.7809307991113524e-26,8,RHOJ
2.7181780597458092e-30,3.087031731107199,0.647,0.136,4.994924002588899e-26,8,HLA-E
2.7831646308587906e-30,2.7211920397315756,0.549,0.09,5.1143433256661136e-26,8,MYH9
1.2609783498905848e-29,3.3390800349080436,0.333,0.035,2.3171738157589386e-25,8,ASAP1
2.102536066171281e-29,3.615635000198005,0.824,0.275,3.8636202751963457e-25,8,GSN
2.2577731468085655e-29,3.136247320756262,0.412,0.053,4.14888393457542e-25,8,BMPR2
3.69635203097952e-29,3.342176627310797,0.608,0.123,6.792416492127966e-25,8,ID1
3.7923153195421663e-28,2.8741628790064566,0.863,0.303,6.968758631190685e-24,8,IGFBP7
2.0203103482119572e-27,2.341772032917323,0.98,0.738,3.7125222958742923e-23,8,B2M
1.131875444496744e-26,2.5697070350336633,0.373,0.047,2.0799343168072168e-22,8,THBD
7.288550725276838e-26,3.255779252787021,0.667,0.165,1.3393440812768716e-21,8,TXNIP
8.487034991609288e-26,1.7862872079884973,1,0.788,1.5595775500581227e-21,8,MT-ND2
1.824970106957991e-24,2.859136279918819,0.549,0.115,3.353565068546004e-20,8,TACC1
2.010120854874513e-24,2.6389118178161506,0.902,0.496,3.693798082917405e-20,8,HLA-B
2.301119271343166e-24,2.033628529571633,1,0.653,4.2285367730202017e-20,8,MALAT1
2.59696325800754e-24,2.9212407189391416,0.863,0.417,4.772179682914656e-20,8,TMSB4X
3.1282339102398434e-22,3.845257825677097,0.471,0.095,5.7484426334567364e-18,8,HES1
3.0470654367838416e-21,3.5014811825560566,0.255,0.029,5.599287446633987e-17,8,PRKCH
7.07530745519654e-21,1.6458326514869972,0.98,0.751,1.300158497966916e-16,8,MT-CYB
1.1121588561716754e-20,3.3010381139748164,0.353,0.056,2.0437031141010706e-16,8,SSFA2
1.3082166681043351e-20,2.5698393883966255,0.431,0.08,2.403978949308526e-16,8,SLK
3.3928831689497104e-20,1.9866384492211886,0.412,0.073,6.234762111261988e-16,8,MACF1
1.7241236588413956e-19,1.5375301216676993,1,0.725,3.1682496354869487e-15,8,MT-ND1
2.1850176691534404e-19,4.310613017175139,0.275,0.037,4.015188468836362e-15,8,EFNA1
4.1574970933106375e-19,1.4150710239777204,0.961,0.763,7.639816658667628e-15,8,MT-ATP6
6.093089087202987e-19,2.878391987087122,0.275,0.037,1.1196660506644208e-14,8,HIP1
9.329792876607952e-19,2.678841028533582,0.627,0.19,1.7144427390054772e-14,8,ZFP36L1
1.3349861331708942e-18,2.058861730545524,0.843,0.369,2.4531705183148353e-14,8,APP
2.0872391770367323e-18,2.6447220848970323,0.353,0.06,3.8355107117226994e-14,8,MARCKS
2.1080240836396297e-18,3.5453450661235184,0.373,0.071,3.873705056096184e-14,8,PRCP
1.0023980175158744e-17,3.401117887315489,0.255,0.035,1.8420065969871708e-13,8,RABGAP1
1.0389800610156106e-17,3.644999774685135,0.373,0.071,1.909229760122286e-13,8,IGFBP5
1.4586374956757702e-17,2.351664821921567,0.392,0.076,2.680392262053795e-13,8,FLT1
4.4254773482372875e-17,2.864176883616899,0.373,0.073,8.132257175120839e-13,8,PALMD
6.701428990357196e-17,1.4015490833441815,0.98,0.8,1.2314545912680383e-12,8,MT-ND4
9.351603725944908e-17,2.4744752211359398,0.667,0.238,1.7184507006796363e-12,8,IFITM2
1.1686633780371976e-16,2.620535356598608,0.529,0.15,2.147535823481154e-12,8,FKBP1A
1.3200021475909567e-16,1.9721106557404804,0.765,0.337,2.425635946413142e-12,8,CD9
1.6923037979220112e-16,1.909515579537687,0.686,0.229,3.1097774590614876e-12,8,A2M
1.8544287249029128e-15,2.3590938696289236,0.51,0.139,3.4076982248815925e-11,8,ELK3
2.2852274052821266e-15,2.59174965896937,0.392,0.088,4.199333879946436e-11,8,ARGLU1
5.78506320576022e-15,2.593987753324678,0.294,0.052,1.063063214690498e-10,8,MEF2C
1.726921736346413e-14,2.8108027302784917,0.373,0.084,3.1733913827101685e-10,8,SNAI1
2.3132640827094125e-14,2.688205316217691,0.314,0.059,4.2508540783868165e-10,8,LAMC1
4.8055925087562634e-14,1.7465811133500084,0.843,0.512,8.830756794090509e-10,8,HLA-A
7.37687872720354e-14,2.119446993120046,0.412,0.1,1.3555752349109225e-9,8,DDIT4
1.1460442918292267e-13,2.0324703174288152,0.804,0.473,2.105970990665387e-9,8,MT-ATP8
1.6889029115603076e-13,2.9098168137287246,0.353,0.08,3.103527990283221e-9,8,IFI16
1.8307589139223588e-13,2.84696000207017,0.255,0.044,3.3642025802237267e-9,8,EHD4
2.0178215341475624e-13,2.321073006910703,0.431,0.111,3.707948851149561e-9,8,AKAP13
2.888527748710763e-13,2.4415402979931904,0.333,0.073,5.307958591030898e-9,8,SPTAN1
4.2156167403815347e-13,2.760532546426562,0.373,0.091,7.746617322125108e-9,8,RAB11A
5.296464978857189e-13,1.6117969826917604,0.843,0.528,9.73278404514797e-9,8,MT-ND6
7.44806799090667e-13,1.9508583358456302,0.647,0.269,1.3686569740090096e-8,8,MYL12B
1.4832429016471302e-12,2.2600670138336088,0.255,0.046,2.7256071560667663e-8,8,TMOD3
2.034172736536215e-12,2.3590130180461393,0.588,0.231,3.7379958206589484e-8,8,IL6ST
4.38407970119242e-12,2.950704692128804,0.255,0.049,8.056184858911191e-8,8,INSR
8.377569820059659e-12,2.415155490875742,0.373,0.096,1.539462230134163e-7,8,FKBP5
1.0784707264113495e-11,1.9452091821906328,0.569,0.213,1.981797806853496e-7,8,MSN
1.1140683884909803e-11,2.3356503369169737,0.255,0.049,2.0472120706910254e-7,8,IRF2BPL
1.2296880676524149e-11,2.3366184717080554,0.51,0.176,2.2596747931180775e-7,8,TCF4
2.0517077706160606e-11,1.7774178572354775,0.431,0.125,3.770218199284073e-7,8,DPYSL2
4.728487698571249e-11,1.0481802302664747,0.961,0.73,8.689068994894528e-7,8,MT-ND3
7.699329242642718e-11,2.062272451338537,0.451,0.145,1.4148287416280258e-6,8,HSPB1
8.926163393839566e-11,2.6386607110784563,0.255,0.053,1.6402717852519587e-6,8,TNFSF10
1.4295367878848254e-10,1.630024149980015,0.569,0.22,2.6269168014171553e-6,8,IFITM3
1.7051892408659386e-10,1.6338093895131411,0.667,0.294,3.1334557490152488e-6,8,PRSS23
1.802226772092946e-10,1.7649679223656953,0.569,0.223,3.3117719163979975e-6,8,CNN3
5.22911810511257e-10,1.4886780866353497,0.784,0.516,9.609027429954859e-6,8,HLA-C
9.340049160999713e-10,1.6685308992396894,0.706,0.392,1.716327433825307e-5,8,CAV1
1.0859916350750417e-9,2.4745337854703005,0.255,0.058,1.9956182286138966e-5,8,VEZT
2.585002412777914e-9,2.031023122078942,0.49,0.189,4.7502004337206945e-5,8,RDX
2.661031796639271e-9,1.2187018841884862,0.745,0.384,4.889912029504325e-5,8,AHNAK
2.9693598018845095e-9,1.5122010370244543,0.549,0.223,5.4564955719429745e-5,8,KTN1
3.346468026658685e-9,1.7780189673051248,0.294,0.076,6.149469645787999e-5,8,SMC3
3.672119280516678e-9,1.5675169901036798,0.275,0.067,6.747886389877448e-5,8,DLC1
4.152317925599138e-9,2.084183598444121,0.333,0.096,7.630299420080976e-5,8,WNK1
4.481343214647665e-9,1.2237658441506527,0.882,0.673,8.234916291236549e-5,8,MT-ND5
6.208940857193348e-9,1.4677985744992847,0.275,0.068,1.1409549719178496e-4,8,SOX4
7.568623394668277e-9,1.5505891868940793,0.51,0.214,1.3908102350042425e-4,8,TGFBR2
1.2396622454866422e-8,1.7699452358421006,0.49,0.2,2.278003342306254e-4,8,TPM3
1.5511007609064065e-8,2.513647563136774,0.255,0.064,2.8503027582416123e-4,8,SEC14L1
1.7651793754464656e-8,0.8311181055668193,0.941,0.777,3.243693620320425e-4,8,MT-CO2
1.9661900778633034e-8,1.2573004714716325,0.294,0.078,3.613070887081606e-4,8,ITGA5
2.6550748589915434e-8,1.7737041887643141,0.451,0.179,4.87896556088286e-4,8,MYL12A
2.6556490505323548e-8,1.0085642435394748,0.49,0.185,4.880020695258255e-4,8,KLF9
3.349890082163288e-8,0.8415949479040226,0.941,0.759,6.155758014983258e-4,8,MT-CO3
3.587072886205589e-8,1.5870248376539644,0.51,0.217,6.59160513569139e-4,8,SDCBP
3.718235252148532e-8,1.900552338835147,0.255,0.065,6.832629099348143e-4,8,PTPN14
6.993826363055568e-8,1.4327883660014518,0.275,0.074,0.0012851855324750912,8,ARHGEF12
1.2424834771483972e-7,2.351137668129531,0.255,0.07,0.0022831876376078948,8,PTPN12
1.3195883095760427e-7,2.2975567549540807,0.451,0.191,0.002424875477676936,8,ETS1
1.746889027319144e-7,1.9587099690276126,0.294,0.089,0.003210083276601659,8,SH3BP5
2.2399485964113393e-7,1.4888674879480464,0.392,0.143,0.004116129540765477,8,DUSP6
2.2471293032536912e-7,1.3505779170373198,0.745,0.495,0.004129324807658983,8,CD59
2.300548221768528e-7,1.1879044394815788,0.824,0.586,0.004227487412321847,8,CFL1
2.769379535892005e-7,1.428833662606412,0.647,0.332,0.005089011835155148,8,KLF2
3.7318794788097873e-7,2.0339781655098115,0.353,0.126,0.006857701730260866,8,IER2
4.4253533759156094e-7,0.9929872377930868,0.627,0.341,0.008132029363582524,8,PFN1
4.50376877661888e-7,1.74107999181304,0.608,0.337,0.008276125503914853,8,SRP14
4.607395133137801e-7,2.826709835101321,0.255,0.073,0.008466549296654023,8,THOC2
7.360954190076458e-7,1.855064806827618,0.294,0.094,0.013526489419684498,8,DYNC1LI2
8.85338280745473e-7,1.4999101221542974,0.373,0.143,0.016268976246978813,8,H2AFY
9.909008888216003e-7,1.5964585537322644,0.471,0.207,0.018208794732985728,8,TAGLN2
1.1967201017197869e-6,0.6866172805825821,0.98,0.886,0.021990928589202804,8,VIM
1.793538318239815e-6,2.283109954616786,0.255,0.078,0.03295806013597484,8,PPP1R18
1.8210613488762859e-6,1.9564513103579684,0.314,0.112,0.03346382334695063,8,TMEM2
1.999517178846148e-6,1.6015151913433936,0.314,0.108,0.03674312767847682,8,ADD1
2.0725697849467215e-6,1.4384659576858714,0.314,0.111,0.03808554236818095,8,NEDD9
2.438303060183384e-6,1.25350357323299,0.392,0.159,0.04480625703392987,8,HP1BP3
3.0495735742365484e-6,1.1143129539834926,0.412,0.171,0.05603896400017081,8,EMP2
7.771820405721142e-6,1.2143897318699253,0.451,0.207,0.1428149717755317,8,PEA15
8.633836602960033e-6,0.991486084410147,0.255,0.082,0.15865538141599356,8,TNS1
9.174796012348818e-6,1.9940786750079573,0.275,0.096,0.1685960515229219,8,KCTD12
1.1373129433773096e-5,2.5704917147446387,0.333,0.137,0.2089926264750144,8,KMT2E
1.4190884820756196e-5,0.9286069832313364,0.451,0.208,0.26077169946621587,8,LAMP1
1.4682564203348554e-5,1.3861337246648104,0.529,0.291,0.269806799800733,8,TM4SF1
1.679425788326352e-5,1.7528442625780285,0.451,0.236,0.30861128286285044,8,PLS3
1.9929017698798463e-5,0.929665395132325,0.765,0.506,0.36621562923312057,8,MT-ND4L
2.1520209578366767e-5,1.4863868477004163,0.275,0.102,0.3954553712120677,8,NFIA
2.2480039084547215e-5,1.2687195923534194,0.275,0.099,0.4130931982176396,8,BPTF
2.3632346797914476e-5,1.9863845964879743,0.255,0.091,0.4342680047584764,8,FOXP1
2.495057825482511e-5,1.4476989119479875,0.471,0.249,0.45849182601066624,8,BRD2
2.867054760204903e-5,1.488172170859288,0.255,0.091,0.526849982735253,8,NFE2L1
2.882759626279673e-5,1.5706199682582942,0.451,0.227,0.5297359089251527,8,DAZAP2
3.4891829061388804e-5,1.2970027727254838,0.314,0.124,0.6411722508320806,8,FAM120A
3.923458007974094e-5,1.1048997648890828,0.51,0.284,0.7209746435453195,8,TPM4
5.100992578458135e-5,1.5521621030712505,0.412,0.204,0.937358396217467,8,WWTR1
6.63069681205256e-5,1.685701885432513,0.373,0.172,1,8,RSRP1
7.088163297333081e-5,1.6298287547951946,0.255,0.096,1,8,ZC3H13
7.869246480253703e-5,1.1798902827873505,0.451,0.251,1,8,SEPT2
1.0524883464483838e-4,0.9999647720313005,0.333,0.146,1,8,PRRC2C
1.2085761529230602e-4,0.8631519449578287,0.608,0.346,1,8,KLF6
1.3374908221065697e-4,0.7701999937757242,0.431,0.216,1,8,KIF5B
1.3610102812591305e-4,0.9267499884431579,0.412,0.213,1,8,QKI
1.3651413824305187e-4,1.5151080338337604,0.294,0.126,1,8,ANKRD12
1.4199979948760784e-4,1.0507913007725307,0.529,0.313,1,8,CDC42
1.437873498131201e-4,1.1408922639976038,0.569,0.388,1,8,ZFP36
1.701879186155835e-4,1.7937486354529906,0.314,0.144,1,8,PPIG
1.8105413004139572e-4,1.3381027621027055,0.471,0.27,1,8,JUN
1.8282603762718105e-4,0.6941990149901409,0.706,0.474,1,8,YWHAE
1.8693566082037856e-4,1.6889907253851535,0.255,0.102,1,8,CREBRF
1.9004619516683476e-4,1.4711859402173326,0.255,0.101,1,8,ISCU
2.0990205717253093e-4,1.8041679410105709,0.294,0.133,1,8,AKAP9
2.1049873838435297e-4,0.9112812428109002,0.275,0.11,1,8,RAB13
2.1801784076112262e-4,1.6583313699643698,0.353,0.179,1,8,PPP1R15A
2.347932298666939e-4,1.0973261974506336,0.314,0.14,1,8,ATP5EP2
2.575218987503528e-4,0.9055593706326377,0.784,0.666,1,8,ITM2B
2.6916280140921594e-4,1.2408636288147952,0.314,0.146,1,8,ATRX
3.2486948048685997e-4,1.9566526459393185,0.333,0.166,1,8,SOCS3
3.35418401328979e-4,0.4425552477165924,0.471,0.252,1,8,LRRFIP1
3.6539443063345517e-4,1.313414626914856,0.353,0.182,1,8,CHMP3
3.9318527464460225e-4,1.3654865592673535,0.431,0.234,1,8,CLK1
4.252686754846815e-4,1.158269835160653,0.392,0.201,1,8,CAST
4.7269155990192996e-4,1.2138141199235044,0.431,0.244,1,8,C6orf48
5.165590726947209e-4,1.0015471251490007,0.314,0.144,1,8,CTNNA1
6.238466455538397e-4,1.445376208623209,0.569,0.404,1,8,SLC38A2
8.215135671021477e-4,0.9880039462142971,0.431,0.249,1,8,HMGB1
8.447927072773461e-4,1.0461917321587721,0.275,0.124,1,8,RB1CC1
9.245877158106108e-4,1.3039835105540805,0.725,0.66,1,8,HSPA1B
9.857964357260242e-4,0.4837249026363244,0.941,0.793,1,8,MT-CO1
0.0010232804819339063,1.3170585416774836,0.255,0.115,1,8,WASF2
0.0011185128408916596,1.0271164716837329,0.49,0.318,1,8,GADD45B
0.0011756697464550467,1.2325728224237722,0.353,0.189,1,8,ARPC3
0.0011864645982530384,1.83984182224056,0.333,0.185,1,8,SF3B1
0.0013250173357686327,0.7471883758644013,0.451,0.265,1,8,GNB1
0.0014448615767964146,1.2377234446051424,0.275,0.131,1,8,SRRM2
0.001717702643248393,0.5211733746537983,0.51,0.31,1,8,YWHAB
0.0017826680096034195,1.031520069170016,0.824,0.76,1,8,HSPA1A
0.0021579265274945937,1.4001164181381653,0.255,0.121,1,8,PSIP1
0.00225103474939577,1.0685855900818169,0.294,0.143,1,8,ZBTB20
0.002413327717184677,0.92466510837124,0.686,0.532,1,8,TIMP3
0.002526660327421311,0.91111009602926,0.608,0.468,1,8,MYL6
0.0028678475423243688,0.5672232273810827,0.765,0.674,1,8,GNAS
0.002947384965510315,1.1205219451541264,0.392,0.23,1,8,APLP2
0.0029724832376815565,1.6631260512887087,0.255,0.126,1,8,FRMD4B
0.003022135838763172,0.3653669999745204,0.412,0.24,1,8,CD109
0.0030910713641212786,0.9233571151071249,0.471,0.306,1,8,LEPROT
0.003590385901694569,1.1719601171228686,0.51,0.391,1,8,JUNB
0.004131511799014067,0.8848652665122188,0.451,0.283,1,8,HEXIM1
0.004695608092809571,0.5924224284950811,0.255,0.125,1,8,RPS9
0.004817053527800356,1.6434134657325314,0.255,0.129,1,8,SLTM
0.004914125618361417,1.1344585935415836,0.431,0.287,1,8,SRSF11
0.004973324374383358,0.9160710224109989,0.275,0.141,1,8,EIF5B
0.00563510519968634,0.5015217697764336,0.51,0.342,1,8,ARF1
0.006201781959130169,0.9556297936735314,0.333,0.195,1,8,HDGF
0.006239380843364357,0.9743749037978375,0.333,0.192,1,8,ENSA
0.006580053982822091,0.7821922629255359,0.314,0.17,1,8,PRPF38B
0.006798740120171295,0.6011643752942994,0.608,0.428,1,8,PPIA
0.006921968175498275,0.5774951018177427,0.314,0.173,1,8,ITGB1
0.007536148031111723,0.38779581911587924,0.667,0.51,1,8,ATP5E
0.007579040544881657,1.2920963305233462,0.333,0.203,1,8,PLK2
0.007874298521153483,0.8295263148184246,0.549,0.409,1,8,UBC
0.008232424442744572,0.7164567871323309,0.549,0.378,1,8,ITM2A
0.008282953670286187,0.44497984139534363,0.765,0.661,1,8,RPL27A
0.0082962957592768,1.243428134002188,0.275,0.154,1,8,IGF2
0.008648353092182717,1.1604851282876572,0.353,0.224,1,8,MGST3
0.008830863166411405,0.5833184004966956,0.627,0.453,1,8,RHOA
0.009127951174078355,1.0062297784654373,0.294,0.168,1,8,SKI
0.00914545378280961,0.6001653077346689,0.627,0.467,1,8,SERPINE1
0.009160266547735574,0.8699337604892322,0.314,0.18,1,8,RSRC2
