source,target,ligand,receptor,prob,pval,interaction_name,interaction_name_2,pathway_name,annotation,evidence,group
Fibro-reg NPCs,Eff-NPCs,TGFB2,TGFbR1_R2,4.592122475418957e-8,0,TGFB2_TGFBR1_TGFBR2,TGFB2 - (TGFBR1+TGFBR2),TGFb,Secreted Signaling,KEGG: hsa04350,mild
Fibro-reg NPCs,Ht-NPCs,TGFB2,TGFbR1_R2,2.427128566908826e-9,0,TGFB2_TGFBR1_TGFBR2,TGFB2 - (TGFBR1+TGFBR2),TGFb,Secreted Signaling,KEGG: hsa04350,mild
Fibro-reg NPCs,Fibro-reg NPCs,TGFB2,TGFbR1_R2,6.563815540788234e-8,0,TGFB2_TGFBR1_TGFBR2,TGFB2 - (TGFBR1+TGFBR2),TGFb,Secreted Signaling,KEGG: hsa04350,mild
Fibro-reg NPCs,Hom/Reg-like NPCs,TGFB2,TGFbR1_R2,1.6584289448038534e-7,0,TGFB2_TGFBR1_TGFBR2,TGFB2 - (TGFBR1+TGFBR2),TGFb,Secreted Signaling,KEGG: hsa04350,mild
Fibro-reg NPCs,Eff-NPCs,TGFB2,ACVR1_TGFbR,2.748122785961307e-7,0,TGFB2_ACVR1_TGFBR1,TGFB2 - (ACVR1+TGFBR1),TGFb,Secreted Signaling,PMID: 29376829,mild
Fibro-reg NPCs,Fibro-reg NPCs,TGFB2,ACVR1_TGFbR,1.155607149062873e-6,0,TGFB2_ACVR1_TGFBR1,TGFB2 - (ACVR1+TGFBR1),TGFb,Secreted Signaling,PMID: 29376829,mild
Fibro-reg NPCs,Hom/Reg-like NPCs,TGFB2,ACVR1_TGFbR,4.379127553246667e-6,0,TGFB2_ACVR1_TGFBR1,TGFB2 - (ACVR1+TGFBR1),TGFb,Secreted Signaling,PMID: 29376829,mild
Hom/Reg-like NPCs,ECM/Adh-NPCs,FGF1,FGFR1,3.387156918099766e-6,0,FGF1_FGFR1,FGF1 - FGFR1,FGF,Secreted Signaling,PMC: 4393358,mild
Hom/Reg-like NPCs,Hom-NPCs,FGF1,FGFR1,1.0841428311319838e-6,0,FGF1_FGFR1,FGF1 - FGFR1,FGF,Secreted Signaling,PMC: 4393358,mild
Hom-NPCs,Eff-NPCs,FGF1,FGFR1,3.705393381655654e-6,0,FGF1_FGFR1,FGF1 - FGFR1,FGF,Secreted Signaling,PMC: 4393358,mild
Ht-NPCs,Eff-NPCs,FGF1,FGFR1,6.615125565402989e-7,0,FGF1_FGFR1,FGF1 - FGFR1,FGF,Secreted Signaling,PMC: 4393358,mild
Hom/Reg-like NPCs,Eff-NPCs,FGF1,FGFR1,5.821793407038057e-6,0,FGF1_FGFR1,FGF1 - FGFR1,FGF,Secreted Signaling,PMC: 4393358,mild
Hom-NPCs,Ht-NPCs,FGF1,FGFR1,4.646677640575387e-7,0,FGF1_FGFR1,FGF1 - FGFR1,FGF,Secreted Signaling,PMC: 4393358,mild
Ht-NPCs,Ht-NPCs,FGF1,FGFR1,8.292881039990274e-8,0,FGF1_FGFR1,FGF1 - FGFR1,FGF,Secreted Signaling,PMC: 4393358,mild
Hom/Reg-like NPCs,Ht-NPCs,FGF1,FGFR1,7.3006989052452e-7,0,FGF1_FGFR1,FGF1 - FGFR1,FGF,Secreted Signaling,PMC: 4393358,mild
Hom-NPCs,Fibro-reg NPCs,FGF1,FGFR1,5.926249527643032e-6,0,FGF1_FGFR1,FGF1 - FGFR1,FGF,Secreted Signaling,PMC: 4393358,mild
Ht-NPCs,Fibro-reg NPCs,FGF1,FGFR1,1.05727315232473e-6,0,FGF1_FGFR1,FGF1 - FGFR1,FGF,Secreted Signaling,PMC: 4393358,mild
Hom/Reg-like NPCs,Fibro-reg NPCs,FGF1,FGFR1,9.311104283943742e-6,0,FGF1_FGFR1,FGF1 - FGFR1,FGF,Secreted Signaling,PMC: 4393358,mild
Hom-NPCs,Hom/Reg-like NPCs,FGF1,FGFR1,3.143876095847349e-5,0,FGF1_FGFR1,FGF1 - FGFR1,FGF,Secreted Signaling,PMC: 4393358,mild
Ht-NPCs,Hom/Reg-like NPCs,FGF1,FGFR1,5.6075779925315065e-6,0,FGF1_FGFR1,FGF1 - FGFR1,FGF,Secreted Signaling,PMC: 4393358,mild
Hom/Reg-like NPCs,Hom/Reg-like NPCs,FGF1,FGFR1,4.939537429287669e-5,0,FGF1_FGFR1,FGF1 - FGFR1,FGF,Secreted Signaling,PMC: 4393358,mild
Hom-NPCs,Hom/Reg-like NPCs,FGF1,FGFR2,5.54947245453455e-6,0,FGF1_FGFR2,FGF1 - FGFR2,FGF,Secreted Signaling,PMC: 4393358,mild
Ht-NPCs,Hom/Reg-like NPCs,FGF1,FGFR2,9.91614450188178e-7,0,FGF1_FGFR2,FGF1 - FGFR2,FGF,Secreted Signaling,PMC: 4393358,mild
Hom/Reg-like NPCs,Hom/Reg-like NPCs,FGF1,FGFR2,8.719182140820356e-6,0,FGF1_FGFR2,FGF1 - FGFR2,FGF,Secreted Signaling,PMC: 4393358,mild
Eff-NPCs,Eff-NPCs,FGF2,FGFR1,3.410615647703388e-5,0,FGF2_FGFR1,FGF2 - FGFR1,FGF,Secreted Signaling,PMC: 4393358,mild
Hom/Reg-like NPCs,Eff-NPCs,FGF2,FGFR1,1.7366275083288146e-4,0,FGF2_FGFR1,FGF2 - FGFR1,FGF,Secreted Signaling,PMC: 4393358,mild
ECM/Adh-NPCs,Fibro-reg NPCs,FGF2,FGFR1,9.916278730159262e-5,0,FGF2_FGFR1,FGF2 - FGFR1,FGF,Secreted Signaling,PMC: 4393358,mild
Hom-NPCs,Fibro-reg NPCs,FGF2,FGFR1,9.44648639325013e-5,0,FGF2_FGFR1,FGF2 - FGFR1,FGF,Secreted Signaling,PMC: 4393358,mild
Eff-NPCs,Fibro-reg NPCs,FGF2,FGFR1,5.4324173060827364e-5,0,FGF2_FGFR1,FGF2 - FGFR1,FGF,Secreted Signaling,PMC: 4393358,mild
Hom/Reg-like NPCs,Fibro-reg NPCs,FGF2,FGFR1,2.7657837236163033e-4,0,FGF2_FGFR1,FGF2 - FGFR1,FGF,Secreted Signaling,PMC: 4393358,mild
ECM/Adh-NPCs,Hom/Reg-like NPCs,FGF2,FGFR1,5.256791972691172e-4,0,FGF2_FGFR1,FGF2 - FGFR1,FGF,Secreted Signaling,PMC: 4393358,mild
Hom-NPCs,Hom/Reg-like NPCs,FGF2,FGFR1,5.007824301712918e-4,0,FGF2_FGFR1,FGF2 - FGFR1,FGF,Secreted Signaling,PMC: 4393358,mild
Eff-NPCs,Hom/Reg-like NPCs,FGF2,FGFR1,2.8780190851452275e-4,0,FGF2_FGFR1,FGF2 - FGFR1,FGF,Secreted Signaling,PMC: 4393358,mild
Ht-NPCs,Hom/Reg-like NPCs,FGF2,FGFR1,1.4526417159923605e-5,0,FGF2_FGFR1,FGF2 - FGFR1,FGF,Secreted Signaling,PMC: 4393358,mild
Hom/Reg-like NPCs,Hom/Reg-like NPCs,FGF2,FGFR1,0.0014652199268232668,0,FGF2_FGFR1,FGF2 - FGFR1,FGF,Secreted Signaling,PMC: 4393358,mild
ECM/Adh-NPCs,Hom/Reg-like NPCs,FGF2,FGFR2,9.333106649503047e-5,0,FGF2_FGFR2,FGF2 - FGFR2,FGF,Secreted Signaling,PMC: 4393358,mild
Hom-NPCs,Hom/Reg-like NPCs,FGF2,FGFR2,8.889972501706485e-5,0,FGF2_FGFR2,FGF2 - FGFR2,FGF,Secreted Signaling,PMC: 4393358,mild
Eff-NPCs,Hom/Reg-like NPCs,FGF2,FGFR2,5.135607989754172e-5,0,FGF2_FGFR2,FGF2 - FGFR2,FGF,Secreted Signaling,PMC: 4393358,mild
Ht-NPCs,Hom/Reg-like NPCs,FGF2,FGFR2,2.577713776273876e-6,0,FGF2_FGFR2,FGF2 - FGFR2,FGF,Secreted Signaling,PMC: 4393358,mild
Fibro-reg NPCs,Hom/Reg-like NPCs,FGF2,FGFR2,1.4193245297303789e-5,0,FGF2_FGFR2,FGF2 - FGFR2,FGF,Secreted Signaling,PMC: 4393358,mild
Hom/Reg-like NPCs,Hom/Reg-like NPCs,FGF2,FGFR2,2.6153516423554055e-4,0,FGF2_FGFR2,FGF2 - FGFR2,FGF,Secreted Signaling,PMC: 4393358,mild
Hom/Reg-like NPCs,ECM/Adh-NPCs,FGF7,FGFR1,1.4994187637155409e-5,0,FGF7_FGFR1,FGF7 - FGFR1,FGF,Secreted Signaling,PMC: 4393358,mild
Hom/Reg-like NPCs,Hom-NPCs,FGF7,FGFR1,4.799790121334208e-6,0,FGF7_FGFR1,FGF7 - FGFR1,FGF,Secreted Signaling,PMC: 4393358,mild
Hom/Reg-like NPCs,Eff-NPCs,FGF7,FGFR1,2.5751830015520132e-5,0,FGF7_FGFR1,FGF7 - FGFR1,FGF,Secreted Signaling,PMC: 4393358,mild
Hom/Reg-like NPCs,Ht-NPCs,FGF7,FGFR1,3.2285844204733158e-6,0,FGF7_FGFR1,FGF7 - FGFR1,FGF,Secreted Signaling,PMC: 4393358,mild
Hom/Reg-like NPCs,Fibro-NPCs,FGF7,FGFR1,2.977455185987873e-6,0,FGF7_FGFR1,FGF7 - FGFR1,FGF,Secreted Signaling,PMC: 4393358,mild
Hom/Reg-like NPCs,Fibro-reg NPCs,FGF7,FGFR1,4.1165600233763195e-5,0,FGF7_FGFR1,FGF7 - FGFR1,FGF,Secreted Signaling,PMC: 4393358,mild
Hom/Reg-like NPCs,Hom/Reg-like NPCs,FGF7,FGFR1,2.183473515767072e-4,0,FGF7_FGFR1,FGF7 - FGFR1,FGF,Secreted Signaling,PMC: 4393358,mild
Hom/Reg-like NPCs,Hom/Reg-like NPCs,FGF7,FGFR2,3.859329640158224e-5,0,FGF7_FGFR2,FGF7 - FGFR2,FGF,Secreted Signaling,PMC: 4393358,mild
Fibro-reg NPCs,Eff-NPCs,PDGFA,PDGFRA,6.687541381344827e-8,0,PDGFA_PDGFRA,PDGFA - PDGFRA,PDGF,Secreted Signaling,PMID: 15207812,mild
Fibro-reg NPCs,Fibro-reg NPCs,PDGFA,PDGFRA,8.152858986618158e-7,0,PDGFA_PDGFRA,PDGFA - PDGFRA,PDGF,Secreted Signaling,PMID: 15207812,mild
Fibro-reg NPCs,Hom/Reg-like NPCs,PDGFA,PDGFRA,2.1963501560628924e-7,0,PDGFA_PDGFRA,PDGFA - PDGFRA,PDGF,Secreted Signaling,PMID: 15207812,mild
Ht-NPCs,Eff-NPCs,PDGFC,PDGFRA,1.0043867496056767e-8,0,PDGFC_PDGFRA,PDGFC - PDGFRA,PDGF,Secreted Signaling,PMID: 15207812,mild
Fibro-reg NPCs,Eff-NPCs,PDGFC,PDGFRA,2.443451128576537e-7,0,PDGFC_PDGFRA,PDGFC - PDGFRA,PDGF,Secreted Signaling,PMID: 15207812,mild
Hom/Reg-like NPCs,Eff-NPCs,PDGFC,PDGFRA,6.192981453720017e-7,0,PDGFC_PDGFRA,PDGFC - PDGFRA,PDGF,Secreted Signaling,PMID: 15207812,mild
Hom-NPCs,Fibro-reg NPCs,PDGFC,PDGFRA,1.749747585797735e-7,0,PDGFC_PDGFRA,PDGFC - PDGFRA,PDGF,Secreted Signaling,PMID: 15207812,mild
Ht-NPCs,Fibro-reg NPCs,PDGFC,PDGFRA,1.2240838812293637e-7,0,PDGFC_PDGFRA,PDGFC - PDGFRA,PDGF,Secreted Signaling,PMID: 15207812,mild
Fibro-reg NPCs,Fibro-reg NPCs,PDGFC,PDGFRA,2.9744149887723187e-6,0,PDGFC_PDGFRA,PDGFC - PDGFRA,PDGF,Secreted Signaling,PMID: 15207812,mild
Hom/Reg-like NPCs,Fibro-reg NPCs,PDGFC,PDGFRA,7.545906360422898e-6,0,PDGFC_PDGFRA,PDGFC - PDGFRA,PDGF,Secreted Signaling,PMID: 15207812,mild
Hom-NPCs,Hom/Reg-like NPCs,PDGFC,PDGFRA,4.711282295042692e-8,0,PDGFC_PDGFRA,PDGFC - PDGFRA,PDGF,Secreted Signaling,PMID: 15207812,mild
Ht-NPCs,Hom/Reg-like NPCs,PDGFC,PDGFRA,3.2986580282009536e-8,0,PDGFC_PDGFRA,PDGFC - PDGFRA,PDGF,Secreted Signaling,PMID: 15207812,mild
Fibro-reg NPCs,Hom/Reg-like NPCs,PDGFC,PDGFRA,8.024993383298316e-7,0,PDGFC_PDGFRA,PDGFC - PDGFRA,PDGF,Secreted Signaling,PMID: 15207812,mild
Hom/Reg-like NPCs,Hom/Reg-like NPCs,PDGFC,PDGFRA,2.033934694016185e-6,0,PDGFC_PDGFRA,PDGFC - PDGFRA,PDGF,Secreted Signaling,PMID: 15207812,mild
ECM/Adh-NPCs,Fibro-reg NPCs,IGF2,IGF2R,2.5343983312143766e-6,0,IGF2_IGF2R,IGF2 - IGF2R,IGF,Secreted Signaling,PMID: 14604834,mild
Eff-NPCs,Fibro-reg NPCs,IGF2,IGF2R,1.646418875462849e-7,0,IGF2_IGF2R,IGF2 - IGF2R,IGF,Secreted Signaling,PMID: 14604834,mild
Ht-NPCs,Fibro-reg NPCs,IGF2,IGF2R,1.490687376555553e-7,0,IGF2_IGF2R,IGF2 - IGF2R,IGF,Secreted Signaling,PMID: 14604834,mild
Hom/Reg-like NPCs,Fibro-reg NPCs,IGF2,IGF2R,3.6892425733020274e-5,0,IGF2_IGF2R,IGF2 - IGF2R,IGF,Secreted Signaling,PMID: 14604834,mild
Eff-NPCs,Eff-NPCs,IL6,IL6R_IL6ST,5.141095406942003e-6,0,IL6_IL6R_IL6ST,IL6 - (IL6R+IL6ST),IL6,Secreted Signaling,KEGG: hsa04060,mild
Eff-NPCs,Fibro-reg NPCs,IL6,IL6R_IL6ST,1.3865353755589529e-6,0,IL6_IL6R_IL6ST,IL6 - (IL6R+IL6ST),IL6,Secreted Signaling,KEGG: hsa04060,mild
Eff-NPCs,Hom/Reg-like NPCs,IL6,IL6R_IL6ST,2.917693733464133e-5,0,IL6_IL6R_IL6ST,IL6 - (IL6R+IL6ST),IL6,Secreted Signaling,KEGG: hsa04060,mild
ECM/Adh-NPCs,Fibro-reg NPCs,LIF,LIFR_IL6ST,1.7000643570189456e-5,0,LIF_LIFR_IL6ST,LIF - (LIFR+IL6ST),LIFR,Secreted Signaling,KEGG: hsa04060,mild
Hom-NPCs,Fibro-reg NPCs,LIF,LIFR_IL6ST,3.298646954495307e-6,0,LIF_LIFR_IL6ST,LIF - (LIFR+IL6ST),LIFR,Secreted Signaling,KEGG: hsa04060,mild
Eff-NPCs,Fibro-reg NPCs,LIF,LIFR_IL6ST,4.06316718376158e-5,0,LIF_LIFR_IL6ST,LIF - (LIFR+IL6ST),LIFR,Secreted Signaling,KEGG: hsa04060,mild
Fibro-NPCs,Fibro-reg NPCs,LIF,LIFR_IL6ST,2.887757832724168e-6,0,LIF_LIFR_IL6ST,LIF - (LIFR+IL6ST),LIFR,Secreted Signaling,KEGG: hsa04060,mild
Fibro-reg NPCs,Fibro-reg NPCs,LIF,LIFR_IL6ST,8.01519878053069e-6,0,LIF_LIFR_IL6ST,LIF - (LIFR+IL6ST),LIFR,Secreted Signaling,KEGG: hsa04060,mild
Hom/Reg-like NPCs,Fibro-reg NPCs,LIF,LIFR_IL6ST,1.3457706307518283e-5,0,LIF_LIFR_IL6ST,LIF - (LIFR+IL6ST),LIFR,Secreted Signaling,KEGG: hsa04060,mild
Hom-NPCs,ECM/Adh-NPCs,SPP1,CD44,1.385741929816396e-6,0,SPP1_CD44,SPP1 - CD44,SPP1,Secreted Signaling,PMID: 21907263,mild
Eff-NPCs,ECM/Adh-NPCs,SPP1,CD44,2.6148944770943844e-6,0,SPP1_CD44,SPP1 - CD44,SPP1,Secreted Signaling,PMID: 21907263,mild
Fibro-reg NPCs,ECM/Adh-NPCs,SPP1,CD44,1.5230692511611944e-7,0,SPP1_CD44,SPP1 - CD44,SPP1,Secreted Signaling,PMID: 21907263,mild
Hom-NPCs,Hom-NPCs,SPP1,CD44,6.531314457501223e-6,0,SPP1_CD44,SPP1 - CD44,SPP1,Secreted Signaling,PMID: 21907263,mild
Eff-NPCs,Hom-NPCs,SPP1,CD44,1.2317279253395863e-5,0,SPP1_CD44,SPP1 - CD44,SPP1,Secreted Signaling,PMID: 21907263,mild
Fibro-reg NPCs,Hom-NPCs,SPP1,CD44,7.179123766437896e-7,0,SPP1_CD44,SPP1 - CD44,SPP1,Secreted Signaling,PMID: 21907263,mild
Hom-NPCs,Eff-NPCs,SPP1,CD44,1.2751290806060585e-5,0,SPP1_CD44,SPP1 - CD44,SPP1,Secreted Signaling,PMID: 21907263,mild
Eff-NPCs,Eff-NPCs,SPP1,CD44,2.3952862891294686e-5,0,SPP1_CD44,SPP1 - CD44,SPP1,Secreted Signaling,PMID: 21907263,mild
Ht-NPCs,Eff-NPCs,SPP1,CD44,4.133632537007081e-6,0,SPP1_CD44,SPP1 - CD44,SPP1,Secreted Signaling,PMID: 21907263,mild
Fibro-reg NPCs,Eff-NPCs,SPP1,CD44,1.4023241557727324e-6,0,SPP1_CD44,SPP1 - CD44,SPP1,Secreted Signaling,PMID: 21907263,mild
Hom-NPCs,Ht-NPCs,SPP1,CD44,1.6499107878232534e-7,0,SPP1_CD44,SPP1 - CD44,SPP1,Secreted Signaling,PMID: 21907263,mild
Eff-NPCs,Ht-NPCs,SPP1,CD44,3.111969471781097e-7,0,SPP1_CD44,SPP1 - CD44,SPP1,Secreted Signaling,PMID: 21907263,mild
Fibro-reg NPCs,Ht-NPCs,SPP1,CD44,1.813524404786811e-8,0,SPP1_CD44,SPP1 - CD44,SPP1,Secreted Signaling,PMID: 21907263,mild
Hom-NPCs,Fibro-NPCs,SPP1,CD44,1.4857476238907885e-5,0,SPP1_CD44,SPP1 - CD44,SPP1,Secreted Signaling,PMID: 21907263,mild
Eff-NPCs,Fibro-NPCs,SPP1,CD44,2.794795265414708e-5,0,SPP1_CD44,SPP1 - CD44,SPP1,Secreted Signaling,PMID: 21907263,mild
Ht-NPCs,Fibro-NPCs,SPP1,CD44,4.828901145902106e-6,0,SPP1_CD44,SPP1 - CD44,SPP1,Secreted Signaling,PMID: 21907263,mild
Fibro-reg NPCs,Fibro-NPCs,SPP1,CD44,1.63365605341799e-6,0,SPP1_CD44,SPP1 - CD44,SPP1,Secreted Signaling,PMID: 21907263,mild
Hom-NPCs,Fibro-reg NPCs,SPP1,CD44,1.4512275340747409e-5,0,SPP1_CD44,SPP1 - CD44,SPP1,Secreted Signaling,PMID: 21907263,mild
Eff-NPCs,Fibro-reg NPCs,SPP1,CD44,2.724907469096657e-5,0,SPP1_CD44,SPP1 - CD44,SPP1,Secreted Signaling,PMID: 21907263,mild
Ht-NPCs,Fibro-reg NPCs,SPP1,CD44,4.700711838716519e-6,0,SPP1_CD44,SPP1 - CD44,SPP1,Secreted Signaling,PMID: 21907263,mild
Fibro-reg NPCs,Fibro-reg NPCs,SPP1,CD44,1.596078537282666e-6,0,SPP1_CD44,SPP1 - CD44,SPP1,Secreted Signaling,PMID: 21907263,mild
Hom-NPCs,Hom/Reg-like NPCs,SPP1,CD44,2.0861371887903792e-5,0,SPP1_CD44,SPP1 - CD44,SPP1,Secreted Signaling,PMID: 21907263,mild
Eff-NPCs,Hom/Reg-like NPCs,SPP1,CD44,3.931056323526876e-5,0,SPP1_CD44,SPP1 - CD44,SPP1,Secreted Signaling,PMID: 21907263,mild
Ht-NPCs,Hom/Reg-like NPCs,SPP1,CD44,6.802562212967807e-6,0,SPP1_CD44,SPP1 - CD44,SPP1,Secreted Signaling,PMID: 21907263,mild
Fibro-reg NPCs,Hom/Reg-like NPCs,SPP1,CD44,2.2932903701692225e-6,0,SPP1_CD44,SPP1 - CD44,SPP1,Secreted Signaling,PMID: 21907263,mild
Hom-NPCs,Hom-NPCs,SPP1,ITGAV_ITGB1,6.331072238513156e-7,0,SPP1_ITGAV_ITGB1,SPP1 - (ITGAV+ITGB1),SPP1,Secreted Signaling,PMID: 21907263,mild
Eff-NPCs,Hom-NPCs,SPP1,ITGAV_ITGB1,1.1947707329118959e-6,0,SPP1_ITGAV_ITGB1,SPP1 - (ITGAV+ITGB1),SPP1,Secreted Signaling,PMID: 21907263,mild
Fibro-reg NPCs,Hom-NPCs,SPP1,ITGAV_ITGB1,6.958408799361279e-8,0,SPP1_ITGAV_ITGB1,SPP1 - (ITGAV+ITGB1),SPP1,Secreted Signaling,PMID: 21907263,mild
Hom-NPCs,Eff-NPCs,SPP1,ITGAV_ITGB1,1.6365655576166555e-6,0,SPP1_ITGAV_ITGB1,SPP1 - (ITGAV+ITGB1),SPP1,Secreted Signaling,PMID: 21907263,mild
Eff-NPCs,Eff-NPCs,SPP1,ITGAV_ITGB1,3.086813612622296e-6,0,SPP1_ITGAV_ITGB1,SPP1 - (ITGAV+ITGB1),SPP1,Secreted Signaling,PMID: 21907263,mild
Ht-NPCs,Eff-NPCs,SPP1,ITGAV_ITGB1,5.346051392036965e-7,0,SPP1_ITGAV_ITGB1,SPP1 - (ITGAV+ITGB1),SPP1,Secreted Signaling,PMID: 21907263,mild
Fibro-reg NPCs,Eff-NPCs,SPP1,ITGAV_ITGB1,1.7988546416005623e-7,0,SPP1_ITGAV_ITGB1,SPP1 - (ITGAV+ITGB1),SPP1,Secreted Signaling,PMID: 21907263,mild
Hom-NPCs,Fibro-NPCs,SPP1,ITGAV_ITGB1,2.0111346635755654e-6,0,SPP1_ITGAV_ITGB1,SPP1 - (ITGAV+ITGB1),SPP1,Secreted Signaling,PMID: 21907263,mild
Eff-NPCs,Fibro-NPCs,SPP1,ITGAV_ITGB1,3.793897294232461e-6,0,SPP1_ITGAV_ITGB1,SPP1 - (ITGAV+ITGB1),SPP1,Secreted Signaling,PMID: 21907263,mild
Fibro-reg NPCs,Fibro-NPCs,SPP1,ITGAV_ITGB1,2.2105229779569656e-7,0,SPP1_ITGAV_ITGB1,SPP1 - (ITGAV+ITGB1),SPP1,Secreted Signaling,PMID: 21907263,mild
Hom-NPCs,Fibro-reg NPCs,SPP1,ITGAV_ITGB1,7.050355472926942e-6,0,SPP1_ITGAV_ITGB1,SPP1 - (ITGAV+ITGB1),SPP1,Secreted Signaling,PMID: 21907263,mild
Eff-NPCs,Fibro-reg NPCs,SPP1,ITGAV_ITGB1,1.3272985627022772e-5,0,SPP1_ITGAV_ITGB1,SPP1 - (ITGAV+ITGB1),SPP1,Secreted Signaling,PMID: 21907263,mild
Ht-NPCs,Fibro-reg NPCs,SPP1,ITGAV_ITGB1,2.2949573977544815e-6,0,SPP1_ITGAV_ITGB1,SPP1 - (ITGAV+ITGB1),SPP1,Secreted Signaling,PMID: 21907263,mild
Fibro-reg NPCs,Fibro-reg NPCs,SPP1,ITGAV_ITGB1,7.751406912945332e-7,0,SPP1_ITGAV_ITGB1,SPP1 - (ITGAV+ITGB1),SPP1,Secreted Signaling,PMID: 21907263,mild
Hom-NPCs,Hom/Reg-like NPCs,SPP1,ITGAV_ITGB1,1.4136635372315562e-5,0,SPP1_ITGAV_ITGB1,SPP1 - (ITGAV+ITGB1),SPP1,Secreted Signaling,PMID: 21907263,mild
Eff-NPCs,Hom/Reg-like NPCs,SPP1,ITGAV_ITGB1,2.6651956012201064e-5,0,SPP1_ITGAV_ITGB1,SPP1 - (ITGAV+ITGB1),SPP1,Secreted Signaling,PMID: 21907263,mild
Ht-NPCs,Hom/Reg-like NPCs,SPP1,ITGAV_ITGB1,4.614045974741216e-6,0,SPP1_ITGAV_ITGB1,SPP1 - (ITGAV+ITGB1),SPP1,Secreted Signaling,PMID: 21907263,mild
Fibro-reg NPCs,Hom/Reg-like NPCs,SPP1,ITGAV_ITGB1,1.5539391036799071e-6,0,SPP1_ITGAV_ITGB1,SPP1 - (ITGAV+ITGB1),SPP1,Secreted Signaling,PMID: 21907263,mild
Hom-NPCs,ECM/Adh-NPCs,SPP1,ITGAV_ITGB5,6.810321197987319e-7,0,SPP1_ITGAV_ITGB5,SPP1 - (ITGAV+ITGB5),SPP1,Secreted Signaling,PMID: 21907263,mild
Eff-NPCs,ECM/Adh-NPCs,SPP1,ITGAV_ITGB5,1.2852081217289605e-6,0,SPP1_ITGAV_ITGB5,SPP1 - (ITGAV+ITGB5),SPP1,Secreted Signaling,PMID: 21907263,mild
Fibro-reg NPCs,ECM/Adh-NPCs,SPP1,ITGAV_ITGB5,7.485149060037247e-8,0,SPP1_ITGAV_ITGB5,SPP1 - (ITGAV+ITGB5),SPP1,Secreted Signaling,PMID: 21907263,mild
Hom-NPCs,Eff-NPCs,SPP1,ITGAV_ITGB5,1.8339534634660631e-6,0,SPP1_ITGAV_ITGB5,SPP1 - (ITGAV+ITGB5),SPP1,Secreted Signaling,PMID: 21907263,mild
Eff-NPCs,Eff-NPCs,SPP1,ITGAV_ITGB5,3.4588660853149922e-6,0,SPP1_ITGAV_ITGB5,SPP1 - (ITGAV+ITGB5),SPP1,Secreted Signaling,PMID: 21907263,mild
Ht-NPCs,Eff-NPCs,SPP1,ITGAV_ITGB5,5.990027490090108e-7,0,SPP1_ITGAV_ITGB5,SPP1 - (ITGAV+ITGB5),SPP1,Secreted Signaling,PMID: 21907263,mild
Fibro-reg NPCs,Eff-NPCs,SPP1,ITGAV_ITGB5,2.015835491876512e-7,0,SPP1_ITGAV_ITGB5,SPP1 - (ITGAV+ITGB5),SPP1,Secreted Signaling,PMID: 21907263,mild
Hom-NPCs,Fibro-NPCs,SPP1,ITGAV_ITGB5,1.7975657910481443e-6,0,SPP1_ITGAV_ITGB5,SPP1 - (ITGAV+ITGB5),SPP1,Secreted Signaling,PMID: 21907263,mild
Eff-NPCs,Fibro-NPCs,SPP1,ITGAV_ITGB5,3.3911722419790695e-6,0,SPP1_ITGAV_ITGB5,SPP1 - (ITGAV+ITGB5),SPP1,Secreted Signaling,PMID: 21907263,mild
Fibro-reg NPCs,Fibro-NPCs,SPP1,ITGAV_ITGB5,1.9757681900939736e-7,0,SPP1_ITGAV_ITGB5,SPP1 - (ITGAV+ITGB5),SPP1,Secreted Signaling,PMID: 21907263,mild
Hom-NPCs,Fibro-reg NPCs,SPP1,ITGAV_ITGB5,8.877714862812608e-6,0,SPP1_ITGAV_ITGB5,SPP1 - (ITGAV+ITGB5),SPP1,Secreted Signaling,PMID: 21907263,mild
Eff-NPCs,Fibro-reg NPCs,SPP1,ITGAV_ITGB5,1.6702405192883427e-5,0,SPP1_ITGAV_ITGB5,SPP1 - (ITGAV+ITGB5),SPP1,Secreted Signaling,PMID: 21907263,mild
Ht-NPCs,Fibro-reg NPCs,SPP1,ITGAV_ITGB5,2.886296017119448e-6,0,SPP1_ITGAV_ITGB5,SPP1 - (ITGAV+ITGB5),SPP1,Secreted Signaling,PMID: 21907263,mild
Fibro-reg NPCs,Fibro-reg NPCs,SPP1,ITGAV_ITGB5,9.761290848122283e-7,0,SPP1_ITGAV_ITGB5,SPP1 - (ITGAV+ITGB5),SPP1,Secreted Signaling,PMID: 21907263,mild
Hom-NPCs,Hom/Reg-like NPCs,SPP1,ITGAV_ITGB5,1.1744601923394482e-5,0,SPP1_ITGAV_ITGB5,SPP1 - (ITGAV+ITGB5),SPP1,Secreted Signaling,PMID: 21907263,mild
Eff-NPCs,Hom/Reg-like NPCs,SPP1,ITGAV_ITGB5,2.214615909772394e-5,0,SPP1_ITGAV_ITGB5,SPP1 - (ITGAV+ITGB5),SPP1,Secreted Signaling,PMID: 21907263,mild
Ht-NPCs,Hom/Reg-like NPCs,SPP1,ITGAV_ITGB5,3.834588306350552e-6,0,SPP1_ITGAV_ITGB5,SPP1 - (ITGAV+ITGB5),SPP1,Secreted Signaling,PMID: 21907263,mild
Fibro-reg NPCs,Hom/Reg-like NPCs,SPP1,ITGAV_ITGB5,1.2909701321692358e-6,0,SPP1_ITGAV_ITGB5,SPP1 - (ITGAV+ITGB5),SPP1,Secreted Signaling,PMID: 21907263,mild
Hom-NPCs,Fibro-reg NPCs,SPP1,ITGA5_ITGB1,3.9981127890325375e-6,0,SPP1_ITGA5_ITGB1,SPP1 - (ITGA5+ITGB1),SPP1,Secreted Signaling,PMID: 21907263,mild
Eff-NPCs,Fibro-reg NPCs,SPP1,ITGA5_ITGB1,7.534950126731993e-6,0,SPP1_ITGA5_ITGB1,SPP1 - (ITGA5+ITGB1),SPP1,Secreted Signaling,PMID: 21907263,mild
Ht-NPCs,Fibro-reg NPCs,SPP1,ITGA5_ITGB1,1.3040528673413663e-6,0,SPP1_ITGA5_ITGB1,SPP1 - (ITGA5+ITGB1),SPP1,Secreted Signaling,PMID: 21907263,mild
Fibro-reg NPCs,Fibro-reg NPCs,SPP1,ITGA5_ITGB1,4.395047145928388e-7,0,SPP1_ITGA5_ITGB1,SPP1 - (ITGA5+ITGB1),SPP1,Secreted Signaling,PMID: 21907263,mild
Hom-NPCs,Fibro-reg NPCs,NAMPT,ITGA5_ITGB1,2.091431917888312e-5,0,NAMPT_ITGA5_ITGB1,NAMPT - (ITGA5+ITGB1),VISFATIN,Secreted Signaling,PMID: 28490838,mild
Eff-NPCs,Fibro-reg NPCs,NAMPT,ITGA5_ITGB1,3.62987183358024e-5,0,NAMPT_ITGA5_ITGB1,NAMPT - (ITGA5+ITGB1),VISFATIN,Secreted Signaling,PMID: 28490838,mild
Ht-NPCs,Fibro-reg NPCs,NAMPT,ITGA5_ITGB1,1.3424198511192027e-6,0,NAMPT_ITGA5_ITGB1,NAMPT - (ITGA5+ITGB1),VISFATIN,Secreted Signaling,PMID: 28490838,mild
Fibro-reg NPCs,Fibro-reg NPCs,NAMPT,ITGA5_ITGB1,1.6579725628448995e-5,0,NAMPT_ITGA5_ITGB1,NAMPT - (ITGA5+ITGB1),VISFATIN,Secreted Signaling,PMID: 28490838,mild
Hom/Reg-like NPCs,Fibro-reg NPCs,NAMPT,ITGA5_ITGB1,7.337594890489136e-5,0,NAMPT_ITGA5_ITGB1,NAMPT - (ITGA5+ITGB1),VISFATIN,Secreted Signaling,PMID: 28490838,mild
ECM/Adh-NPCs,Fibro-reg NPCs,ANGPTL2,ITGA5_ITGB1,1.5004269876681875e-7,0,ANGPTL2_ITGA5_ITGB1,ANGPTL2 - (ITGA5+ITGB1),ANGPTL,Secreted Signaling,PMID: 24478758,mild
Hom-NPCs,Fibro-reg NPCs,ANGPTL2,ITGA5_ITGB1,1.1154410397990912e-5,0,ANGPTL2_ITGA5_ITGB1,ANGPTL2 - (ITGA5+ITGB1),ANGPTL,Secreted Signaling,PMID: 24478758,mild
Eff-NPCs,Fibro-reg NPCs,ANGPTL2,ITGA5_ITGB1,2.4344974385142544e-6,0,ANGPTL2_ITGA5_ITGB1,ANGPTL2 - (ITGA5+ITGB1),ANGPTL,Secreted Signaling,PMID: 24478758,mild
Ht-NPCs,Fibro-reg NPCs,ANGPTL2,ITGA5_ITGB1,6.99030747556652e-7,0,ANGPTL2_ITGA5_ITGB1,ANGPTL2 - (ITGA5+ITGB1),ANGPTL,Secreted Signaling,PMID: 24478758,mild
Fibro-reg NPCs,Fibro-reg NPCs,ANGPTL2,ITGA5_ITGB1,2.418614921674858e-5,0,ANGPTL2_ITGA5_ITGB1,ANGPTL2 - (ITGA5+ITGB1),ANGPTL,Secreted Signaling,PMID: 24478758,mild
Hom/Reg-like NPCs,Fibro-reg NPCs,ANGPTL2,ITGA5_ITGB1,8.558164875003883e-5,0,ANGPTL2_ITGA5_ITGB1,ANGPTL2 - (ITGA5+ITGB1),ANGPTL,Secreted Signaling,PMID: 24478758,mild
Eff-NPCs,Fibro-reg NPCs,ANGPTL4,ITGA5_ITGB1,4.267877602184052e-7,0,ANGPTL4_ITGA5_ITGB1,ANGPTL4 - (ITGA5+ITGB1),ANGPTL,Secreted Signaling,PMID: 30049845,mild
Hom/Reg-like NPCs,Fibro-reg NPCs,ANGPTL4,ITGA5_ITGB1,2.3081598125660294e-6,0,ANGPTL4_ITGA5_ITGB1,ANGPTL4 - (ITGA5+ITGB1),ANGPTL,Secreted Signaling,PMID: 30049845,mild
Eff-NPCs,Eff-NPCs,ANGPTL4,CDH11,4.600811657995332e-8,0,ANGPTL4_CDH11,ANGPTL4 - CDH11,ANGPTL,Secreted Signaling,PMID: 30049845,mild
Hom/Reg-like NPCs,Eff-NPCs,ANGPTL4,CDH11,2.488236775376781e-7,0,ANGPTL4_CDH11,ANGPTL4 - CDH11,ANGPTL,Secreted Signaling,PMID: 30049845,mild
Eff-NPCs,Fibro-NPCs,ANGPTL4,CDH11,1.2894453667166955e-7,0,ANGPTL4_CDH11,ANGPTL4 - CDH11,ANGPTL,Secreted Signaling,PMID: 30049845,mild
Hom/Reg-like NPCs,Fibro-NPCs,ANGPTL4,CDH11,6.973646090230168e-7,0,ANGPTL4_CDH11,ANGPTL4 - CDH11,ANGPTL,Secreted Signaling,PMID: 30049845,mild
Eff-NPCs,Fibro-reg NPCs,ANGPTL4,CDH11,5.783380204611933e-7,0,ANGPTL4_CDH11,ANGPTL4 - CDH11,ANGPTL,Secreted Signaling,PMID: 30049845,mild
Hom/Reg-like NPCs,Fibro-reg NPCs,ANGPTL4,CDH11,3.1277665544506266e-6,0,ANGPTL4_CDH11,ANGPTL4 - CDH11,ANGPTL,Secreted Signaling,PMID: 30049845,mild
Eff-NPCs,ECM/Adh-NPCs,ANGPTL4,SDC2,3.6383875660591955e-6,0,ANGPTL4_SDC2,ANGPTL4 - SDC2,ANGPTL,Secreted Signaling,PMID: 29017031,mild
Hom/Reg-like NPCs,ECM/Adh-NPCs,ANGPTL4,SDC2,1.967689473578162e-5,0,ANGPTL4_SDC2,ANGPTL4 - SDC2,ANGPTL,Secreted Signaling,PMID: 29017031,mild
Eff-NPCs,Hom-NPCs,ANGPTL4,SDC2,7.0241693713025e-6,0,ANGPTL4_SDC2,ANGPTL4 - SDC2,ANGPTL,Secreted Signaling,PMID: 29017031,mild
Hom/Reg-like NPCs,Hom-NPCs,ANGPTL4,SDC2,3.7986795081805236e-5,0,ANGPTL4_SDC2,ANGPTL4 - SDC2,ANGPTL,Secreted Signaling,PMID: 29017031,mild
Eff-NPCs,Eff-NPCs,ANGPTL4,SDC2,1.216880703573083e-6,0,ANGPTL4_SDC2,ANGPTL4 - SDC2,ANGPTL,Secreted Signaling,PMID: 29017031,mild
Hom/Reg-like NPCs,Eff-NPCs,ANGPTL4,SDC2,6.581039968847311e-6,0,ANGPTL4_SDC2,ANGPTL4 - SDC2,ANGPTL,Secreted Signaling,PMID: 29017031,mild
Eff-NPCs,Ht-NPCs,ANGPTL4,SDC2,2.2976472810069926e-7,0,ANGPTL4_SDC2,ANGPTL4 - SDC2,ANGPTL,Secreted Signaling,PMID: 29017031,mild
Hom/Reg-like NPCs,Ht-NPCs,ANGPTL4,SDC2,1.2425674813474106e-6,0,ANGPTL4_SDC2,ANGPTL4 - SDC2,ANGPTL,Secreted Signaling,PMID: 29017031,mild
Eff-NPCs,Fibro-NPCs,ANGPTL4,SDC2,1.5745811166739102e-6,0,ANGPTL4_SDC2,ANGPTL4 - SDC2,ANGPTL,Secreted Signaling,PMID: 29017031,mild
Hom/Reg-like NPCs,Fibro-NPCs,ANGPTL4,SDC2,8.515575346428264e-6,0,ANGPTL4_SDC2,ANGPTL4 - SDC2,ANGPTL,Secreted Signaling,PMID: 29017031,mild
Eff-NPCs,Fibro-reg NPCs,ANGPTL4,SDC2,2.198575654262047e-6,0,ANGPTL4_SDC2,ANGPTL4 - SDC2,ANGPTL,Secreted Signaling,PMID: 29017031,mild
Hom/Reg-like NPCs,Fibro-reg NPCs,ANGPTL4,SDC2,1.1889942650303285e-5,0,ANGPTL4_SDC2,ANGPTL4 - SDC2,ANGPTL,Secreted Signaling,PMID: 29017031,mild
Eff-NPCs,Hom/Reg-like NPCs,ANGPTL4,SDC2,1.4367121531776426e-5,0,ANGPTL4_SDC2,ANGPTL4 - SDC2,ANGPTL,Secreted Signaling,PMID: 29017031,mild
Hom/Reg-like NPCs,Hom/Reg-like NPCs,ANGPTL4,SDC2,7.769640170861927e-5,0,ANGPTL4_SDC2,ANGPTL4 - SDC2,ANGPTL,Secreted Signaling,PMID: 29017031,mild
Eff-NPCs,Hom-NPCs,ANGPTL4,SDC4,1.8546711627277337e-6,0,ANGPTL4_SDC4,ANGPTL4 - SDC4,ANGPTL,Secreted Signaling,PMID: 29017031,mild
Hom/Reg-like NPCs,Hom-NPCs,ANGPTL4,SDC4,1.0030424459895975e-5,0,ANGPTL4_SDC4,ANGPTL4 - SDC4,ANGPTL,Secreted Signaling,PMID: 29017031,mild
Eff-NPCs,Eff-NPCs,ANGPTL4,SDC4,1.2137012581914494e-6,0,ANGPTL4_SDC4,ANGPTL4 - SDC4,ANGPTL,Secreted Signaling,PMID: 29017031,mild
Hom/Reg-like NPCs,Eff-NPCs,ANGPTL4,SDC4,6.563845578772084e-6,0,ANGPTL4_SDC4,ANGPTL4 - SDC4,ANGPTL,Secreted Signaling,PMID: 29017031,mild
Eff-NPCs,Ht-NPCs,ANGPTL4,SDC4,6.068390110872866e-8,0,ANGPTL4_SDC4,ANGPTL4 - SDC4,ANGPTL,Secreted Signaling,PMID: 29017031,mild
Hom/Reg-like NPCs,Ht-NPCs,ANGPTL4,SDC4,3.281901965912437e-7,0,ANGPTL4_SDC4,ANGPTL4 - SDC4,ANGPTL,Secreted Signaling,PMID: 29017031,mild
Eff-NPCs,Fibro-reg NPCs,ANGPTL4,SDC4,3.5696990688795134e-7,0,ANGPTL4_SDC4,ANGPTL4 - SDC4,ANGPTL,Secreted Signaling,PMID: 29017031,mild
Hom/Reg-like NPCs,Fibro-reg NPCs,ANGPTL4,SDC4,1.9305726042566014e-6,0,ANGPTL4_SDC4,ANGPTL4 - SDC4,ANGPTL,Secreted Signaling,PMID: 29017031,mild
Eff-NPCs,Hom/Reg-like NPCs,ANGPTL4,SDC4,4.30234923367828e-6,0,ANGPTL4_SDC4,ANGPTL4 - SDC4,ANGPTL,Secreted Signaling,PMID: 29017031,mild
Hom/Reg-like NPCs,Hom/Reg-like NPCs,ANGPTL4,SDC4,2.326780344504644e-5,0,ANGPTL4_SDC4,ANGPTL4 - SDC4,ANGPTL,Secreted Signaling,PMID: 29017031,mild
Fibro-NPCs,ECM/Adh-NPCs,POSTN,ITGAV_ITGB5,1.5151638994239631e-5,0,POSTN_ITGAV_ITGB5,POSTN - (ITGAV+ITGB5),PERIOSTIN,Secreted Signaling,PMID: 26721738,mild
Fibro-reg NPCs,ECM/Adh-NPCs,POSTN,ITGAV_ITGB5,1.3148841442459527e-6,0,POSTN_ITGAV_ITGB5,POSTN - (ITGAV+ITGB5),PERIOSTIN,Secreted Signaling,PMID: 26721738,mild
Fibro-NPCs,Eff-NPCs,POSTN,ITGAV_ITGB5,4.05990596297693e-5,0,POSTN_ITGAV_ITGB5,POSTN - (ITGAV+ITGB5),PERIOSTIN,Secreted Signaling,PMID: 26721738,mild
Fibro-reg NPCs,Eff-NPCs,POSTN,ITGAV_ITGB5,3.5387791673369677e-6,0,POSTN_ITGAV_ITGB5,POSTN - (ITGAV+ITGB5),PERIOSTIN,Secreted Signaling,PMID: 26721738,mild
Fibro-NPCs,Fibro-NPCs,POSTN,ITGAV_ITGB5,3.988461334815789e-5,0,POSTN_ITGAV_ITGB5,POSTN - (ITGAV+ITGB5),PERIOSTIN,Secreted Signaling,PMID: 26721738,mild
Fibro-reg NPCs,Fibro-NPCs,POSTN,ITGAV_ITGB5,3.469500472667654e-6,0,POSTN_ITGAV_ITGB5,POSTN - (ITGAV+ITGB5),PERIOSTIN,Secreted Signaling,PMID: 26721738,mild
Fibro-NPCs,Fibro-reg NPCs,POSTN,ITGAV_ITGB5,1.9259898390037525e-4,0,POSTN_ITGAV_ITGB5,POSTN - (ITGAV+ITGB5),PERIOSTIN,Secreted Signaling,PMID: 26721738,mild
Fibro-reg NPCs,Fibro-reg NPCs,POSTN,ITGAV_ITGB5,1.7089210811883773e-5,0,POSTN_ITGAV_ITGB5,POSTN - (ITGAV+ITGB5),PERIOSTIN,Secreted Signaling,PMID: 26721738,mild
Fibro-NPCs,Hom/Reg-like NPCs,POSTN,ITGAV_ITGB5,2.5957265049967584e-4,0,POSTN_ITGAV_ITGB5,POSTN - (ITGAV+ITGB5),PERIOSTIN,Secreted Signaling,PMID: 26721738,mild
Fibro-reg NPCs,Hom/Reg-like NPCs,POSTN,ITGAV_ITGB5,2.2657917537298205e-5,0,POSTN_ITGAV_ITGB5,POSTN - (ITGAV+ITGB5),PERIOSTIN,Secreted Signaling,PMID: 26721738,mild
Fibro-reg NPCs,Fibro-reg NPCs,GRN,SORT1,1.0943080289002647e-6,0,GRN_SORT1,GRN - SORT1,GRN,Secreted Signaling,PMID: 29555433,mild
Eff-NPCs,Eff-NPCs,PROS1,AXL,2.550659054689218e-7,0,PROS1_AXL,PROS1 - AXL,PROS,Secreted Signaling,PMID: 29531161,mild
Fibro-reg NPCs,Eff-NPCs,PROS1,AXL,5.579070890515813e-7,0,PROS1_AXL,PROS1 - AXL,PROS,Secreted Signaling,PMID: 29531161,mild
Hom/Reg-like NPCs,Eff-NPCs,PROS1,AXL,1.635432635188227e-6,0,PROS1_AXL,PROS1 - AXL,PROS,Secreted Signaling,PMID: 29531161,mild
Eff-NPCs,Ht-NPCs,PROS1,AXL,7.486947453143824e-8,0,PROS1_AXL,PROS1 - AXL,PROS,Secreted Signaling,PMID: 29531161,mild
Fibro-reg NPCs,Ht-NPCs,PROS1,AXL,1.6374166430489788e-7,0,PROS1_AXL,PROS1 - AXL,PROS,Secreted Signaling,PMID: 29531161,mild
Hom/Reg-like NPCs,Ht-NPCs,PROS1,AXL,4.800322071794898e-7,0,PROS1_AXL,PROS1 - AXL,PROS,Secreted Signaling,PMID: 29531161,mild
Eff-NPCs,Fibro-reg NPCs,PROS1,AXL,1.314093654404801e-6,0,PROS1_AXL,PROS1 - AXL,PROS,Secreted Signaling,PMID: 29531161,mild
Fibro-reg NPCs,Fibro-reg NPCs,PROS1,AXL,2.873582062154705e-6,0,PROS1_AXL,PROS1 - AXL,PROS,Secreted Signaling,PMID: 29531161,mild
Hom/Reg-like NPCs,Fibro-reg NPCs,PROS1,AXL,8.425131698533001e-6,0,PROS1_AXL,PROS1 - AXL,PROS,Secreted Signaling,PMID: 29531161,mild
Fibro-NPCs,Hom-NPCs,IGFBP3,TMEM219,1.758442409712641e-6,0,IGFBP3_TMEM219,IGFBP3 - TMEM219,IGFBP,Secreted Signaling,PMID:20353938,mild
Fibro-reg NPCs,Hom-NPCs,IGFBP3,TMEM219,3.253897382881862e-6,0,IGFBP3_TMEM219,IGFBP3 - TMEM219,IGFBP,Secreted Signaling,PMID:20353938,mild
Fibro-NPCs,Eff-NPCs,IGFBP3,TMEM219,2.2121702416694922e-8,0,IGFBP3_TMEM219,IGFBP3 - TMEM219,IGFBP,Secreted Signaling,PMID:20353938,mild
Fibro-reg NPCs,Eff-NPCs,IGFBP3,TMEM219,4.09408250791091e-8,0,IGFBP3_TMEM219,IGFBP3 - TMEM219,IGFBP,Secreted Signaling,PMID:20353938,mild
Fibro-NPCs,Ht-NPCs,IGFBP3,TMEM219,1.6689217727611095e-7,0,IGFBP3_TMEM219,IGFBP3 - TMEM219,IGFBP,Secreted Signaling,PMID:20353938,mild
Fibro-reg NPCs,Ht-NPCs,IGFBP3,TMEM219,3.08729566637005e-7,0,IGFBP3_TMEM219,IGFBP3 - TMEM219,IGFBP,Secreted Signaling,PMID:20353938,mild
Fibro-NPCs,Fibro-reg NPCs,IGFBP3,TMEM219,3.639025273400766e-7,0,IGFBP3_TMEM219,IGFBP3 - TMEM219,IGFBP,Secreted Signaling,PMID:20353938,mild
Fibro-reg NPCs,Fibro-reg NPCs,IGFBP3,TMEM219,6.734172247273857e-7,0,IGFBP3_TMEM219,IGFBP3 - TMEM219,IGFBP,Secreted Signaling,PMID:20353938,mild
Fibro-NPCs,Hom/Reg-like NPCs,IGFBP3,TMEM219,1.5155543280327334e-6,0,IGFBP3_TMEM219,IGFBP3 - TMEM219,IGFBP,Secreted Signaling,PMID:20353938,mild
Fibro-reg NPCs,Hom/Reg-like NPCs,IGFBP3,TMEM219,2.804631785852896e-6,0,IGFBP3_TMEM219,IGFBP3 - TMEM219,IGFBP,Secreted Signaling,PMID:20353938,mild
Eff-NPCs,Fibro-reg NPCs,COL1A1,ITGA1_ITGB1,1.981813576124998e-8,0,COL1A1_ITGA1_ITGB1,COL1A1 - (ITGA1+ITGB1),COLLAGEN,ECM-Receptor,KEGG: hsa04512,mild
Fibro-NPCs,Fibro-reg NPCs,COL1A1,ITGA1_ITGB1,3.677050140677307e-5,0,COL1A1_ITGA1_ITGB1,COL1A1 - (ITGA1+ITGB1),COLLAGEN,ECM-Receptor,KEGG: hsa04512,mild
Fibro-reg NPCs,Fibro-reg NPCs,COL1A1,ITGA1_ITGB1,8.158112969044835e-6,0,COL1A1_ITGA1_ITGB1,COL1A1 - (ITGA1+ITGB1),COLLAGEN,ECM-Receptor,KEGG: hsa04512,mild
ECM/Adh-NPCs,Fibro-reg NPCs,COL1A2,ITGA1_ITGB1,2.838592618925043e-5,0,COL1A2_ITGA1_ITGB1,COL1A2 - (ITGA1+ITGB1),COLLAGEN,ECM-Receptor,KEGG: hsa04512,mild
Hom-NPCs,Fibro-reg NPCs,COL1A2,ITGA1_ITGB1,6.919106176667081e-6,0,COL1A2_ITGA1_ITGB1,COL1A2 - (ITGA1+ITGB1),COLLAGEN,ECM-Receptor,KEGG: hsa04512,mild
Eff-NPCs,Fibro-reg NPCs,COL1A2,ITGA1_ITGB1,2.150115625917027e-6,0,COL1A2_ITGA1_ITGB1,COL1A2 - (ITGA1+ITGB1),COLLAGEN,ECM-Receptor,KEGG: hsa04512,mild
Ht-NPCs,Fibro-reg NPCs,COL1A2,ITGA1_ITGB1,3.123676519337859e-7,0,COL1A2_ITGA1_ITGB1,COL1A2 - (ITGA1+ITGB1),COLLAGEN,ECM-Receptor,KEGG: hsa04512,mild
Fibro-NPCs,Fibro-reg NPCs,COL1A2,ITGA1_ITGB1,4.3499590086660495e-5,0,COL1A2_ITGA1_ITGB1,COL1A2 - (ITGA1+ITGB1),COLLAGEN,ECM-Receptor,KEGG: hsa04512,mild
Fibro-reg NPCs,Fibro-reg NPCs,COL1A2,ITGA1_ITGB1,1.8286792902643886e-5,0,COL1A2_ITGA1_ITGB1,COL1A2 - (ITGA1+ITGB1),COLLAGEN,ECM-Receptor,KEGG: hsa04512,mild
Hom/Reg-like NPCs,Fibro-reg NPCs,COL1A2,ITGA1_ITGB1,1.5304900274098825e-5,0,COL1A2_ITGA1_ITGB1,COL1A2 - (ITGA1+ITGB1),COLLAGEN,ECM-Receptor,KEGG: hsa04512,mild
ECM/Adh-NPCs,Fibro-reg NPCs,COL2A1,ITGA1_ITGB1,4.3428093386726e-5,0,COL2A1_ITGA1_ITGB1,COL2A1 - (ITGA1+ITGB1),COLLAGEN,ECM-Receptor,KEGG: hsa04512,mild
Hom-NPCs,Fibro-reg NPCs,COL2A1,ITGA1_ITGB1,1.722917712650595e-5,0,COL2A1_ITGA1_ITGB1,COL2A1 - (ITGA1+ITGB1),COLLAGEN,ECM-Receptor,KEGG: hsa04512,mild
Eff-NPCs,Fibro-reg NPCs,COL2A1,ITGA1_ITGB1,2.8974179217746265e-6,0,COL2A1_ITGA1_ITGB1,COL2A1 - (ITGA1+ITGB1),COLLAGEN,ECM-Receptor,KEGG: hsa04512,mild
Ht-NPCs,Fibro-reg NPCs,COL2A1,ITGA1_ITGB1,1.0387381415078827e-6,0,COL2A1_ITGA1_ITGB1,COL2A1 - (ITGA1+ITGB1),COLLAGEN,ECM-Receptor,KEGG: hsa04512,mild
Fibro-NPCs,Fibro-reg NPCs,COL2A1,ITGA1_ITGB1,2.0665132714429893e-6,0,COL2A1_ITGA1_ITGB1,COL2A1 - (ITGA1+ITGB1),COLLAGEN,ECM-Receptor,KEGG: hsa04512,mild
Fibro-reg NPCs,Fibro-reg NPCs,COL2A1,ITGA1_ITGB1,7.67876961143577e-6,0,COL2A1_ITGA1_ITGB1,COL2A1 - (ITGA1+ITGB1),COLLAGEN,ECM-Receptor,KEGG: hsa04512,mild
Hom/Reg-like NPCs,Fibro-reg NPCs,COL2A1,ITGA1_ITGB1,5.840920645265446e-5,0,COL2A1_ITGA1_ITGB1,COL2A1 - (ITGA1+ITGB1),COLLAGEN,ECM-Receptor,KEGG: hsa04512,mild
ECM/Adh-NPCs,Fibro-reg NPCs,COL6A1,ITGA1_ITGB1,6.257239922994025e-6,0,COL6A1_ITGA1_ITGB1,COL6A1 - (ITGA1+ITGB1),COLLAGEN,ECM-Receptor,KEGG: hsa04512,mild
Eff-NPCs,Fibro-reg NPCs,COL6A1,ITGA1_ITGB1,1.474716018650976e-7,0,COL6A1_ITGA1_ITGB1,COL6A1 - (ITGA1+ITGB1),COLLAGEN,ECM-Receptor,KEGG: hsa04512,mild
Ht-NPCs,Fibro-reg NPCs,COL6A1,ITGA1_ITGB1,7.301923034210537e-8,0,COL6A1_ITGA1_ITGB1,COL6A1 - (ITGA1+ITGB1),COLLAGEN,ECM-Receptor,KEGG: hsa04512,mild
Fibro-NPCs,Fibro-reg NPCs,COL6A1,ITGA1_ITGB1,1.6334747498368006e-5,0,COL6A1_ITGA1_ITGB1,COL6A1 - (ITGA1+ITGB1),COLLAGEN,ECM-Receptor,KEGG: hsa04512,mild
Fibro-reg NPCs,Fibro-reg NPCs,COL6A1,ITGA1_ITGB1,9.915549845868874e-6,0,COL6A1_ITGA1_ITGB1,COL6A1 - (ITGA1+ITGB1),COLLAGEN,ECM-Receptor,KEGG: hsa04512,mild
Hom/Reg-like NPCs,Fibro-reg NPCs,COL6A1,ITGA1_ITGB1,5.353168316285209e-6,0,COL6A1_ITGA1_ITGB1,COL6A1 - (ITGA1+ITGB1),COLLAGEN,ECM-Receptor,KEGG: hsa04512,mild
Fibro-reg NPCs,Fibro-reg NPCs,COL6A2,ITGA1_ITGB1,1.3201500846577923e-6,0,COL6A2_ITGA1_ITGB1,COL6A2 - (ITGA1+ITGB1),COLLAGEN,ECM-Receptor,KEGG: hsa04512,mild
ECM/Adh-NPCs,Fibro-reg NPCs,COL6A3,ITGA1_ITGB1,6.1603515418417295e-6,0,COL6A3_ITGA1_ITGB1,COL6A3 - (ITGA1+ITGB1),COLLAGEN,ECM-Receptor,KEGG: hsa04512,mild
Eff-NPCs,Fibro-reg NPCs,COL6A3,ITGA1_ITGB1,6.343563262215047e-7,0,COL6A3_ITGA1_ITGB1,COL6A3 - (ITGA1+ITGB1),COLLAGEN,ECM-Receptor,KEGG: hsa04512,mild
Ht-NPCs,Fibro-reg NPCs,COL6A3,ITGA1_ITGB1,4.9373728010323103e-8,0,COL6A3_ITGA1_ITGB1,COL6A3 - (ITGA1+ITGB1),COLLAGEN,ECM-Receptor,KEGG: hsa04512,mild
Fibro-NPCs,Fibro-reg NPCs,COL6A3,ITGA1_ITGB1,1.811756481607673e-5,0,COL6A3_ITGA1_ITGB1,COL6A3 - (ITGA1+ITGB1),COLLAGEN,ECM-Receptor,KEGG: hsa04512,mild
Fibro-reg NPCs,Fibro-reg NPCs,COL6A3,ITGA1_ITGB1,9.881420114077914e-6,0,COL6A3_ITGA1_ITGB1,COL6A3 - (ITGA1+ITGB1),COLLAGEN,ECM-Receptor,KEGG: hsa04512,mild
Hom/Reg-like NPCs,Fibro-reg NPCs,COL6A3,ITGA1_ITGB1,3.526470241955106e-6,0,COL6A3_ITGA1_ITGB1,COL6A3 - (ITGA1+ITGB1),COLLAGEN,ECM-Receptor,KEGG: hsa04512,mild
Ht-NPCs,Fibro-reg NPCs,COL9A2,ITGA1_ITGB1,4.570041593424295e-8,0,COL9A2_ITGA1_ITGB1,COL9A2 - (ITGA1+ITGB1),COLLAGEN,ECM-Receptor,KEGG: hsa04512,mild
Hom/Reg-like NPCs,Fibro-reg NPCs,COL9A2,ITGA1_ITGB1,1.2524472365884801e-5,0,COL9A2_ITGA1_ITGB1,COL9A2 - (ITGA1+ITGB1),COLLAGEN,ECM-Receptor,KEGG: hsa04512,mild
Ht-NPCs,Fibro-reg NPCs,COL9A3,ITGA1_ITGB1,3.6187682628424865e-8,0,COL9A3_ITGA1_ITGB1,COL9A3 - (ITGA1+ITGB1),COLLAGEN,ECM-Receptor,KEGG: hsa04512,mild
ECM/Adh-NPCs,Fibro-reg NPCs,FN1,ITGA5_ITGB1,6.933295912490728e-4,0,FN1_ITGA5_ITGB1,FN1 - (ITGA5+ITGB1),FN1,ECM-Receptor,KEGG: hsa04512,mild
Hom-NPCs,Fibro-reg NPCs,FN1,ITGA5_ITGB1,3.4472261574871487e-4,0,FN1_ITGA5_ITGB1,FN1 - (ITGA5+ITGB1),FN1,ECM-Receptor,KEGG: hsa04512,mild
Eff-NPCs,Fibro-reg NPCs,FN1,ITGA5_ITGB1,1.6594719215206428e-4,0,FN1_ITGA5_ITGB1,FN1 - (ITGA5+ITGB1),FN1,ECM-Receptor,KEGG: hsa04512,mild
Ht-NPCs,Fibro-reg NPCs,FN1,ITGA5_ITGB1,1.080932959130922e-5,0,FN1_ITGA5_ITGB1,FN1 - (ITGA5+ITGB1),FN1,ECM-Receptor,KEGG: hsa04512,mild
Fibro-NPCs,Fibro-reg NPCs,FN1,ITGA5_ITGB1,3.123930929964026e-4,0,FN1_ITGA5_ITGB1,FN1 - (ITGA5+ITGB1),FN1,ECM-Receptor,KEGG: hsa04512,mild
Fibro-reg NPCs,Fibro-reg NPCs,FN1,ITGA5_ITGB1,2.097181673639447e-4,0,FN1_ITGA5_ITGB1,FN1 - (ITGA5+ITGB1),FN1,ECM-Receptor,KEGG: hsa04512,mild
Hom/Reg-like NPCs,Fibro-reg NPCs,FN1,ITGA5_ITGB1,6.90892639266679e-4,0,FN1_ITGA5_ITGB1,FN1 - (ITGA5+ITGB1),FN1,ECM-Receptor,KEGG: hsa04512,mild
Fibro-reg NPCs,Fibro-reg NPCs,LAMC1,ITGA1_ITGB1,7.567462180889644e-7,0,LAMC1_ITGA1_ITGB1,LAMC1 - (ITGA1+ITGB1),LAMININ,ECM-Receptor,KEGG: hsa04512,mild
Fibro-NPCs,Eff-NPCs,COL1A1,ITGA10_ITGB1,8.588669297097583e-5,0,COL1A1_ITGA10_ITGB1,COL1A1 - (ITGA10+ITGB1),COLLAGEN,ECM-Receptor,KEGG: hsa04512,mild
Fibro-reg NPCs,Eff-NPCs,COL1A1,ITGA10_ITGB1,1.914432246573275e-5,0,COL1A1_ITGA10_ITGB1,COL1A1 - (ITGA10+ITGB1),COLLAGEN,ECM-Receptor,KEGG: hsa04512,mild
Fibro-NPCs,Fibro-reg NPCs,COL1A1,ITGA10_ITGB1,3.9858798881442996e-4,0,COL1A1_ITGA10_ITGB1,COL1A1 - (ITGA10+ITGB1),COLLAGEN,ECM-Receptor,KEGG: hsa04512,mild
Fibro-reg NPCs,Fibro-reg NPCs,COL1A1,ITGA10_ITGB1,9.13471521805973e-5,0,COL1A1_ITGA10_ITGB1,COL1A1 - (ITGA10+ITGB1),COLLAGEN,ECM-Receptor,KEGG: hsa04512,mild
Fibro-NPCs,Hom/Reg-like NPCs,COL1A1,ITGA10_ITGB1,7.753080060111715e-4,0,COL1A1_ITGA10_ITGB1,COL1A1 - (ITGA10+ITGB1),COLLAGEN,ECM-Receptor,KEGG: hsa04512,mild
Fibro-reg NPCs,Hom/Reg-like NPCs,COL1A1,ITGA10_ITGB1,1.7394837017019e-4,0,COL1A1_ITGA10_ITGB1,COL1A1 - (ITGA10+ITGB1),COLLAGEN,ECM-Receptor,KEGG: hsa04512,mild
ECM/Adh-NPCs,Eff-NPCs,COL1A2,ITGA10_ITGB1,6.65960044842769e-5,0,COL1A2_ITGA10_ITGB1,COL1A2 - (ITGA10+ITGB1),COLLAGEN,ECM-Receptor,KEGG: hsa04512,mild
Fibro-NPCs,Eff-NPCs,COL1A2,ITGA10_ITGB1,1.0147083880761962e-4,0,COL1A2_ITGA10_ITGB1,COL1A2 - (ITGA10+ITGB1),COLLAGEN,ECM-Receptor,KEGG: hsa04512,mild
Fibro-reg NPCs,Eff-NPCs,COL1A2,ITGA10_ITGB1,4.2777889934291916e-5,0,COL1A2_ITGA10_ITGB1,COL1A2 - (ITGA10+ITGB1),COLLAGEN,ECM-Receptor,KEGG: hsa04512,mild
ECM/Adh-NPCs,Fibro-reg NPCs,COL1A2,ITGA10_ITGB1,3.172976865407224e-4,0,COL1A2_ITGA10_ITGB1,COL1A2 - (ITGA10+ITGB1),COLLAGEN,ECM-Receptor,KEGG: hsa04512,mild
Hom-NPCs,Fibro-reg NPCs,COL1A2,ITGA10_ITGB1,7.84949344649854e-5,0,COL1A2_ITGA10_ITGB1,COL1A2 - (ITGA10+ITGB1),COLLAGEN,ECM-Receptor,KEGG: hsa04512,mild
Eff-NPCs,Fibro-reg NPCs,COL1A2,ITGA10_ITGB1,2.4392323922630356e-5,0,COL1A2_ITGA10_ITGB1,COL1A2 - (ITGA10+ITGB1),COLLAGEN,ECM-Receptor,KEGG: hsa04512,mild
Ht-NPCs,Fibro-reg NPCs,COL1A2,ITGA10_ITGB1,3.5357148633416754e-6,0,COL1A2_ITGA10_ITGB1,COL1A2 - (ITGA10+ITGB1),COLLAGEN,ECM-Receptor,KEGG: hsa04512,mild
Fibro-NPCs,Fibro-reg NPCs,COL1A2,ITGA10_ITGB1,4.6731760397600693e-4,0,COL1A2_ITGA10_ITGB1,COL1A2 - (ITGA10+ITGB1),COLLAGEN,ECM-Receptor,KEGG: hsa04512,mild
Fibro-reg NPCs,Fibro-reg NPCs,COL1A2,ITGA10_ITGB1,2.0029944426239732e-4,0,COL1A2_ITGA10_ITGB1,COL1A2 - (ITGA10+ITGB1),COLLAGEN,ECM-Receptor,KEGG: hsa04512,mild
Hom/Reg-like NPCs,Fibro-reg NPCs,COL1A2,ITGA10_ITGB1,1.7325279227310562e-4,0,COL1A2_ITGA10_ITGB1,COL1A2 - (ITGA10+ITGB1),COLLAGEN,ECM-Receptor,KEGG: hsa04512,mild
ECM/Adh-NPCs,Hom/Reg-like NPCs,COL1A2,ITGA10_ITGB1,6.048958185224662e-4,0,COL1A2_ITGA10_ITGB1,COL1A2 - (ITGA10+ITGB1),COLLAGEN,ECM-Receptor,KEGG: hsa04512,mild
Fibro-NPCs,Hom/Reg-like NPCs,COL1A2,ITGA10_ITGB1,9.143183389992781e-4,0,COL1A2_ITGA10_ITGB1,COL1A2 - (ITGA10+ITGB1),COLLAGEN,ECM-Receptor,KEGG: hsa04512,mild
Fibro-reg NPCs,Hom/Reg-like NPCs,COL1A2,ITGA10_ITGB1,3.8697370293078545e-4,0,COL1A2_ITGA10_ITGB1,COL1A2 - (ITGA10+ITGB1),COLLAGEN,ECM-Receptor,KEGG: hsa04512,mild
ECM/Adh-NPCs,Eff-NPCs,COL2A1,ITGA10_ITGB1,1.0173625303168926e-4,0,COL2A1_ITGA10_ITGB1,COL2A1 - (ITGA10+ITGB1),COLLAGEN,ECM-Receptor,KEGG: hsa04512,mild
Hom/Reg-like NPCs,Eff-NPCs,COL2A1,ITGA10_ITGB1,1.3689117183213168e-4,0,COL2A1_ITGA10_ITGB1,COL2A1 - (ITGA10+ITGB1),COLLAGEN,ECM-Receptor,KEGG: hsa04512,mild
ECM/Adh-NPCs,Fibro-reg NPCs,COL2A1,ITGA10_ITGB1,4.804468569790371e-4,0,COL2A1_ITGA10_ITGB1,COL2A1 - (ITGA10+ITGB1),COLLAGEN,ECM-Receptor,KEGG: hsa04512,mild
Hom-NPCs,Fibro-reg NPCs,COL2A1,ITGA10_ITGB1,1.9401675141692633e-4,0,COL2A1_ITGA10_ITGB1,COL2A1 - (ITGA10+ITGB1),COLLAGEN,ECM-Receptor,KEGG: hsa04512,mild
Eff-NPCs,Fibro-reg NPCs,COL2A1,ITGA10_ITGB1,3.281330107974517e-5,0,COL2A1_ITGA10_ITGB1,COL2A1 - (ITGA10+ITGB1),COLLAGEN,ECM-Receptor,KEGG: hsa04512,mild
Ht-NPCs,Fibro-reg NPCs,COL2A1,ITGA10_ITGB1,1.1563070005061983e-5,0,COL2A1_ITGA10_ITGB1,COL2A1 - (ITGA10+ITGB1),COLLAGEN,ECM-Receptor,KEGG: hsa04512,mild
Fibro-reg NPCs,Fibro-reg NPCs,COL2A1,ITGA10_ITGB1,8.607058860961696e-5,0,COL2A1_ITGA10_ITGB1,COL2A1 - (ITGA10+ITGB1),COLLAGEN,ECM-Receptor,KEGG: hsa04512,mild
Hom/Reg-like NPCs,Fibro-reg NPCs,COL2A1,ITGA10_ITGB1,6.481542100401428e-4,0,COL2A1_ITGA10_ITGB1,COL2A1 - (ITGA10+ITGB1),COLLAGEN,ECM-Receptor,KEGG: hsa04512,mild
ECM/Adh-NPCs,Hom/Reg-like NPCs,COL2A1,ITGA10_ITGB1,9.2216695743868e-4,0,COL2A1_ITGA10_ITGB1,COL2A1 - (ITGA10+ITGB1),COLLAGEN,ECM-Receptor,KEGG: hsa04512,mild
Hom-NPCs,Hom/Reg-like NPCs,COL2A1,ITGA10_ITGB1,3.6807488808574294e-4,0,COL2A1_ITGA10_ITGB1,COL2A1 - (ITGA10+ITGB1),COLLAGEN,ECM-Receptor,KEGG: hsa04512,mild
Ht-NPCs,Hom/Reg-like NPCs,COL2A1,ITGA10_ITGB1,2.2103904440729218e-5,0,COL2A1_ITGA10_ITGB1,COL2A1 - (ITGA10+ITGB1),COLLAGEN,ECM-Receptor,KEGG: hsa04512,mild
Fibro-reg NPCs,Hom/Reg-like NPCs,COL2A1,ITGA10_ITGB1,1.6378663142654288e-4,0,COL2A1_ITGA10_ITGB1,COL2A1 - (ITGA10+ITGB1),COLLAGEN,ECM-Receptor,KEGG: hsa04512,mild
Hom/Reg-like NPCs,Hom/Reg-like NPCs,COL2A1,ITGA10_ITGB1,0.0012415793020184968,0,COL2A1_ITGA10_ITGB1,COL2A1 - (ITGA10+ITGB1),COLLAGEN,ECM-Receptor,KEGG: hsa04512,mild
Fibro-NPCs,Eff-NPCs,COL6A1,ITGA10_ITGB1,3.830673559689125e-5,0,COL6A1_ITGA10_ITGB1,COL6A1 - (ITGA10+ITGB1),COLLAGEN,ECM-Receptor,KEGG: hsa04512,mild
Fibro-reg NPCs,Eff-NPCs,COL6A1,ITGA10_ITGB1,2.325569556233048e-5,0,COL6A1_ITGA10_ITGB1,COL6A1 - (ITGA10+ITGB1),COLLAGEN,ECM-Receptor,KEGG: hsa04512,mild
ECM/Adh-NPCs,Fibro-reg NPCs,COL6A1,ITGA10_ITGB1,7.102910219870793e-5,0,COL6A1_ITGA10_ITGB1,COL6A1 - (ITGA10+ITGB1),COLLAGEN,ECM-Receptor,KEGG: hsa04512,mild
Fibro-NPCs,Fibro-reg NPCs,COL6A1,ITGA10_ITGB1,1.8205102325476755e-4,0,COL6A1_ITGA10_ITGB1,COL6A1 - (ITGA10+ITGB1),COLLAGEN,ECM-Receptor,KEGG: hsa04512,mild
Fibro-reg NPCs,Fibro-reg NPCs,COL6A1,ITGA10_ITGB1,1.1059808969724765e-4,0,COL6A1_ITGA10_ITGB1,COL6A1 - (ITGA10+ITGB1),COLLAGEN,ECM-Receptor,KEGG: hsa04512,mild
Hom/Reg-like NPCs,Fibro-reg NPCs,COL6A1,ITGA10_ITGB1,6.088118114303998e-5,0,COL6A1_ITGA10_ITGB1,COL6A1 - (ITGA10+ITGB1),COLLAGEN,ECM-Receptor,KEGG: hsa04512,mild
ECM/Adh-NPCs,Hom/Reg-like NPCs,COL6A1,ITGA10_ITGB1,1.3403984051348712e-4,0,COL6A1_ITGA10_ITGB1,COL6A1 - (ITGA10+ITGB1),COLLAGEN,ECM-Receptor,KEGG: hsa04512,mild
Fibro-NPCs,Hom/Reg-like NPCs,COL6A1,ITGA10_ITGB1,3.477372385899707e-4,0,COL6A1_ITGA10_ITGB1,COL6A1 - (ITGA10+ITGB1),COLLAGEN,ECM-Receptor,KEGG: hsa04512,mild
Fibro-reg NPCs,Hom/Reg-like NPCs,COL6A1,ITGA10_ITGB1,2.111423635914902e-4,0,COL6A1_ITGA10_ITGB1,COL6A1 - (ITGA10+ITGB1),COLLAGEN,ECM-Receptor,KEGG: hsa04512,mild
Hom/Reg-like NPCs,Hom/Reg-like NPCs,COL6A1,ITGA10_ITGB1,1.1474628618058479e-4,0,COL6A1_ITGA10_ITGB1,COL6A1 - (ITGA10+ITGB1),COLLAGEN,ECM-Receptor,KEGG: hsa04512,mild
Fibro-reg NPCs,Eff-NPCs,COL6A2,ITGA10_ITGB1,3.1045589244370724e-6,0,COL6A2_ITGA10_ITGB1,COL6A2 - (ITGA10+ITGB1),COLLAGEN,ECM-Receptor,KEGG: hsa04512,mild
Fibro-reg NPCs,Fibro-reg NPCs,COL6A2,ITGA10_ITGB1,1.5007415323580454e-5,0,COL6A2_ITGA10_ITGB1,COL6A2 - (ITGA10+ITGB1),COLLAGEN,ECM-Receptor,KEGG: hsa04512,mild
Fibro-reg NPCs,Hom/Reg-like NPCs,COL6A2,ITGA10_ITGB1,2.829352218416899e-5,0,COL6A2_ITGA10_ITGB1,COL6A2 - (ITGA10+ITGB1),COLLAGEN,ECM-Receptor,KEGG: hsa04512,mild
Fibro-NPCs,Eff-NPCs,COL6A3,ITGA10_ITGB1,4.2472789249425325e-5,0,COL6A3_ITGA10_ITGB1,COL6A3 - (ITGA10+ITGB1),COLLAGEN,ECM-Receptor,KEGG: hsa04512,mild
Fibro-reg NPCs,Eff-NPCs,COL6A3,ITGA10_ITGB1,2.3175894827337493e-5,0,COL6A3_ITGA10_ITGB1,COL6A3 - (ITGA10+ITGB1),COLLAGEN,ECM-Receptor,KEGG: hsa04512,mild
ECM/Adh-NPCs,Fibro-reg NPCs,COL6A3,ITGA10_ITGB1,6.993402614790915e-5,0,COL6A3_ITGA10_ITGB1,COL6A3 - (ITGA10+ITGB1),COLLAGEN,ECM-Receptor,KEGG: hsa04512,mild
Fibro-NPCs,Fibro-reg NPCs,COL6A3,ITGA10_ITGB1,2.0142590551334045e-4,0,COL6A3_ITGA10_ITGB1,COL6A3 - (ITGA10+ITGB1),COLLAGEN,ECM-Receptor,KEGG: hsa04512,mild
Fibro-reg NPCs,Fibro-reg NPCs,COL6A3,ITGA10_ITGB1,1.102256439600527e-4,0,COL6A3_ITGA10_ITGB1,COL6A3 - (ITGA10+ITGB1),COLLAGEN,ECM-Receptor,KEGG: hsa04512,mild
Hom/Reg-like NPCs,Fibro-reg NPCs,COL6A3,ITGA10_ITGB1,4.014067288737699e-5,0,COL6A3_ITGA10_ITGB1,COL6A3 - (ITGA10+ITGB1),COLLAGEN,ECM-Receptor,KEGG: hsa04512,mild
ECM/Adh-NPCs,Hom/Reg-like NPCs,COL6A3,ITGA10_ITGB1,1.3196737305902473e-4,0,COL6A3_ITGA10_ITGB1,COL6A3 - (ITGA10+ITGB1),COLLAGEN,ECM-Receptor,KEGG: hsa04512,mild
Fibro-NPCs,Hom/Reg-like NPCs,COL6A3,ITGA10_ITGB1,3.85366299261918e-4,0,COL6A3_ITGA10_ITGB1,COL6A3 - (ITGA10+ITGB1),COLLAGEN,ECM-Receptor,KEGG: hsa04512,mild
Fibro-reg NPCs,Hom/Reg-like NPCs,COL6A3,ITGA10_ITGB1,2.1042098212474056e-4,0,COL6A3_ITGA10_ITGB1,COL6A3 - (ITGA10+ITGB1),COLLAGEN,ECM-Receptor,KEGG: hsa04512,mild
Hom/Reg-like NPCs,Eff-NPCs,COL9A2,ITGA10_ITGB1,2.944138866949992e-5,0,COL9A2_ITGA10_ITGB1,COL9A2 - (ITGA10+ITGB1),COLLAGEN,ECM-Receptor,KEGG: hsa04512,mild
Hom/Reg-like NPCs,Fibro-reg NPCs,COL9A2,ITGA10_ITGB1,1.419623827518262e-4,0,COL9A2_ITGA10_ITGB1,COL9A2 - (ITGA10+ITGB1),COLLAGEN,ECM-Receptor,KEGG: hsa04512,mild
Hom/Reg-like NPCs,Hom/Reg-like NPCs,COL9A2,ITGA10_ITGB1,2.681600819656964e-4,0,COL9A2_ITGA10_ITGB1,COL9A2 - (ITGA10+ITGB1),COLLAGEN,ECM-Receptor,KEGG: hsa04512,mild
Ht-NPCs,Fibro-reg NPCs,COL9A3,ITGA10_ITGB1,4.122477752505269e-7,0,COL9A3_ITGA10_ITGB1,COL9A3 - (ITGA10+ITGB1),COLLAGEN,ECM-Receptor,KEGG: hsa04512,mild
Ht-NPCs,Hom/Reg-like NPCs,COL9A3,ITGA10_ITGB1,7.761279937504482e-7,0,COL9A3_ITGA10_ITGB1,COL9A3 - (ITGA10+ITGB1),COLLAGEN,ECM-Receptor,KEGG: hsa04512,mild
Eff-NPCs,Fibro-reg NPCs,COL1A1,ITGA11_ITGB1,1.4757219754143653e-7,0,COL1A1_ITGA11_ITGB1,COL1A1 - (ITGA11+ITGB1),COLLAGEN,ECM-Receptor,KEGG: hsa04512,mild
Fibro-NPCs,Fibro-reg NPCs,COL1A1,ITGA11_ITGB1,2.6529339196406255e-4,0,COL1A1_ITGA11_ITGB1,COL1A1 - (ITGA11+ITGB1),COLLAGEN,ECM-Receptor,KEGG: hsa04512,mild
Fibro-reg NPCs,Fibro-reg NPCs,COL1A1,ITGA11_ITGB1,6.006986105464156e-5,0,COL1A1_ITGA11_ITGB1,COL1A1 - (ITGA11+ITGB1),COLLAGEN,ECM-Receptor,KEGG: hsa04512,mild
ECM/Adh-NPCs,Fibro-reg NPCs,COL1A2,ITGA11_ITGB1,2.087887746747569e-4,0,COL1A2_ITGA11_ITGB1,COL1A2 - (ITGA11+ITGB1),COLLAGEN,ECM-Receptor,KEGG: hsa04512,mild
Hom-NPCs,Fibro-reg NPCs,COL1A2,ITGA11_ITGB1,5.136373085912595e-5,0,COL1A2_ITGA11_ITGB1,COL1A2 - (ITGA11+ITGB1),COLLAGEN,ECM-Receptor,KEGG: hsa04512,mild
Eff-NPCs,Fibro-reg NPCs,COL1A2,ITGA11_ITGB1,1.5961298240380978e-5,0,COL1A2_ITGA11_ITGB1,COL1A2 - (ITGA11+ITGB1),COLLAGEN,ECM-Receptor,KEGG: hsa04512,mild
Ht-NPCs,Fibro-reg NPCs,COL1A2,ITGA11_ITGB1,2.3156000534781963e-6,0,COL1A2_ITGA11_ITGB1,COL1A2 - (ITGA11+ITGB1),COLLAGEN,ECM-Receptor,KEGG: hsa04512,mild
Fibro-NPCs,Fibro-reg NPCs,COL1A2,ITGA11_ITGB1,3.12065828708135e-4,0,COL1A2_ITGA11_ITGB1,COL1A2 - (ITGA11+ITGB1),COLLAGEN,ECM-Receptor,KEGG: hsa04512,mild
Fibro-reg NPCs,Fibro-reg NPCs,COL1A2,ITGA11_ITGB1,1.3280432595275425e-4,0,COL1A2_ITGA11_ITGB1,COL1A2 - (ITGA11+ITGB1),COLLAGEN,ECM-Receptor,KEGG: hsa04512,mild
Hom/Reg-like NPCs,Fibro-reg NPCs,COL1A2,ITGA11_ITGB1,1.1346239959677865e-4,0,COL1A2_ITGA11_ITGB1,COL1A2 - (ITGA11+ITGB1),COLLAGEN,ECM-Receptor,KEGG: hsa04512,mild
ECM/Adh-NPCs,Fibro-reg NPCs,COL2A1,ITGA11_ITGB1,3.1737025505646264e-4,0,COL2A1_ITGA11_ITGB1,COL2A1 - (ITGA11+ITGB1),COLLAGEN,ECM-Receptor,KEGG: hsa04512,mild
Hom-NPCs,Fibro-reg NPCs,COL2A1,ITGA11_ITGB1,1.2731241491393072e-4,0,COL2A1_ITGA11_ITGB1,COL2A1 - (ITGA11+ITGB1),COLLAGEN,ECM-Receptor,KEGG: hsa04512,mild
Eff-NPCs,Fibro-reg NPCs,COL2A1,ITGA11_ITGB1,2.148572802527399e-5,0,COL2A1_ITGA11_ITGB1,COL2A1 - (ITGA11+ITGB1),COLLAGEN,ECM-Receptor,KEGG: hsa04512,mild
Ht-NPCs,Fibro-reg NPCs,COL2A1,ITGA11_ITGB1,7.6205680788534644e-6,0,COL2A1_ITGA11_ITGB1,COL2A1 - (ITGA11+ITGB1),COLLAGEN,ECM-Receptor,KEGG: hsa04512,mild
Fibro-NPCs,Fibro-reg NPCs,COL2A1,ITGA11_ITGB1,1.5360639321527307e-5,0,COL2A1_ITGA11_ITGB1,COL2A1 - (ITGA11+ITGB1),COLLAGEN,ECM-Receptor,KEGG: hsa04512,mild
Fibro-reg NPCs,Fibro-reg NPCs,COL2A1,ITGA11_ITGB1,5.6577557425206556e-5,0,COL2A1_ITGA11_ITGB1,COL2A1 - (ITGA11+ITGB1),COLLAGEN,ECM-Receptor,KEGG: hsa04512,mild
Hom/Reg-like NPCs,Fibro-reg NPCs,COL2A1,ITGA11_ITGB1,4.276665264007549e-4,0,COL2A1_ITGA11_ITGB1,COL2A1 - (ITGA11+ITGB1),COLLAGEN,ECM-Receptor,KEGG: hsa04512,mild
ECM/Adh-NPCs,Fibro-reg NPCs,COL6A1,ITGA11_ITGB1,4.6467784810063177e-5,0,COL6A1_ITGA11_ITGB1,COL6A1 - (ITGA11+ITGB1),COLLAGEN,ECM-Receptor,KEGG: hsa04512,mild
Eff-NPCs,Fibro-reg NPCs,COL6A1,ITGA11_ITGB1,1.0979182633918575e-6,0,COL6A1_ITGA11_ITGB1,COL6A1 - (ITGA11+ITGB1),COLLAGEN,ECM-Receptor,KEGG: hsa04512,mild
Ht-NPCs,Fibro-reg NPCs,COL6A1,ITGA11_ITGB1,5.431668434469027e-7,0,COL6A1_ITGA11_ITGB1,COL6A1 - (ITGA11+ITGB1),COLLAGEN,ECM-Receptor,KEGG: hsa04512,mild
Fibro-NPCs,Fibro-reg NPCs,COL6A1,ITGA11_ITGB1,1.1992641135073612e-4,0,COL6A1_ITGA11_ITGB1,COL6A1 - (ITGA11+ITGB1),COLLAGEN,ECM-Receptor,KEGG: hsa04512,mild
Fibro-reg NPCs,Fibro-reg NPCs,COL6A1,ITGA11_ITGB1,7.283465203795534e-5,0,COL6A1_ITGA11_ITGB1,COL6A1 - (ITGA11+ITGB1),COLLAGEN,ECM-Receptor,KEGG: hsa04512,mild
Hom/Reg-like NPCs,Fibro-reg NPCs,COL6A1,ITGA11_ITGB1,3.98004608724664e-5,0,COL6A1_ITGA11_ITGB1,COL6A1 - (ITGA11+ITGB1),COLLAGEN,ECM-Receptor,KEGG: hsa04512,mild
Fibro-reg NPCs,Fibro-reg NPCs,COL6A2,ITGA11_ITGB1,9.812572863508578e-6,0,COL6A2_ITGA11_ITGB1,COL6A2 - (ITGA11+ITGB1),COLLAGEN,ECM-Receptor,KEGG: hsa04512,mild
ECM/Adh-NPCs,Fibro-reg NPCs,COL6A3,ITGA11_ITGB1,4.5750198473785984e-5,0,COL6A3_ITGA11_ITGB1,COL6A3 - (ITGA11+ITGB1),COLLAGEN,ECM-Receptor,KEGG: hsa04512,mild
Eff-NPCs,Fibro-reg NPCs,COL6A3,ITGA11_ITGB1,4.719428209689317e-6,0,COL6A3_ITGA11_ITGB1,COL6A3 - (ITGA11+ITGB1),COLLAGEN,ECM-Receptor,KEGG: hsa04512,mild
Ht-NPCs,Fibro-reg NPCs,COL6A3,ITGA11_ITGB1,3.6740092088513235e-7,0,COL6A3_ITGA11_ITGB1,COL6A3 - (ITGA11+ITGB1),COLLAGEN,ECM-Receptor,KEGG: hsa04512,mild
Fibro-NPCs,Fibro-reg NPCs,COL6A3,ITGA11_ITGB1,1.328116155384037e-4,0,COL6A3_ITGA11_ITGB1,COL6A3 - (ITGA11+ITGB1),COLLAGEN,ECM-Receptor,KEGG: hsa04512,mild
Fibro-reg NPCs,Fibro-reg NPCs,COL6A3,ITGA11_ITGB1,7.258734215816754e-5,0,COL6A3_ITGA11_ITGB1,COL6A3 - (ITGA11+ITGB1),COLLAGEN,ECM-Receptor,KEGG: hsa04512,mild
Hom/Reg-like NPCs,Fibro-reg NPCs,COL6A3,ITGA11_ITGB1,2.6233021747930853e-5,0,COL6A3_ITGA11_ITGB1,COL6A3 - (ITGA11+ITGB1),COLLAGEN,ECM-Receptor,KEGG: hsa04512,mild
Ht-NPCs,Fibro-reg NPCs,COL9A2,ITGA11_ITGB1,3.4008503274610696e-7,0,COL9A2_ITGA11_ITGB1,COL9A2 - (ITGA11+ITGB1),COLLAGEN,ECM-Receptor,KEGG: hsa04512,mild
Hom/Reg-like NPCs,Fibro-reg NPCs,COL9A2,ITGA11_ITGB1,9.292474479799671e-5,0,COL9A2_ITGA11_ITGB1,COL9A2 - (ITGA11+ITGB1),COLLAGEN,ECM-Receptor,KEGG: hsa04512,mild
Ht-NPCs,Fibro-reg NPCs,COL9A3,ITGA11_ITGB1,2.6933191960123697e-7,0,COL9A3_ITGA11_ITGB1,COL9A3 - (ITGA11+ITGB1),COLLAGEN,ECM-Receptor,KEGG: hsa04512,mild
ECM/Adh-NPCs,Fibro-reg NPCs,FN1,ITGAV_ITGB1,0.0011805446277867017,0,FN1_ITGAV_ITGB1,FN1 - (ITGAV+ITGB1),FN1,ECM-Receptor,KEGG: hsa04512,mild
Hom-NPCs,Fibro-reg NPCs,FN1,ITGAV_ITGB1,5.970669319132065e-4,0,FN1_ITGAV_ITGB1,FN1 - (ITGAV+ITGB1),FN1,ECM-Receptor,KEGG: hsa04512,mild
Eff-NPCs,Fibro-reg NPCs,FN1,ITGAV_ITGB1,2.8460757699293366e-4,0,FN1_ITGAV_ITGB1,FN1 - (ITGAV+ITGB1),FN1,ECM-Receptor,KEGG: hsa04512,mild
Ht-NPCs,Fibro-reg NPCs,FN1,ITGAV_ITGB1,1.871889148841283e-5,0,FN1_ITGAV_ITGB1,FN1 - (ITGAV+ITGB1),FN1,ECM-Receptor,KEGG: hsa04512,mild
Fibro-NPCs,Fibro-reg NPCs,FN1,ITGAV_ITGB1,5.337445253042273e-4,0,FN1_ITGAV_ITGB1,FN1 - (ITGAV+ITGB1),FN1,ECM-Receptor,KEGG: hsa04512,mild
Fibro-reg NPCs,Fibro-reg NPCs,FN1,ITGAV_ITGB1,3.575749084110695e-4,0,FN1_ITGAV_ITGB1,FN1 - (ITGAV+ITGB1),FN1,ECM-Receptor,KEGG: hsa04512,mild
Hom/Reg-like NPCs,Fibro-reg NPCs,FN1,ITGAV_ITGB1,0.0011902011550888381,0,FN1_ITGAV_ITGB1,FN1 - (ITGAV+ITGB1),FN1,ECM-Receptor,KEGG: hsa04512,mild
ECM/Adh-NPCs,Hom/Reg-like NPCs,FN1,ITGAV_ITGB1,0.0024812954904559177,0,FN1_ITGAV_ITGB1,FN1 - (ITGAV+ITGB1),FN1,ECM-Receptor,KEGG: hsa04512,mild
Hom-NPCs,Hom/Reg-like NPCs,FN1,ITGAV_ITGB1,0.0012263696809966336,0,FN1_ITGAV_ITGB1,FN1 - (ITGAV+ITGB1),FN1,ECM-Receptor,KEGG: hsa04512,mild
Eff-NPCs,Hom/Reg-like NPCs,FN1,ITGAV_ITGB1,5.923894432946179e-4,0,FN1_ITGAV_ITGB1,FN1 - (ITGAV+ITGB1),FN1,ECM-Receptor,KEGG: hsa04512,mild
Ht-NPCs,Hom/Reg-like NPCs,FN1,ITGAV_ITGB1,3.845698170005267e-5,0,FN1_ITGAV_ITGB1,FN1 - (ITGAV+ITGB1),FN1,ECM-Receptor,KEGG: hsa04512,mild
Fibro-NPCs,Hom/Reg-like NPCs,FN1,ITGAV_ITGB1,0.0011166457857834182,0,FN1_ITGAV_ITGB1,FN1 - (ITGAV+ITGB1),FN1,ECM-Receptor,KEGG: hsa04512,mild
Fibro-reg NPCs,Hom/Reg-like NPCs,FN1,ITGAV_ITGB1,7.50183024896409e-4,0,FN1_ITGAV_ITGB1,FN1 - (ITGAV+ITGB1),FN1,ECM-Receptor,KEGG: hsa04512,mild
Hom/Reg-like NPCs,Hom/Reg-like NPCs,FN1,ITGAV_ITGB1,0.002462486685644832,0,FN1_ITGAV_ITGB1,FN1 - (ITGAV+ITGB1),FN1,ECM-Receptor,KEGG: hsa04512,mild
Ht-NPCs,ECM/Adh-NPCs,IBSP,ITGAV_ITGB5,1.152588369420047e-6,0,IBSP_ITGAV_ITGB5,IBSP - (ITGAV+ITGB5),BSP,ECM-Receptor,KEGG: hsa04512,mild
Ht-NPCs,Eff-NPCs,IBSP,ITGAV_ITGB5,3.0843113074445016e-6,0,IBSP_ITGAV_ITGB5,IBSP - (ITGAV+ITGB5),BSP,ECM-Receptor,KEGG: hsa04512,mild
Ht-NPCs,Fibro-NPCs,IBSP,ITGAV_ITGB5,3.0318643099331624e-6,0,IBSP_ITGAV_ITGB5,IBSP - (ITGAV+ITGB5),BSP,ECM-Receptor,KEGG: hsa04512,mild
Ht-NPCs,Fibro-reg NPCs,IBSP,ITGAV_ITGB5,1.455499797812551e-5,0,IBSP_ITGAV_ITGB5,IBSP - (ITGAV+ITGB5),BSP,ECM-Receptor,KEGG: hsa04512,mild
Ht-NPCs,Hom/Reg-like NPCs,IBSP,ITGAV_ITGB5,1.9711286073905814e-5,0,IBSP_ITGAV_ITGB5,IBSP - (ITGAV+ITGB5),BSP,ECM-Receptor,KEGG: hsa04512,mild
ECM/Adh-NPCs,Fibro-reg NPCs,FN1,ITGAV_ITGB8,3.3736378766965e-4,0,FN1_ITGAV_ITGB8,FN1 - (ITGAV+ITGB8),FN1,ECM-Receptor,KEGG: hsa04512,mild
Hom-NPCs,Fibro-reg NPCs,FN1,ITGAV_ITGB8,1.6568877346658556e-4,0,FN1_ITGAV_ITGB8,FN1 - (ITGAV+ITGB8),FN1,ECM-Receptor,KEGG: hsa04512,mild
Eff-NPCs,Fibro-reg NPCs,FN1,ITGAV_ITGB8,8.032545548531487e-5,0,FN1_ITGAV_ITGB8,FN1 - (ITGAV+ITGB8),FN1,ECM-Receptor,KEGG: hsa04512,mild
Ht-NPCs,Fibro-reg NPCs,FN1,ITGAV_ITGB8,5.196046954206809e-6,0,FN1_ITGAV_ITGB8,FN1 - (ITGAV+ITGB8),FN1,ECM-Receptor,KEGG: hsa04512,mild
Fibro-NPCs,Fibro-reg NPCs,FN1,ITGAV_ITGB8,1.5162654562113272e-4,0,FN1_ITGAV_ITGB8,FN1 - (ITGAV+ITGB8),FN1,ECM-Receptor,KEGG: hsa04512,mild
Fibro-reg NPCs,Fibro-reg NPCs,FN1,ITGAV_ITGB8,1.0194488925901214e-4,0,FN1_ITGAV_ITGB8,FN1 - (ITGAV+ITGB8),FN1,ECM-Receptor,KEGG: hsa04512,mild
Hom/Reg-like NPCs,Fibro-reg NPCs,FN1,ITGAV_ITGB8,3.3335287412357347e-4,0,FN1_ITGAV_ITGB8,FN1 - (ITGAV+ITGB8),FN1,ECM-Receptor,KEGG: hsa04512,mild
Fibro-reg NPCs,Fibro-reg NPCs,LAMC1,ITGAV_ITGB8,2.4087481372523315e-6,0,LAMC1_ITGAV_ITGB8,LAMC1 - (ITGAV+ITGB8),LAMININ,ECM-Receptor,KEGG: hsa04512,mild
Eff-NPCs,Fibro-reg NPCs,COL1A1,ITGAV_ITGB8,6.310360269331082e-8,0,COL1A1_ITGAV_ITGB8,COL1A1 - (ITGAV+ITGB8),COLLAGEN,ECM-Receptor,KEGG: hsa04512,mild
Fibro-NPCs,Fibro-reg NPCs,COL1A1,ITGAV_ITGB8,1.158231517004337e-4,0,COL1A1_ITGAV_ITGB8,COL1A1 - (ITGAV+ITGB8),COLLAGEN,ECM-Receptor,KEGG: hsa04512,mild
Fibro-reg NPCs,Fibro-reg NPCs,COL1A1,ITGAV_ITGB8,2.5877555534943026e-5,0,COL1A1_ITGAV_ITGB8,COL1A1 - (ITGAV+ITGB8),COLLAGEN,ECM-Receptor,KEGG: hsa04512,mild
ECM/Adh-NPCs,Fibro-reg NPCs,COL1A2,ITGAV_ITGB8,9.000747212139212e-5,0,COL1A2_ITGAV_ITGB8,COL1A2 - (ITGAV+ITGB8),COLLAGEN,ECM-Receptor,KEGG: hsa04512,mild
Hom-NPCs,Fibro-reg NPCs,COL1A2,ITGAV_ITGB8,2.2008401839397342e-5,0,COL1A2_ITGAV_ITGB8,COL1A2 - (ITGAV+ITGB8),COLLAGEN,ECM-Receptor,KEGG: hsa04512,mild
Eff-NPCs,Fibro-reg NPCs,COL1A2,ITGAV_ITGB8,6.8391207217671615e-6,0,COL1A2_ITGAV_ITGB8,COL1A2 - (ITGAV+ITGB8),COLLAGEN,ECM-Receptor,KEGG: hsa04512,mild
Ht-NPCs,Fibro-reg NPCs,COL1A2,ITGAV_ITGB8,9.931107560018312e-7,0,COL1A2_ITGAV_ITGB8,COL1A2 - (ITGAV+ITGB8),COLLAGEN,ECM-Receptor,KEGG: hsa04512,mild
Fibro-NPCs,Fibro-reg NPCs,COL1A2,ITGAV_ITGB8,1.3674970710600233e-4,0,COL1A2_ITGAV_ITGB8,COL1A2 - (ITGAV+ITGB8),COLLAGEN,ECM-Receptor,KEGG: hsa04512,mild
Fibro-reg NPCs,Fibro-reg NPCs,COL1A2,ITGAV_ITGB8,5.7731972507141935e-5,0,COL1A2_ITGAV_ITGB8,COL1A2 - (ITGAV+ITGB8),COLLAGEN,ECM-Receptor,KEGG: hsa04512,mild
Hom/Reg-like NPCs,Fibro-reg NPCs,COL1A2,ITGAV_ITGB8,4.8659795499200695e-5,0,COL1A2_ITGAV_ITGB8,COL1A2 - (ITGAV+ITGB8),COLLAGEN,ECM-Receptor,KEGG: hsa04512,mild
ECM/Adh-NPCs,Fibro-reg NPCs,COL2A1,ITGAV_ITGB8,1.3739940556624274e-4,0,COL2A1_ITGAV_ITGB8,COL2A1 - (ITGAV+ITGB8),COLLAGEN,ECM-Receptor,KEGG: hsa04512,mild
Hom-NPCs,Fibro-reg NPCs,COL2A1,ITGAV_ITGB8,5.471707597605689e-5,0,COL2A1_ITGAV_ITGB8,COL2A1 - (ITGAV+ITGB8),COLLAGEN,ECM-Receptor,KEGG: hsa04512,mild
Eff-NPCs,Fibro-reg NPCs,COL2A1,ITGAV_ITGB8,9.212782790259702e-6,0,COL2A1_ITGAV_ITGB8,COL2A1 - (ITGAV+ITGB8),COLLAGEN,ECM-Receptor,KEGG: hsa04512,mild
Ht-NPCs,Fibro-reg NPCs,COL2A1,ITGAV_ITGB8,3.2907714580375586e-6,0,COL2A1_ITGAV_ITGB8,COL2A1 - (ITGAV+ITGB8),COLLAGEN,ECM-Receptor,KEGG: hsa04512,mild
Fibro-NPCs,Fibro-reg NPCs,COL2A1,ITGAV_ITGB8,6.576098194723946e-6,0,COL2A1_ITGAV_ITGB8,COL2A1 - (ITGAV+ITGB8),COLLAGEN,ECM-Receptor,KEGG: hsa04512,mild
Fibro-reg NPCs,Fibro-reg NPCs,COL2A1,ITGAV_ITGB8,2.4362544865245978e-5,0,COL2A1_ITGAV_ITGB8,COL2A1 - (ITGAV+ITGB8),COLLAGEN,ECM-Receptor,KEGG: hsa04512,mild
Hom/Reg-like NPCs,Fibro-reg NPCs,COL2A1,ITGAV_ITGB8,1.8491809906118442e-4,0,COL2A1_ITGAV_ITGB8,COL2A1 - (ITGAV+ITGB8),COLLAGEN,ECM-Receptor,KEGG: hsa04512,mild
ECM/Adh-NPCs,Fibro-reg NPCs,COL6A1,ITGAV_ITGB8,1.9905656940188517e-5,0,COL6A1_ITGAV_ITGB8,COL6A1 - (ITGAV+ITGB8),COLLAGEN,ECM-Receptor,KEGG: hsa04512,mild
Eff-NPCs,Fibro-reg NPCs,COL6A1,ITGAV_ITGB8,4.695400054480658e-7,0,COL6A1_ITGAV_ITGB8,COL6A1 - (ITGAV+ITGB8),COLLAGEN,ECM-Receptor,KEGG: hsa04512,mild
Ht-NPCs,Fibro-reg NPCs,COL6A1,ITGAV_ITGB8,2.324221575673091e-7,0,COL6A1_ITGAV_ITGB8,COL6A1 - (ITGAV+ITGB8),COLLAGEN,ECM-Receptor,KEGG: hsa04512,mild
Fibro-NPCs,Fibro-reg NPCs,COL6A1,ITGAV_ITGB8,5.176234276834376e-5,0,COL6A1_ITGAV_ITGB8,COL6A1 - (ITGAV+ITGB8),COLLAGEN,ECM-Receptor,KEGG: hsa04512,mild
Fibro-reg NPCs,Fibro-reg NPCs,COL6A1,ITGAV_ITGB8,3.142629105704904e-5,0,COL6A1_ITGAV_ITGB8,COL6A1 - (ITGAV+ITGB8),COLLAGEN,ECM-Receptor,KEGG: hsa04512,mild
Hom/Reg-like NPCs,Fibro-reg NPCs,COL6A1,ITGAV_ITGB8,1.703636674652117e-5,0,COL6A1_ITGAV_ITGB8,COL6A1 - (ITGAV+ITGB8),COLLAGEN,ECM-Receptor,KEGG: hsa04512,mild
Fibro-reg NPCs,Fibro-reg NPCs,COL6A2,ITGAV_ITGB8,4.200969181169103e-6,0,COL6A2_ITGAV_ITGB8,COL6A2 - (ITGAV+ITGB8),COLLAGEN,ECM-Receptor,KEGG: hsa04512,mild
ECM/Adh-NPCs,Fibro-reg NPCs,COL6A3,ITGAV_ITGB8,1.9597714346539704e-5,0,COL6A3_ITGAV_ITGB8,COL6A3 - (ITGAV+ITGB8),COLLAGEN,ECM-Receptor,KEGG: hsa04512,mild
Eff-NPCs,Fibro-reg NPCs,COL6A3,ITGAV_ITGB8,2.0192678537834606e-6,0,COL6A3_ITGAV_ITGB8,COL6A3 - (ITGAV+ITGB8),COLLAGEN,ECM-Receptor,KEGG: hsa04512,mild
Ht-NPCs,Fibro-reg NPCs,COL6A3,ITGAV_ITGB8,1.57176089585029e-7,0,COL6A3_ITGAV_ITGB8,COL6A3 - (ITGAV+ITGB8),COLLAGEN,ECM-Receptor,KEGG: hsa04512,mild
Fibro-NPCs,Fibro-reg NPCs,COL6A3,ITGAV_ITGB8,5.7381695939660363e-5,0,COL6A3_ITGAV_ITGB8,COL6A3 - (ITGAV+ITGB8),COLLAGEN,ECM-Receptor,KEGG: hsa04512,mild
Fibro-reg NPCs,Fibro-reg NPCs,COL6A3,ITGAV_ITGB8,3.131862051700391e-5,0,COL6A3_ITGAV_ITGB8,COL6A3 - (ITGAV+ITGB8),COLLAGEN,ECM-Receptor,KEGG: hsa04512,mild
Hom/Reg-like NPCs,Fibro-reg NPCs,COL6A3,ITGAV_ITGB8,1.1224954822440556e-5,0,COL6A3_ITGAV_ITGB8,COL6A3 - (ITGAV+ITGB8),COLLAGEN,ECM-Receptor,KEGG: hsa04512,mild
Ht-NPCs,Fibro-reg NPCs,COL9A2,ITGAV_ITGB8,1.45485102353768e-7,0,COL9A2_ITGAV_ITGB8,COL9A2 - (ITGAV+ITGB8),COLLAGEN,ECM-Receptor,KEGG: hsa04512,mild
Hom/Reg-like NPCs,Fibro-reg NPCs,COL9A2,ITGAV_ITGB8,3.983073113372369e-5,0,COL9A2_ITGAV_ITGB8,COL9A2 - (ITGAV+ITGB8),COLLAGEN,ECM-Receptor,KEGG: hsa04512,mild
Ht-NPCs,Fibro-reg NPCs,COL9A3,ITGAV_ITGB8,1.1520713450983436e-7,0,COL9A3_ITGAV_ITGB8,COL9A3 - (ITGAV+ITGB8),COLLAGEN,ECM-Receptor,KEGG: hsa04512,mild
ECM/Adh-NPCs,Eff-NPCs,FN1,CD44,0.001994800152707249,0,FN1_CD44,FN1 - CD44,FN1,ECM-Receptor,KEGG: hsa04512,mild
Hom-NPCs,Eff-NPCs,FN1,CD44,0.0010419406104319028,0,FN1_CD44,FN1 - CD44,FN1,ECM-Receptor,KEGG: hsa04512,mild
Eff-NPCs,Eff-NPCs,FN1,CD44,4.8741750695636743e-4,0,FN1_CD44,FN1 - CD44,FN1,ECM-Receptor,KEGG: hsa04512,mild
Ht-NPCs,Eff-NPCs,FN1,CD44,3.2655842945614546e-5,0,FN1_CD44,FN1 - CD44,FN1,ECM-Receptor,KEGG: hsa04512,mild
Fibro-NPCs,Eff-NPCs,FN1,CD44,9.076317364299934e-4,0,FN1_CD44,FN1 - CD44,FN1,ECM-Receptor,KEGG: hsa04512,mild
Fibro-reg NPCs,Eff-NPCs,FN1,CD44,6.057183643316774e-4,0,FN1_CD44,FN1 - CD44,FN1,ECM-Receptor,KEGG: hsa04512,mild
Hom/Reg-like NPCs,Eff-NPCs,FN1,CD44,0.0020555930867778537,0,FN1_CD44,FN1 - CD44,FN1,ECM-Receptor,KEGG: hsa04512,mild
ECM/Adh-NPCs,Fibro-NPCs,FN1,CD44,0.0024248118323572376,0,FN1_CD44,FN1 - CD44,FN1,ECM-Receptor,KEGG: hsa04512,mild
Hom-NPCs,Fibro-NPCs,FN1,CD44,0.0012415376804829153,0,FN1_CD44,FN1 - CD44,FN1,ECM-Receptor,KEGG: hsa04512,mild
Eff-NPCs,Fibro-NPCs,FN1,CD44,5.875999524003375e-4,0,FN1_CD44,FN1 - CD44,FN1,ECM-Receptor,KEGG: hsa04512,mild
Ht-NPCs,Fibro-NPCs,FN1,CD44,3.891924886735465e-5,0,FN1_CD44,FN1 - CD44,FN1,ECM-Receptor,KEGG: hsa04512,mild
Fibro-NPCs,Fibro-NPCs,FN1,CD44,0.001098980493313598,0,FN1_CD44,FN1 - CD44,FN1,ECM-Receptor,KEGG: hsa04512,mild
Fibro-reg NPCs,Fibro-NPCs,FN1,CD44,7.351585328127979e-4,0,FN1_CD44,FN1 - CD44,FN1,ECM-Receptor,KEGG: hsa04512,mild
Hom/Reg-like NPCs,Fibro-NPCs,FN1,CD44,0.002465194517225837,0,FN1_CD44,FN1 - CD44,FN1,ECM-Receptor,KEGG: hsa04512,mild
ECM/Adh-NPCs,Fibro-reg NPCs,FN1,CD44,0.0022413776740119115,0,FN1_CD44,FN1 - CD44,FN1,ECM-Receptor,KEGG: hsa04512,mild
Hom-NPCs,Fibro-reg NPCs,FN1,CD44,0.0011777203355393118,0,FN1_CD44,FN1 - CD44,FN1,ECM-Receptor,KEGG: hsa04512,mild
Eff-NPCs,Fibro-reg NPCs,FN1,CD44,5.490120197513724e-4,0,FN1_CD44,FN1 - CD44,FN1,ECM-Receptor,KEGG: hsa04512,mild
Ht-NPCs,Fibro-reg NPCs,FN1,CD44,3.690914123428668e-5,0,FN1_CD44,FN1 - CD44,FN1,ECM-Receptor,KEGG: hsa04512,mild
Fibro-NPCs,Fibro-reg NPCs,FN1,CD44,0.001021002102392908,0,FN1_CD44,FN1 - CD44,FN1,ECM-Receptor,KEGG: hsa04512,mild
Fibro-reg NPCs,Fibro-reg NPCs,FN1,CD44,6.809000737539462e-4,0,FN1_CD44,FN1 - CD44,FN1,ECM-Receptor,KEGG: hsa04512,mild
Hom/Reg-like NPCs,Fibro-reg NPCs,FN1,CD44,0.0023189678487488844,0,FN1_CD44,FN1 - CD44,FN1,ECM-Receptor,KEGG: hsa04512,mild
ECM/Adh-NPCs,Hom/Reg-like NPCs,FN1,CD44,0.003601486792365333,0,FN1_CD44,FN1 - CD44,FN1,ECM-Receptor,KEGG: hsa04512,mild
Fibro-NPCs,Hom/Reg-like NPCs,FN1,CD44,0.0016234414442321931,0,FN1_CD44,FN1 - CD44,FN1,ECM-Receptor,KEGG: hsa04512,mild
Fibro-reg NPCs,Hom/Reg-like NPCs,FN1,CD44,0.0010895683927722396,0,FN1_CD44,FN1 - CD44,FN1,ECM-Receptor,KEGG: hsa04512,mild
Fibro-NPCs,ECM/Adh-NPCs,COL1A1,CD44,8.56027100155022e-5,0,COL1A1_CD44,COL1A1 - CD44,COLLAGEN,ECM-Receptor,KEGG: hsa04512,mild
Fibro-NPCs,Hom-NPCs,COL1A1,CD44,3.979213675889091e-4,0,COL1A1_CD44,COL1A1 - CD44,COLLAGEN,ECM-Receptor,KEGG: hsa04512,mild
Fibro-reg NPCs,Hom-NPCs,COL1A1,CD44,8.900769213132098e-5,0,COL1A1_CD44,COL1A1 - CD44,COLLAGEN,ECM-Receptor,KEGG: hsa04512,mild
Fibro-NPCs,Eff-NPCs,COL1A1,CD44,7.117768711645313e-4,0,COL1A1_CD44,COL1A1 - CD44,COLLAGEN,ECM-Receptor,KEGG: hsa04512,mild
Fibro-reg NPCs,Eff-NPCs,COL1A1,CD44,1.6838548726258606e-4,0,COL1A1_CD44,COL1A1 - CD44,COLLAGEN,ECM-Receptor,KEGG: hsa04512,mild
Fibro-NPCs,Ht-NPCs,COL1A1,CD44,1.0084748258113238e-5,0,COL1A1_CD44,COL1A1 - CD44,COLLAGEN,ECM-Receptor,KEGG: hsa04512,mild
Fibro-NPCs,Fibro-NPCs,COL1A1,CD44,8.545582493191057e-4,0,COL1A1_CD44,COL1A1 - CD44,COLLAGEN,ECM-Receptor,KEGG: hsa04512,mild
Fibro-reg NPCs,Fibro-NPCs,COL1A1,CD44,1.983637476798301e-4,0,COL1A1_CD44,COL1A1 - CD44,COLLAGEN,ECM-Receptor,KEGG: hsa04512,mild
Fibro-NPCs,Fibro-reg NPCs,COL1A1,CD44,8.027061786983538e-4,0,COL1A1_CD44,COL1A1 - CD44,COLLAGEN,ECM-Receptor,KEGG: hsa04512,mild
Fibro-reg NPCs,Fibro-reg NPCs,COL1A1,CD44,1.9099128693968488e-4,0,COL1A1_CD44,COL1A1 - CD44,COLLAGEN,ECM-Receptor,KEGG: hsa04512,mild
Fibro-NPCs,Hom/Reg-like NPCs,COL1A1,CD44,0.0012478200358800328,0,COL1A1_CD44,COL1A1 - CD44,COLLAGEN,ECM-Receptor,KEGG: hsa04512,mild
Fibro-reg NPCs,Hom/Reg-like NPCs,COL1A1,CD44,2.824613250186777e-4,0,COL1A1_CD44,COL1A1 - CD44,COLLAGEN,ECM-Receptor,KEGG: hsa04512,mild
Fibro-NPCs,Hom-NPCs,COL1A2,CD44,4.6966444331608204e-4,0,COL1A2_CD44,COL1A2 - CD44,COLLAGEN,ECM-Receptor,KEGG: hsa04512,mild
ECM/Adh-NPCs,Eff-NPCs,COL1A2,CD44,5.838859219597223e-4,0,COL1A2_CD44,COL1A2 - CD44,COLLAGEN,ECM-Receptor,KEGG: hsa04512,mild
Fibro-NPCs,Eff-NPCs,COL1A2,CD44,8.274984242654778e-4,0,COL1A2_CD44,COL1A2 - CD44,COLLAGEN,ECM-Receptor,KEGG: hsa04512,mild
Fibro-reg NPCs,Eff-NPCs,COL1A2,CD44,3.6126662325056683e-4,0,COL1A2_CD44,COL1A2 - CD44,COLLAGEN,ECM-Receptor,KEGG: hsa04512,mild
Hom/Reg-like NPCs,Eff-NPCs,COL1A2,CD44,3.229543907290914e-4,0,COL1A2_CD44,COL1A2 - CD44,COLLAGEN,ECM-Receptor,KEGG: hsa04512,mild
ECM/Adh-NPCs,Fibro-NPCs,COL1A2,CD44,6.885502538825282e-4,0,COL1A2_CD44,COL1A2 - CD44,COLLAGEN,ECM-Receptor,KEGG: hsa04512,mild
Fibro-NPCs,Fibro-NPCs,COL1A2,CD44,9.984746052181508e-4,0,COL1A2_CD44,COL1A2 - CD44,COLLAGEN,ECM-Receptor,KEGG: hsa04512,mild
Fibro-reg NPCs,Fibro-NPCs,COL1A2,CD44,4.311719936495784e-4,0,COL1A2_CD44,COL1A2 - CD44,COLLAGEN,ECM-Receptor,KEGG: hsa04512,mild
ECM/Adh-NPCs,Fibro-reg NPCs,COL1A2,CD44,6.62062495274978e-4,0,COL1A2_CD44,COL1A2 - CD44,COLLAGEN,ECM-Receptor,KEGG: hsa04512,mild
Fibro-NPCs,Fibro-reg NPCs,COL1A2,CD44,9.318202310262364e-4,0,COL1A2_CD44,COL1A2 - CD44,COLLAGEN,ECM-Receptor,KEGG: hsa04512,mild
Fibro-reg NPCs,Fibro-reg NPCs,COL1A2,CD44,4.081445700495412e-4,0,COL1A2_CD44,COL1A2 - CD44,COLLAGEN,ECM-Receptor,KEGG: hsa04512,mild
Hom/Reg-like NPCs,Fibro-reg NPCs,COL1A2,CD44,3.670715894858343e-4,0,COL1A2_CD44,COL1A2 - CD44,COLLAGEN,ECM-Receptor,KEGG: hsa04512,mild
ECM/Adh-NPCs,Hom/Reg-like NPCs,COL1A2,CD44,9.817841574411474e-4,0,COL1A2_CD44,COL1A2 - CD44,COLLAGEN,ECM-Receptor,KEGG: hsa04512,mild
Fibro-NPCs,Hom/Reg-like NPCs,COL1A2,CD44,0.0014679310363164783,0,COL1A2_CD44,COL1A2 - CD44,COLLAGEN,ECM-Receptor,KEGG: hsa04512,mild
Fibro-reg NPCs,Hom/Reg-like NPCs,COL1A2,CD44,6.245947633660837e-4,0,COL1A2_CD44,COL1A2 - CD44,COLLAGEN,ECM-Receptor,KEGG: hsa04512,mild
ECM/Adh-NPCs,Eff-NPCs,COL2A1,CD44,8.750412894710631e-4,0,COL2A1_CD44,COL2A1 - CD44,COLLAGEN,ECM-Receptor,KEGG: hsa04512,mild
Hom-NPCs,Eff-NPCs,COL2A1,CD44,3.597166257433964e-4,0,COL2A1_CD44,COL2A1 - CD44,COLLAGEN,ECM-Receptor,KEGG: hsa04512,mild
Ht-NPCs,Eff-NPCs,COL2A1,CD44,2.1189998250460266e-5,0,COL2A1_CD44,COL2A1 - CD44,COLLAGEN,ECM-Receptor,KEGG: hsa04512,mild
Fibro-reg NPCs,Eff-NPCs,COL2A1,CD44,1.5882831074553154e-4,0,COL2A1_CD44,COL2A1 - CD44,COLLAGEN,ECM-Receptor,KEGG: hsa04512,mild
Hom/Reg-like NPCs,Eff-NPCs,COL2A1,CD44,0.0011840527685873558,0,COL2A1_CD44,COL2A1 - CD44,COLLAGEN,ECM-Receptor,KEGG: hsa04512,mild
ECM/Adh-NPCs,Fibro-NPCs,COL2A1,CD44,0.0010382970759432208,0,COL2A1_CD44,COL2A1 - CD44,COLLAGEN,ECM-Receptor,KEGG: hsa04512,mild
Hom-NPCs,Fibro-NPCs,COL2A1,CD44,4.222853535488058e-4,0,COL2A1_CD44,COL2A1 - CD44,COLLAGEN,ECM-Receptor,KEGG: hsa04512,mild
Ht-NPCs,Fibro-NPCs,COL2A1,CD44,2.5050786681684695e-5,0,COL2A1_CD44,COL2A1 - CD44,COLLAGEN,ECM-Receptor,KEGG: hsa04512,mild
Fibro-reg NPCs,Fibro-NPCs,COL2A1,CD44,1.8698500268312396e-4,0,COL2A1_CD44,COL2A1 - CD44,COLLAGEN,ECM-Receptor,KEGG: hsa04512,mild
Hom/Reg-like NPCs,Fibro-NPCs,COL2A1,CD44,0.001402426004919103,0,COL2A1_CD44,COL2A1 - CD44,COLLAGEN,ECM-Receptor,KEGG: hsa04512,mild
ECM/Adh-NPCs,Fibro-reg NPCs,COL2A1,CD44,9.90330952900905e-4,0,COL2A1_CD44,COL2A1 - CD44,COLLAGEN,ECM-Receptor,KEGG: hsa04512,mild
Hom-NPCs,Fibro-reg NPCs,COL2A1,CD44,4.0844560122282224e-4,0,COL2A1_CD44,COL2A1 - CD44,COLLAGEN,ECM-Receptor,KEGG: hsa04512,mild
Ht-NPCs,Fibro-reg NPCs,COL2A1,CD44,2.4008819402644313e-5,0,COL2A1_CD44,COL2A1 - CD44,COLLAGEN,ECM-Receptor,KEGG: hsa04512,mild
Fibro-reg NPCs,Fibro-reg NPCs,COL2A1,CD44,1.8018654239322515e-4,0,COL2A1_CD44,COL2A1 - CD44,COLLAGEN,ECM-Receptor,KEGG: hsa04512,mild
Hom/Reg-like NPCs,Fibro-reg NPCs,COL2A1,CD44,0.001340791944639721,0,COL2A1_CD44,COL2A1 - CD44,COLLAGEN,ECM-Receptor,KEGG: hsa04512,mild
ECM/Adh-NPCs,Hom/Reg-like NPCs,COL2A1,CD44,0.0014925003825895667,0,COL2A1_CD44,COL2A1 - CD44,COLLAGEN,ECM-Receptor,KEGG: hsa04512,mild
Hom/Reg-like NPCs,Hom/Reg-like NPCs,COL2A1,CD44,0.0020111381584817433,0,COL2A1_CD44,COL2A1 - CD44,COLLAGEN,ECM-Receptor,KEGG: hsa04512,mild
Fibro-NPCs,Hom-NPCs,COL6A1,CD44,1.7801086503204164e-4,0,COL6A1_CD44,COL6A1 - CD44,COLLAGEN,ECM-Receptor,KEGG: hsa04512,mild
Fibro-reg NPCs,Hom-NPCs,COL6A1,CD44,1.0807820618106401e-4,0,COL6A1_CD44,COL6A1 - CD44,COLLAGEN,ECM-Receptor,KEGG: hsa04512,mild
ECM/Adh-NPCs,Eff-NPCs,COL6A1,CD44,1.3278388189821408e-4,0,COL6A1_CD44,COL6A1 - CD44,COLLAGEN,ECM-Receptor,KEGG: hsa04512,mild
Fibro-NPCs,Eff-NPCs,COL6A1,CD44,3.3401415128121514e-4,0,COL6A1_CD44,COL6A1 - CD44,COLLAGEN,ECM-Receptor,KEGG: hsa04512,mild
Fibro-reg NPCs,Eff-NPCs,COL6A1,CD44,2.0308153288332053e-4,0,COL6A1_CD44,COL6A1 - CD44,COLLAGEN,ECM-Receptor,KEGG: hsa04512,mild
Hom/Reg-like NPCs,Eff-NPCs,COL6A1,CD44,1.1403677537681945e-4,0,COL6A1_CD44,COL6A1 - CD44,COLLAGEN,ECM-Receptor,KEGG: hsa04512,mild
ECM/Adh-NPCs,Fibro-NPCs,COL6A1,CD44,1.5510465027403727e-4,0,COL6A1_CD44,COL6A1 - CD44,COLLAGEN,ECM-Receptor,KEGG: hsa04512,mild
Fibro-NPCs,Fibro-NPCs,COL6A1,CD44,3.9459073260571383e-4,0,COL6A1_CD44,COL6A1 - CD44,COLLAGEN,ECM-Receptor,KEGG: hsa04512,mild
Fibro-reg NPCs,Fibro-NPCs,COL6A1,CD44,2.3979586602805973e-4,0,COL6A1_CD44,COL6A1 - CD44,COLLAGEN,ECM-Receptor,KEGG: hsa04512,mild
Hom/Reg-like NPCs,Fibro-NPCs,COL6A1,CD44,1.330480350311034e-4,0,COL6A1_CD44,COL6A1 - CD44,COLLAGEN,ECM-Receptor,KEGG: hsa04512,mild
ECM/Adh-NPCs,Fibro-reg NPCs,COL6A1,CD44,1.510040492453024e-4,0,COL6A1_CD44,COL6A1 - CD44,COLLAGEN,ECM-Receptor,KEGG: hsa04512,mild
Fibro-NPCs,Fibro-reg NPCs,COL6A1,CD44,3.7852882211032474e-4,0,COL6A1_CD44,COL6A1 - CD44,COLLAGEN,ECM-Receptor,KEGG: hsa04512,mild
Fibro-reg NPCs,Fibro-reg NPCs,COL6A1,CD44,2.301807169681113e-4,0,COL6A1_CD44,COL6A1 - CD44,COLLAGEN,ECM-Receptor,KEGG: hsa04512,mild
Hom/Reg-like NPCs,Fibro-reg NPCs,COL6A1,CD44,1.297323473579728e-4,0,COL6A1_CD44,COL6A1 - CD44,COLLAGEN,ECM-Receptor,KEGG: hsa04512,mild
Fibro-NPCs,Hom/Reg-like NPCs,COL6A1,CD44,5.639426897990009e-4,0,COL6A1_CD44,COL6A1 - CD44,COLLAGEN,ECM-Receptor,KEGG: hsa04512,mild
Fibro-reg NPCs,Hom/Reg-like NPCs,COL6A1,CD44,3.42495690761824e-4,0,COL6A1_CD44,COL6A1 - CD44,COLLAGEN,ECM-Receptor,KEGG: hsa04512,mild
Fibro-reg NPCs,ECM/Adh-NPCs,COL6A2,CD44,3.0694731894850048e-6,0,COL6A2_CD44,COL6A2 - CD44,COLLAGEN,ECM-Receptor,KEGG: hsa04512,mild
Fibro-reg NPCs,Hom-NPCs,COL6A2,CD44,1.445724337261878e-5,0,COL6A2_CD44,COL6A2 - CD44,COLLAGEN,ECM-Receptor,KEGG: hsa04512,mild
Fibro-reg NPCs,Eff-NPCs,COL6A2,CD44,2.8097648707213864e-5,0,COL6A2_CD44,COL6A2 - CD44,COLLAGEN,ECM-Receptor,KEGG: hsa04512,mild
Fibro-reg NPCs,Ht-NPCs,COL6A2,CD44,3.652710123617611e-7,0,COL6A2_CD44,COL6A2 - CD44,COLLAGEN,ECM-Receptor,KEGG: hsa04512,mild
Fibro-reg NPCs,Fibro-NPCs,COL6A2,CD44,3.279088969402767e-5,0,COL6A2_CD44,COL6A2 - CD44,COLLAGEN,ECM-Receptor,KEGG: hsa04512,mild
Fibro-reg NPCs,Fibro-reg NPCs,COL6A2,CD44,3.1962162852251e-5,0,COL6A2_CD44,COL6A2 - CD44,COLLAGEN,ECM-Receptor,KEGG: hsa04512,mild
Fibro-reg NPCs,Hom/Reg-like NPCs,COL6A2,CD44,4.613466788061325e-5,0,COL6A2_CD44,COL6A2 - CD44,COLLAGEN,ECM-Receptor,KEGG: hsa04512,mild
Fibro-NPCs,Hom-NPCs,COL6A3,CD44,1.9731866482012667e-4,0,COL6A3_CD44,COL6A3 - CD44,COLLAGEN,ECM-Receptor,KEGG: hsa04512,mild
Fibro-reg NPCs,Hom-NPCs,COL6A3,CD44,1.0770820157969344e-4,0,COL6A3_CD44,COL6A3 - CD44,COLLAGEN,ECM-Receptor,KEGG: hsa04512,mild
ECM/Adh-NPCs,Eff-NPCs,COL6A3,CD44,1.3074595459175922e-4,0,COL6A3_CD44,COL6A3 - CD44,COLLAGEN,ECM-Receptor,KEGG: hsa04512,mild
Fibro-NPCs,Eff-NPCs,COL6A3,CD44,3.6865700179739724e-4,0,COL6A3_CD44,COL6A3 - CD44,COLLAGEN,ECM-Receptor,KEGG: hsa04512,mild
Fibro-reg NPCs,Eff-NPCs,COL6A3,CD44,2.0241282439142997e-4,0,COL6A3_CD44,COL6A3 - CD44,COLLAGEN,ECM-Receptor,KEGG: hsa04512,mild
ECM/Adh-NPCs,Fibro-NPCs,COL6A3,CD44,1.5271762346945057e-4,0,COL6A3_CD44,COL6A3 - CD44,COLLAGEN,ECM-Receptor,KEGG: hsa04512,mild
Fibro-NPCs,Fibro-NPCs,COL6A3,CD44,4.3615734061624767e-4,0,COL6A3_CD44,COL6A3 - CD44,COLLAGEN,ECM-Receptor,KEGG: hsa04512,mild
Fibro-reg NPCs,Fibro-NPCs,COL6A3,CD44,2.3899550109795183e-4,0,COL6A3_CD44,COL6A3 - CD44,COLLAGEN,ECM-Receptor,KEGG: hsa04512,mild
ECM/Adh-NPCs,Fibro-reg NPCs,COL6A3,CD44,1.4868845493708926e-4,0,COL6A3_CD44,COL6A3 - CD44,COLLAGEN,ECM-Receptor,KEGG: hsa04512,mild
Fibro-NPCs,Fibro-reg NPCs,COL6A3,CD44,4.1760106888182757e-4,0,COL6A3_CD44,COL6A3 - CD44,COLLAGEN,ECM-Receptor,KEGG: hsa04512,mild
Fibro-reg NPCs,Fibro-reg NPCs,COL6A3,CD44,2.2942593521250128e-4,0,COL6A3_CD44,COL6A3 - CD44,COLLAGEN,ECM-Receptor,KEGG: hsa04512,mild
Hom/Reg-like NPCs,Fibro-reg NPCs,COL6A3,CD44,8.56272250808682e-5,0,COL6A3_CD44,COL6A3 - CD44,COLLAGEN,ECM-Receptor,KEGG: hsa04512,mild
Fibro-NPCs,Hom/Reg-like NPCs,COL6A3,CD44,6.24547584987575e-4,0,COL6A3_CD44,COL6A3 - CD44,COLLAGEN,ECM-Receptor,KEGG: hsa04512,mild
Fibro-reg NPCs,Hom/Reg-like NPCs,COL6A3,CD44,3.413325236941367e-4,0,COL6A3_CD44,COL6A3 - CD44,COLLAGEN,ECM-Receptor,KEGG: hsa04512,mild
Hom/Reg-like NPCs,Hom-NPCs,COL9A2,CD44,1.3705968428085887e-4,0,COL9A2_CD44,COL9A2 - CD44,COLLAGEN,ECM-Receptor,KEGG: hsa04512,mild
Hom/Reg-like NPCs,Eff-NPCs,COL9A2,CD44,2.6498312549772977e-4,0,COL9A2_CD44,COL9A2 - CD44,COLLAGEN,ECM-Receptor,KEGG: hsa04512,mild
Hom/Reg-like NPCs,Fibro-NPCs,COL9A2,CD44,3.0981265200105766e-4,0,COL9A2_CD44,COL9A2 - CD44,COLLAGEN,ECM-Receptor,KEGG: hsa04512,mild
Hom/Reg-like NPCs,Fibro-reg NPCs,COL9A2,CD44,3.0125691615715916e-4,0,COL9A2_CD44,COL9A2 - CD44,COLLAGEN,ECM-Receptor,KEGG: hsa04512,mild
Hom/Reg-like NPCs,Hom/Reg-like NPCs,COL9A2,CD44,4.369050436374497e-4,0,COL9A2_CD44,COL9A2 - CD44,COLLAGEN,ECM-Receptor,KEGG: hsa04512,mild
Ht-NPCs,Eff-NPCs,COL9A3,CD44,7.735325319468324e-7,0,COL9A3_CD44,COL9A3 - CD44,COLLAGEN,ECM-Receptor,KEGG: hsa04512,mild
Ht-NPCs,Fibro-NPCs,COL9A3,CD44,9.01535810011155e-7,0,COL9A3_CD44,COL9A3 - CD44,COLLAGEN,ECM-Receptor,KEGG: hsa04512,mild
Ht-NPCs,Fibro-reg NPCs,COL9A3,CD44,8.802877008228293e-7,0,COL9A3_CD44,COL9A3 - CD44,COLLAGEN,ECM-Receptor,KEGG: hsa04512,mild
Fibro-reg NPCs,ECM/Adh-NPCs,LAMC1,CD44,1.7594489731979325e-6,0,LAMC1_CD44,LAMC1 - CD44,LAMININ,ECM-Receptor,KEGG: hsa04512,mild
Fibro-reg NPCs,Hom-NPCs,LAMC1,CD44,8.28984768847821e-6,0,LAMC1_CD44,LAMC1 - CD44,LAMININ,ECM-Receptor,KEGG: hsa04512,mild
Fibro-reg NPCs,Eff-NPCs,LAMC1,CD44,1.6147818017448554e-5,0,LAMC1_CD44,LAMC1 - CD44,LAMININ,ECM-Receptor,KEGG: hsa04512,mild
Fibro-reg NPCs,Ht-NPCs,LAMC1,CD44,2.094311916143245e-7,0,LAMC1_CD44,LAMC1 - CD44,LAMININ,ECM-Receptor,KEGG: hsa04512,mild
Fibro-reg NPCs,Fibro-NPCs,LAMC1,CD44,1.883006268061524e-5,0,LAMC1_CD44,LAMC1 - CD44,LAMININ,ECM-Receptor,KEGG: hsa04512,mild
Fibro-reg NPCs,Fibro-reg NPCs,LAMC1,CD44,1.8373305354766963e-5,0,LAMC1_CD44,LAMC1 - CD44,LAMININ,ECM-Receptor,KEGG: hsa04512,mild
Fibro-reg NPCs,Hom/Reg-like NPCs,LAMC1,CD44,2.6466009855654074e-5,0,LAMC1_CD44,LAMC1 - CD44,LAMININ,ECM-Receptor,KEGG: hsa04512,mild
Fibro-NPCs,Hom-NPCs,COL1A1,SDC4,0.0010288947938847878,0,COL1A1_SDC4,COL1A1 - SDC4,COLLAGEN,ECM-Receptor,KEGG: hsa04512,mild
Fibro-reg NPCs,Hom-NPCs,COL1A1,SDC4,2.3440188973470946e-4,0,COL1A1_SDC4,COL1A1 - SDC4,COLLAGEN,ECM-Receptor,KEGG: hsa04512,mild
Fibro-NPCs,Eff-NPCs,COL1A1,SDC4,6.413822209038561e-4,0,COL1A1_SDC4,COL1A1 - SDC4,COLLAGEN,ECM-Receptor,KEGG: hsa04512,mild
Fibro-reg NPCs,Eff-NPCs,COL1A1,SDC4,1.5069287971953193e-4,0,COL1A1_SDC4,COL1A1 - SDC4,COLLAGEN,ECM-Receptor,KEGG: hsa04512,mild
Fibro-NPCs,Ht-NPCs,COL1A1,SDC4,3.358473151010201e-5,0,COL1A1_SDC4,COL1A1 - SDC4,COLLAGEN,ECM-Receptor,KEGG: hsa04512,mild
Fibro-reg NPCs,Ht-NPCs,COL1A1,SDC4,7.66292554073455e-6,0,COL1A1_SDC4,COL1A1 - SDC4,COLLAGEN,ECM-Receptor,KEGG: hsa04512,mild
Fibro-NPCs,Fibro-reg NPCs,COL1A1,SDC4,2.0171397934384632e-4,0,COL1A1_SDC4,COL1A1 - SDC4,COLLAGEN,ECM-Receptor,KEGG: hsa04512,mild
Fibro-reg NPCs,Fibro-reg NPCs,COL1A1,SDC4,4.541387976031896e-5,0,COL1A1_SDC4,COL1A1 - SDC4,COLLAGEN,ECM-Receptor,KEGG: hsa04512,mild
Fibro-NPCs,Hom/Reg-like NPCs,COL1A1,SDC4,0.002333719707510823,0,COL1A1_SDC4,COL1A1 - SDC4,COLLAGEN,ECM-Receptor,KEGG: hsa04512,mild
Fibro-reg NPCs,Hom/Reg-like NPCs,COL1A1,SDC4,5.393379794897837e-4,0,COL1A1_SDC4,COL1A1 - SDC4,COLLAGEN,ECM-Receptor,KEGG: hsa04512,mild
ECM/Adh-NPCs,Hom-NPCs,COL1A2,SDC4,8.144615841050042e-4,0,COL1A2_SDC4,COL1A2 - SDC4,COLLAGEN,ECM-Receptor,KEGG: hsa04512,mild
Fibro-NPCs,Hom-NPCs,COL1A2,SDC4,0.0012082623672701634,0,COL1A2_SDC4,COL1A2 - SDC4,COLLAGEN,ECM-Receptor,KEGG: hsa04512,mild
Fibro-reg NPCs,Hom-NPCs,COL1A2,SDC4,5.160668685002955e-4,0,COL1A2_SDC4,COL1A2 - SDC4,COLLAGEN,ECM-Receptor,KEGG: hsa04512,mild
ECM/Adh-NPCs,Eff-NPCs,COL1A2,SDC4,5.227331226054896e-4,0,COL1A2_SDC4,COL1A2 - SDC4,COLLAGEN,ECM-Receptor,KEGG: hsa04512,mild
Fibro-NPCs,Eff-NPCs,COL1A2,SDC4,7.470007400826209e-4,0,COL1A2_SDC4,COL1A2 - SDC4,COLLAGEN,ECM-Receptor,KEGG: hsa04512,mild
Fibro-reg NPCs,Eff-NPCs,COL1A2,SDC4,3.2484182617654805e-4,0,COL1A2_SDC4,COL1A2 - SDC4,COLLAGEN,ECM-Receptor,KEGG: hsa04512,mild
Fibro-NPCs,Ht-NPCs,COL1A2,SDC4,3.942315031588501e-5,0,COL1A2_SDC4,COL1A2 - SDC4,COLLAGEN,ECM-Receptor,KEGG: hsa04512,mild
Fibro-reg NPCs,Ht-NPCs,COL1A2,SDC4,1.685341353467306e-5,0,COL1A2_SDC4,COL1A2 - SDC4,COLLAGEN,ECM-Receptor,KEGG: hsa04512,mild
Fibro-NPCs,Fibro-reg NPCs,COL1A2,SDC4,2.3765142154189632e-4,0,COL1A2_SDC4,COL1A2 - SDC4,COLLAGEN,ECM-Receptor,KEGG: hsa04512,mild
Fibro-reg NPCs,Fibro-reg NPCs,COL1A2,SDC4,1.0079235649907603e-4,0,COL1A2_SDC4,COL1A2 - SDC4,COLLAGEN,ECM-Receptor,KEGG: hsa04512,mild
ECM/Adh-NPCs,Hom/Reg-like NPCs,COL1A2,SDC4,0.0018725671840468467,0,COL1A2_SDC4,COL1A2 - SDC4,COLLAGEN,ECM-Receptor,KEGG: hsa04512,mild
Fibro-NPCs,Hom/Reg-like NPCs,COL1A2,SDC4,0.0027299490833060805,0,COL1A2_SDC4,COL1A2 - SDC4,COLLAGEN,ECM-Receptor,KEGG: hsa04512,mild
Fibro-reg NPCs,Hom/Reg-like NPCs,COL1A2,SDC4,0.0011758621362721931,0,COL1A2_SDC4,COL1A2 - SDC4,COLLAGEN,ECM-Receptor,KEGG: hsa04512,mild
ECM/Adh-NPCs,Hom-NPCs,COL2A1,SDC4,0.00123560059309139,0,COL2A1_SDC4,COL2A1 - SDC4,COLLAGEN,ECM-Receptor,KEGG: hsa04512,mild
Ht-NPCs,Hom-NPCs,COL2A1,SDC4,2.970362887843849e-5,0,COL2A1_SDC4,COL2A1 - SDC4,COLLAGEN,ECM-Receptor,KEGG: hsa04512,mild
Hom/Reg-like NPCs,Hom-NPCs,COL2A1,SDC4,0.0016659716247655711,0,COL2A1_SDC4,COL2A1 - SDC4,COLLAGEN,ECM-Receptor,KEGG: hsa04512,mild
ECM/Adh-NPCs,Eff-NPCs,COL2A1,SDC4,7.851573156465732e-4,0,COL2A1_SDC4,COL2A1 - SDC4,COLLAGEN,ECM-Receptor,KEGG: hsa04512,mild
Hom-NPCs,Eff-NPCs,COL2A1,SDC4,3.215117803553704e-4,0,COL2A1_SDC4,COL2A1 - SDC4,COLLAGEN,ECM-Receptor,KEGG: hsa04512,mild
Ht-NPCs,Eff-NPCs,COL2A1,SDC4,1.8987902099135286e-5,0,COL2A1_SDC4,COL2A1 - SDC4,COLLAGEN,ECM-Receptor,KEGG: hsa04512,mild
Fibro-reg NPCs,Eff-NPCs,COL2A1,SDC4,1.4210663916508598e-4,0,COL2A1_SDC4,COL2A1 - SDC4,COLLAGEN,ECM-Receptor,KEGG: hsa04512,mild
Hom/Reg-like NPCs,Eff-NPCs,COL2A1,SDC4,0.001061731127681563,0,COL2A1_SDC4,COL2A1 - SDC4,COLLAGEN,ECM-Receptor,KEGG: hsa04512,mild
ECM/Adh-NPCs,Hom/Reg-like NPCs,COL2A1,SDC4,0.0028277513029779087,0,COL2A1_SDC4,COL2A1 - SDC4,COLLAGEN,ECM-Receptor,KEGG: hsa04512,mild
Hom-NPCs,Hom/Reg-like NPCs,COL2A1,SDC4,0.001147253353441501,0,COL2A1_SDC4,COL2A1 - SDC4,COLLAGEN,ECM-Receptor,KEGG: hsa04512,mild
Ht-NPCs,Hom/Reg-like NPCs,COL2A1,SDC4,6.816660748265385e-5,0,COL2A1_SDC4,COL2A1 - SDC4,COLLAGEN,ECM-Receptor,KEGG: hsa04512,mild
Fibro-reg NPCs,Hom/Reg-like NPCs,COL2A1,SDC4,5.08325253283573e-4,0,COL2A1_SDC4,COL2A1 - SDC4,COLLAGEN,ECM-Receptor,KEGG: hsa04512,mild
Hom/Reg-like NPCs,Hom/Reg-like NPCs,COL2A1,SDC4,0.0038178480558269056,0,COL2A1_SDC4,COL2A1 - SDC4,COLLAGEN,ECM-Receptor,KEGG: hsa04512,mild
Fibro-NPCs,Hom-NPCs,COL6A1,SDC4,4.6755693252362564e-4,0,COL6A1_SDC4,COL6A1 - SDC4,COLLAGEN,ECM-Receptor,KEGG: hsa04512,mild
Fibro-reg NPCs,Hom-NPCs,COL6A1,SDC4,2.840038351496086e-4,0,COL6A1_SDC4,COL6A1 - SDC4,COLLAGEN,ECM-Receptor,KEGG: hsa04512,mild
ECM/Adh-NPCs,Eff-NPCs,COL6A1,SDC4,1.1846480479052458e-4,0,COL6A1_SDC4,COL6A1 - SDC4,COLLAGEN,ECM-Receptor,KEGG: hsa04512,mild
Fibro-NPCs,Eff-NPCs,COL6A1,SDC4,2.992256030551323e-4,0,COL6A1_SDC4,COL6A1 - SDC4,COLLAGEN,ECM-Receptor,KEGG: hsa04512,mild
Fibro-reg NPCs,Eff-NPCs,COL6A1,SDC4,1.8189787884430745e-4,0,COL6A1_SDC4,COL6A1 - SDC4,COLLAGEN,ECM-Receptor,KEGG: hsa04512,mild
Hom/Reg-like NPCs,Eff-NPCs,COL6A1,SDC4,1.0169504746382224e-4,0,COL6A1_SDC4,COL6A1 - SDC4,COLLAGEN,ECM-Receptor,KEGG: hsa04512,mild
Fibro-NPCs,Ht-NPCs,COL6A1,SDC4,1.528170551177509e-5,0,COL6A1_SDC4,COL6A1 - SDC4,COLLAGEN,ECM-Receptor,KEGG: hsa04512,mild
Fibro-reg NPCs,Ht-NPCs,COL6A1,SDC4,9.28278175663732e-6,0,COL6A1_SDC4,COL6A1 - SDC4,COLLAGEN,ECM-Receptor,KEGG: hsa04512,mild
Fibro-NPCs,Fibro-reg NPCs,COL6A1,SDC4,9.074097545077566e-5,0,COL6A1_SDC4,COL6A1 - SDC4,COLLAGEN,ECM-Receptor,KEGG: hsa04512,mild
Fibro-reg NPCs,Fibro-reg NPCs,COL6A1,SDC4,5.510169904679938e-5,0,COL6A1_SDC4,COL6A1 - SDC4,COLLAGEN,ECM-Receptor,KEGG: hsa04512,mild
ECM/Adh-NPCs,Hom/Reg-like NPCs,COL6A1,SDC4,4.2090681922126567e-4,0,COL6A1_SDC4,COL6A1 - SDC4,COLLAGEN,ECM-Receptor,KEGG: hsa04512,mild
Fibro-NPCs,Hom/Reg-like NPCs,COL6A1,SDC4,0.001073559990758092,0,COL6A1_SDC4,COL6A1 - SDC4,COLLAGEN,ECM-Receptor,KEGG: hsa04512,mild
Fibro-reg NPCs,Hom/Reg-like NPCs,COL6A1,SDC4,6.523380854994379e-4,0,COL6A1_SDC4,COL6A1 - SDC4,COLLAGEN,ECM-Receptor,KEGG: hsa04512,mild
Fibro-reg NPCs,Hom-NPCs,COL6A2,SDC4,3.840103735424064e-5,0,COL6A2_SDC4,COL6A2 - SDC4,COLLAGEN,ECM-Receptor,KEGG: hsa04512,mild
Fibro-reg NPCs,Eff-NPCs,COL6A2,SDC4,2.5059288491124563e-5,0,COL6A2_SDC4,COL6A2 - SDC4,COLLAGEN,ECM-Receptor,KEGG: hsa04512,mild
Fibro-reg NPCs,Ht-NPCs,COL6A2,SDC4,1.2562931219056676e-6,0,COL6A2_SDC4,COL6A2 - SDC4,COLLAGEN,ECM-Receptor,KEGG: hsa04512,mild
Fibro-reg NPCs,Fibro-reg NPCs,COL6A2,SDC4,7.39870133375087e-6,0,COL6A2_SDC4,COL6A2 - SDC4,COLLAGEN,ECM-Receptor,KEGG: hsa04512,mild
Fibro-reg NPCs,Hom/Reg-like NPCs,COL6A2,SDC4,8.89661168833293e-5,0,COL6A2_SDC4,COL6A2 - SDC4,COLLAGEN,ECM-Receptor,KEGG: hsa04512,mild
Fibro-NPCs,Hom-NPCs,COL6A3,SDC4,5.175515038563555e-4,0,COL6A3_SDC4,COL6A3 - SDC4,COLLAGEN,ECM-Receptor,KEGG: hsa04512,mild
Fibro-reg NPCs,Hom-NPCs,COL6A3,SDC4,2.830435188340367e-4,0,COL6A3_SDC4,COL6A3 - SDC4,COLLAGEN,ECM-Receptor,KEGG: hsa04512,mild
ECM/Adh-NPCs,Eff-NPCs,COL6A3,SDC4,1.1664481576018545e-4,0,COL6A3_SDC4,COL6A3 - SDC4,COLLAGEN,ECM-Receptor,KEGG: hsa04512,mild
Fibro-NPCs,Eff-NPCs,COL6A3,SDC4,3.304369522976106e-4,0,COL6A3_SDC4,COL6A3 - SDC4,COLLAGEN,ECM-Receptor,KEGG: hsa04512,mild
Fibro-reg NPCs,Eff-NPCs,COL6A3,SDC4,1.812959529271956e-4,0,COL6A3_SDC4,COL6A3 - SDC4,COLLAGEN,ECM-Receptor,KEGG: hsa04512,mild
Fibro-NPCs,Ht-NPCs,COL6A3,SDC4,1.691377012257293e-5,0,COL6A3_SDC4,COL6A3 - SDC4,COLLAGEN,ECM-Receptor,KEGG: hsa04512,mild
Fibro-reg NPCs,Ht-NPCs,COL6A3,SDC4,9.251426234096005e-6,0,COL6A3_SDC4,COL6A3 - SDC4,COLLAGEN,ECM-Receptor,KEGG: hsa04512,mild
Fibro-NPCs,Fibro-reg NPCs,COL6A3,SDC4,1.0053383442161313e-4,0,COL6A3_SDC4,COL6A3 - SDC4,COLLAGEN,ECM-Receptor,KEGG: hsa04512,mild
Fibro-reg NPCs,Fibro-reg NPCs,COL6A3,SDC4,5.491387852914063e-5,0,COL6A3_SDC4,COL6A3 - SDC4,COLLAGEN,ECM-Receptor,KEGG: hsa04512,mild
ECM/Adh-NPCs,Hom/Reg-like NPCs,COL6A3,SDC4,4.144251427751298e-4,0,COL6A3_SDC4,COL6A3 - SDC4,COLLAGEN,ECM-Receptor,KEGG: hsa04512,mild
Fibro-NPCs,Hom/Reg-like NPCs,COL6A3,SDC4,0.0011870512100934606,0,COL6A3_SDC4,COL6A3 - SDC4,COLLAGEN,ECM-Receptor,KEGG: hsa04512,mild
Fibro-reg NPCs,Hom/Reg-like NPCs,COL6A3,SDC4,6.501540604380943e-4,0,COL6A3_SDC4,COL6A3 - SDC4,COLLAGEN,ECM-Receptor,KEGG: hsa04512,mild
Hom/Reg-like NPCs,Hom-NPCs,COL9A2,SDC4,3.63453281958344e-4,0,COL9A2_SDC4,COL9A2 - SDC4,COLLAGEN,ECM-Receptor,KEGG: hsa04512,mild
Hom/Reg-like NPCs,Eff-NPCs,COL9A2,SDC4,2.364880819988085e-4,0,COL9A2_SDC4,COL9A2 - SDC4,COLLAGEN,ECM-Receptor,KEGG: hsa04512,mild
Hom/Reg-like NPCs,Ht-NPCs,COL9A2,SDC4,1.1888736409684434e-5,0,COL9A2_SDC4,COL9A2 - SDC4,COLLAGEN,ECM-Receptor,KEGG: hsa04512,mild
Hom/Reg-like NPCs,Fibro-reg NPCs,COL9A2,SDC4,7.010156496036306e-5,0,COL9A2_SDC4,COL9A2 - SDC4,COLLAGEN,ECM-Receptor,KEGG: hsa04512,mild
Hom/Reg-like NPCs,Hom/Reg-like NPCs,COL9A2,SDC4,8.409134302458922e-4,0,COL9A2_SDC4,COL9A2 - SDC4,COLLAGEN,ECM-Receptor,KEGG: hsa04512,mild
Ht-NPCs,Hom-NPCs,COL9A3,SDC4,1.0544432339487955e-6,0,COL9A3_SDC4,COL9A3 - SDC4,COLLAGEN,ECM-Receptor,KEGG: hsa04512,mild
Ht-NPCs,Eff-NPCs,COL9A3,SDC4,6.8954886051339e-7,0,COL9A3_SDC4,COL9A3 - SDC4,COLLAGEN,ECM-Receptor,KEGG: hsa04512,mild
Ht-NPCs,Ht-NPCs,COL9A3,SDC4,3.4499693606830824e-8,0,COL9A3_SDC4,COL9A3 - SDC4,COLLAGEN,ECM-Receptor,KEGG: hsa04512,mild
Ht-NPCs,Hom/Reg-like NPCs,COL9A3,SDC4,2.445251598050491e-6,0,COL9A3_SDC4,COL9A3 - SDC4,COLLAGEN,ECM-Receptor,KEGG: hsa04512,mild
ECM/Adh-NPCs,Hom-NPCs,FN1,SDC4,0.0029565529433445642,0,FN1_SDC4,FN1 - SDC4,FN1,ECM-Receptor,KEGG: hsa04512,mild
Eff-NPCs,Hom-NPCs,FN1,SDC4,7.104132153469577e-4,0,FN1_SDC4,FN1 - SDC4,FN1,ECM-Receptor,KEGG: hsa04512,mild
Fibro-NPCs,Hom-NPCs,FN1,SDC4,0.0013346078364136343,0,FN1_SDC4,FN1 - SDC4,FN1,ECM-Receptor,KEGG: hsa04512,mild
Fibro-reg NPCs,Hom-NPCs,FN1,SDC4,8.949538457854735e-4,0,FN1_SDC4,FN1 - SDC4,FN1,ECM-Receptor,KEGG: hsa04512,mild
ECM/Adh-NPCs,Eff-NPCs,FN1,SDC4,0.0018055194908978794,0,FN1_SDC4,FN1 - SDC4,FN1,ECM-Receptor,KEGG: hsa04512,mild
Hom-NPCs,Eff-NPCs,FN1,SDC4,9.363362897784663e-4,0,FN1_SDC4,FN1 - SDC4,FN1,ECM-Receptor,KEGG: hsa04512,mild
Eff-NPCs,Eff-NPCs,FN1,SDC4,4.3986078718544745e-4,0,FN1_SDC4,FN1 - SDC4,FN1,ECM-Receptor,KEGG: hsa04512,mild
Ht-NPCs,Eff-NPCs,FN1,SDC4,2.9348176564320945e-5,0,FN1_SDC4,FN1 - SDC4,FN1,ECM-Receptor,KEGG: hsa04512,mild
Fibro-NPCs,Eff-NPCs,FN1,SDC4,8.203610631249127e-4,0,FN1_SDC4,FN1 - SDC4,FN1,ECM-Receptor,KEGG: hsa04512,mild
Fibro-reg NPCs,Eff-NPCs,FN1,SDC4,5.479420847721789e-4,0,FN1_SDC4,FN1 - SDC4,FN1,ECM-Receptor,KEGG: hsa04512,mild
Hom/Reg-like NPCs,Eff-NPCs,FN1,SDC4,0.0018515521658386215,0,FN1_SDC4,FN1 - SDC4,FN1,ECM-Receptor,KEGG: hsa04512,mild
ECM/Adh-NPCs,Hom/Reg-like NPCs,FN1,SDC4,0.006641337250271755,0,FN1_SDC4,FN1 - SDC4,FN1,ECM-Receptor,KEGG: hsa04512,mild
Hom-NPCs,Hom/Reg-like NPCs,FN1,SDC4,0.003384556518330028,0,FN1_SDC4,FN1 - SDC4,FN1,ECM-Receptor,KEGG: hsa04512,mild
Eff-NPCs,Hom/Reg-like NPCs,FN1,SDC4,0.0016062293748460867,0,FN1_SDC4,FN1 - SDC4,FN1,ECM-Receptor,KEGG: hsa04512,mild
Ht-NPCs,Hom/Reg-like NPCs,FN1,SDC4,1.0610269711532592e-4,0,FN1_SDC4,FN1 - SDC4,FN1,ECM-Receptor,KEGG: hsa04512,mild
Fibro-NPCs,Hom/Reg-like NPCs,FN1,SDC4,0.0030072143021873474,0,FN1_SDC4,FN1 - SDC4,FN1,ECM-Receptor,KEGG: hsa04512,mild
Fibro-reg NPCs,Hom/Reg-like NPCs,FN1,SDC4,0.002012795351273607,0,FN1_SDC4,FN1 - SDC4,FN1,ECM-Receptor,KEGG: hsa04512,mild
Hom/Reg-like NPCs,Hom/Reg-like NPCs,FN1,SDC4,0.0067304630891371255,0,FN1_SDC4,FN1 - SDC4,FN1,ECM-Receptor,KEGG: hsa04512,mild
Fibro-NPCs,Hom-NPCs,TNC,SDC4,3.6632252033715697e-4,0,TNC_SDC4,TNC - SDC4,TENASCIN,ECM-Receptor,KEGG: hsa04512,mild
Fibro-reg NPCs,Hom-NPCs,TNC,SDC4,1.8623363337380713e-4,0,TNC_SDC4,TNC - SDC4,TENASCIN,ECM-Receptor,KEGG: hsa04512,mild
Fibro-NPCs,Eff-NPCs,TNC,SDC4,2.3556970537066735e-4,0,TNC_SDC4,TNC - SDC4,TENASCIN,ECM-Receptor,KEGG: hsa04512,mild
Fibro-reg NPCs,Eff-NPCs,TNC,SDC4,1.2016465287007942e-4,0,TNC_SDC4,TNC - SDC4,TENASCIN,ECM-Receptor,KEGG: hsa04512,mild
Fibro-NPCs,Ht-NPCs,TNC,SDC4,1.1975762448553339e-5,0,TNC_SDC4,TNC - SDC4,TENASCIN,ECM-Receptor,KEGG: hsa04512,mild
Fibro-reg NPCs,Ht-NPCs,TNC,SDC4,6.0893212904771695e-6,0,TNC_SDC4,TNC - SDC4,TENASCIN,ECM-Receptor,KEGG: hsa04512,mild
Fibro-NPCs,Fibro-reg NPCs,TNC,SDC4,7.09650420674176e-5,0,TNC_SDC4,TNC - SDC4,TENASCIN,ECM-Receptor,KEGG: hsa04512,mild
Fibro-reg NPCs,Fibro-reg NPCs,TNC,SDC4,3.603220826883778e-5,0,TNC_SDC4,TNC - SDC4,TENASCIN,ECM-Receptor,KEGG: hsa04512,mild
Fibro-NPCs,Hom/Reg-like NPCs,TNC,SDC4,8.42986781443597e-4,0,TNC_SDC4,TNC - SDC4,TENASCIN,ECM-Receptor,KEGG: hsa04512,mild
Fibro-reg NPCs,Hom/Reg-like NPCs,TNC,SDC4,4.2922885086399095e-4,0,TNC_SDC4,TNC - SDC4,TENASCIN,ECM-Receptor,KEGG: hsa04512,mild
Eff-NPCs,Hom-NPCs,THBS1,SDC4,4.2442950494248404e-5,0,THBS1_SDC4,THBS1 - SDC4,THBS,ECM-Receptor,KEGG: hsa04512,mild
Fibro-reg NPCs,Hom-NPCs,THBS1,SDC4,1.112360777617275e-4,0,THBS1_SDC4,THBS1 - SDC4,THBS,ECM-Receptor,KEGG: hsa04512,mild
Hom/Reg-like NPCs,Hom-NPCs,THBS1,SDC4,2.1039806837089717e-4,0,THBS1_SDC4,THBS1 - SDC4,THBS,ECM-Receptor,KEGG: hsa04512,mild
Eff-NPCs,Eff-NPCs,THBS1,SDC4,2.7684507715182912e-5,0,THBS1_SDC4,THBS1 - SDC4,THBS,ECM-Receptor,KEGG: hsa04512,mild
Fibro-reg NPCs,Eff-NPCs,THBS1,SDC4,7.218497797437719e-5,0,THBS1_SDC4,THBS1 - SDC4,THBS,ECM-Receptor,KEGG: hsa04512,mild
Hom/Reg-like NPCs,Eff-NPCs,THBS1,SDC4,1.3723787258151295e-4,0,THBS1_SDC4,THBS1 - SDC4,THBS,ECM-Receptor,KEGG: hsa04512,mild
Fibro-reg NPCs,Ht-NPCs,THBS1,SDC4,3.6381180368487293e-6,0,THBS1_SDC4,THBS1 - SDC4,THBS,ECM-Receptor,KEGG: hsa04512,mild
Hom/Reg-like NPCs,Ht-NPCs,THBS1,SDC4,6.883042709236145e-6,0,THBS1_SDC4,THBS1 - SDC4,THBS,ECM-Receptor,KEGG: hsa04512,mild
Eff-NPCs,Fibro-reg NPCs,THBS1,SDC4,8.17880273122036e-6,0,THBS1_SDC4,THBS1 - SDC4,THBS,ECM-Receptor,KEGG: hsa04512,mild
Fibro-reg NPCs,Fibro-reg NPCs,THBS1,SDC4,2.1476032461562527e-5,0,THBS1_SDC4,THBS1 - SDC4,THBS,ECM-Receptor,KEGG: hsa04512,mild
Hom/Reg-like NPCs,Fibro-reg NPCs,THBS1,SDC4,4.0543902597432804e-5,0,THBS1_SDC4,THBS1 - SDC4,THBS,ECM-Receptor,KEGG: hsa04512,mild
Eff-NPCs,Hom/Reg-like NPCs,THBS1,SDC4,9.831013055025795e-5,0,THBS1_SDC4,THBS1 - SDC4,THBS,ECM-Receptor,KEGG: hsa04512,mild
Fibro-reg NPCs,Hom/Reg-like NPCs,THBS1,SDC4,2.570495845429776e-4,0,THBS1_SDC4,THBS1 - SDC4,THBS,ECM-Receptor,KEGG: hsa04512,mild
Hom/Reg-like NPCs,Hom/Reg-like NPCs,THBS1,SDC4,4.8734319613687757e-4,0,THBS1_SDC4,THBS1 - SDC4,THBS,ECM-Receptor,KEGG: hsa04512,mild
Fibro-NPCs,Hom-NPCs,THBS2,SDC4,1.5033530842393958e-5,0,THBS2_SDC4,THBS2 - SDC4,THBS,ECM-Receptor,KEGG: hsa04512,mild
Fibro-reg NPCs,Hom-NPCs,THBS2,SDC4,9.224492574036775e-5,0,THBS2_SDC4,THBS2 - SDC4,THBS,ECM-Receptor,KEGG: hsa04512,mild
Eff-NPCs,Eff-NPCs,THBS2,SDC4,2.9054672041782644e-6,0,THBS2_SDC4,THBS2 - SDC4,THBS,ECM-Receptor,KEGG: hsa04512,mild
Fibro-NPCs,Eff-NPCs,THBS2,SDC4,9.832270312428545e-6,0,THBS2_SDC4,THBS2 - SDC4,THBS,ECM-Receptor,KEGG: hsa04512,mild
Fibro-reg NPCs,Eff-NPCs,THBS2,SDC4,5.994797853500099e-5,0,THBS2_SDC4,THBS2 - SDC4,THBS,ECM-Receptor,KEGG: hsa04512,mild
Eff-NPCs,Ht-NPCs,THBS2,SDC4,1.4529930933462168e-7,0,THBS2_SDC4,THBS2 - SDC4,THBS,ECM-Receptor,KEGG: hsa04512,mild
Fibro-NPCs,Ht-NPCs,THBS2,SDC4,4.918758191115561e-7,0,THBS2_SDC4,THBS2 - SDC4,THBS,ECM-Receptor,KEGG: hsa04512,mild
Fibro-reg NPCs,Ht-NPCs,THBS2,SDC4,3.017199892407877e-6,0,THBS2_SDC4,THBS2 - SDC4,THBS,ECM-Receptor,KEGG: hsa04512,mild
Fibro-NPCs,Fibro-reg NPCs,THBS2,SDC4,2.894130687245973e-6,0,THBS2_SDC4,THBS2 - SDC4,THBS,ECM-Receptor,KEGG: hsa04512,mild
Fibro-reg NPCs,Fibro-reg NPCs,THBS2,SDC4,1.7799881365799435e-5,0,THBS2_SDC4,THBS2 - SDC4,THBS,ECM-Receptor,KEGG: hsa04512,mild
Eff-NPCs,Hom/Reg-like NPCs,THBS2,SDC4,1.0300512979591412e-5,0,THBS2_SDC4,THBS2 - SDC4,THBS,ECM-Receptor,KEGG: hsa04512,mild
Fibro-NPCs,Hom/Reg-like NPCs,THBS2,SDC4,3.4864594908561985e-5,0,THBS2_SDC4,THBS2 - SDC4,THBS,ECM-Receptor,KEGG: hsa04512,mild
Fibro-reg NPCs,Hom/Reg-like NPCs,THBS2,SDC4,2.1330595961972695e-4,0,THBS2_SDC4,THBS2 - SDC4,THBS,ECM-Receptor,KEGG: hsa04512,mild
Fibro-reg NPCs,Hom-NPCs,COMP,SDC4,2.309125000961306e-5,0,COMP_SDC4,COMP - SDC4,THBS,ECM-Receptor,KEGG: hsa04512,mild
Hom/Reg-like NPCs,Hom-NPCs,COMP,SDC4,1.5415292649355411e-4,0,COMP_SDC4,COMP - SDC4,THBS,ECM-Receptor,KEGG: hsa04512,mild
Fibro-reg NPCs,Eff-NPCs,COMP,SDC4,1.5086364599312732e-5,0,COMP_SDC4,COMP - SDC4,THBS,ECM-Receptor,KEGG: hsa04512,mild
Hom/Reg-like NPCs,Eff-NPCs,COMP,SDC4,1.006418124877864e-4,0,COMP_SDC4,COMP - SDC4,THBS,ECM-Receptor,KEGG: hsa04512,mild
Fibro-reg NPCs,Ht-NPCs,COMP,SDC4,7.554749119632496e-7,0,COMP_SDC4,COMP - SDC4,THBS,ECM-Receptor,KEGG: hsa04512,mild
Hom/Reg-like NPCs,Ht-NPCs,COMP,SDC4,5.0432379356676774e-6,0,COMP_SDC4,COMP - SDC4,THBS,ECM-Receptor,KEGG: hsa04512,mild
Hom/Reg-like NPCs,Fibro-reg NPCs,COMP,SDC4,2.9695483013625806e-5,0,COMP_SDC4,COMP - SDC4,THBS,ECM-Receptor,KEGG: hsa04512,mild
Fibro-reg NPCs,Hom/Reg-like NPCs,COMP,SDC4,5.352576661443736e-5,0,COMP_SDC4,COMP - SDC4,THBS,ECM-Receptor,KEGG: hsa04512,mild
Hom/Reg-like NPCs,Hom/Reg-like NPCs,COMP,SDC4,3.5721139922842887e-4,0,COMP_SDC4,COMP - SDC4,THBS,ECM-Receptor,KEGG: hsa04512,mild
Eff-NPCs,Hom-NPCs,THBS1,CD47,3.7739699638655454e-5,0,THBS1_CD47,THBS1 - CD47,THBS,ECM-Receptor,KEGG: hsa04512,mild
Fibro-reg NPCs,Hom-NPCs,THBS1,CD47,9.896097749790677e-5,0,THBS1_CD47,THBS1 - CD47,THBS,ECM-Receptor,KEGG: hsa04512,mild
Hom/Reg-like NPCs,Hom-NPCs,THBS1,CD47,1.8708308416013489e-4,0,THBS1_CD47,THBS1 - CD47,THBS,ECM-Receptor,KEGG: hsa04512,mild
Fibro-reg NPCs,Eff-NPCs,THBS1,CD47,1.7633182631410217e-5,0,THBS1_CD47,THBS1 - CD47,THBS,ECM-Receptor,KEGG: hsa04512,mild
Hom/Reg-like NPCs,Eff-NPCs,THBS1,CD47,3.32756537606503e-5,0,THBS1_CD47,THBS1 - CD47,THBS,ECM-Receptor,KEGG: hsa04512,mild
Eff-NPCs,Ht-NPCs,THBS1,CD47,1.3416678005217288e-6,0,THBS1_CD47,THBS1 - CD47,THBS,ECM-Receptor,KEGG: hsa04512,mild
Fibro-reg NPCs,Ht-NPCs,THBS1,CD47,3.5160071890814253e-6,0,THBS1_CD47,THBS1 - CD47,THBS,ECM-Receptor,KEGG: hsa04512,mild
Hom/Reg-like NPCs,Ht-NPCs,THBS1,CD47,6.6509118832594506e-06,0,THBS1_CD47,THBS1 - CD47,THBS,ECM-Receptor,KEGG: hsa04512,mild
Eff-NPCs,Fibro-reg NPCs,THBS1,CD47,1.630946373168919e-5,0,THBS1_CD47,THBS1 - CD47,THBS,ECM-Receptor,KEGG: hsa04512,mild
Fibro-reg NPCs,Fibro-reg NPCs,THBS1,CD47,4.270710087770642e-5,0,THBS1_CD47,THBS1 - CD47,THBS,ECM-Receptor,KEGG: hsa04512,mild
Hom/Reg-like NPCs,Fibro-reg NPCs,THBS1,CD47,8.084925659076525e-5,0,THBS1_CD47,THBS1 - CD47,THBS,ECM-Receptor,KEGG: hsa04512,mild
Eff-NPCs,Hom/Reg-like NPCs,THBS1,CD47,7.402866514301096e-5,0,THBS1_CD47,THBS1 - CD47,THBS,ECM-Receptor,KEGG: hsa04512,mild
Fibro-reg NPCs,Hom/Reg-like NPCs,THBS1,CD47,1.9389756632598248e-4,0,THBS1_CD47,THBS1 - CD47,THBS,ECM-Receptor,KEGG: hsa04512,mild
Hom/Reg-like NPCs,Hom/Reg-like NPCs,THBS1,CD47,3.669747796235415e-4,0,THBS1_CD47,THBS1 - CD47,THBS,ECM-Receptor,KEGG: hsa04512,mild
Fibro-NPCs,Hom-NPCs,THBS2,CD47,1.3364014737626153e-5,0,THBS2_CD47,THBS2 - CD47,THBS,ECM-Receptor,KEGG: hsa04512,mild
Fibro-reg NPCs,Hom-NPCs,THBS2,CD47,8.205345807341876e-5,0,THBS2_CD47,THBS2 - CD47,THBS,ECM-Receptor,KEGG: hsa04512,mild
Fibro-NPCs,Eff-NPCs,THBS2,CD47,2.3748078784607344e-6,0,THBS2_CD47,THBS2 - CD47,THBS,ECM-Receptor,KEGG: hsa04512,mild
Fibro-reg NPCs,Eff-NPCs,THBS2,CD47,1.4613153204831861e-5,0,THBS2_CD47,THBS2 - CD47,THBS,ECM-Receptor,KEGG: hsa04512,mild
Eff-NPCs,Ht-NPCs,THBS2,CD47,1.403852966475807e-7,0,THBS2_CD47,THBS2 - CD47,THBS,ECM-Receptor,KEGG: hsa04512,mild
Fibro-NPCs,Ht-NPCs,THBS2,CD47,4.7524631840291537e-7,0,THBS2_CD47,THBS2 - CD47,THBS,ECM-Receptor,KEGG: hsa04512,mild
Fibro-reg NPCs,Ht-NPCs,THBS2,CD47,2.9157923327385473e-6,0,THBS2_CD47,THBS2 - CD47,THBS,ECM-Receptor,KEGG: hsa04512,mild
Fibro-reg NPCs,Fibro-NPCs,THBS2,CD47,3.3973553147184684e-6,0,THBS2_CD47,THBS2 - CD47,THBS,ECM-Receptor,KEGG: hsa04512,mild
Eff-NPCs,Fibro-reg NPCs,THBS2,CD47,1.7073398666560644e-6,0,THBS2_CD47,THBS2 - CD47,THBS,ECM-Receptor,KEGG: hsa04512,mild
Fibro-NPCs,Fibro-reg NPCs,THBS2,CD47,5.779526193181995e-6,0,THBS2_CD47,THBS2 - CD47,THBS,ECM-Receptor,KEGG: hsa04512,mild
Fibro-reg NPCs,Fibro-reg NPCs,THBS2,CD47,3.542456200382239e-5,0,THBS2_CD47,THBS2 - CD47,THBS,ECM-Receptor,KEGG: hsa04512,mild
Eff-NPCs,Hom/Reg-like NPCs,THBS2,CD47,7.748433804699298e-6,0,THBS2_CD47,THBS2 - CD47,THBS,ECM-Receptor,KEGG: hsa04512,mild
Fibro-NPCs,Hom/Reg-like NPCs,THBS2,CD47,2.6229757891787515e-5,0,THBS2_CD47,THBS2 - CD47,THBS,ECM-Receptor,KEGG: hsa04512,mild
Fibro-reg NPCs,Hom/Reg-like NPCs,THBS2,CD47,1.608218380485759e-4,0,THBS2_CD47,THBS2 - CD47,THBS,ECM-Receptor,KEGG: hsa04512,mild
Fibro-reg NPCs,Hom-NPCs,COMP,CD47,2.0529067383686223e-5,0,COMP_CD47,COMP - CD47,THBS,ECM-Receptor,KEGG: hsa04512,mild
Hom/Reg-like NPCs,Hom-NPCs,COMP,CD47,1.3705813083003532e-4,0,COMP_CD47,COMP - CD47,THBS,ECM-Receptor,KEGG: hsa04512,mild
Hom/Reg-like NPCs,Eff-NPCs,COMP,CD47,2.437028251743086e-5,0,COMP_CD47,COMP - CD47,THBS,ECM-Receptor,KEGG: hsa04512,mild
Fibro-reg NPCs,Ht-NPCs,COMP,CD47,7.299582540890555e-7,0,COMP_CD47,COMP - CD47,THBS,ECM-Receptor,KEGG: hsa04512,mild
Hom/Reg-like NPCs,Ht-NPCs,COMP,CD47,4.873011679462182e-6,0,COMP_CD47,COMP - CD47,THBS,ECM-Receptor,KEGG: hsa04512,mild
Fibro-reg NPCs,Fibro-reg NPCs,COMP,CD47,8.87567537616182e-6,0,COMP_CD47,COMP - CD47,THBS,ECM-Receptor,KEGG: hsa04512,mild
Hom/Reg-like NPCs,Fibro-reg NPCs,COMP,CD47,5.924518313090359e-5,0,COMP_CD47,COMP - CD47,THBS,ECM-Receptor,KEGG: hsa04512,mild
Fibro-reg NPCs,Hom/Reg-like NPCs,COMP,CD47,4.028341396963112e-5,0,COMP_CD47,COMP - CD47,THBS,ECM-Receptor,KEGG: hsa04512,mild
Hom/Reg-like NPCs,Hom/Reg-like NPCs,COMP,CD47,2.6890164607154185e-4,0,COMP_CD47,COMP - CD47,THBS,ECM-Receptor,KEGG: hsa04512,mild
ECM/Adh-NPCs,Eff-NPCs,PGE2-PTGES3,PTGER2,2.2986045052001842e-5,0,PGE2-PTGES3_PTGER2,PGE2-PTGES3 - PTGER2,Prostaglandin,Non-protein Signaling,PMID: 34949672;PMID: 21508345,mild
Hom-NPCs,Eff-NPCs,PGE2-PTGES3,PTGER2,1.4786886156826774e-4,0,PGE2-PTGES3_PTGER2,PGE2-PTGES3 - PTGER2,Prostaglandin,Non-protein Signaling,PMID: 34949672;PMID: 21508345,mild
Eff-NPCs,Eff-NPCs,PGE2-PTGES3,PTGER2,7.82760170153119e-5,0,PGE2-PTGES3_PTGER2,PGE2-PTGES3 - PTGER2,Prostaglandin,Non-protein Signaling,PMID: 34949672;PMID: 21508345,mild
Ht-NPCs,Eff-NPCs,PGE2-PTGES3,PTGER2,4.617010928068448e-6,0,PGE2-PTGES3_PTGER2,PGE2-PTGES3 - PTGER2,Prostaglandin,Non-protein Signaling,PMID: 34949672;PMID: 21508345,mild
Fibro-NPCs,Eff-NPCs,PGE2-PTGES3,PTGER2,4.1306161129860126e-5,0,PGE2-PTGES3_PTGER2,PGE2-PTGES3 - PTGER2,Prostaglandin,Non-protein Signaling,PMID: 34949672;PMID: 21508345,mild
Fibro-reg NPCs,Eff-NPCs,PGE2-PTGES3,PTGER2,6.0707827941820544e-5,0,PGE2-PTGES3_PTGER2,PGE2-PTGES3 - PTGER2,Prostaglandin,Non-protein Signaling,PMID: 34949672;PMID: 21508345,mild
Hom/Reg-like NPCs,Eff-NPCs,PGE2-PTGES3,PTGER2,3.6390438770963975e-4,0,PGE2-PTGES3_PTGER2,PGE2-PTGES3 - PTGER2,Prostaglandin,Non-protein Signaling,PMID: 34949672;PMID: 21508345,mild
Hom-NPCs,Fibro-reg NPCs,PGE2-PTGES3,PTGER2,4.8432204367184986e-5,0,PGE2-PTGES3_PTGER2,PGE2-PTGES3 - PTGER2,Prostaglandin,Non-protein Signaling,PMID: 34949672;PMID: 21508345,mild
Eff-NPCs,Fibro-reg NPCs,PGE2-PTGES3,PTGER2,2.5773096692641807e-5,0,PGE2-PTGES3_PTGER2,PGE2-PTGES3 - PTGER2,Prostaglandin,Non-protein Signaling,PMID: 34949672;PMID: 21508345,mild
Ht-NPCs,Fibro-reg NPCs,PGE2-PTGES3,PTGER2,1.5122872057033736e-6,0,PGE2-PTGES3_PTGER2,PGE2-PTGES3 - PTGER2,Prostaglandin,Non-protein Signaling,PMID: 34949672;PMID: 21508345,mild
Fibro-NPCs,Fibro-reg NPCs,PGE2-PTGES3,PTGER2,1.3483364340376358e-5,0,PGE2-PTGES3_PTGER2,PGE2-PTGES3 - PTGER2,Prostaglandin,Non-protein Signaling,PMID: 34949672;PMID: 21508345,mild
Fibro-reg NPCs,Fibro-reg NPCs,PGE2-PTGES3,PTGER2,1.992365720822154e-5,0,PGE2-PTGES3_PTGER2,PGE2-PTGES3 - PTGER2,Prostaglandin,Non-protein Signaling,PMID: 34949672;PMID: 21508345,mild
Hom/Reg-like NPCs,Fibro-reg NPCs,PGE2-PTGES3,PTGER2,1.1972302277932612e-4,0,PGE2-PTGES3_PTGER2,PGE2-PTGES3 - PTGER2,Prostaglandin,Non-protein Signaling,PMID: 34949672;PMID: 21508345,mild
Hom-NPCs,Eff-NPCs,CD46,JAG1,8.253771518510749e-7,0,CD46_JAG1,CD46 - JAG1,CD46,Cell-Cell Contact,PMID: 23086448,mild
Eff-NPCs,Eff-NPCs,CD46,JAG1,2.638353652694779e-7,0,CD46_JAG1,CD46 - JAG1,CD46,Cell-Cell Contact,PMID: 23086448,mild
Fibro-reg NPCs,Eff-NPCs,CD46,JAG1,9.587663851260935e-7,0,CD46_JAG1,CD46 - JAG1,CD46,Cell-Cell Contact,PMID: 23086448,mild
Hom/Reg-like NPCs,Eff-NPCs,CD46,JAG1,3.2251695937874228e-6,0,CD46_JAG1,CD46 - JAG1,CD46,Cell-Cell Contact,PMID: 23086448,mild
Hom-NPCs,Hom-NPCs,CD99,CD99,0.003173354267489353,0,CD99_CD99,CD99 - CD99,CD99,Cell-Cell Contact,KEGG: hsa04514,mild
Fibro-NPCs,Hom-NPCs,CD99,CD99,0.0011973044480126963,0,CD99_CD99,CD99 - CD99,CD99,Cell-Cell Contact,KEGG: hsa04514,mild
Fibro-reg NPCs,Hom-NPCs,CD99,CD99,0.0010664079071312168,0,CD99_CD99,CD99 - CD99,CD99,Cell-Cell Contact,KEGG: hsa04514,mild
Hom/Reg-like NPCs,Hom-NPCs,CD99,CD99,0.004540562186598684,0,CD99_CD99,CD99 - CD99,CD99,Cell-Cell Contact,KEGG: hsa04514,mild
Fibro-reg NPCs,Ht-NPCs,CD99,CD99,2.8678611006146613e-5,0,CD99_CD99,CD99 - CD99,CD99,Cell-Cell Contact,KEGG: hsa04514,mild
Hom-NPCs,Fibro-NPCs,CD99,CD99,0.0011973044480126963,0,CD99_CD99,CD99 - CD99,CD99,Cell-Cell Contact,KEGG: hsa04514,mild
Fibro-reg NPCs,Fibro-NPCs,CD99,CD99,4.0266811187904256e-4,0,CD99_CD99,CD99 - CD99,CD99,Cell-Cell Contact,KEGG: hsa04514,mild
Hom-NPCs,Fibro-reg NPCs,CD99,CD99,0.0010664079071312168,0,CD99_CD99,CD99 - CD99,CD99,Cell-Cell Contact,KEGG: hsa04514,mild
Ht-NPCs,Fibro-reg NPCs,CD99,CD99,2.8678611006146613e-5,0,CD99_CD99,CD99 - CD99,CD99,Cell-Cell Contact,KEGG: hsa04514,mild
Fibro-NPCs,Fibro-reg NPCs,CD99,CD99,4.0266811187904256e-4,0,CD99_CD99,CD99 - CD99,CD99,Cell-Cell Contact,KEGG: hsa04514,mild
Fibro-reg NPCs,Fibro-reg NPCs,CD99,CD99,3.5832752495687205e-4,0,CD99_CD99,CD99 - CD99,CD99,Cell-Cell Contact,KEGG: hsa04514,mild
Hom/Reg-like NPCs,Fibro-reg NPCs,CD99,CD99,0.001526178327850498,0,CD99_CD99,CD99 - CD99,CD99,Cell-Cell Contact,KEGG: hsa04514,mild
Hom-NPCs,Hom/Reg-like NPCs,CD99,CD99,0.004540562186598684,0,CD99_CD99,CD99 - CD99,CD99,Cell-Cell Contact,KEGG: hsa04514,mild
Fibro-reg NPCs,Hom/Reg-like NPCs,CD99,CD99,0.001526178327850498,0,CD99_CD99,CD99 - CD99,CD99,Cell-Cell Contact,KEGG: hsa04514,mild
Hom/Reg-like NPCs,Hom/Reg-like NPCs,CD99,CD99,0.006494246162460043,0,CD99_CD99,CD99 - CD99,CD99,Cell-Cell Contact,KEGG: hsa04514,mild
Hom/Reg-like NPCs,Hom/Reg-like NPCs,NEGR1,NEGR1,7.617471518448045e-7,0,NEGR1_NEGR1,NEGR1 - NEGR1,NEGR,Cell-Cell Contact,KEGG: hsa04514,mild
Eff-NPCs,Eff-NPCs,JAG1,NOTCH2,6.181954649337331e-7,0,JAG1_NOTCH2,JAG1 - NOTCH2,NOTCH,Cell-Cell Contact,PMID: 22353464,mild
Eff-NPCs,Fibro-reg NPCs,JAG1,NOTCH2,1.3696756501621134e-6,0,JAG1_NOTCH2,JAG1 - NOTCH2,NOTCH,Cell-Cell Contact,PMID: 22353464,mild
Eff-NPCs,Hom/Reg-like NPCs,JAG1,NOTCH2,1.9746233049140925e-6,0,JAG1_NOTCH2,JAG1 - NOTCH2,NOTCH,Cell-Cell Contact,PMID: 22353464,mild
Fibro-reg NPCs,Fibro-reg NPCs,PTPRM,PTPRM,4.4376903133515626e-8,0,PTPRM_PTPRM,PTPRM - PTPRM,PTPRM,Cell-Cell Contact,KEGG: hsa04514,mild
Fibro-NPCs,Fibro-NPCs,GJA1,GJA1,1.4340603253073928e-6,0,GJA1_GJA1,GJA1 - GJA1,GAP,Cell-Cell Contact,PMID: 32532966;PMID: 15094344,mild
Fibro-reg NPCs,Fibro-NPCs,GJA1,GJA1,4.968405022348147e-6,0,GJA1_GJA1,GJA1 - GJA1,GAP,Cell-Cell Contact,PMID: 32532966;PMID: 15094344,mild
Fibro-NPCs,Fibro-reg NPCs,GJA1,GJA1,4.968405022348147e-6,0,GJA1_GJA1,GJA1 - GJA1,GAP,Cell-Cell Contact,PMID: 32532966;PMID: 15094344,mild
Fibro-reg NPCs,Fibro-reg NPCs,GJA1,GJA1,1.7170803944170252e-5,0,GJA1_GJA1,GJA1 - GJA1,GAP,Cell-Cell Contact,PMID: 32532966;PMID: 15094344,mild
Ht-NPCs,Ht-NPCs,PCDHB4,PCDHB4,2.8650333520348757e-9,0,PCDHB4_PCDHB4,PCDHB4 - PCDHB4,PCDH,Cell-Cell Contact,PMID: 35253643; PMID: 32694982,mild
ECM/Adh-NPCs,Hom/Reg-like NPCs,PRNP,ADGRG6,5.492129638623179e-6,0,PRNP_ADGRG6,PRNP - ADGRG6,ADGRG,Cell-Cell Contact,PMID: 31462748,mild
Hom-NPCs,Hom/Reg-like NPCs,PRNP,ADGRG6,5.482350923035117e-5,0,PRNP_ADGRG6,PRNP - ADGRG6,ADGRG,Cell-Cell Contact,PMID: 31462748,mild
Eff-NPCs,Hom/Reg-like NPCs,PRNP,ADGRG6,2.845093596521919e-5,0,PRNP_ADGRG6,PRNP - ADGRG6,ADGRG,Cell-Cell Contact,PMID: 31462748,mild
Ht-NPCs,Hom/Reg-like NPCs,PRNP,ADGRG6,1.5916830779003762e-6,0,PRNP_ADGRG6,PRNP - ADGRG6,ADGRG,Cell-Cell Contact,PMID: 31462748,mild
Fibro-NPCs,Hom/Reg-like NPCs,PRNP,ADGRG6,7.990870682136215e-6,0,PRNP_ADGRG6,PRNP - ADGRG6,ADGRG,Cell-Cell Contact,PMID: 31462748,mild
Fibro-reg NPCs,Hom/Reg-like NPCs,PRNP,ADGRG6,3.810878869890204e-5,0,PRNP_ADGRG6,PRNP - ADGRG6,ADGRG,Cell-Cell Contact,PMID: 31462748,mild
Hom/Reg-like NPCs,Hom/Reg-like NPCs,PRNP,ADGRG6,2.1128452111903462e-4,0,PRNP_ADGRG6,PRNP - ADGRG6,ADGRG,Cell-Cell Contact,PMID: 31462748,mild
Fibro-reg NPCs,Hom/Reg-like NPCs,NTN4,NTRK2,2.1615164232043014e-7,0,NTN4_NTRK2,NTN4 - NTRK2,Netrin,Cell-Cell Contact,PMID: 34531526,mild
Fibro-reg NPCs,Fibro-reg NPCs,NTN4,UNC5B,7.012130861829048e-9,0,NTN4_UNC5B,NTN4 - UNC5B,Netrin,Cell-Cell Contact,PMID: 31914695,mild
Fibro-reg NPCs,Eff-NPCs,TGFB2,TGFbR1_R2,5.383863490104107e-8,0,TGFB2_TGFBR1_TGFBR2,TGFB2 - (TGFBR1+TGFBR2),TGFb,Secreted Signaling,KEGG: hsa04350,severe
Fibro-reg NPCs,Fibro-reg NPCs,TGFB2,TGFbR1_R2,4.730898084191323e-7,0,TGFB2_TGFBR1_TGFBR2,TGFB2 - (TGFBR1+TGFBR2),TGFb,Secreted Signaling,KEGG: hsa04350,severe
Fibro-reg NPCs,Hom/Reg-like NPCs,TGFB2,TGFbR1_R2,2.3311565784207532e-7,0,TGFB2_TGFBR1_TGFBR2,TGFB2 - (TGFBR1+TGFBR2),TGFb,Secreted Signaling,KEGG: hsa04350,severe
Fibro-reg NPCs,Fibro-reg NPCs,TGFB2,ACVR1_TGFbR,4.618755034878509e-6,0,TGFB2_ACVR1_TGFBR1,TGFB2 - (ACVR1+TGFBR1),TGFb,Secreted Signaling,PMID: 29376829,severe
Ht-NPCs,Fibro-reg NPCs,FGF1,FGFR1,3.054314950355714e-6,0,FGF1_FGFR1,FGF1 - FGFR1,FGF,Secreted Signaling,PMC: 4393358,severe
Ht-NPCs,Hom/Reg-like NPCs,FGF1,FGFR1,2.484708979409828e-6,0,FGF1_FGFR1,FGF1 - FGFR1,FGF,Secreted Signaling,PMC: 4393358,severe
Ht-NPCs,Hom/Reg-like NPCs,FGF1,FGFR2,2.709489796053937e-7,0,FGF1_FGFR2,FGF1 - FGFR2,FGF,Secreted Signaling,PMC: 4393358,severe
ECM/Adh-NPCs,ECM/Adh-NPCs,FGF2,FGFR1,1.4305562715321627e-4,0,FGF2_FGFR1,FGF2 - FGFR1,FGF,Secreted Signaling,PMC: 4393358,severe
Hom/Reg-like NPCs,ECM/Adh-NPCs,FGF2,FGFR1,1.1830648051184332e-4,0,FGF2_FGFR1,FGF2 - FGFR1,FGF,Secreted Signaling,PMC: 4393358,severe
ECM/Adh-NPCs,Ht-NPCs,FGF2,FGFR1,1.3375859660826021e-5,0,FGF2_FGFR1,FGF2 - FGFR1,FGF,Secreted Signaling,PMC: 4393358,severe
Hom/Reg-like NPCs,Ht-NPCs,FGF2,FGFR1,1.1052517807508204e-5,0,FGF2_FGFR1,FGF2 - FGFR1,FGF,Secreted Signaling,PMC: 4393358,severe
ECM/Adh-NPCs,Fibro-NPCs,FGF2,FGFR1,1.4903862651352267e-4,0,FGF2_FGFR1,FGF2 - FGFR1,FGF,Secreted Signaling,PMC: 4393358,severe
Hom/Reg-like NPCs,Fibro-NPCs,FGF2,FGFR1,1.2328116026130514e-4,0,FGF2_FGFR1,FGF2 - FGFR1,FGF,Secreted Signaling,PMC: 4393358,severe
ECM/Adh-NPCs,Fibro-reg NPCs,FGF2,FGFR1,2.854946353674653e-4,0,FGF2_FGFR1,FGF2 - FGFR1,FGF,Secreted Signaling,PMC: 4393358,severe
Hom-NPCs,Fibro-reg NPCs,FGF2,FGFR1,7.845819998199594e-5,0,FGF2_FGFR1,FGF2 - FGFR1,FGF,Secreted Signaling,PMC: 4393358,severe
Eff-NPCs,Fibro-reg NPCs,FGF2,FGFR1,3.512968592182662e-5,0,FGF2_FGFR1,FGF2 - FGFR1,FGF,Secreted Signaling,PMC: 4393358,severe
Hom/Reg-like NPCs,Fibro-reg NPCs,FGF2,FGFR1,2.3563826526502163e-4,0,FGF2_FGFR1,FGF2 - FGFR1,FGF,Secreted Signaling,PMC: 4393358,severe
ECM/Adh-NPCs,Hom/Reg-like NPCs,FGF2,FGFR1,2.3236067207374505e-4,0,FGF2_FGFR1,FGF2 - FGFR1,FGF,Secreted Signaling,PMC: 4393358,severe
Hom-NPCs,Hom/Reg-like NPCs,FGF2,FGFR1,6.383395438252693e-5,0,FGF2_FGFR1,FGF2 - FGFR1,FGF,Secreted Signaling,PMC: 4393358,severe
Eff-NPCs,Hom/Reg-like NPCs,FGF2,FGFR1,2.8585501385720842e-5,0,FGF2_FGFR1,FGF2 - FGFR1,FGF,Secreted Signaling,PMC: 4393358,severe
Hom/Reg-like NPCs,Hom/Reg-like NPCs,FGF2,FGFR1,1.918232645170306e-4,0,FGF2_FGFR1,FGF2 - FGFR1,FGF,Secreted Signaling,PMC: 4393358,severe
ECM/Adh-NPCs,Hom/Reg-like NPCs,FGF2,FGFR2,2.5480062609920242e-5,0,FGF2_FGFR2,FGF2 - FGFR2,FGF,Secreted Signaling,PMC: 4393358,severe
Hom-NPCs,Hom/Reg-like NPCs,FGF2,FGFR2,6.970762016398261e-6,0,FGF2_FGFR2,FGF2 - FGFR2,FGF,Secreted Signaling,PMC: 4393358,severe
Eff-NPCs,Hom/Reg-like NPCs,FGF2,FGFR2,3.1265745354127176e-6,0,FGF2_FGFR2,FGF2 - FGFR2,FGF,Secreted Signaling,PMC: 4393358,severe
Hom/Reg-like NPCs,Hom/Reg-like NPCs,FGF2,FGFR2,2.108769277051824e-5,0,FGF2_FGFR2,FGF2 - FGFR2,FGF,Secreted Signaling,PMC: 4393358,severe
Eff-NPCs,Ht-NPCs,PDGFA,PDGFRA,2.5054167432460084e-8,0,PDGFA_PDGFRA,PDGFA - PDGFRA,PDGF,Secreted Signaling,PMID: 15207812,severe
Fibro-reg NPCs,Ht-NPCs,PDGFA,PDGFRA,1.323704557223632e-7,0,PDGFA_PDGFRA,PDGFA - PDGFRA,PDGF,Secreted Signaling,PMID: 15207812,severe
Eff-NPCs,Fibro-reg NPCs,PDGFA,PDGFRA,2.1593169864417055e-6,0,PDGFA_PDGFRA,PDGFA - PDGFRA,PDGF,Secreted Signaling,PMID: 15207812,severe
Fibro-reg NPCs,Fibro-reg NPCs,PDGFA,PDGFRA,1.1398840870573451e-5,0,PDGFA_PDGFRA,PDGFA - PDGFRA,PDGF,Secreted Signaling,PMID: 15207812,severe
Eff-NPCs,Hom/Reg-like NPCs,PDGFA,PDGFRA,9.363481267124689e-8,0,PDGFA_PDGFRA,PDGFA - PDGFRA,PDGF,Secreted Signaling,PMID: 15207812,severe
Fibro-reg NPCs,Hom/Reg-like NPCs,PDGFA,PDGFRA,4.947837216340163e-7,0,PDGFA_PDGFRA,PDGFA - PDGFRA,PDGF,Secreted Signaling,PMID: 15207812,severe
Eff-NPCs,Fibro-reg NPCs,PDGFA,PDGFRB,9.199253881306716e-8,0,PDGFA_PDGFRB,PDGFA - PDGFRB,PDGF,Secreted Signaling,PMID: 15207812,severe
Fibro-reg NPCs,Fibro-reg NPCs,PDGFA,PDGFRB,4.861074720900069e-7,0,PDGFA_PDGFRB,PDGFA - PDGFRB,PDGF,Secreted Signaling,PMID: 15207812,severe
Fibro-reg NPCs,Ht-NPCs,PDGFC,PDGFRA,1.323582169381475e-7,0,PDGFC_PDGFRA,PDGFC - PDGFRA,PDGF,Secreted Signaling,PMID: 15207812,severe
Hom/Reg-like NPCs,Ht-NPCs,PDGFC,PDGFRA,3.631130000897148e-8,0,PDGFC_PDGFRA,PDGFC - PDGFRA,PDGF,Secreted Signaling,PMID: 15207812,severe
Ht-NPCs,Fibro-reg NPCs,PDGFC,PDGFRA,2.237201549428471e-7,0,PDGFC_PDGFRA,PDGFC - PDGFRA,PDGF,Secreted Signaling,PMID: 15207812,severe
Fibro-reg NPCs,Fibro-reg NPCs,PDGFC,PDGFRA,1.1397788697585912e-5,0,PDGFC_PDGFRA,PDGFC - PDGFRA,PDGF,Secreted Signaling,PMID: 15207812,severe
Hom/Reg-like NPCs,Fibro-reg NPCs,PDGFC,PDGFRA,3.1305559649669343e-6,0,PDGFC_PDGFRA,PDGFC - PDGFRA,PDGF,Secreted Signaling,PMID: 15207812,severe
Fibro-reg NPCs,Hom/Reg-like NPCs,PDGFC,PDGFRA,4.947379607774253e-7,0,PDGFC_PDGFRA,PDGFC - PDGFRA,PDGF,Secreted Signaling,PMID: 15207812,severe
Hom/Reg-like NPCs,Hom/Reg-like NPCs,PDGFC,PDGFRA,1.3569787063928087e-7,0,PDGFC_PDGFRA,PDGFC - PDGFRA,PDGF,Secreted Signaling,PMID: 15207812,severe
ECM/Adh-NPCs,Hom/Reg-like NPCs,VEGFA,FLT1,2.787039059611709e-5,0,VEGFA_VEGFR1,VEGFA - VEGFR1,VEGF,Secreted Signaling,KEGG: hsa04370; PMID: 16633338,severe
Hom-NPCs,Hom/Reg-like NPCs,VEGFA,FLT1,6.5443691339568585e-6,0,VEGFA_VEGFR1,VEGFA - VEGFR1,VEGF,Secreted Signaling,KEGG: hsa04370; PMID: 16633338,severe
Eff-NPCs,Hom/Reg-like NPCs,VEGFA,FLT1,6.802763498185307e-6,0,VEGFA_VEGFR1,VEGFA - VEGFR1,VEGF,Secreted Signaling,KEGG: hsa04370; PMID: 16633338,severe
Ht-NPCs,Hom/Reg-like NPCs,VEGFA,FLT1,7.873162103408054e-7,0,VEGFA_VEGFR1,VEGFA - VEGFR1,VEGF,Secreted Signaling,KEGG: hsa04370; PMID: 16633338,severe
Fibro-NPCs,Hom/Reg-like NPCs,VEGFA,FLT1,9.211217775163478e-6,0,VEGFA_VEGFR1,VEGFA - VEGFR1,VEGF,Secreted Signaling,KEGG: hsa04370; PMID: 16633338,severe
Fibro-reg NPCs,Hom/Reg-like NPCs,VEGFA,FLT1,3.413396946347723e-5,0,VEGFA_VEGFR1,VEGFA - VEGFR1,VEGF,Secreted Signaling,KEGG: hsa04370; PMID: 16633338,severe
Hom/Reg-like NPCs,Hom/Reg-like NPCs,VEGFA,FLT1,3.14018291250233e-5,0,VEGFA_VEGFR1,VEGFA - VEGFR1,VEGF,Secreted Signaling,KEGG: hsa04370; PMID: 16633338,severe
Hom-NPCs,Hom/Reg-like NPCs,VEGFB,FLT1,8.147627561918688e-7,0,VEGFB_VEGFR1,VEGFB - VEGFR1,VEGF,Secreted Signaling,KEGG: hsa04370; PMID: 16633338,severe
Fibro-reg NPCs,Hom/Reg-like NPCs,VEGFB,FLT1,7.758177307005748e-6,0,VEGFB_VEGFR1,VEGFB - VEGFR1,VEGF,Secreted Signaling,KEGG: hsa04370; PMID: 16633338,severe
Hom/Reg-like NPCs,Hom/Reg-like NPCs,VEGFB,FLT1,2.2239354580801493e-6,0,VEGFB_VEGFR1,VEGFB - VEGFR1,VEGF,Secreted Signaling,KEGG: hsa04370; PMID: 16633338,severe
Hom/Reg-like NPCs,Eff-NPCs,IGF2,IGF2R,2.655745144676889e-6,0,IGF2_IGF2R,IGF2 - IGF2R,IGF,Secreted Signaling,PMID: 14604834,severe
Hom/Reg-like NPCs,Fibro-reg NPCs,IGF2,IGF2R,3.417096308665698e-6,0,IGF2_IGF2R,IGF2 - IGF2R,IGF,Secreted Signaling,PMID: 14604834,severe
Eff-NPCs,Hom/Reg-like NPCs,IL6,IL6R_IL6ST,1.6055663226074507e-6,0,IL6_IL6R_IL6ST,IL6 - (IL6R+IL6ST),IL6,Secreted Signaling,KEGG: hsa04060,severe
Eff-NPCs,Ht-NPCs,LIF,LIFR_IL6ST,2.15221896000955e-6,0,LIF_LIFR_IL6ST,LIF - (LIFR+IL6ST),LIFR,Secreted Signaling,KEGG: hsa04060,severe
ECM/Adh-NPCs,Fibro-reg NPCs,LIF,LIFR_IL6ST,3.6195029686504917e-6,0,LIF_LIFR_IL6ST,LIF - (LIFR+IL6ST),LIFR,Secreted Signaling,KEGG: hsa04060,severe
Eff-NPCs,Fibro-reg NPCs,LIF,LIFR_IL6ST,3.2773807411812864e-5,0,LIF_LIFR_IL6ST,LIF - (LIFR+IL6ST),LIFR,Secreted Signaling,KEGG: hsa04060,severe
Fibro-reg NPCs,Fibro-reg NPCs,LIF,LIFR_IL6ST,1.5649590506701447e-6,0,LIF_LIFR_IL6ST,LIF - (LIFR+IL6ST),LIFR,Secreted Signaling,KEGG: hsa04060,severe
Hom/Reg-like NPCs,Fibro-reg NPCs,LIF,LIFR_IL6ST,3.929385577113332e-6,0,LIF_LIFR_IL6ST,LIF - (LIFR+IL6ST),LIFR,Secreted Signaling,KEGG: hsa04060,severe
Fibro-reg NPCs,ECM/Adh-NPCs,TNFSF11,TNFRSF11B,3.210319987279921e-6,0,TNFSF11_TNFRSF11B,TNFSF11 - TNFRSF11B,RANKL,Secreted Signaling,KEGG: hsa04060,severe
Fibro-reg NPCs,Hom-NPCs,TNFSF11,TNFRSF11B,9.19489575022925e-6,0,TNFSF11_TNFRSF11B,TNFSF11 - TNFRSF11B,RANKL,Secreted Signaling,KEGG: hsa04060,severe
Fibro-reg NPCs,Eff-NPCs,TNFSF11,TNFRSF11B,3.435863409305103e-6,0,TNFSF11_TNFRSF11B,TNFSF11 - TNFRSF11B,RANKL,Secreted Signaling,KEGG: hsa04060,severe
Fibro-reg NPCs,Ht-NPCs,TNFSF11,TNFRSF11B,3.408351955332039e-7,0,TNFSF11_TNFRSF11B,TNFSF11 - TNFRSF11B,RANKL,Secreted Signaling,KEGG: hsa04060,severe
Fibro-reg NPCs,Fibro-reg NPCs,TNFSF11,TNFRSF11B,1.5043288423961664e-6,0,TNFSF11_TNFRSF11B,TNFSF11 - TNFRSF11B,RANKL,Secreted Signaling,KEGG: hsa04060,severe
Fibro-reg NPCs,Hom/Reg-like NPCs,TNFSF11,TNFRSF11B,5.652558782833064e-6,0,TNFSF11_TNFRSF11B,TNFSF11 - TNFRSF11B,RANKL,Secreted Signaling,KEGG: hsa04060,severe
Ht-NPCs,Eff-NPCs,SPP1,ITGAV_ITGB1,7.389561497808094e-7,0,SPP1_ITGAV_ITGB1,SPP1 - (ITGAV+ITGB1),SPP1,Secreted Signaling,PMID: 21907263,severe
Ht-NPCs,Fibro-NPCs,SPP1,ITGAV_ITGB1,2.4721206732097687e-5,0,SPP1_ITGAV_ITGB1,SPP1 - (ITGAV+ITGB1),SPP1,Secreted Signaling,PMID: 21907263,severe
Ht-NPCs,Fibro-reg NPCs,SPP1,ITGAV_ITGB1,4.414316254885709e-5,0,SPP1_ITGAV_ITGB1,SPP1 - (ITGAV+ITGB1),SPP1,Secreted Signaling,PMID: 21907263,severe
Ht-NPCs,Hom/Reg-like NPCs,SPP1,ITGAV_ITGB1,1.1201234351309107e-5,0,SPP1_ITGAV_ITGB1,SPP1 - (ITGAV+ITGB1),SPP1,Secreted Signaling,PMID: 21907263,severe
Ht-NPCs,ECM/Adh-NPCs,SPP1,ITGAV_ITGB5,1.390925654536322e-6,0,SPP1_ITGAV_ITGB5,SPP1 - (ITGAV+ITGB5),SPP1,Secreted Signaling,PMID: 21907263,severe
Ht-NPCs,Eff-NPCs,SPP1,ITGAV_ITGB5,7.578588694798398e-7,0,SPP1_ITGAV_ITGB5,SPP1 - (ITGAV+ITGB5),SPP1,Secreted Signaling,PMID: 21907263,severe
Ht-NPCs,Fibro-NPCs,SPP1,ITGAV_ITGB5,7.90097367882632e-6,0,SPP1_ITGAV_ITGB5,SPP1 - (ITGAV+ITGB5),SPP1,Secreted Signaling,PMID: 21907263,severe
Ht-NPCs,Fibro-reg NPCs,SPP1,ITGAV_ITGB5,4.441897696707414e-5,0,SPP1_ITGAV_ITGB5,SPP1 - (ITGAV+ITGB5),SPP1,Secreted Signaling,PMID: 21907263,severe
Ht-NPCs,Hom/Reg-like NPCs,SPP1,ITGAV_ITGB5,9.84974284464868e-6,0,SPP1_ITGAV_ITGB5,SPP1 - (ITGAV+ITGB5),SPP1,Secreted Signaling,PMID: 21907263,severe
Ht-NPCs,Eff-NPCs,SPP1,ITGA5_ITGB1,7.389561497808094e-7,0,SPP1_ITGA5_ITGB1,SPP1 - (ITGA5+ITGB1),SPP1,Secreted Signaling,PMID: 21907263,severe
Ht-NPCs,Fibro-NPCs,SPP1,ITGA5_ITGB1,1.0839155777479965e-5,0,SPP1_ITGA5_ITGB1,SPP1 - (ITGA5+ITGB1),SPP1,Secreted Signaling,PMID: 21907263,severe
Ht-NPCs,Fibro-reg NPCs,SPP1,ITGA5_ITGB1,4.238318729329727e-5,0,SPP1_ITGA5_ITGB1,SPP1 - (ITGA5+ITGB1),SPP1,Secreted Signaling,PMID: 21907263,severe
Fibro-reg NPCs,Eff-NPCs,NAMPT,ITGA5_ITGB1,1.3349590549520757e-6,0,NAMPT_ITGA5_ITGB1,NAMPT - (ITGA5+ITGB1),VISFATIN,Secreted Signaling,PMID: 28490838,severe
Eff-NPCs,Fibro-NPCs,NAMPT,ITGA5_ITGB1,9.868034673659419e-6,0,NAMPT_ITGA5_ITGB1,NAMPT - (ITGA5+ITGB1),VISFATIN,Secreted Signaling,PMID: 28490838,severe
Fibro-reg NPCs,Fibro-NPCs,NAMPT,ITGA5_ITGB1,1.961128943348531e-5,0,NAMPT_ITGA5_ITGB1,NAMPT - (ITGA5+ITGB1),VISFATIN,Secreted Signaling,PMID: 28490838,severe
Hom/Reg-like NPCs,Fibro-NPCs,NAMPT,ITGA5_ITGB1,1.8601006193409992e-5,0,NAMPT_ITGA5_ITGB1,NAMPT - (ITGA5+ITGB1),VISFATIN,Secreted Signaling,PMID: 28490838,severe
Eff-NPCs,Fibro-reg NPCs,NAMPT,ITGA5_ITGB1,3.92021058799802e-5,0,NAMPT_ITGA5_ITGB1,NAMPT - (ITGA5+ITGB1),VISFATIN,Secreted Signaling,PMID: 28490838,severe
Ht-NPCs,Fibro-reg NPCs,NAMPT,ITGA5_ITGB1,8.284465717978141e-6,0,NAMPT_ITGA5_ITGB1,NAMPT - (ITGA5+ITGB1),VISFATIN,Secreted Signaling,PMID: 28490838,severe
Fibro-reg NPCs,Fibro-reg NPCs,NAMPT,ITGA5_ITGB1,7.808964816022537e-5,0,NAMPT_ITGA5_ITGB1,NAMPT - (ITGA5+ITGB1),VISFATIN,Secreted Signaling,PMID: 28490838,severe
Hom/Reg-like NPCs,Fibro-reg NPCs,NAMPT,ITGA5_ITGB1,7.404879185338662e-5,0,NAMPT_ITGA5_ITGB1,NAMPT - (ITGA5+ITGB1),VISFATIN,Secreted Signaling,PMID: 28490838,severe
Fibro-reg NPCs,Fibro-NPCs,ANGPTL2,ITGA5_ITGB1,6.265802550303779e-5,0,ANGPTL2_ITGA5_ITGB1,ANGPTL2 - (ITGA5+ITGB1),ANGPTL,Secreted Signaling,PMID: 24478758,severe
Hom/Reg-like NPCs,Fibro-NPCs,ANGPTL2,ITGA5_ITGB1,4.236445056926052e-5,0,ANGPTL2_ITGA5_ITGB1,ANGPTL2 - (ITGA5+ITGB1),ANGPTL,Secreted Signaling,PMID: 24478758,severe
ECM/Adh-NPCs,Fibro-reg NPCs,ANGPTL2,ITGA5_ITGB1,1.0876026235782292e-4,0,ANGPTL2_ITGA5_ITGB1,ANGPTL2 - (ITGA5+ITGB1),ANGPTL,Secreted Signaling,PMID: 24478758,severe
Hom-NPCs,Fibro-reg NPCs,ANGPTL2,ITGA5_ITGB1,4.018186097012586e-5,0,ANGPTL2_ITGA5_ITGB1,ANGPTL2 - (ITGA5+ITGB1),ANGPTL,Secreted Signaling,PMID: 24478758,severe
Eff-NPCs,Fibro-reg NPCs,ANGPTL2,ITGA5_ITGB1,1.1164515533876167e-5,0,ANGPTL2_ITGA5_ITGB1,ANGPTL2 - (ITGA5+ITGB1),ANGPTL,Secreted Signaling,PMID: 24478758,severe
Ht-NPCs,Fibro-reg NPCs,ANGPTL2,ITGA5_ITGB1,1.0381360588286135e-5,0,ANGPTL2_ITGA5_ITGB1,ANGPTL2 - (ITGA5+ITGB1),ANGPTL,Secreted Signaling,PMID: 24478758,severe
Fibro-NPCs,Fibro-reg NPCs,ANGPTL2,ITGA5_ITGB1,7.462681271598118e-5,0,ANGPTL2_ITGA5_ITGB1,ANGPTL2 - (ITGA5+ITGB1),ANGPTL,Secreted Signaling,PMID: 24478758,severe
Fibro-reg NPCs,Fibro-reg NPCs,ANGPTL2,ITGA5_ITGB1,2.4793318965670135e-4,0,ANGPTL2_ITGA5_ITGB1,ANGPTL2 - (ITGA5+ITGB1),ANGPTL,Secreted Signaling,PMID: 24478758,severe
Hom/Reg-like NPCs,Fibro-reg NPCs,ANGPTL2,ITGA5_ITGB1,1.6798026965488458e-4,0,ANGPTL2_ITGA5_ITGB1,ANGPTL2 - (ITGA5+ITGB1),ANGPTL,Secreted Signaling,PMID: 24478758,severe
Fibro-NPCs,Fibro-NPCs,POSTN,ITGAV_ITGB5,2.1798096852899227e-4,0,POSTN_ITGAV_ITGB5,POSTN - (ITGAV+ITGB5),PERIOSTIN,Secreted Signaling,PMID: 26721738,severe
Fibro-NPCs,Fibro-reg NPCs,POSTN,ITGAV_ITGB5,0.0012227628041345145,0,POSTN_ITGAV_ITGB5,POSTN - (ITGAV+ITGB5),PERIOSTIN,Secreted Signaling,PMID: 26721738,severe
Fibro-reg NPCs,Fibro-reg NPCs,POSTN,ITGAV_ITGB5,1.621127793579364e-4,0,POSTN_ITGAV_ITGB5,POSTN - (ITGAV+ITGB5),PERIOSTIN,Secreted Signaling,PMID: 26721738,severe
Fibro-NPCs,Hom/Reg-like NPCs,POSTN,ITGAV_ITGB5,2.716397024581696e-4,0,POSTN_ITGAV_ITGB5,POSTN - (ITGAV+ITGB5),PERIOSTIN,Secreted Signaling,PMID: 26721738,severe
Fibro-reg NPCs,Hom/Reg-like NPCs,POSTN,ITGAV_ITGB5,3.5451366486000574e-5,0,POSTN_ITGAV_ITGB5,POSTN - (ITGAV+ITGB5),PERIOSTIN,Secreted Signaling,PMID: 26721738,severe
Ht-NPCs,Ht-NPCs,GRN,SORT1,3.891334238850596e-8,0,GRN_SORT1,GRN - SORT1,GRN,Secreted Signaling,PMID: 29555433,severe
Fibro-reg NPCs,Ht-NPCs,GRN,SORT1,2.687746067060758e-7,0,GRN_SORT1,GRN - SORT1,GRN,Secreted Signaling,PMID: 29555433,severe
Ht-NPCs,Fibro-reg NPCs,GRN,SORT1,1.594926100299961e-6,0,GRN_SORT1,GRN - SORT1,GRN,Secreted Signaling,PMID: 29555433,severe
Fibro-reg NPCs,Fibro-reg NPCs,GRN,SORT1,1.1019403686568608e-5,0,GRN_SORT1,GRN - SORT1,GRN,Secreted Signaling,PMID: 29555433,severe
Fibro-NPCs,Hom-NPCs,IGFBP3,TMEM219,1.5483787975441875e-5,0,IGFBP3_TMEM219,IGFBP3 - TMEM219,IGFBP,Secreted Signaling,PMID:20353938,severe
Fibro-reg NPCs,Hom-NPCs,IGFBP3,TMEM219,2.900640998695304e-5,0,IGFBP3_TMEM219,IGFBP3 - TMEM219,IGFBP,Secreted Signaling,PMID:20353938,severe
Fibro-NPCs,Eff-NPCs,IGFBP3,TMEM219,1.4221660010880297e-6,0,IGFBP3_TMEM219,IGFBP3 - TMEM219,IGFBP,Secreted Signaling,PMID:20353938,severe
Fibro-reg NPCs,Eff-NPCs,IGFBP3,TMEM219,2.665853866401311e-6,0,IGFBP3_TMEM219,IGFBP3 - TMEM219,IGFBP,Secreted Signaling,PMID:20353938,severe
Fibro-NPCs,Fibro-reg NPCs,IGFBP3,TMEM219,6.0843426453740454e-6,0,IGFBP3_TMEM219,IGFBP3 - TMEM219,IGFBP,Secreted Signaling,PMID:20353938,severe
Fibro-reg NPCs,Fibro-reg NPCs,IGFBP3,TMEM219,1.1404485624113013e-5,0,IGFBP3_TMEM219,IGFBP3 - TMEM219,IGFBP,Secreted Signaling,PMID:20353938,severe
Fibro-NPCs,Hom/Reg-like NPCs,IGFBP3,TMEM219,1.0334570560214734e-5,0,IGFBP3_TMEM219,IGFBP3 - TMEM219,IGFBP,Secreted Signaling,PMID:20353938,severe
Fibro-reg NPCs,Hom/Reg-like NPCs,IGFBP3,TMEM219,1.9364778698788674e-5,0,IGFBP3_TMEM219,IGFBP3 - TMEM219,IGFBP,Secreted Signaling,PMID:20353938,severe
ECM/Adh-NPCs,Fibro-reg NPCs,FN1,ITGA5_ITGB1,0.002821279116574582,0,FN1_ITGA5_ITGB1,FN1 - (ITGA5+ITGB1),FN1,ECM-Receptor,KEGG: hsa04512,severe
Hom-NPCs,Fibro-reg NPCs,FN1,ITGA5_ITGB1,0.001174864398103324,0,FN1_ITGA5_ITGB1,FN1 - (ITGA5+ITGB1),FN1,ECM-Receptor,KEGG: hsa04512,severe
Eff-NPCs,Fibro-reg NPCs,FN1,ITGA5_ITGB1,4.3378908192129556e-4,0,FN1_ITGA5_ITGB1,FN1 - (ITGA5+ITGB1),FN1,ECM-Receptor,KEGG: hsa04512,severe
Ht-NPCs,Fibro-reg NPCs,FN1,ITGA5_ITGB1,7.998285909880457e-5,0,FN1_ITGA5_ITGB1,FN1 - (ITGA5+ITGB1),FN1,ECM-Receptor,KEGG: hsa04512,severe
Fibro-NPCs,Fibro-reg NPCs,FN1,ITGA5_ITGB1,0.00300323693651091,0,FN1_ITGA5_ITGB1,FN1 - (ITGA5+ITGB1),FN1,ECM-Receptor,KEGG: hsa04512,severe
Fibro-reg NPCs,Fibro-reg NPCs,FN1,ITGA5_ITGB1,0.001684418904933079,0,FN1_ITGA5_ITGB1,FN1 - (ITGA5+ITGB1),FN1,ECM-Receptor,KEGG: hsa04512,severe
Hom/Reg-like NPCs,Fibro-reg NPCs,FN1,ITGA5_ITGB1,0.0012201317153786287,0,FN1_ITGA5_ITGB1,FN1 - (ITGA5+ITGB1),FN1,ECM-Receptor,KEGG: hsa04512,severe
Fibro-NPCs,Ht-NPCs,COL1A1,ITGA10_ITGB1,1.8720845746851314e-4,0,COL1A1_ITGA10_ITGB1,COL1A1 - (ITGA10+ITGB1),COLLAGEN,ECM-Receptor,KEGG: hsa04512,severe
Fibro-reg NPCs,Ht-NPCs,COL1A1,ITGA10_ITGB1,7.121753200179069e-5,0,COL1A1_ITGA10_ITGB1,COL1A1 - (ITGA10+ITGB1),COLLAGEN,ECM-Receptor,KEGG: hsa04512,severe
Fibro-NPCs,Fibro-reg NPCs,COL1A1,ITGA10_ITGB1,0.0032946814442610544,0,COL1A1_ITGA10_ITGB1,COL1A1 - (ITGA10+ITGB1),COLLAGEN,ECM-Receptor,KEGG: hsa04512,severe
Fibro-reg NPCs,Fibro-reg NPCs,COL1A1,ITGA10_ITGB1,0.001260143013751837,0,COL1A1_ITGA10_ITGB1,COL1A1 - (ITGA10+ITGB1),COLLAGEN,ECM-Receptor,KEGG: hsa04512,severe
Fibro-NPCs,Hom/Reg-like NPCs,COL1A1,ITGA10_ITGB1,0.0011100858767202097,0,COL1A1_ITGA10_ITGB1,COL1A1 - (ITGA10+ITGB1),COLLAGEN,ECM-Receptor,KEGG: hsa04512,severe
Fibro-reg NPCs,Hom/Reg-like NPCs,COL1A1,ITGA10_ITGB1,4.188013051821017e-4,0,COL1A1_ITGA10_ITGB1,COL1A1 - (ITGA10+ITGB1),COLLAGEN,ECM-Receptor,KEGG: hsa04512,severe
Fibro-NPCs,Ht-NPCs,COL1A2,ITGA10_ITGB1,1.856179190029297e-4,0,COL1A2_ITGA10_ITGB1,COL1A2 - (ITGA10+ITGB1),COLLAGEN,ECM-Receptor,KEGG: hsa04512,severe
Fibro-reg NPCs,Ht-NPCs,COL1A2,ITGA10_ITGB1,8.579873471019745e-5,0,COL1A2_ITGA10_ITGB1,COL1A2 - (ITGA10+ITGB1),COLLAGEN,ECM-Receptor,KEGG: hsa04512,severe
ECM/Adh-NPCs,Fibro-reg NPCs,COL1A2,ITGA10_ITGB1,0.0011570710650133046,0,COL1A2_ITGA10_ITGB1,COL1A2 - (ITGA10+ITGB1),COLLAGEN,ECM-Receptor,KEGG: hsa04512,severe
Eff-NPCs,Fibro-reg NPCs,COL1A2,ITGA10_ITGB1,1.0631405704492813e-4,0,COL1A2_ITGA10_ITGB1,COL1A2 - (ITGA10+ITGB1),COLLAGEN,ECM-Receptor,KEGG: hsa04512,severe
Ht-NPCs,Fibro-reg NPCs,COL1A2,ITGA10_ITGB1,4.7312099452167696e-5,0,COL1A2_ITGA10_ITGB1,COL1A2 - (ITGA10+ITGB1),COLLAGEN,ECM-Receptor,KEGG: hsa04512,severe
Fibro-NPCs,Fibro-reg NPCs,COL1A2,ITGA10_ITGB1,0.0032672160379815765,0,COL1A2_ITGA10_ITGB1,COL1A2 - (ITGA10+ITGB1),COLLAGEN,ECM-Receptor,KEGG: hsa04512,severe
Fibro-reg NPCs,Fibro-reg NPCs,COL1A2,ITGA10_ITGB1,0.0015139143873383319,0,COL1A2_ITGA10_ITGB1,COL1A2 - (ITGA10+ITGB1),COLLAGEN,ECM-Receptor,KEGG: hsa04512,severe
Hom/Reg-like NPCs,Fibro-reg NPCs,COL1A2,ITGA10_ITGB1,3.7907346168093747e-4,0,COL1A2_ITGA10_ITGB1,COL1A2 - (ITGA10+ITGB1),COLLAGEN,ECM-Receptor,KEGG: hsa04512,severe
Fibro-NPCs,Hom/Reg-like NPCs,COL1A2,ITGA10_ITGB1,0.0011003796446154455,0,COL1A2_ITGA10_ITGB1,COL1A2 - (ITGA10+ITGB1),COLLAGEN,ECM-Receptor,KEGG: hsa04512,severe
Fibro-reg NPCs,Hom/Reg-like NPCs,COL1A2,ITGA10_ITGB1,5.067134163420594e-4,0,COL1A2_ITGA10_ITGB1,COL1A2 - (ITGA10+ITGB1),COLLAGEN,ECM-Receptor,KEGG: hsa04512,severe
ECM/Adh-NPCs,Ht-NPCs,COL2A1,ITGA10_ITGB1,5.727354977256603e-5,0,COL2A1_ITGA10_ITGB1,COL2A1 - (ITGA10+ITGB1),COLLAGEN,ECM-Receptor,KEGG: hsa04512,severe
Ht-NPCs,Ht-NPCs,COL2A1,ITGA10_ITGB1,7.068532566845134e-6,0,COL2A1_ITGA10_ITGB1,COL2A1 - (ITGA10+ITGB1),COLLAGEN,ECM-Receptor,KEGG: hsa04512,severe
Hom/Reg-like NPCs,Ht-NPCs,COL2A1,ITGA10_ITGB1,3.9892790775486654e-5,0,COL2A1_ITGA10_ITGB1,COL2A1 - (ITGA10+ITGB1),COLLAGEN,ECM-Receptor,KEGG: hsa04512,severe
ECM/Adh-NPCs,Fibro-reg NPCs,COL2A1,ITGA10_ITGB1,0.0010195384916200252,0,COL2A1_ITGA10_ITGB1,COL2A1 - (ITGA10+ITGB1),COLLAGEN,ECM-Receptor,KEGG: hsa04512,severe
Hom-NPCs,Fibro-reg NPCs,COL2A1,ITGA10_ITGB1,2.0265639970677224e-4,0,COL2A1_ITGA10_ITGB1,COL2A1 - (ITGA10+ITGB1),COLLAGEN,ECM-Receptor,KEGG: hsa04512,severe
Eff-NPCs,Fibro-reg NPCs,COL2A1,ITGA10_ITGB1,5.4637517459964443e-5,0,COL2A1_ITGA10_ITGB1,COL2A1 - (ITGA10+ITGB1),COLLAGEN,ECM-Receptor,KEGG: hsa04512,severe
Ht-NPCs,Fibro-reg NPCs,COL2A1,ITGA10_ITGB1,1.2451875655442322e-4,0,COL2A1_ITGA10_ITGB1,COL2A1 - (ITGA10+ITGB1),COLLAGEN,ECM-Receptor,KEGG: hsa04512,severe
Fibro-reg NPCs,Fibro-reg NPCs,COL2A1,ITGA10_ITGB1,2.183822432282393e-4,0,COL2A1_ITGA10_ITGB1,COL2A1 - (ITGA10+ITGB1),COLLAGEN,ECM-Receptor,KEGG: hsa04512,severe
Hom/Reg-like NPCs,Fibro-reg NPCs,COL2A1,ITGA10_ITGB1,7.093548432472299e-4,0,COL2A1_ITGA10_ITGB1,COL2A1 - (ITGA10+ITGB1),COLLAGEN,ECM-Receptor,KEGG: hsa04512,severe
ECM/Adh-NPCs,Hom/Reg-like NPCs,COL2A1,ITGA10_ITGB1,3.337372943888432e-4,0,COL2A1_ITGA10_ITGB1,COL2A1 - (ITGA10+ITGB1),COLLAGEN,ECM-Receptor,KEGG: hsa04512,severe
Ht-NPCs,Hom/Reg-like NPCs,COL2A1,ITGA10_ITGB1,4.1851780606315396e-5,0,COL2A1_ITGA10_ITGB1,COL2A1 - (ITGA10+ITGB1),COLLAGEN,ECM-Receptor,KEGG: hsa04512,severe
Hom/Reg-like NPCs,Hom/Reg-like NPCs,COL2A1,ITGA10_ITGB1,2.3284640151527918e-4,0,COL2A1_ITGA10_ITGB1,COL2A1 - (ITGA10+ITGB1),COLLAGEN,ECM-Receptor,KEGG: hsa04512,severe
Fibro-reg NPCs,Eff-NPCs,COL4A1,ITGA10_ITGB1,2.71029450057489e-7,0,COL4A1_ITGA10_ITGB1,COL4A1 - (ITGA10+ITGB1),COLLAGEN,ECM-Receptor,KEGG: hsa04512,severe
Fibro-reg NPCs,Ht-NPCs,COL4A1,ITGA10_ITGB1,4.971392045774664e-7,0,COL4A1_ITGA10_ITGB1,COL4A1 - (ITGA10+ITGB1),COLLAGEN,ECM-Receptor,KEGG: hsa04512,severe
Fibro-reg NPCs,Fibro-reg NPCs,COL4A1,ITGA10_ITGB1,8.917438277980295e-6,0,COL4A1_ITGA10_ITGB1,COL4A1 - (ITGA10+ITGB1),COLLAGEN,ECM-Receptor,KEGG: hsa04512,severe
Fibro-reg NPCs,Hom/Reg-like NPCs,COL4A1,ITGA10_ITGB1,2.8640940993022626e-6,0,COL4A1_ITGA10_ITGB1,COL4A1 - (ITGA10+ITGB1),COLLAGEN,ECM-Receptor,KEGG: hsa04512,severe
Fibro-reg NPCs,Eff-NPCs,COL4A2,ITGA10_ITGB1,4.3839895930896225e-7,0,COL4A2_ITGA10_ITGB1,COL4A2 - (ITGA10+ITGB1),COLLAGEN,ECM-Receptor,KEGG: hsa04512,severe
Fibro-reg NPCs,Ht-NPCs,COL4A2,ITGA10_ITGB1,8.040195023310598e-7,0,COL4A2_ITGA10_ITGB1,COL4A2 - (ITGA10+ITGB1),COLLAGEN,ECM-Receptor,KEGG: hsa04512,severe
Fibro-reg NPCs,Fibro-reg NPCs,COL4A2,ITGA10_ITGB1,1.4421245749939637e-5,0,COL4A2_ITGA10_ITGB1,COL4A2 - (ITGA10+ITGB1),COLLAGEN,ECM-Receptor,KEGG: hsa04512,severe
Fibro-reg NPCs,Hom/Reg-like NPCs,COL4A2,ITGA10_ITGB1,4.632486173211492e-6,0,COL4A2_ITGA10_ITGB1,COL4A2 - (ITGA10+ITGB1),COLLAGEN,ECM-Receptor,KEGG: hsa04512,severe
Fibro-NPCs,Ht-NPCs,COL6A1,ITGA10_ITGB1,7.158389776796748e-5,0,COL6A1_ITGA10_ITGB1,COL6A1 - (ITGA10+ITGB1),COLLAGEN,ECM-Receptor,KEGG: hsa04512,severe
Fibro-reg NPCs,Ht-NPCs,COL6A1,ITGA10_ITGB1,3.9782846913338436e-5,0,COL6A1_ITGA10_ITGB1,COL6A1 - (ITGA10+ITGB1),COLLAGEN,ECM-Receptor,KEGG: hsa04512,severe
ECM/Adh-NPCs,Fibro-reg NPCs,COL6A1,ITGA10_ITGB1,1.8796340981492007e-4,0,COL6A1_ITGA10_ITGB1,COL6A1 - (ITGA10+ITGB1),COLLAGEN,ECM-Receptor,KEGG: hsa04512,severe
Fibro-NPCs,Fibro-reg NPCs,COL6A1,ITGA10_ITGB1,0.0012747373333973308,0,COL6A1_ITGA10_ITGB1,COL6A1 - (ITGA10+ITGB1),COLLAGEN,ECM-Receptor,KEGG: hsa04512,severe
Fibro-reg NPCs,Fibro-reg NPCs,COL6A1,ITGA10_ITGB1,7.081972951661781e-4,0,COL6A1_ITGA10_ITGB1,COL6A1 - (ITGA10+ITGB1),COLLAGEN,ECM-Receptor,KEGG: hsa04512,severe
Hom/Reg-like NPCs,Fibro-reg NPCs,COL6A1,ITGA10_ITGB1,1.393114204764807e-4,0,COL6A1_ITGA10_ITGB1,COL6A1 - (ITGA10+ITGB1),COLLAGEN,ECM-Receptor,KEGG: hsa04512,severe
Fibro-NPCs,Hom/Reg-like NPCs,COL6A1,ITGA10_ITGB1,4.168995285378852e-4,0,COL6A1_ITGA10_ITGB1,COL6A1 - (ITGA10+ITGB1),COLLAGEN,ECM-Receptor,KEGG: hsa04512,severe
Fibro-reg NPCs,Hom/Reg-like NPCs,COL6A1,ITGA10_ITGB1,2.318105120900413e-4,0,COL6A1_ITGA10_ITGB1,COL6A1 - (ITGA10+ITGB1),COLLAGEN,ECM-Receptor,KEGG: hsa04512,severe
Fibro-reg NPCs,Eff-NPCs,COL6A2,ITGA10_ITGB1,1.232538897013345e-5,0,COL6A2_ITGA10_ITGB1,COL6A2 - (ITGA10+ITGB1),COLLAGEN,ECM-Receptor,KEGG: hsa04512,severe
Fibro-NPCs,Ht-NPCs,COL6A2,ITGA10_ITGB1,1.02086776474328e-5,0,COL6A2_ITGA10_ITGB1,COL6A2 - (ITGA10+ITGB1),COLLAGEN,ECM-Receptor,KEGG: hsa04512,severe
Fibro-reg NPCs,Ht-NPCs,COL6A2,ITGA10_ITGB1,2.236885994497304e-5,0,COL6A2_ITGA10_ITGB1,COL6A2 - (ITGA10+ITGB1),COLLAGEN,ECM-Receptor,KEGG: hsa04512,severe
Hom/Reg-like NPCs,Ht-NPCs,COL6A2,ITGA10_ITGB1,3.380158817113127e-6,0,COL6A2_ITGA10_ITGB1,COL6A2 - (ITGA10+ITGB1),COLLAGEN,ECM-Receptor,KEGG: hsa04512,severe
Eff-NPCs,Fibro-reg NPCs,COL6A2,ITGA10_ITGB1,1.206418281985076e-5,0,COL6A2_ITGA10_ITGB1,COL6A2 - (ITGA10+ITGB1),COLLAGEN,ECM-Receptor,KEGG: hsa04512,severe
Fibro-NPCs,Fibro-reg NPCs,COL6A2,ITGA10_ITGB1,1.8294306168399835e-4,0,COL6A2_ITGA10_ITGB1,COL6A2 - (ITGA10+ITGB1),COLLAGEN,ECM-Receptor,KEGG: hsa04512,severe
Fibro-reg NPCs,Fibro-reg NPCs,COL6A2,ITGA10_ITGB1,3.995430383273192e-4,0,COL6A2_ITGA10_ITGB1,COL6A2 - (ITGA10+ITGB1),COLLAGEN,ECM-Receptor,KEGG: hsa04512,severe
Hom/Reg-like NPCs,Fibro-reg NPCs,COL6A2,ITGA10_ITGB1,6.05919483289016e-5,0,COL6A2_ITGA10_ITGB1,COL6A2 - (ITGA10+ITGB1),COLLAGEN,ECM-Receptor,KEGG: hsa04512,severe
Fibro-NPCs,Hom/Reg-like NPCs,COL6A2,ITGA10_ITGB1,5.889706420833337e-5,0,COL6A2_ITGA10_ITGB1,COL6A2 - (ITGA10+ITGB1),COLLAGEN,ECM-Receptor,KEGG: hsa04512,severe
Fibro-reg NPCs,Hom/Reg-like NPCs,COL6A2,ITGA10_ITGB1,1.2968501756392705e-4,0,COL6A2_ITGA10_ITGB1,COL6A2 - (ITGA10+ITGB1),COLLAGEN,ECM-Receptor,KEGG: hsa04512,severe
Fibro-NPCs,Ht-NPCs,COL6A3,ITGA10_ITGB1,8.818728677036868e-5,0,COL6A3_ITGA10_ITGB1,COL6A3 - (ITGA10+ITGB1),COLLAGEN,ECM-Receptor,KEGG: hsa04512,severe
Fibro-reg NPCs,Ht-NPCs,COL6A3,ITGA10_ITGB1,3.778206138159707e-5,0,COL6A3_ITGA10_ITGB1,COL6A3 - (ITGA10+ITGB1),COLLAGEN,ECM-Receptor,KEGG: hsa04512,severe
ECM/Adh-NPCs,Fibro-reg NPCs,COL6A3,ITGA10_ITGB1,1.6769123785095484e-4,0,COL6A3_ITGA10_ITGB1,COL6A3 - (ITGA10+ITGB1),COLLAGEN,ECM-Receptor,KEGG: hsa04512,severe
Fibro-NPCs,Fibro-reg NPCs,COL6A3,ITGA10_ITGB1,0.0015677354570287664,0,COL6A3_ITGA10_ITGB1,COL6A3 - (ITGA10+ITGB1),COLLAGEN,ECM-Receptor,KEGG: hsa04512,severe
Fibro-reg NPCs,Fibro-reg NPCs,COL6A3,ITGA10_ITGB1,6.728398456630428e-4,0,COL6A3_ITGA10_ITGB1,COL6A3 - (ITGA10+ITGB1),COLLAGEN,ECM-Receptor,KEGG: hsa04512,severe
Fibro-NPCs,Hom/Reg-like NPCs,COL6A3,ITGA10_ITGB1,5.149151307215801e-4,0,COL6A3_ITGA10_ITGB1,COL6A3 - (ITGA10+ITGB1),COLLAGEN,ECM-Receptor,KEGG: hsa04512,severe
Fibro-reg NPCs,Hom/Reg-like NPCs,COL6A3,ITGA10_ITGB1,2.2002426683113578e-4,0,COL6A3_ITGA10_ITGB1,COL6A3 - (ITGA10+ITGB1),COLLAGEN,ECM-Receptor,KEGG: hsa04512,severe
Ht-NPCs,Eff-NPCs,COL9A1,ITGA10_ITGB1,8.562837801552435e-8,0,COL9A1_ITGA10_ITGB1,COL9A1 - (ITGA10+ITGB1),COLLAGEN,ECM-Receptor,KEGG: hsa04512,severe
Ht-NPCs,Ht-NPCs,COL9A1,ITGA10_ITGB1,1.569434634765163e-7,0,COL9A1_ITGA10_ITGB1,COL9A1 - (ITGA10+ITGB1),COLLAGEN,ECM-Receptor,KEGG: hsa04512,severe
Ht-NPCs,Fibro-reg NPCs,COL9A1,ITGA10_ITGB1,2.8142997907021316e-6,0,COL9A1_ITGA10_ITGB1,COL9A1 - (ITGA10+ITGB1),COLLAGEN,ECM-Receptor,KEGG: hsa04512,severe
Ht-NPCs,Hom/Reg-like NPCs,COL9A1,ITGA10_ITGB1,9.045904837563852e-7,0,COL9A1_ITGA10_ITGB1,COL9A1 - (ITGA10+ITGB1),COLLAGEN,ECM-Receptor,KEGG: hsa04512,severe
Hom/Reg-like NPCs,Eff-NPCs,COL9A2,ITGA10_ITGB1,6.714968833618509e-6,0,COL9A2_ITGA10_ITGB1,COL9A2 - (ITGA10+ITGB1),COLLAGEN,ECM-Receptor,KEGG: hsa04512,severe
ECM/Adh-NPCs,Ht-NPCs,COL9A2,ITGA10_ITGB1,1.8540480485280522e-6,0,COL9A2_ITGA10_ITGB1,COL9A2 - (ITGA10+ITGB1),COLLAGEN,ECM-Receptor,KEGG: hsa04512,severe
Ht-NPCs,Ht-NPCs,COL9A2,ITGA10_ITGB1,1.3662832466761347e-6,0,COL9A2_ITGA10_ITGB1,COL9A2 - (ITGA10+ITGB1),COLLAGEN,ECM-Receptor,KEGG: hsa04512,severe
Hom/Reg-like NPCs,Ht-NPCs,COL9A2,ITGA10_ITGB1,1.223661006110558e-5,0,COL9A2_ITGA10_ITGB1,COL9A2 - (ITGA10+ITGB1),COLLAGEN,ECM-Receptor,KEGG: hsa04512,severe
ECM/Adh-NPCs,Fibro-reg NPCs,COL9A2,ITGA10_ITGB1,3.3251868350349834e-5,0,COL9A2_ITGA10_ITGB1,COL9A2 - (ITGA10+ITGB1),COLLAGEN,ECM-Receptor,KEGG: hsa04512,severe
Ht-NPCs,Fibro-reg NPCs,COL9A2,ITGA10_ITGB1,2.4423440891164685e-5,0,COL9A2_ITGA10_ITGB1,COL9A2 - (ITGA10+ITGB1),COLLAGEN,ECM-Receptor,KEGG: hsa04512,severe
Fibro-reg NPCs,Fibro-reg NPCs,COL9A2,ITGA10_ITGB1,1.7417654452828633e-5,0,COL9A2_ITGA10_ITGB1,COL9A2 - (ITGA10+ITGB1),COLLAGEN,ECM-Receptor,KEGG: hsa04512,severe
Hom/Reg-like NPCs,Fibro-reg NPCs,COL9A2,ITGA10_ITGB1,2.189199101044696e-4,0,COL9A2_ITGA10_ITGB1,COL9A2 - (ITGA10+ITGB1),COLLAGEN,ECM-Receptor,KEGG: hsa04512,severe
ECM/Adh-NPCs,Hom/Reg-like NPCs,COL9A2,ITGA10_ITGB1,1.0683887807136683e-5,0,COL9A2_ITGA10_ITGB1,COL9A2 - (ITGA10+ITGB1),COLLAGEN,ECM-Receptor,KEGG: hsa04512,severe
Ht-NPCs,Hom/Reg-like NPCs,COL9A2,ITGA10_ITGB1,7.911702773455225e-6,0,COL9A2_ITGA10_ITGB1,COL9A2 - (ITGA10+ITGB1),COLLAGEN,ECM-Receptor,KEGG: hsa04512,severe
Hom/Reg-like NPCs,Hom/Reg-like NPCs,COL9A2,ITGA10_ITGB1,7.077132261002541e-5,0,COL9A2_ITGA10_ITGB1,COL9A2 - (ITGA10+ITGB1),COLLAGEN,ECM-Receptor,KEGG: hsa04512,severe
Hom/Reg-like NPCs,Eff-NPCs,COL9A3,ITGA10_ITGB1,3.83838920612453e-6,0,COL9A3_ITGA10_ITGB1,COL9A3 - (ITGA10+ITGB1),COLLAGEN,ECM-Receptor,KEGG: hsa04512,severe
Ht-NPCs,Ht-NPCs,COL9A3,ITGA10_ITGB1,9.232195828490226e-7,0,COL9A3_ITGA10_ITGB1,COL9A3 - (ITGA10+ITGB1),COLLAGEN,ECM-Receptor,KEGG: hsa04512,severe
Fibro-reg NPCs,Ht-NPCs,COL9A3,ITGA10_ITGB1,8.35551659522088e-7,0,COL9A3_ITGA10_ITGB1,COL9A3 - (ITGA10+ITGB1),COLLAGEN,ECM-Receptor,KEGG: hsa04512,severe
Hom/Reg-like NPCs,Ht-NPCs,COL9A3,ITGA10_ITGB1,7.014987485332996e-6,0,COL9A3_ITGA10_ITGB1,COL9A3 - (ITGA10+ITGB1),COLLAGEN,ECM-Receptor,KEGG: hsa04512,severe
Ht-NPCs,Fibro-reg NPCs,COL9A3,ITGA10_ITGB1,1.6522252450307348e-5,0,COL9A3_ITGA10_ITGB1,COL9A3 - (ITGA10+ITGB1),COLLAGEN,ECM-Receptor,KEGG: hsa04512,severe
Fibro-reg NPCs,Fibro-reg NPCs,COL9A3,ITGA10_ITGB1,1.4986728476659766e-5,0,COL9A3_ITGA10_ITGB1,COL9A3 - (ITGA10+ITGB1),COLLAGEN,ECM-Receptor,KEGG: hsa04512,severe
Hom/Reg-like NPCs,Fibro-reg NPCs,COL9A3,ITGA10_ITGB1,1.2564758586922837e-4,0,COL9A3_ITGA10_ITGB1,COL9A3 - (ITGA10+ITGB1),COLLAGEN,ECM-Receptor,KEGG: hsa04512,severe
Ht-NPCs,Hom/Reg-like NPCs,COL9A3,ITGA10_ITGB1,5.336947276244837e-6,0,COL9A3_ITGA10_ITGB1,COL9A3 - (ITGA10+ITGB1),COLLAGEN,ECM-Receptor,KEGG: hsa04512,severe
Fibro-reg NPCs,Hom/Reg-like NPCs,COL9A3,ITGA10_ITGB1,4.814207311393372e-6,0,COL9A3_ITGA10_ITGB1,COL9A3 - (ITGA10+ITGB1),COLLAGEN,ECM-Receptor,KEGG: hsa04512,severe
Hom/Reg-like NPCs,Hom/Reg-like NPCs,COL9A3,ITGA10_ITGB1,4.050194934141787e-5,0,COL9A3_ITGA10_ITGB1,COL9A3 - (ITGA10+ITGB1),COLLAGEN,ECM-Receptor,KEGG: hsa04512,severe
ECM/Adh-NPCs,Fibro-reg NPCs,COL1A1,ITGA11_ITGB1,1.6278489501028398e-4,0,COL1A1_ITGA11_ITGB1,COL1A1 - (ITGA11+ITGB1),COLLAGEN,ECM-Receptor,KEGG: hsa04512,severe
Hom-NPCs,Fibro-reg NPCs,COL1A1,ITGA11_ITGB1,9.060727059182017e-5,0,COL1A1_ITGA11_ITGB1,COL1A1 - (ITGA11+ITGB1),COLLAGEN,ECM-Receptor,KEGG: hsa04512,severe
Eff-NPCs,Fibro-reg NPCs,COL1A1,ITGA11_ITGB1,3.9372921417267865e-5,0,COL1A1_ITGA11_ITGB1,COL1A1 - (ITGA11+ITGB1),COLLAGEN,ECM-Receptor,KEGG: hsa04512,severe
Fibro-NPCs,Fibro-reg NPCs,COL1A1,ITGA11_ITGB1,0.0025342556861764312,0,COL1A1_ITGA11_ITGB1,COL1A1 - (ITGA11+ITGB1),COLLAGEN,ECM-Receptor,KEGG: hsa04512,severe
Fibro-reg NPCs,Fibro-reg NPCs,COL1A1,ITGA11_ITGB1,9.642976278607229e-4,0,COL1A1_ITGA11_ITGB1,COL1A1 - (ITGA11+ITGB1),COLLAGEN,ECM-Receptor,KEGG: hsa04512,severe
Hom/Reg-like NPCs,Fibro-reg NPCs,COL1A1,ITGA11_ITGB1,1.0214075571830599e-4,0,COL1A1_ITGA11_ITGB1,COL1A1 - (ITGA11+ITGB1),COLLAGEN,ECM-Receptor,KEGG: hsa04512,severe
Fibro-NPCs,Hom/Reg-like NPCs,COL1A1,ITGA11_ITGB1,5.657294644045449e-4,0,COL1A1_ITGA11_ITGB1,COL1A1 - (ITGA11+ITGB1),COLLAGEN,ECM-Receptor,KEGG: hsa04512,severe
Fibro-reg NPCs,Hom/Reg-like NPCs,COL1A1,ITGA11_ITGB1,2.125424549528456e-4,0,COL1A1_ITGA11_ITGB1,COL1A1 - (ITGA11+ITGB1),COLLAGEN,ECM-Receptor,KEGG: hsa04512,severe
ECM/Adh-NPCs,Fibro-reg NPCs,COL1A2,ITGA11_ITGB1,8.812116259747676e-4,0,COL1A2_ITGA11_ITGB1,COL1A2 - (ITGA11+ITGB1),COLLAGEN,ECM-Receptor,KEGG: hsa04512,severe
Hom-NPCs,Fibro-reg NPCs,COL1A2,ITGA11_ITGB1,2.139204019350548e-4,0,COL1A2_ITGA11_ITGB1,COL1A2 - (ITGA11+ITGB1),COLLAGEN,ECM-Receptor,KEGG: hsa04512,severe
Eff-NPCs,Fibro-reg NPCs,COL1A2,ITGA11_ITGB1,8.060998812262162e-5,0,COL1A2_ITGA11_ITGB1,COL1A2 - (ITGA11+ITGB1),COLLAGEN,ECM-Receptor,KEGG: hsa04512,severe
Ht-NPCs,Fibro-reg NPCs,COL1A2,ITGA11_ITGB1,3.596683332385629e-5,0,COL1A2_ITGA11_ITGB1,COL1A2 - (ITGA11+ITGB1),COLLAGEN,ECM-Receptor,KEGG: hsa04512,severe
Fibro-NPCs,Fibro-reg NPCs,COL1A2,ITGA11_ITGB1,0.002512741616898042,0,COL1A2_ITGA11_ITGB1,COL1A2 - (ITGA11+ITGB1),COLLAGEN,ECM-Receptor,KEGG: hsa04512,severe
Fibro-reg NPCs,Fibro-reg NPCs,COL1A2,ITGA11_ITGB1,0.0011615925727906503,0,COL1A2_ITGA11_ITGB1,COL1A2 - (ITGA11+ITGB1),COLLAGEN,ECM-Receptor,KEGG: hsa04512,severe
Hom/Reg-like NPCs,Fibro-reg NPCs,COL1A2,ITGA11_ITGB1,2.875766419452437e-4,0,COL1A2_ITGA11_ITGB1,COL1A2 - (ITGA11+ITGB1),COLLAGEN,ECM-Receptor,KEGG: hsa04512,severe
Fibro-NPCs,Hom/Reg-like NPCs,COL1A2,ITGA11_ITGB1,5.607120881524496e-4,0,COL1A2_ITGA11_ITGB1,COL1A2 - (ITGA11+ITGB1),COLLAGEN,ECM-Receptor,KEGG: hsa04512,severe
Fibro-reg NPCs,Hom/Reg-like NPCs,COL1A2,ITGA11_ITGB1,2.577106509990625e-4,0,COL1A2_ITGA11_ITGB1,COL1A2 - (ITGA11+ITGB1),COLLAGEN,ECM-Receptor,KEGG: hsa04512,severe
ECM/Adh-NPCs,Fibro-reg NPCs,COL2A1,ITGA11_ITGB1,7.75690342107868e-4,0,COL2A1_ITGA11_ITGB1,COL2A1 - (ITGA11+ITGB1),COLLAGEN,ECM-Receptor,KEGG: hsa04512,severe
Hom-NPCs,Fibro-reg NPCs,COL2A1,ITGA11_ITGB1,1.533825959288219e-4,0,COL2A1_ITGA11_ITGB1,COL2A1 - (ITGA11+ITGB1),COLLAGEN,ECM-Receptor,KEGG: hsa04512,severe
Eff-NPCs,Fibro-reg NPCs,COL2A1,ITGA11_ITGB1,4.134742467149705e-5,0,COL2A1_ITGA11_ITGB1,COL2A1 - (ITGA11+ITGB1),COLLAGEN,ECM-Receptor,KEGG: hsa04512,severe
Ht-NPCs,Fibro-reg NPCs,COL2A1,ITGA11_ITGB1,9.569118480833738e-5,0,COL2A1_ITGA11_ITGB1,COL2A1 - (ITGA11+ITGB1),COLLAGEN,ECM-Receptor,KEGG: hsa04512,severe
Fibro-reg NPCs,Fibro-reg NPCs,COL2A1,ITGA11_ITGB1,1.653003603334737e-4,0,COL2A1_ITGA11_ITGB1,COL2A1 - (ITGA11+ITGB1),COLLAGEN,ECM-Receptor,KEGG: hsa04512,severe
Hom/Reg-like NPCs,Fibro-reg NPCs,COL2A1,ITGA11_ITGB1,5.402671164957554e-4,0,COL2A1_ITGA11_ITGB1,COL2A1 - (ITGA11+ITGB1),COLLAGEN,ECM-Receptor,KEGG: hsa04512,severe
ECM/Adh-NPCs,Hom/Reg-like NPCs,COL2A1,ITGA11_ITGB1,1.6860583828031919e-4,0,COL2A1_ITGA11_ITGB1,COL2A1 - (ITGA11+ITGB1),COLLAGEN,ECM-Receptor,KEGG: hsa04512,severe
Ht-NPCs,Hom/Reg-like NPCs,COL2A1,ITGA11_ITGB1,2.1312753590450545e-5,0,COL2A1_ITGA11_ITGB1,COL2A1 - (ITGA11+ITGB1),COLLAGEN,ECM-Receptor,KEGG: hsa04512,severe
Hom/Reg-like NPCs,Hom/Reg-like NPCs,COL2A1,ITGA11_ITGB1,1.1773207876082005e-4,0,COL2A1_ITGA11_ITGB1,COL2A1 - (ITGA11+ITGB1),COLLAGEN,ECM-Receptor,KEGG: hsa04512,severe
Fibro-reg NPCs,Fibro-reg NPCs,COL4A1,ITGA11_ITGB1,6.735204350001607e-6,0,COL4A1_ITGA11_ITGB1,COL4A1 - (ITGA11+ITGB1),COLLAGEN,ECM-Receptor,KEGG: hsa04512,severe
Fibro-reg NPCs,Hom/Reg-like NPCs,COL4A1,ITGA11_ITGB1,1.4389341245006352e-6,0,COL4A1_ITGA11_ITGB1,COL4A1 - (ITGA11+ITGB1),COLLAGEN,ECM-Receptor,KEGG: hsa04512,severe
Fibro-reg NPCs,Fibro-reg NPCs,COL4A2,ITGA11_ITGB1,1.0892768354626064e-5,0,COL4A2_ITGA11_ITGB1,COL4A2 - (ITGA11+ITGB1),COLLAGEN,ECM-Receptor,KEGG: hsa04512,severe
Fibro-reg NPCs,Hom/Reg-like NPCs,COL4A2,ITGA11_ITGB1,2.327481871482055e-6,0,COL4A2_ITGA11_ITGB1,COL4A2 - (ITGA11+ITGB1),COLLAGEN,ECM-Receptor,KEGG: hsa04512,severe
ECM/Adh-NPCs,Fibro-reg NPCs,COL6A1,ITGA11_ITGB1,1.4214597566149966e-4,0,COL6A1_ITGA11_ITGB1,COL6A1 - (ITGA11+ITGB1),COLLAGEN,ECM-Receptor,KEGG: hsa04512,severe
Fibro-NPCs,Fibro-reg NPCs,COL6A1,ITGA11_ITGB1,9.695186385922704e-4,0,COL6A1_ITGA11_ITGB1,COL6A1 - (ITGA11+ITGB1),COLLAGEN,ECM-Receptor,KEGG: hsa04512,severe
Fibro-reg NPCs,Fibro-reg NPCs,COL6A1,ITGA11_ITGB1,5.388036314746956e-4,0,COL6A1_ITGA11_ITGB1,COL6A1 - (ITGA11+ITGB1),COLLAGEN,ECM-Receptor,KEGG: hsa04512,severe
Hom/Reg-like NPCs,Fibro-reg NPCs,COL6A1,ITGA11_ITGB1,1.0538440986049201e-4,0,COL6A1_ITGA11_ITGB1,COL6A1 - (ITGA11+ITGB1),COLLAGEN,ECM-Receptor,KEGG: hsa04512,severe
Fibro-NPCs,Hom/Reg-like NPCs,COL6A1,ITGA11_ITGB1,2.1056381235122615e-4,0,COL6A1_ITGA11_ITGB1,COL6A1 - (ITGA11+ITGB1),COLLAGEN,ECM-Receptor,KEGG: hsa04512,severe
Fibro-reg NPCs,Hom/Reg-like NPCs,COL6A1,ITGA11_ITGB1,1.1711011455601979e-4,0,COL6A1_ITGA11_ITGB1,COL6A1 - (ITGA11+ITGB1),COLLAGEN,ECM-Receptor,KEGG: hsa04512,severe
Eff-NPCs,Fibro-reg NPCs,COL6A2,ITGA11_ITGB1,9.115155161494738e-6,0,COL6A2_ITGA11_ITGB1,COL6A2 - (ITGA11+ITGB1),COLLAGEN,ECM-Receptor,KEGG: hsa04512,severe
Fibro-NPCs,Fibro-reg NPCs,COL6A2,ITGA11_ITGB1,1.3830087698405507e-4,0,COL6A2_ITGA11_ITGB1,COL6A2 - (ITGA11+ITGB1),COLLAGEN,ECM-Receptor,KEGG: hsa04512,severe
Fibro-reg NPCs,Fibro-reg NPCs,COL6A2,ITGA11_ITGB1,3.0299797016451085e-4,0,COL6A2_ITGA11_ITGB1,COL6A2 - (ITGA11+ITGB1),COLLAGEN,ECM-Receptor,KEGG: hsa04512,severe
Hom/Reg-like NPCs,Fibro-reg NPCs,COL6A2,ITGA11_ITGB1,4.5792887082474207e-05,0,COL6A2_ITGA11_ITGB1,COL6A2 - (ITGA11+ITGB1),COLLAGEN,ECM-Receptor,KEGG: hsa04512,severe
Fibro-NPCs,Hom/Reg-like NPCs,COL6A2,ITGA11_ITGB1,2.9610481895264764e-5,0,COL6A2_ITGA11_ITGB1,COL6A2 - (ITGA11+ITGB1),COLLAGEN,ECM-Receptor,KEGG: hsa04512,severe
Fibro-reg NPCs,Hom/Reg-like NPCs,COL6A2,ITGA11_ITGB1,6.535449475381537e-5,0,COL6A2_ITGA11_ITGB1,COL6A2 - (ITGA11+ITGB1),COLLAGEN,ECM-Receptor,KEGG: hsa04512,severe
Hom/Reg-like NPCs,Hom/Reg-like NPCs,COL6A2,ITGA11_ITGB1,9.797701901399774e-6,0,COL6A2_ITGA11_ITGB1,COL6A2 - (ITGA11+ITGB1),COLLAGEN,ECM-Receptor,KEGG: hsa04512,severe
ECM/Adh-NPCs,Fibro-reg NPCs,COL6A3,ITGA11_ITGB1,1.2679667525673213e-4,0,COL6A3_ITGA11_ITGB1,COL6A3 - (ITGA11+ITGB1),COLLAGEN,ECM-Receptor,KEGG: hsa04512,severe
Ht-NPCs,Fibro-reg NPCs,COL6A3,ITGA11_ITGB1,9.875787548635023e-6,0,COL6A3_ITGA11_ITGB1,COL6A3 - (ITGA11+ITGB1),COLLAGEN,ECM-Receptor,KEGG: hsa04512,severe
Fibro-NPCs,Fibro-reg NPCs,COL6A3,ITGA11_ITGB1,0.0011943065071004738,0,COL6A3_ITGA11_ITGB1,COL6A3 - (ITGA11+ITGB1),COLLAGEN,ECM-Receptor,KEGG: hsa04512,severe
Fibro-reg NPCs,Fibro-reg NPCs,COL6A3,ITGA11_ITGB1,5.117140453349436e-4,0,COL6A3_ITGA11_ITGB1,COL6A3 - (ITGA11+ITGB1),COLLAGEN,ECM-Receptor,KEGG: hsa04512,severe
Fibro-NPCs,Hom/Reg-like NPCs,COL6A3,ITGA11_ITGB1,2.603977951605025e-4,0,COL6A3_ITGA11_ITGB1,COL6A3 - (ITGA11+ITGB1),COLLAGEN,ECM-Receptor,KEGG: hsa04512,severe
Fibro-reg NPCs,Hom/Reg-like NPCs,COL6A3,ITGA11_ITGB1,1.111239291289978e-4,0,COL6A3_ITGA11_ITGB1,COL6A3 - (ITGA11+ITGB1),COLLAGEN,ECM-Receptor,KEGG: hsa04512,severe
Ht-NPCs,Fibro-reg NPCs,COL9A1,ITGA11_ITGB1,2.1262306469858685e-6,0,COL9A1_ITGA11_ITGB1,COL9A1 - (ITGA11+ITGB1),COLLAGEN,ECM-Receptor,KEGG: hsa04512,severe
Ht-NPCs,Hom/Reg-like NPCs,COL9A1,ITGA11_ITGB1,4.545716345108345e-7,0,COL9A1_ITGA11_ITGB1,COL9A1 - (ITGA11+ITGB1),COLLAGEN,ECM-Receptor,KEGG: hsa04512,severe
ECM/Adh-NPCs,Fibro-reg NPCs,COL9A2,ITGA11_ITGB1,2.5118341265040823e-5,0,COL9A2_ITGA11_ITGB1,COL9A2 - (ITGA11+ITGB1),COLLAGEN,ECM-Receptor,KEGG: hsa04512,severe
Ht-NPCs,Fibro-reg NPCs,COL9A2,ITGA11_ITGB1,1.8507642113612038e-5,0,COL9A2_ITGA11_ITGB1,COL9A2 - (ITGA11+ITGB1),COLLAGEN,ECM-Receptor,KEGG: hsa04512,severe
Fibro-reg NPCs,Fibro-reg NPCs,COL9A2,ITGA11_ITGB1,1.315644870853781e-5,0,COL9A2_ITGA11_ITGB1,COL9A2 - (ITGA11+ITGB1),COLLAGEN,ECM-Receptor,KEGG: hsa04512,severe
Hom/Reg-like NPCs,Fibro-reg NPCs,COL9A2,ITGA11_ITGB1,1.657625529609537e-4,0,COL9A2_ITGA11_ITGB1,COL9A2 - (ITGA11+ITGB1),COLLAGEN,ECM-Receptor,KEGG: hsa04512,severe
ECM/Adh-NPCs,Hom/Reg-like NPCs,COL9A2,ITGA11_ITGB1,5.368227947194152e-6,0,COL9A2_ITGA11_ITGB1,COL9A2 - (ITGA11+ITGB1),COLLAGEN,ECM-Receptor,KEGG: hsa04512,severe
Ht-NPCs,Hom/Reg-like NPCs,COL9A2,ITGA11_ITGB1,3.9847690226221084e-6,0,COL9A2_ITGA11_ITGB1,COL9A2 - (ITGA11+ITGB1),COLLAGEN,ECM-Receptor,KEGG: hsa04512,severe
Fibro-reg NPCs,Hom/Reg-like NPCs,COL9A2,ITGA11_ITGB1,2.8113715539602367e-6,0,COL9A2_ITGA11_ITGB1,COL9A2 - (ITGA11+ITGB1),COLLAGEN,ECM-Receptor,KEGG: hsa04512,severe
Hom/Reg-like NPCs,Hom/Reg-like NPCs,COL9A2,ITGA11_ITGB1,3.5623004099366924e-5,0,COL9A2_ITGA11_ITGB1,COL9A2 - (ITGA11+ITGB1),COLLAGEN,ECM-Receptor,KEGG: hsa04512,severe
Ht-NPCs,Fibro-reg NPCs,COL9A3,ITGA11_ITGB1,1.2506510827144722e-5,0,COL9A3_ITGA11_ITGB1,COL9A3 - (ITGA11+ITGB1),COLLAGEN,ECM-Receptor,KEGG: hsa04512,severe
Fibro-reg NPCs,Fibro-reg NPCs,COL9A3,ITGA11_ITGB1,1.1319959684629356e-5,0,COL9A3_ITGA11_ITGB1,COL9A3 - (ITGA11+ITGB1),COLLAGEN,ECM-Receptor,KEGG: hsa04512,severe
Hom/Reg-like NPCs,Fibro-reg NPCs,COL9A3,ITGA11_ITGB1,9.503272950220854e-5,0,COL9A3_ITGA11_ITGB1,COL9A3 - (ITGA11+ITGB1),COLLAGEN,ECM-Receptor,KEGG: hsa04512,severe
Ht-NPCs,Hom/Reg-like NPCs,COL9A3,ITGA11_ITGB1,2.68574445609131e-6,0,COL9A3_ITGA11_ITGB1,COL9A3 - (ITGA11+ITGB1),COLLAGEN,ECM-Receptor,KEGG: hsa04512,severe
Fibro-reg NPCs,Hom/Reg-like NPCs,COL9A3,ITGA11_ITGB1,2.418793925085941e-6,0,COL9A3_ITGA11_ITGB1,COL9A3 - (ITGA11+ITGB1),COLLAGEN,ECM-Receptor,KEGG: hsa04512,severe
Hom/Reg-like NPCs,Hom/Reg-like NPCs,COL9A3,ITGA11_ITGB1,2.0369743352488865e-5,0,COL9A3_ITGA11_ITGB1,COL9A3 - (ITGA11+ITGB1),COLLAGEN,ECM-Receptor,KEGG: hsa04512,severe
ECM/Adh-NPCs,Fibro-NPCs,FN1,ITGAV_ITGB1,0.0017176685663074012,0,FN1_ITGAV_ITGB1,FN1 - (ITGAV+ITGB1),FN1,ECM-Receptor,KEGG: hsa04512,severe
ECM/Adh-NPCs,Fibro-reg NPCs,FN1,ITGAV_ITGB1,0.0029310331961195915,0,FN1_ITGAV_ITGB1,FN1 - (ITGAV+ITGB1),FN1,ECM-Receptor,KEGG: hsa04512,severe
Hom-NPCs,Fibro-reg NPCs,FN1,ITGAV_ITGB1,0.001222222117666036,0,FN1_ITGAV_ITGB1,FN1 - (ITGAV+ITGB1),FN1,ECM-Receptor,KEGG: hsa04512,severe
Eff-NPCs,Fibro-reg NPCs,FN1,ITGAV_ITGB1,4.5099326197766277e-4,0,FN1_ITGAV_ITGB1,FN1 - (ITGAV+ITGB1),FN1,ECM-Receptor,KEGG: hsa04512,severe
Ht-NPCs,Fibro-reg NPCs,FN1,ITGAV_ITGB1,8.322872371632544e-5,0,FN1_ITGAV_ITGB1,FN1 - (ITGAV+ITGB1),FN1,ECM-Receptor,KEGG: hsa04512,severe
Fibro-NPCs,Fibro-reg NPCs,FN1,ITGAV_ITGB1,0.0031221463524327567,0,FN1_ITGAV_ITGB1,FN1 - (ITGAV+ITGB1),FN1,ECM-Receptor,KEGG: hsa04512,severe
Fibro-reg NPCs,Fibro-reg NPCs,FN1,ITGAV_ITGB1,0.0017508307841505382,0,FN1_ITGAV_ITGB1,FN1 - (ITGAV+ITGB1),FN1,ECM-Receptor,KEGG: hsa04512,severe
Hom/Reg-like NPCs,Fibro-reg NPCs,FN1,ITGAV_ITGB1,0.0012688984600491982,0,FN1_ITGAV_ITGB1,FN1 - (ITGAV+ITGB1),FN1,ECM-Receptor,KEGG: hsa04512,severe
Ht-NPCs,ECM/Adh-NPCs,IBSP,ITGAV_ITGB5,4.078154604472113e-6,0,IBSP_ITGAV_ITGB5,IBSP - (ITGAV+ITGB5),BSP,ECM-Receptor,KEGG: hsa04512,severe
Ht-NPCs,Eff-NPCs,IBSP,ITGAV_ITGB5,2.217753335796073e-6,0,IBSP_ITGAV_ITGB5,IBSP - (ITGAV+ITGB5),BSP,ECM-Receptor,KEGG: hsa04512,severe
Ht-NPCs,Fibro-NPCs,IBSP,ITGAV_ITGB5,2.3083792554386824e-5,0,IBSP_ITGAV_ITGB5,IBSP - (ITGAV+ITGB5),BSP,ECM-Receptor,KEGG: hsa04512,severe
Ht-NPCs,Fibro-reg NPCs,IBSP,ITGAV_ITGB5,1.2431831809184792e-4,0,IBSP_ITGAV_ITGB5,IBSP - (ITGAV+ITGB5),BSP,ECM-Receptor,KEGG: hsa04512,severe
Ht-NPCs,Hom/Reg-like NPCs,IBSP,ITGAV_ITGB5,2.8557076963100004e-5,0,IBSP_ITGAV_ITGB5,IBSP - (ITGAV+ITGB5),BSP,ECM-Receptor,KEGG: hsa04512,severe
Fibro-NPCs,Hom-NPCs,COL1A1,SDC4,0.0028006547772715584,0,COL1A1_SDC4,COL1A1 - SDC4,COLLAGEN,ECM-Receptor,KEGG: hsa04512,severe
Fibro-reg NPCs,Hom-NPCs,COL1A1,SDC4,0.0010682667873594739,0,COL1A1_SDC4,COL1A1 - SDC4,COLLAGEN,ECM-Receptor,KEGG: hsa04512,severe
Fibro-NPCs,Eff-NPCs,COL1A1,SDC4,0.0013143834488788,0,COL1A1_SDC4,COL1A1 - SDC4,COLLAGEN,ECM-Receptor,KEGG: hsa04512,severe
Fibro-reg NPCs,Eff-NPCs,COL1A1,SDC4,5.07679325246094e-4,0,COL1A1_SDC4,COL1A1 - SDC4,COLLAGEN,ECM-Receptor,KEGG: hsa04512,severe
Fibro-NPCs,Fibro-reg NPCs,COL1A1,SDC4,0.0014305120610635603,0,COL1A1_SDC4,COL1A1 - SDC4,COLLAGEN,ECM-Receptor,KEGG: hsa04512,severe
Fibro-reg NPCs,Fibro-reg NPCs,COL1A1,SDC4,5.402727582992903e-4,0,COL1A1_SDC4,COL1A1 - SDC4,COLLAGEN,ECM-Receptor,KEGG: hsa04512,severe
Fibro-NPCs,Hom/Reg-like NPCs,COL1A1,SDC4,0.004503042926460353,0,COL1A1_SDC4,COL1A1 - SDC4,COLLAGEN,ECM-Receptor,KEGG: hsa04512,severe
Fibro-reg NPCs,Hom/Reg-like NPCs,COL1A1,SDC4,0.0017443827151658571,0,COL1A1_SDC4,COL1A1 - SDC4,COLLAGEN,ECM-Receptor,KEGG: hsa04512,severe
ECM/Adh-NPCs,Hom-NPCs,COL1A2,SDC4,9.784155813232895e-4,0,COL1A2_SDC4,COL1A2 - SDC4,COLLAGEN,ECM-Receptor,KEGG: hsa04512,severe
Fibro-NPCs,Hom-NPCs,COL1A2,SDC4,0.002777081604648989,0,COL1A2_SDC4,COL1A2 - SDC4,COLLAGEN,ECM-Receptor,KEGG: hsa04512,severe
Fibro-reg NPCs,Hom-NPCs,COL1A2,SDC4,0.0012852125864690565,0,COL1A2_SDC4,COL1A2 - SDC4,COLLAGEN,ECM-Receptor,KEGG: hsa04512,severe
ECM/Adh-NPCs,Eff-NPCs,COL1A2,SDC4,4.7045331050072026e-4,0,COL1A2_SDC4,COL1A2 - SDC4,COLLAGEN,ECM-Receptor,KEGG: hsa04512,severe
Ht-NPCs,Eff-NPCs,COL1A2,SDC4,1.9304769692244873e-5,0,COL1A2_SDC4,COL1A2 - SDC4,COLLAGEN,ECM-Receptor,KEGG: hsa04512,severe
Fibro-NPCs,Eff-NPCs,COL1A2,SDC4,0.0013038053039473678,0,COL1A2_SDC4,COL1A2 - SDC4,COLLAGEN,ECM-Receptor,KEGG: hsa04512,severe
Fibro-reg NPCs,Eff-NPCs,COL1A2,SDC4,6.068197036118473e-4,0,COL1A2_SDC4,COL1A2 - SDC4,COLLAGEN,ECM-Receptor,KEGG: hsa04512,severe
Fibro-NPCs,Fibro-reg NPCs,COL1A2,SDC4,0.001418050405246462,0,COL1A2_SDC4,COL1A2 - SDC4,COLLAGEN,ECM-Receptor,KEGG: hsa04512,severe
Fibro-reg NPCs,Fibro-reg NPCs,COL1A2,SDC4,6.533194793267899e-4,0,COL1A2_SDC4,COL1A2 - SDC4,COLLAGEN,ECM-Receptor,KEGG: hsa04512,severe
ECM/Adh-NPCs,Hom/Reg-like NPCs,COL1A2,SDC4,0.0016209523698994606,0,COL1A2_SDC4,COL1A2 - SDC4,COLLAGEN,ECM-Receptor,KEGG: hsa04512,severe
Ht-NPCs,Hom/Reg-like NPCs,COL1A2,SDC4,6.658632375012376e-5,0,COL1A2_SDC4,COL1A2 - SDC4,COLLAGEN,ECM-Receptor,KEGG: hsa04512,severe
Fibro-NPCs,Hom/Reg-like NPCs,COL1A2,SDC4,0.004467186587161526,0,COL1A2_SDC4,COL1A2 - SDC4,COLLAGEN,ECM-Receptor,KEGG: hsa04512,severe
Fibro-reg NPCs,Hom/Reg-like NPCs,COL1A2,SDC4,0.002081861160219421,0,COL1A2_SDC4,COL1A2 - SDC4,COLLAGEN,ECM-Receptor,KEGG: hsa04512,severe
ECM/Adh-NPCs,Hom-NPCs,COL2A1,SDC4,8.616603262519982e-4,0,COL2A1_SDC4,COL2A1 - SDC4,COLLAGEN,ECM-Receptor,KEGG: hsa04512,severe
Ht-NPCs,Hom-NPCs,COL2A1,SDC4,1.0579616567273986e-4,0,COL2A1_SDC4,COL2A1 - SDC4,COLLAGEN,ECM-Receptor,KEGG: hsa04512,severe
Hom/Reg-like NPCs,Hom-NPCs,COL2A1,SDC4,5.998463447039254e-4,0,COL2A1_SDC4,COL2A1 - SDC4,COLLAGEN,ECM-Receptor,KEGG: hsa04512,severe
ECM/Adh-NPCs,Eff-NPCs,COL2A1,SDC4,4.1534160877333036e-4,0,COL2A1_SDC4,COL2A1 - SDC4,COLLAGEN,ECM-Receptor,KEGG: hsa04512,severe
Hom-NPCs,Eff-NPCs,COL2A1,SDC4,8.34080139449391e-5,0,COL2A1_SDC4,COL2A1 - SDC4,COLLAGEN,ECM-Receptor,KEGG: hsa04512,severe
Eff-NPCs,Eff-NPCs,COL2A1,SDC4,2.249331485860805e-5,0,COL2A1_SDC4,COL2A1 - SDC4,COLLAGEN,ECM-Receptor,KEGG: hsa04512,severe
Ht-NPCs,Eff-NPCs,COL2A1,SDC4,4.976195305639256e-5,0,COL2A1_SDC4,COL2A1 - SDC4,COLLAGEN,ECM-Receptor,KEGG: hsa04512,severe
Fibro-reg NPCs,Eff-NPCs,COL2A1,SDC4,8.98637206138139e-5,0,COL2A1_SDC4,COL2A1 - SDC4,COLLAGEN,ECM-Receptor,KEGG: hsa04512,severe
Hom/Reg-like NPCs,Eff-NPCs,COL2A1,SDC4,2.8838451759502905e-4,0,COL2A1_SDC4,COL2A1 - SDC4,COLLAGEN,ECM-Receptor,KEGG: hsa04512,severe
ECM/Adh-NPCs,Fibro-reg NPCs,COL2A1,SDC4,4.31045295098609e-4,0,COL2A1_SDC4,COL2A1 - SDC4,COLLAGEN,ECM-Receptor,KEGG: hsa04512,severe
Ht-NPCs,Fibro-reg NPCs,COL2A1,SDC4,5.394277890958101e-5,0,COL2A1_SDC4,COL2A1 - SDC4,COLLAGEN,ECM-Receptor,KEGG: hsa04512,severe
Hom/Reg-like NPCs,Fibro-reg NPCs,COL2A1,SDC4,3.0067296202756973e-4,0,COL2A1_SDC4,COL2A1 - SDC4,COLLAGEN,ECM-Receptor,KEGG: hsa04512,severe
ECM/Adh-NPCs,Hom/Reg-like NPCs,COL2A1,SDC4,0.0014319100939888508,0,COL2A1_SDC4,COL2A1 - SDC4,COLLAGEN,ECM-Receptor,KEGG: hsa04512,severe
Hom-NPCs,Hom/Reg-like NPCs,COL2A1,SDC4,2.8845514196570163e-4,0,COL2A1_SDC4,COL2A1 - SDC4,COLLAGEN,ECM-Receptor,KEGG: hsa04512,severe
Eff-NPCs,Hom/Reg-like NPCs,COL2A1,SDC4,7.779638364471186e-5,0,COL2A1_SDC4,COL2A1 - SDC4,COLLAGEN,ECM-Receptor,KEGG: hsa04512,severe
Ht-NPCs,Hom/Reg-like NPCs,COL2A1,SDC4,1.705707956597359e-4,0,COL2A1_SDC4,COL2A1 - SDC4,COLLAGEN,ECM-Receptor,KEGG: hsa04512,severe
Fibro-reg NPCs,Hom/Reg-like NPCs,COL2A1,SDC4,3.107636002234134e-4,0,COL2A1_SDC4,COL2A1 - SDC4,COLLAGEN,ECM-Receptor,KEGG: hsa04512,severe
Hom/Reg-like NPCs,Hom/Reg-like NPCs,COL2A1,SDC4,9.93598866000589e-4,0,COL2A1_SDC4,COL2A1 - SDC4,COLLAGEN,ECM-Receptor,KEGG: hsa04512,severe
Fibro-reg NPCs,ECM/Adh-NPCs,COL4A1,SDC4,1.663892605617637e-6,0,COL4A1_SDC4,COL4A1 - SDC4,COLLAGEN,ECM-Receptor,KEGG: hsa04512,severe
Fibro-reg NPCs,Hom-NPCs,COL4A1,SDC4,7.50734620755916e-6,0,COL4A1_SDC4,COL4A1 - SDC4,COLLAGEN,ECM-Receptor,KEGG: hsa04512,severe
Fibro-reg NPCs,Eff-NPCs,COL4A1,SDC4,3.6853628111049844e-6,0,COL4A1_SDC4,COL4A1 - SDC4,COLLAGEN,ECM-Receptor,KEGG: hsa04512,severe
Fibro-reg NPCs,Fibro-reg NPCs,COL4A1,SDC4,3.7045747953543023e-06,0,COL4A1_SDC4,COL4A1 - SDC4,COLLAGEN,ECM-Receptor,KEGG: hsa04512,severe
Fibro-reg NPCs,Hom/Reg-like NPCs,COL4A1,SDC4,1.2761579047853807e-5,0,COL4A1_SDC4,COL4A1 - SDC4,COLLAGEN,ECM-Receptor,KEGG: hsa04512,severe
Fibro-reg NPCs,ECM/Adh-NPCs,COL4A2,SDC4,2.6913874739862576e-6,0,COL4A2_SDC4,COL4A2 - SDC4,COLLAGEN,ECM-Receptor,KEGG: hsa04512,severe
Fibro-reg NPCs,Hom-NPCs,COL4A2,SDC4,1.214121975660785e-5,0,COL4A2_SDC4,COL4A2 - SDC4,COLLAGEN,ECM-Receptor,KEGG: hsa04512,severe
Fibro-reg NPCs,Eff-NPCs,COL4A2,SDC4,5.959277309041265e-6,0,COL4A2_SDC4,COL4A2 - SDC4,COLLAGEN,ECM-Receptor,KEGG: hsa04512,severe
Fibro-reg NPCs,Fibro-reg NPCs,COL4A2,SDC4,5.991841793856649e-6,0,COL4A2_SDC4,COL4A2 - SDC4,COLLAGEN,ECM-Receptor,KEGG: hsa04512,severe
Fibro-reg NPCs,Hom/Reg-like NPCs,COL4A2,SDC4,2.063490572770335e-5,0,COL4A2_SDC4,COL4A2 - SDC4,COLLAGEN,ECM-Receptor,KEGG: hsa04512,severe
Fibro-NPCs,Hom-NPCs,COL6A1,SDC4,0.0010771445637886223,0,COL6A1_SDC4,COL6A1 - SDC4,COLLAGEN,ECM-Receptor,KEGG: hsa04512,severe
Fibro-reg NPCs,Hom-NPCs,COL6A1,SDC4,5.98524899803696e-4,0,COL6A1_SDC4,COL6A1 - SDC4,COLLAGEN,ECM-Receptor,KEGG: hsa04512,severe
Fibro-NPCs,Eff-NPCs,COL6A1,SDC4,5.196524006857311e-4,0,COL6A1_SDC4,COL6A1 - SDC4,COLLAGEN,ECM-Receptor,KEGG: hsa04512,severe
Fibro-reg NPCs,Eff-NPCs,COL6A1,SDC4,2.88517803778845e-4,0,COL6A1_SDC4,COL6A1 - SDC4,COLLAGEN,ECM-Receptor,KEGG: hsa04512,severe
Fibro-NPCs,Fibro-reg NPCs,COL6A1,SDC4,5.38492625813296e-4,0,COL6A1_SDC4,COL6A1 - SDC4,COLLAGEN,ECM-Receptor,KEGG: hsa04512,severe
Fibro-reg NPCs,Fibro-reg NPCs,COL6A1,SDC4,2.9940084096966843e-4,0,COL6A1_SDC4,COL6A1 - SDC4,COLLAGEN,ECM-Receptor,KEGG: hsa04512,severe
Fibro-NPCs,Hom/Reg-like NPCs,COL6A1,SDC4,0.001791890846209551,0,COL6A1_SDC4,COL6A1 - SDC4,COLLAGEN,ECM-Receptor,KEGG: hsa04512,severe
Fibro-reg NPCs,Hom/Reg-like NPCs,COL6A1,SDC4,9.946904640405186e-4,0,COL6A1_SDC4,COL6A1 - SDC4,COLLAGEN,ECM-Receptor,KEGG: hsa04512,severe
Hom/Reg-like NPCs,Hom/Reg-like NPCs,COL6A1,SDC4,1.9855883101389484e-4,0,COL6A1_SDC4,COL6A1 - SDC4,COLLAGEN,ECM-Receptor,KEGG: hsa04512,severe
Fibro-NPCs,Hom-NPCs,COL6A2,SDC4,1.5408990609393994e-4,0,COL6A2_SDC4,COL6A2 - SDC4,COLLAGEN,ECM-Receptor,KEGG: hsa04512,severe
Fibro-reg NPCs,Hom-NPCs,COL6A2,SDC4,3.370920209568453e-4,0,COL6A2_SDC4,COL6A2 - SDC4,COLLAGEN,ECM-Receptor,KEGG: hsa04512,severe
Hom/Reg-like NPCs,Hom-NPCs,COL6A2,SDC4,5.102772460093984e-5,0,COL6A2_SDC4,COL6A2 - SDC4,COLLAGEN,ECM-Receptor,KEGG: hsa04512,severe
Fibro-NPCs,Eff-NPCs,COL6A2,SDC4,7.546850772698433e-5,0,COL6A2_SDC4,COL6A2 - SDC4,COLLAGEN,ECM-Receptor,KEGG: hsa04512,severe
Fibro-reg NPCs,Eff-NPCs,COL6A2,SDC4,1.6380123217741755e-4,0,COL6A2_SDC4,COL6A2 - SDC4,COLLAGEN,ECM-Receptor,KEGG: hsa04512,severe
Hom/Reg-like NPCs,Eff-NPCs,COL6A2,SDC4,2.5010033177586037e-5,0,COL6A2_SDC4,COL6A2 - SDC4,COLLAGEN,ECM-Receptor,KEGG: hsa04512,severe
Fibro-reg NPCs,Fibro-reg NPCs,COL6A2,SDC4,1.6760660801931507e-4,0,COL6A2_SDC4,COL6A2 - SDC4,COLLAGEN,ECM-Receptor,KEGG: hsa04512,severe
Fibro-NPCs,Hom/Reg-like NPCs,COL6A2,SDC4,2.611833414582197e-4,0,COL6A2_SDC4,COL6A2 - SDC4,COLLAGEN,ECM-Receptor,KEGG: hsa04512,severe
Fibro-reg NPCs,Hom/Reg-like NPCs,COL6A2,SDC4,5.658056340297528e-4,0,COL6A2_SDC4,COL6A2 - SDC4,COLLAGEN,ECM-Receptor,KEGG: hsa04512,severe
Hom/Reg-like NPCs,Hom/Reg-like NPCs,COL6A2,SDC4,8.657073385332028e-5,0,COL6A2_SDC4,COL6A2 - SDC4,COLLAGEN,ECM-Receptor,KEGG: hsa04512,severe
Fibro-NPCs,Hom-NPCs,COL6A3,SDC4,0.0013258708181009748,0,COL6A3_SDC4,COL6A3 - SDC4,COLLAGEN,ECM-Receptor,KEGG: hsa04512,severe
Fibro-reg NPCs,Hom-NPCs,COL6A3,SDC4,5.685314283451219e-4,0,COL6A3_SDC4,COL6A3 - SDC4,COLLAGEN,ECM-Receptor,KEGG: hsa04512,severe
Fibro-NPCs,Eff-NPCs,COL6A3,SDC4,6.37076029735525e-4,0,COL6A3_SDC4,COL6A3 - SDC4,COLLAGEN,ECM-Receptor,KEGG: hsa04512,severe
Fibro-reg NPCs,Eff-NPCs,COL6A3,SDC4,2.7431055322339043e-4,0,COL6A3_SDC4,COL6A3 - SDC4,COLLAGEN,ECM-Receptor,KEGG: hsa04512,severe
Fibro-NPCs,Fibro-reg NPCs,COL6A3,SDC4,6.648758701507322e-4,0,COL6A3_SDC4,COL6A3 - SDC4,COLLAGEN,ECM-Receptor,KEGG: hsa04512,severe
Fibro-reg NPCs,Fibro-reg NPCs,COL6A3,SDC4,2.8419926067481215e-4,0,COL6A3_SDC4,COL6A3 - SDC4,COLLAGEN,ECM-Receptor,KEGG: hsa04512,severe
Ht-NPCs,Hom/Reg-like NPCs,COL6A3,SDC4,1.8596928599813698e-5,0,COL6A3_SDC4,COL6A3 - SDC4,COLLAGEN,ECM-Receptor,KEGG: hsa04512,severe
Fibro-NPCs,Hom/Reg-like NPCs,COL6A3,SDC4,0.0021946883676772257,0,COL6A3_SDC4,COL6A3 - SDC4,COLLAGEN,ECM-Receptor,KEGG: hsa04512,severe
Fibro-reg NPCs,Hom/Reg-like NPCs,COL6A3,SDC4,9.459166400051195e-4,0,COL6A3_SDC4,COL6A3 - SDC4,COLLAGEN,ECM-Receptor,KEGG: hsa04512,severe
Ht-NPCs,ECM/Adh-NPCs,COL9A1,SDC4,5.256729123473065e-7,0,COL9A1_SDC4,COL9A1 - SDC4,COLLAGEN,ECM-Receptor,KEGG: hsa04512,severe
Ht-NPCs,Hom-NPCs,COL9A1,SDC4,2.3696571576976933e-6,0,COL9A1_SDC4,COL9A1 - SDC4,COLLAGEN,ECM-Receptor,KEGG: hsa04512,severe
Ht-NPCs,Eff-NPCs,COL9A1,SDC4,1.1623946824935704e-6,0,COL9A1_SDC4,COL9A1 - SDC4,COLLAGEN,ECM-Receptor,KEGG: hsa04512,severe
Ht-NPCs,Fibro-reg NPCs,COL9A1,SDC4,1.1699779222599336e-6,0,COL9A1_SDC4,COL9A1 - SDC4,COLLAGEN,ECM-Receptor,KEGG: hsa04512,severe
Ht-NPCs,Hom/Reg-like NPCs,COL9A1,SDC4,4.024373311199331e-6,0,COL9A1_SDC4,COL9A1 - SDC4,COLLAGEN,ECM-Receptor,KEGG: hsa04512,severe
Hom/Reg-like NPCs,ECM/Adh-NPCs,COL9A2,SDC4,4.1215450645208566e-5,0,COL9A2_SDC4,COL9A2 - SDC4,COLLAGEN,ECM-Receptor,KEGG: hsa04512,severe
ECM/Adh-NPCs,Hom-NPCs,COL9A2,SDC4,2.799603752127844e-5,0,COL9A2_SDC4,COL9A2 - SDC4,COLLAGEN,ECM-Receptor,KEGG: hsa04512,severe
Ht-NPCs,Hom-NPCs,COL9A2,SDC4,2.0597544081733334e-5,0,COL9A2_SDC4,COL9A2 - SDC4,COLLAGEN,ECM-Receptor,KEGG: hsa04512,severe
Hom/Reg-like NPCs,Hom-NPCs,COL9A2,SDC4,1.8454893332191157e-4,0,COL9A2_SDC4,COL9A2 - SDC4,COLLAGEN,ECM-Receptor,KEGG: hsa04512,severe
ECM/Adh-NPCs,Eff-NPCs,COL9A2,SDC4,1.3738160509558017e-5,0,COL9A2_SDC4,COL9A2 - SDC4,COLLAGEN,ECM-Receptor,KEGG: hsa04512,severe
Ht-NPCs,Eff-NPCs,COL9A2,SDC4,1.0027962397422159e-5,0,COL9A2_SDC4,COL9A2 - SDC4,COLLAGEN,ECM-Receptor,KEGG: hsa04512,severe
Fibro-reg NPCs,Eff-NPCs,COL9A2,SDC4,7.197035415435428e-6,0,COL9A2_SDC4,COL9A2 - SDC4,COLLAGEN,ECM-Receptor,KEGG: hsa04512,severe
Hom/Reg-like NPCs,Eff-NPCs,COL9A2,SDC4,9.002577458831406e-5,0,COL9A2_SDC4,COL9A2 - SDC4,COLLAGEN,ECM-Receptor,KEGG: hsa04512,severe
Ht-NPCs,Fibro-reg NPCs,COL9A2,SDC4,1.02267462936433e-5,0,COL9A2_SDC4,COL9A2 - SDC4,COLLAGEN,ECM-Receptor,KEGG: hsa04512,severe
Hom/Reg-like NPCs,Fibro-reg NPCs,COL9A2,SDC4,9.14940880562308e-5,0,COL9A2_SDC4,COL9A2 - SDC4,COLLAGEN,ECM-Receptor,KEGG: hsa04512,severe
ECM/Adh-NPCs,Hom/Reg-like NPCs,COL9A2,SDC4,4.756781943778668e-5,0,COL9A2_SDC4,COL9A2 - SDC4,COLLAGEN,ECM-Receptor,KEGG: hsa04512,severe
Ht-NPCs,Hom/Reg-like NPCs,COL9A2,SDC4,3.465475842592826e-5,0,COL9A2_SDC4,COL9A2 - SDC4,COLLAGEN,ECM-Receptor,KEGG: hsa04512,severe
Fibro-reg NPCs,Hom/Reg-like NPCs,COL9A2,SDC4,2.4920354769721154e-5,0,COL9A2_SDC4,COL9A2 - SDC4,COLLAGEN,ECM-Receptor,KEGG: hsa04512,severe
Hom/Reg-like NPCs,Hom/Reg-like NPCs,COL9A2,SDC4,3.1126102762338645e-4,0,COL9A2_SDC4,COL9A2 - SDC4,COLLAGEN,ECM-Receptor,KEGG: hsa04512,severe
Hom/Reg-like NPCs,ECM/Adh-NPCs,COL9A3,SDC4,2.3561679663336723e-5,0,COL9A3_SDC4,COL9A3 - SDC4,COLLAGEN,ECM-Receptor,KEGG: hsa04512,severe
Ht-NPCs,Hom-NPCs,COL9A3,SDC4,1.3925928760802638e-5,0,COL9A3_SDC4,COL9A3 - SDC4,COLLAGEN,ECM-Receptor,KEGG: hsa04512,severe
Fibro-reg NPCs,Hom-NPCs,COL9A3,SDC4,1.261733803641124e-5,0,COL9A3_SDC4,COL9A3 - SDC4,COLLAGEN,ECM-Receptor,KEGG: hsa04512,severe
Hom/Reg-like NPCs,Hom-NPCs,COL9A3,SDC4,1.0585810526168275e-4,0,COL9A3_SDC4,COL9A3 - SDC4,COLLAGEN,ECM-Receptor,KEGG: hsa04512,severe
Ht-NPCs,Eff-NPCs,COL9A3,SDC4,6.79854120986958e-6,0,COL9A3_SDC4,COL9A3 - SDC4,COLLAGEN,ECM-Receptor,KEGG: hsa04512,severe
Fibro-reg NPCs,Eff-NPCs,COL9A3,SDC4,6.1928789312624705e-6,0,COL9A3_SDC4,COL9A3 - SDC4,COLLAGEN,ECM-Receptor,KEGG: hsa04512,severe
Hom/Reg-like NPCs,Eff-NPCs,COL9A3,SDC4,5.1783100695413605e-5,0,COL9A3_SDC4,COL9A3 - SDC4,COLLAGEN,ECM-Receptor,KEGG: hsa04512,severe
Ht-NPCs,Fibro-reg NPCs,COL9A3,SDC4,6.900098081481643e-6,0,COL9A3_SDC4,COL9A3 - SDC4,COLLAGEN,ECM-Receptor,KEGG: hsa04512,severe
Fibro-reg NPCs,Fibro-reg NPCs,COL9A3,SDC4,6.226879950408559e-6,0,COL9A3_SDC4,COL9A3 - SDC4,COLLAGEN,ECM-Receptor,KEGG: hsa04512,severe
Hom/Reg-like NPCs,Fibro-reg NPCs,COL9A3,SDC4,5.237296065578269e-5,0,COL9A3_SDC4,COL9A3 - SDC4,COLLAGEN,ECM-Receptor,KEGG: hsa04512,severe
Ht-NPCs,Hom/Reg-like NPCs,COL9A3,SDC4,2.351013603153581e-5,0,COL9A3_SDC4,COL9A3 - SDC4,COLLAGEN,ECM-Receptor,KEGG: hsa04512,severe
Fibro-reg NPCs,Hom/Reg-like NPCs,COL9A3,SDC4,2.144370947416499e-5,0,COL9A3_SDC4,COL9A3 - SDC4,COLLAGEN,ECM-Receptor,KEGG: hsa04512,severe
Hom/Reg-like NPCs,Hom/Reg-like NPCs,COL9A3,SDC4,1.7915929660019048e-4,0,COL9A3_SDC4,COL9A3 - SDC4,COLLAGEN,ECM-Receptor,KEGG: hsa04512,severe
ECM/Adh-NPCs,Hom-NPCs,FN1,SDC4,0.0024400405707611502,0,FN1_SDC4,FN1 - SDC4,FN1,ECM-Receptor,KEGG: hsa04512,severe
Hom-NPCs,Hom-NPCs,FN1,SDC4,0.0010123587889494922,0,FN1_SDC4,FN1 - SDC4,FN1,ECM-Receptor,KEGG: hsa04512,severe
Eff-NPCs,Hom-NPCs,FN1,SDC4,3.7442424411563796e-4,0,FN1_SDC4,FN1 - SDC4,FN1,ECM-Receptor,KEGG: hsa04512,severe
Fibro-NPCs,Hom-NPCs,FN1,SDC4,0.00259269097318491,0,FN1_SDC4,FN1 - SDC4,FN1,ECM-Receptor,KEGG: hsa04512,severe
Fibro-reg NPCs,Hom-NPCs,FN1,SDC4,0.0014547933247554927,0,FN1_SDC4,FN1 - SDC4,FN1,ECM-Receptor,KEGG: hsa04512,severe
Hom/Reg-like NPCs,Hom-NPCs,FN1,SDC4,0.0010523033740492756,0,FN1_SDC4,FN1 - SDC4,FN1,ECM-Receptor,KEGG: hsa04512,severe
ECM/Adh-NPCs,Eff-NPCs,FN1,SDC4,0.0011379909585978616,0,FN1_SDC4,FN1 - SDC4,FN1,ECM-Receptor,KEGG: hsa04512,severe
Hom-NPCs,Eff-NPCs,FN1,SDC4,4.8143347469677535e-4,0,FN1_SDC4,FN1 - SDC4,FN1,ECM-Receptor,KEGG: hsa04512,severe
Eff-NPCs,Eff-NPCs,FN1,SDC4,1.7646316754521543e-4,0,FN1_SDC4,FN1 - SDC4,FN1,ECM-Receptor,KEGG: hsa04512,severe
Ht-NPCs,Eff-NPCs,FN1,SDC4,3.287651998339724e-5,0,FN1_SDC4,FN1 - SDC4,FN1,ECM-Receptor,KEGG: hsa04512,severe
Fibro-NPCs,Eff-NPCs,FN1,SDC4,0.0012207900231931967,0,FN1_SDC4,FN1 - SDC4,FN1,ECM-Receptor,KEGG: hsa04512,severe
Fibro-reg NPCs,Eff-NPCs,FN1,SDC4,6.834243766334591e-4,0,FN1_SDC4,FN1 - SDC4,FN1,ECM-Receptor,KEGG: hsa04512,severe
Hom/Reg-like NPCs,Eff-NPCs,FN1,SDC4,4.980659921774027e-4,0,FN1_SDC4,FN1 - SDC4,FN1,ECM-Receptor,KEGG: hsa04512,severe
ECM/Adh-NPCs,Hom/Reg-like NPCs,FN1,SDC4,0.003893109705692255,0,FN1_SDC4,FN1 - SDC4,FN1,ECM-Receptor,KEGG: hsa04512,severe
Hom-NPCs,Hom/Reg-like NPCs,FN1,SDC4,0.0016544633132450348,0,FN1_SDC4,FN1 - SDC4,FN1,ECM-Receptor,KEGG: hsa04512,severe
Eff-NPCs,Hom/Reg-like NPCs,FN1,SDC4,6.051477411535292e-4,0,FN1_SDC4,FN1 - SDC4,FN1,ECM-Receptor,KEGG: hsa04512,severe
Ht-NPCs,Hom/Reg-like NPCs,FN1,SDC4,1.1308244118170036e-4,0,FN1_SDC4,FN1 - SDC4,FN1,ECM-Receptor,KEGG: hsa04512,severe
Fibro-NPCs,Hom/Reg-like NPCs,FN1,SDC4,0.004185578579607032,0,FN1_SDC4,FN1 - SDC4,FN1,ECM-Receptor,KEGG: hsa04512,severe
Fibro-reg NPCs,Hom/Reg-like NPCs,FN1,SDC4,0.002341925660352572,0,FN1_SDC4,FN1 - SDC4,FN1,ECM-Receptor,KEGG: hsa04512,severe
Hom/Reg-like NPCs,Hom/Reg-like NPCs,FN1,SDC4,0.0017097253962455742,0,FN1_SDC4,FN1 - SDC4,FN1,ECM-Receptor,KEGG: hsa04512,severe
Fibro-NPCs,Hom-NPCs,TNC,SDC4,8.453180678656948e-4,0,TNC_SDC4,TNC - SDC4,TENASCIN,ECM-Receptor,KEGG: hsa04512,severe
Fibro-reg NPCs,Hom-NPCs,TNC,SDC4,4.972716029055233e-4,0,TNC_SDC4,TNC - SDC4,TENASCIN,ECM-Receptor,KEGG: hsa04512,severe
Fibro-NPCs,Eff-NPCs,TNC,SDC4,4.093506872351195e-4,0,TNC_SDC4,TNC - SDC4,TENASCIN,ECM-Receptor,KEGG: hsa04512,severe
Fibro-reg NPCs,Eff-NPCs,TNC,SDC4,2.4045172647665336e-4,0,TNC_SDC4,TNC - SDC4,TENASCIN,ECM-Receptor,KEGG: hsa04512,severe
Fibro-NPCs,Fibro-reg NPCs,TNC,SDC4,4.213923165019838e-4,0,TNC_SDC4,TNC - SDC4,TENASCIN,ECM-Receptor,KEGG: hsa04512,severe
Fibro-reg NPCs,Fibro-reg NPCs,TNC,SDC4,2.481673748946079e-4,0,TNC_SDC4,TNC - SDC4,TENASCIN,ECM-Receptor,KEGG: hsa04512,severe
Fibro-NPCs,Hom/Reg-like NPCs,TNC,SDC4,0.001412818018857399,0,TNC_SDC4,TNC - SDC4,TENASCIN,ECM-Receptor,KEGG: hsa04512,severe
Fibro-reg NPCs,Hom/Reg-like NPCs,TNC,SDC4,8.295924053795558e-4,0,TNC_SDC4,TNC - SDC4,TENASCIN,ECM-Receptor,KEGG: hsa04512,severe
Fibro-reg NPCs,Hom-NPCs,THBS1,SDC4,1.3651046452467963e-4,0,THBS1_SDC4,THBS1 - SDC4,THBS,ECM-Receptor,KEGG: hsa04512,severe
Hom/Reg-like NPCs,Hom-NPCs,THBS1,SDC4,1.1600693861871572e-4,0,THBS1_SDC4,THBS1 - SDC4,THBS,ECM-Receptor,KEGG: hsa04512,severe
Ht-NPCs,Eff-NPCs,THBS1,SDC4,1.795113232194748e-6,0,THBS1_SDC4,THBS1 - SDC4,THBS,ECM-Receptor,KEGG: hsa04512,severe
Fibro-reg NPCs,Eff-NPCs,THBS1,SDC4,6.674555313731821e-5,0,THBS1_SDC4,THBS1 - SDC4,THBS,ECM-Receptor,KEGG: hsa04512,severe
Hom/Reg-like NPCs,Eff-NPCs,THBS1,SDC4,5.672726391890999e-5,0,THBS1_SDC4,THBS1 - SDC4,THBS,ECM-Receptor,KEGG: hsa04512,severe
Fibro-reg NPCs,Fibro-reg NPCs,THBS1,SDC4,6.756206769288334e-5,0,THBS1_SDC4,THBS1 - SDC4,THBS,ECM-Receptor,KEGG: hsa04512,severe
Hom/Reg-like NPCs,Fibro-reg NPCs,THBS1,SDC4,5.740936578569764e-5,0,THBS1_SDC4,THBS1 - SDC4,THBS,ECM-Receptor,KEGG: hsa04512,severe
Ht-NPCs,Hom/Reg-like NPCs,THBS1,SDC4,6.214121581030082e-6,0,THBS1_SDC4,THBS1 - SDC4,THBS,ECM-Receptor,KEGG: hsa04512,severe
Fibro-reg NPCs,Hom/Reg-like NPCs,THBS1,SDC4,2.3089959725084967e-4,0,THBS1_SDC4,THBS1 - SDC4,THBS,ECM-Receptor,KEGG: hsa04512,severe
Hom/Reg-like NPCs,Hom/Reg-like NPCs,THBS1,SDC4,0.00019624797708807118,0,THBS1_SDC4,THBS1 - SDC4,THBS,ECM-Receptor,KEGG: hsa04512,severe
Fibro-reg NPCs,ECM/Adh-NPCs,THBS2,SDC4,4.400423382359375e-5,0,THBS2_SDC4,THBS2 - SDC4,THBS,ECM-Receptor,KEGG: hsa04512,severe
Fibro-NPCs,Hom-NPCs,THBS2,SDC4,6.26904908213701e-5,0,THBS2_SDC4,THBS2 - SDC4,THBS,ECM-Receptor,KEGG: hsa04512,severe
Fibro-reg NPCs,Hom-NPCs,THBS2,SDC4,1.971393480753927e-4,0,THBS2_SDC4,THBS2 - SDC4,THBS,ECM-Receptor,KEGG: hsa04512,severe
Fibro-NPCs,Eff-NPCs,THBS2,SDC4,3.075016744968833e-5,0,THBS2_SDC4,THBS2 - SDC4,THBS,ECM-Receptor,KEGG: hsa04512,severe
Fibro-reg NPCs,Eff-NPCs,THBS2,SDC4,9.62089674224506e-5,0,THBS2_SDC4,THBS2 - SDC4,THBS,ECM-Receptor,KEGG: hsa04512,severe
Fibro-NPCs,Fibro-reg NPCs,THBS2,SDC4,3.095353585301066e-5,0,THBS2_SDC4,THBS2 - SDC4,THBS,ECM-Receptor,KEGG: hsa04512,severe
Fibro-reg NPCs,Fibro-reg NPCs,THBS2,SDC4,9.770472676091108e-5,0,THBS2_SDC4,THBS2 - SDC4,THBS,ECM-Receptor,KEGG: hsa04512,severe
Fibro-NPCs,Hom/Reg-like NPCs,THBS2,SDC4,1.0646005669826535e-4,0,THBS2_SDC4,THBS2 - SDC4,THBS,ECM-Receptor,KEGG: hsa04512,severe
Fibro-reg NPCs,Hom/Reg-like NPCs,THBS2,SDC4,3.3267391110001967e-4,0,THBS2_SDC4,THBS2 - SDC4,THBS,ECM-Receptor,KEGG: hsa04512,severe
ECM/Adh-NPCs,Hom-NPCs,COMP,SDC4,4.804409431311047e-4,0,COMP_SDC4,COMP - SDC4,THBS,ECM-Receptor,KEGG: hsa04512,severe
Eff-NPCs,Hom-NPCs,COMP,SDC4,5.5325648298502036e-5,0,COMP_SDC4,COMP - SDC4,THBS,ECM-Receptor,KEGG: hsa04512,severe
Ht-NPCs,Hom-NPCs,COMP,SDC4,2.2230959360592018e-5,0,COMP_SDC4,COMP - SDC4,THBS,ECM-Receptor,KEGG: hsa04512,severe
Fibro-reg NPCs,Hom-NPCs,COMP,SDC4,1.768596307185292e-4,0,COMP_SDC4,COMP - SDC4,THBS,ECM-Receptor,KEGG: hsa04512,severe
Hom/Reg-like NPCs,Hom-NPCs,COMP,SDC4,3.4101637903296065e-4,0,COMP_SDC4,COMP - SDC4,THBS,ECM-Receptor,KEGG: hsa04512,severe
ECM/Adh-NPCs,Eff-NPCs,COMP,SDC4,2.3347580166368517e-4,0,COMP_SDC4,COMP - SDC4,THBS,ECM-Receptor,KEGG: hsa04512,severe
Hom-NPCs,Eff-NPCs,COMP,SDC4,4.635214574187272e-5,0,COMP_SDC4,COMP - SDC4,THBS,ECM-Receptor,KEGG: hsa04512,severe
Eff-NPCs,Eff-NPCs,COMP,SDC4,2.6998791824303294e-5,0,COMP_SDC4,COMP - SDC4,THBS,ECM-Receptor,KEGG: hsa04512,severe
Ht-NPCs,Eff-NPCs,COMP,SDC4,1.0815922255859867e-5,0,COMP_SDC4,COMP - SDC4,THBS,ECM-Receptor,KEGG: hsa04512,severe
Fibro-reg NPCs,Eff-NPCs,COMP,SDC4,8.636605998716117e-5,0,COMP_SDC4,COMP - SDC4,THBS,ECM-Receptor,KEGG: hsa04512,severe
Hom/Reg-like NPCs,Eff-NPCs,COMP,SDC4,1.6543878745652524e-4,0,COMP_SDC4,COMP - SDC4,THBS,ECM-Receptor,KEGG: hsa04512,severe
ECM/Adh-NPCs,Fibro-reg NPCs,COMP,SDC4,2.3886789788211043e-4,0,COMP_SDC4,COMP - SDC4,THBS,ECM-Receptor,KEGG: hsa04512,severe
Hom/Reg-like NPCs,Fibro-reg NPCs,COMP,SDC4,1.6976525267743664e-4,0,COMP_SDC4,COMP - SDC4,THBS,ECM-Receptor,KEGG: hsa04512,severe
ECM/Adh-NPCs,Hom/Reg-like NPCs,COMP,SDC4,8.064918440580645e-4,0,COMP_SDC4,COMP - SDC4,THBS,ECM-Receptor,KEGG: hsa04512,severe
Hom-NPCs,Hom/Reg-like NPCs,COMP,SDC4,1.6039736386816783e-4,0,COMP_SDC4,COMP - SDC4,THBS,ECM-Receptor,KEGG: hsa04512,severe
Eff-NPCs,Hom/Reg-like NPCs,COMP,SDC4,9.335586338231904e-5,0,COMP_SDC4,COMP - SDC4,THBS,ECM-Receptor,KEGG: hsa04512,severe
Ht-NPCs,Hom/Reg-like NPCs,COMP,SDC4,3.737172935715839e-5,0,COMP_SDC4,COMP - SDC4,THBS,ECM-Receptor,KEGG: hsa04512,severe
Fibro-reg NPCs,Hom/Reg-like NPCs,COMP,SDC4,2.9868424627042795e-4,0,COMP_SDC4,COMP - SDC4,THBS,ECM-Receptor,KEGG: hsa04512,severe
Hom/Reg-like NPCs,Hom/Reg-like NPCs,COMP,SDC4,5.712381353202237e-4,0,COMP_SDC4,COMP - SDC4,THBS,ECM-Receptor,KEGG: hsa04512,severe
Fibro-reg NPCs,Hom-NPCs,THBS1,CD47,8.219420968964163e-5,0,THBS1_CD47,THBS1 - CD47,THBS,ECM-Receptor,KEGG: hsa04512,severe
Hom/Reg-like NPCs,Hom-NPCs,THBS1,CD47,6.984415470758304e-5,0,THBS1_CD47,THBS1 - CD47,THBS,ECM-Receptor,KEGG: hsa04512,severe
Fibro-reg NPCs,Eff-NPCs,THBS1,CD47,1.8399166566716333e-5,0,THBS1_CD47,THBS1 - CD47,THBS,ECM-Receptor,KEGG: hsa04512,severe
Hom/Reg-like NPCs,Eff-NPCs,THBS1,CD47,1.5634256831330427e-5,0,THBS1_CD47,THBS1 - CD47,THBS,ECM-Receptor,KEGG: hsa04512,severe
Fibro-reg NPCs,Ht-NPCs,THBS1,CD47,5.827757527964086e-6,0,THBS1_CD47,THBS1 - CD47,THBS,ECM-Receptor,KEGG: hsa04512,severe
Hom/Reg-like NPCs,Ht-NPCs,THBS1,CD47,4.9520684152477934e-6,0,THBS1_CD47,THBS1 - CD47,THBS,ECM-Receptor,KEGG: hsa04512,severe
Fibro-reg NPCs,Fibro-reg NPCs,THBS1,CD47,9.746003572210529e-5,0,THBS1_CD47,THBS1 - CD47,THBS,ECM-Receptor,KEGG: hsa04512,severe
Hom/Reg-like NPCs,Fibro-reg NPCs,THBS1,CD47,8.281746425259885e-5,0,THBS1_CD47,THBS1 - CD47,THBS,ECM-Receptor,KEGG: hsa04512,severe
Fibro-reg NPCs,Hom/Reg-like NPCs,THBS1,CD47,8.089577847509251e-5,0,THBS1_CD47,THBS1 - CD47,THBS,ECM-Receptor,KEGG: hsa04512,severe
Hom/Reg-like NPCs,Hom/Reg-like NPCs,THBS1,CD47,6.874144454201249e-5,0,THBS1_CD47,THBS1 - CD47,THBS,ECM-Receptor,KEGG: hsa04512,severe
Fibro-NPCs,Hom-NPCs,THBS2,CD47,3.7678298037604356e-5,0,THBS2_CD47,THBS2 - CD47,THBS,ECM-Receptor,KEGG: hsa04512,severe
Fibro-reg NPCs,Hom-NPCs,THBS2,CD47,1.188258161141071e-4,0,THBS2_CD47,THBS2 - CD47,THBS,ECM-Receptor,KEGG: hsa04512,severe
Fibro-NPCs,Eff-NPCs,THBS2,CD47,8.42919248237057e-6,0,THBS2_CD47,THBS2 - CD47,THBS,ECM-Receptor,KEGG: hsa04512,severe
Fibro-reg NPCs,Eff-NPCs,THBS2,CD47,2.6608616862487573e-5,0,THBS2_CD47,THBS2 - CD47,THBS,ECM-Receptor,KEGG: hsa04512,severe
Fibro-NPCs,Ht-NPCs,THBS2,CD47,2.6708687675958737e-6,0,THBS2_CD47,THBS2 - CD47,THBS,ECM-Receptor,KEGG: hsa04512,severe
Fibro-reg NPCs,Ht-NPCs,THBS2,CD47,8.42615373292856e-6,0,THBS2_CD47,THBS2 - CD47,THBS,ECM-Receptor,KEGG: hsa04512,severe
Fibro-NPCs,Fibro-reg NPCs,THBS2,CD47,4.469429390717429e-5,0,THBS2_CD47,THBS2 - CD47,THBS,ECM-Receptor,KEGG: hsa04512,severe
Fibro-reg NPCs,Fibro-reg NPCs,THBS2,CD47,1.4086166228518093e-4,0,THBS2_CD47,THBS2 - CD47,THBS,ECM-Receptor,KEGG: hsa04512,severe
Fibro-NPCs,Hom/Reg-like NPCs,THBS2,CD47,3.709217424685426e-5,0,THBS2_CD47,THBS2 - CD47,THBS,ECM-Receptor,KEGG: hsa04512,severe
Fibro-reg NPCs,Hom/Reg-like NPCs,THBS2,CD47,1.1693183893570806e-4,0,THBS2_CD47,THBS2 - CD47,THBS,ECM-Receptor,KEGG: hsa04512,severe
ECM/Adh-NPCs,Hom-NPCs,COMP,CD47,2.902868334633375e-4,0,COMP_CD47,COMP - CD47,THBS,ECM-Receptor,KEGG: hsa04512,severe
Eff-NPCs,Hom-NPCs,COMP,CD47,3.3348621408093805e-5,0,COMP_CD47,COMP - CD47,THBS,ECM-Receptor,KEGG: hsa04512,severe
Ht-NPCs,Hom-NPCs,COMP,CD47,1.3423248294097437e-5,0,COMP_CD47,COMP - CD47,THBS,ECM-Receptor,KEGG: hsa04512,severe
Fibro-reg NPCs,Hom-NPCs,COMP,CD47,1.0656425287610465e-4,0,COMP_CD47,COMP - CD47,THBS,ECM-Receptor,KEGG: hsa04512,severe
Hom/Reg-like NPCs,Hom-NPCs,COMP,CD47,2.0624647622667e-4,0,COMP_CD47,COMP - CD47,THBS,ECM-Receptor,KEGG: hsa04512,severe
ECM/Adh-NPCs,Eff-NPCs,COMP,CD47,6.505650444114938e-5,0,COMP_CD47,COMP - CD47,THBS,ECM-Receptor,KEGG: hsa04512,severe
Hom/Reg-like NPCs,Eff-NPCs,COMP,CD47,4.623728829684203e-5,0,COMP_CD47,COMP - CD47,THBS,ECM-Receptor,KEGG: hsa04512,severe
ECM/Adh-NPCs,Ht-NPCs,COMP,CD47,2.059105702430562e-5,0,COMP_CD47,COMP - CD47,THBS,ECM-Receptor,KEGG: hsa04512,severe
Ht-NPCs,Ht-NPCs,COMP,CD47,9.520779141766904e-7,0,COMP_CD47,COMP - CD47,THBS,ECM-Receptor,KEGG: hsa04512,severe
Hom/Reg-like NPCs,Ht-NPCs,COMP,CD47,1.4631590764873596e-5,0,COMP_CD47,COMP - CD47,THBS,ECM-Receptor,KEGG: hsa04512,severe
ECM/Adh-NPCs,Fibro-reg NPCs,COMP,CD47,3.43933362785419e-4,0,COMP_CD47,COMP - CD47,THBS,ECM-Receptor,KEGG: hsa04512,severe
Hom-NPCs,Fibro-reg NPCs,COMP,CD47,6.756549836402254e-5,0,COMP_CD47,COMP - CD47,THBS,ECM-Receptor,KEGG: hsa04512,severe
Eff-NPCs,Fibro-reg NPCs,COMP,CD47,3.953272790461986e-5,0,COMP_CD47,COMP - CD47,THBS,ECM-Receptor,KEGG: hsa04512,severe
Ht-NPCs,Fibro-reg NPCs,COMP,CD47,1.590629716401477e-5,0,COMP_CD47,COMP - CD47,THBS,ECM-Receptor,KEGG: hsa04512,severe
Fibro-reg NPCs,Fibro-reg NPCs,COMP,CD47,1.2633629467465342e-4,0,COMP_CD47,COMP - CD47,THBS,ECM-Receptor,KEGG: hsa04512,severe
Hom/Reg-like NPCs,Fibro-reg NPCs,COMP,CD47,2.443084354067254e-4,0,COMP_CD47,COMP - CD47,THBS,ECM-Receptor,KEGG: hsa04512,severe
ECM/Adh-NPCs,Hom/Reg-like NPCs,COMP,CD47,2.855661810360667e-4,0,COMP_CD47,COMP - CD47,THBS,ECM-Receptor,KEGG: hsa04512,severe
Eff-NPCs,Hom/Reg-like NPCs,COMP,CD47,3.281693192877858e-5,0,COMP_CD47,COMP - CD47,THBS,ECM-Receptor,KEGG: hsa04512,severe
Ht-NPCs,Hom/Reg-like NPCs,COMP,CD47,1.320614856519968e-5,0,COMP_CD47,COMP - CD47,THBS,ECM-Receptor,KEGG: hsa04512,severe
Fibro-reg NPCs,Hom/Reg-like NPCs,COMP,CD47,1.0487077839963766e-4,0,COMP_CD47,COMP - CD47,THBS,ECM-Receptor,KEGG: hsa04512,severe
Hom/Reg-like NPCs,Hom/Reg-like NPCs,COMP,CD47,2.028655604335471e-4,0,COMP_CD47,COMP - CD47,THBS,ECM-Receptor,KEGG: hsa04512,severe
Fibro-reg NPCs,Eff-NPCs,PGE2-PTGES,PTGER2,1.8740723515779405e-6,0,PGE2-PTGES_PTGER2,PGE2-PTGES - PTGER2,Prostaglandin,Non-protein Signaling,PMID: 34949672;PMID: 21508345,severe
Fibro-reg NPCs,Fibro-reg NPCs,PGE2-PTGES,PTGER2,1.2442145525235101e-6,0,PGE2-PTGES_PTGER2,PGE2-PTGES - PTGER2,Prostaglandin,Non-protein Signaling,PMID: 34949672;PMID: 21508345,severe
Hom-NPCs,Eff-NPCs,PGE2-PTGES3,PTGER2,1.1881485807497881e-5,0,PGE2-PTGES3_PTGER2,PGE2-PTGES3 - PTGER2,Prostaglandin,Non-protein Signaling,PMID: 34949672;PMID: 21508345,severe
Eff-NPCs,Eff-NPCs,PGE2-PTGES3,PTGER2,3.106257345663777e-6,0,PGE2-PTGES3_PTGER2,PGE2-PTGES3 - PTGER2,Prostaglandin,Non-protein Signaling,PMID: 34949672;PMID: 21508345,severe
Ht-NPCs,Eff-NPCs,PGE2-PTGES3,PTGER2,2.564805211690639e-7,0,PGE2-PTGES3_PTGER2,PGE2-PTGES3 - PTGER2,Prostaglandin,Non-protein Signaling,PMID: 34949672;PMID: 21508345,severe
Fibro-NPCs,Eff-NPCs,PGE2-PTGES3,PTGER2,1.8774207050845708e-6,0,PGE2-PTGES3_PTGER2,PGE2-PTGES3 - PTGER2,Prostaglandin,Non-protein Signaling,PMID: 34949672;PMID: 21508345,severe
Fibro-reg NPCs,Eff-NPCs,PGE2-PTGES3,PTGER2,1.455780700494649e-5,0,PGE2-PTGES3_PTGER2,PGE2-PTGES3 - PTGER2,Prostaglandin,Non-protein Signaling,PMID: 34949672;PMID: 21508345,severe
Hom/Reg-like NPCs,Eff-NPCs,PGE2-PTGES3,PTGER2,1.4735881330757139e-5,0,PGE2-PTGES3_PTGER2,PGE2-PTGES3 - PTGER2,Prostaglandin,Non-protein Signaling,PMID: 34949672;PMID: 21508345,severe
ECM/Adh-NPCs,Fibro-reg NPCs,PGE2-PTGES3,PTGER2,5.774287353448121e-7,0,PGE2-PTGES3_PTGER2,PGE2-PTGES3 - PTGER2,Prostaglandin,Non-protein Signaling,PMID: 34949672;PMID: 21508345,severe
Hom-NPCs,Fibro-reg NPCs,PGE2-PTGES3,PTGER2,7.8984546999296e-6,0,PGE2-PTGES3_PTGER2,PGE2-PTGES3 - PTGER2,Prostaglandin,Non-protein Signaling,PMID: 34949672;PMID: 21508345,severe
Eff-NPCs,Fibro-reg NPCs,PGE2-PTGES3,PTGER2,2.0646623373169512e-6,0,PGE2-PTGES3_PTGER2,PGE2-PTGES3 - PTGER2,Prostaglandin,Non-protein Signaling,PMID: 34949672;PMID: 21508345,severe
Ht-NPCs,Fibro-reg NPCs,PGE2-PTGES3,PTGER2,1.703127562915676e-7,0,PGE2-PTGES3_PTGER2,PGE2-PTGES3 - PTGER2,Prostaglandin,Non-protein Signaling,PMID: 34949672;PMID: 21508345,severe
Fibro-NPCs,Fibro-reg NPCs,PGE2-PTGES3,PTGER2,1.2463015979839402e-6,0,PGE2-PTGES3_PTGER2,PGE2-PTGES3 - PTGER2,Prostaglandin,Non-protein Signaling,PMID: 34949672;PMID: 21508345,severe
Fibro-reg NPCs,Fibro-reg NPCs,PGE2-PTGES3,PTGER2,9.680345513492776e-6,0,PGE2-PTGES3_PTGER2,PGE2-PTGES3 - PTGER2,Prostaglandin,Non-protein Signaling,PMID: 34949672;PMID: 21508345,severe
Hom/Reg-like NPCs,Fibro-reg NPCs,PGE2-PTGES3,PTGER2,9.801562456237594e-6,0,PGE2-PTGES3_PTGER2,PGE2-PTGES3 - PTGER2,Prostaglandin,Non-protein Signaling,PMID: 34949672;PMID: 21508345,severe
Fibro-reg NPCs,Fibro-reg NPCs,CADM1,CADM1,6.374176262049146e-6,0,CADM1_CADM1,CADM1 - CADM1,CADM,Cell-Cell Contact,PMID: 24503895,severe
Fibro-NPCs,Hom-NPCs,CD99,CD99,0.00232717264598291,0,CD99_CD99,CD99 - CD99,CD99,Cell-Cell Contact,KEGG: hsa04514,severe
Fibro-reg NPCs,Hom-NPCs,CD99,CD99,0.0014680501513020079,0,CD99_CD99,CD99 - CD99,CD99,Cell-Cell Contact,KEGG: hsa04514,severe
Hom/Reg-like NPCs,Hom-NPCs,CD99,CD99,0.0010600162420224444,0,CD99_CD99,CD99 - CD99,CD99,Cell-Cell Contact,KEGG: hsa04514,severe
Hom-NPCs,Fibro-NPCs,CD99,CD99,0.00232717264598291,0,CD99_CD99,CD99 - CD99,CD99,Cell-Cell Contact,KEGG: hsa04514,severe
Fibro-NPCs,Fibro-NPCs,CD99,CD99,0.005122579281963552,0,CD99_CD99,CD99 - CD99,CD99,Cell-Cell Contact,KEGG: hsa04514,severe
Fibro-reg NPCs,Fibro-NPCs,CD99,CD99,0.0032269065126267625,0,CD99_CD99,CD99 - CD99,CD99,Cell-Cell Contact,KEGG: hsa04514,severe
Hom/Reg-like NPCs,Fibro-NPCs,CD99,CD99,0.0023336522390395523,0,CD99_CD99,CD99 - CD99,CD99,Cell-Cell Contact,KEGG: hsa04514,severe
Hom-NPCs,Fibro-reg NPCs,CD99,CD99,0.0014680501513020079,0,CD99_CD99,CD99 - CD99,CD99,Cell-Cell Contact,KEGG: hsa04514,severe
Fibro-NPCs,Fibro-reg NPCs,CD99,CD99,0.0032269065126267625,0,CD99_CD99,CD99 - CD99,CD99,Cell-Cell Contact,KEGG: hsa04514,severe
Fibro-reg NPCs,Fibro-reg NPCs,CD99,CD99,0.0020281772905039776,0,CD99_CD99,CD99 - CD99,CD99,Cell-Cell Contact,KEGG: hsa04514,severe
Hom/Reg-like NPCs,Fibro-reg NPCs,CD99,CD99,0.0014703988494283065,0,CD99_CD99,CD99 - CD99,CD99,Cell-Cell Contact,KEGG: hsa04514,severe
Hom-NPCs,Hom/Reg-like NPCs,CD99,CD99,0.0010600162420224444,0,CD99_CD99,CD99 - CD99,CD99,Cell-Cell Contact,KEGG: hsa04514,severe
Fibro-NPCs,Hom/Reg-like NPCs,CD99,CD99,0.0023336522390395523,0,CD99_CD99,CD99 - CD99,CD99,Cell-Cell Contact,KEGG: hsa04514,severe
Fibro-reg NPCs,Hom/Reg-like NPCs,CD99,CD99,0.0014703988494283065,0,CD99_CD99,CD99 - CD99,CD99,Cell-Cell Contact,KEGG: hsa04514,severe
Hom/Reg-like NPCs,Hom/Reg-like NPCs,CD99,CD99,0.0010630975233297815,0,CD99_CD99,CD99 - CD99,CD99,Cell-Cell Contact,KEGG: hsa04514,severe
Fibro-reg NPCs,Fibro-reg NPCs,JAM3,JAM3,4.4885884217048226e-7,0,JAM3_JAM3,JAM3 - JAM3,JAM,Cell-Cell Contact,KEGG: hsa04514,severe
Hom-NPCs,Fibro-reg NPCs,HLA-DPB1,CD4,7.447543532711603e-7,0,HLA-DPB1_CD4,HLA-DPB1 - CD4,MHC-II,Cell-Cell Contact,KEGG: hsa04514,severe
Fibro-reg NPCs,Fibro-reg NPCs,MPZL1,MPZL1,1.5362016841519805e-7,0,MPZL1_MPZL1,MPZL1 - MPZL1,MPZ,Cell-Cell Contact,KEGG: hsa04514,severe
Hom/Reg-like NPCs,Fibro-reg NPCs,MPZL1,MPZL1,3.732062078714194e-8,0,MPZL1_MPZL1,MPZL1 - MPZL1,MPZ,Cell-Cell Contact,KEGG: hsa04514,severe
Fibro-reg NPCs,Hom/Reg-like NPCs,MPZL1,MPZL1,3.732062078714194e-8,0,MPZL1_MPZL1,MPZL1 - MPZL1,MPZ,Cell-Cell Contact,KEGG: hsa04514,severe
Hom/Reg-like NPCs,Hom/Reg-like NPCs,MPZL1,MPZL1,9.066674100056834e-9,0,MPZL1_MPZL1,MPZL1 - MPZL1,MPZ,Cell-Cell Contact,KEGG: hsa04514,severe
Fibro-reg NPCs,Fibro-reg NPCs,PTPRM,PTPRM,9.351052799550887e-7,0,PTPRM_PTPRM,PTPRM - PTPRM,PTPRM,Cell-Cell Contact,KEGG: hsa04514,severe
Fibro-reg NPCs,Eff-NPCs,GJA1,GJA1,9.814138791961585e-7,0,GJA1_GJA1,GJA1 - GJA1,GAP,Cell-Cell Contact,PMID: 32532966;PMID: 15094344,severe
Fibro-reg NPCs,Ht-NPCs,GJA1,GJA1,1.2359542474771354e-6,0,GJA1_GJA1,GJA1 - GJA1,GAP,Cell-Cell Contact,PMID: 32532966;PMID: 15094344,severe
Fibro-NPCs,Fibro-NPCs,GJA1,GJA1,2.8572163712560683e-5,0,GJA1_GJA1,GJA1 - GJA1,GAP,Cell-Cell Contact,PMID: 32532966;PMID: 15094344,severe
Fibro-reg NPCs,Fibro-NPCs,GJA1,GJA1,5.2490765739085964e-5,0,GJA1_GJA1,GJA1 - GJA1,GAP,Cell-Cell Contact,PMID: 32532966;PMID: 15094344,severe
Eff-NPCs,Fibro-reg NPCs,GJA1,GJA1,9.814138791961585e-7,0,GJA1_GJA1,GJA1 - GJA1,GAP,Cell-Cell Contact,PMID: 32532966;PMID: 15094344,severe
Ht-NPCs,Fibro-reg NPCs,GJA1,GJA1,1.2359542474771354e-6,0,GJA1_GJA1,GJA1 - GJA1,GAP,Cell-Cell Contact,PMID: 32532966;PMID: 15094344,severe
Fibro-NPCs,Fibro-reg NPCs,GJA1,GJA1,5.2490765739085964e-5,0,GJA1_GJA1,GJA1 - GJA1,GAP,Cell-Cell Contact,PMID: 32532966;PMID: 15094344,severe
Fibro-reg NPCs,Fibro-reg NPCs,GJA1,GJA1,9.623334420665196e-5,0,GJA1_GJA1,GJA1 - GJA1,GAP,Cell-Cell Contact,PMID: 32532966;PMID: 15094344,severe
Fibro-reg NPCs,Hom/Reg-like NPCs,COL4A1,ADGRG6,2.044053338376961e-7,0,COL4A1_ADGRG6,COL4A1 - ADGRG6,ADGRG,Cell-Cell Contact,PMID: 31462748,severe
Fibro-reg NPCs,Hom/Reg-like NPCs,COL4A2,ADGRG6,3.306387001159015e-7,0,COL4A2_ADGRG6,COL4A2 - ADGRG6,ADGRG,Cell-Cell Contact,PMID: 31462748,severe
Hom-NPCs,Hom/Reg-like NPCs,PRNP,ADGRG6,7.031944020780795e-7,0,PRNP_ADGRG6,PRNP - ADGRG6,ADGRG,Cell-Cell Contact,PMID: 31462748,severe
Eff-NPCs,Hom/Reg-like NPCs,PRNP,ADGRG6,4.700545354129026e-7,0,PRNP_ADGRG6,PRNP - ADGRG6,ADGRG,Cell-Cell Contact,PMID: 31462748,severe
Fibro-reg NPCs,Hom/Reg-like NPCs,PRNP,ADGRG6,3.920315596700222e-6,0,PRNP_ADGRG6,PRNP - ADGRG6,ADGRG,Cell-Cell Contact,PMID: 31462748,severe
Hom/Reg-like NPCs,Hom/Reg-like NPCs,PRNP,ADGRG6,4.587628204725377e-6,0,PRNP_ADGRG6,PRNP - ADGRG6,ADGRG,Cell-Cell Contact,PMID: 31462748,severe
